  0
SECTION
  2
HEADER
  9
$ACADVER
  1
AC1024
  9
$ACADMAINTVER
 70
6
  9
$DWGCODEPAGE
  3
ANSI_1252
  9
$LASTSAVEDBY
  1
ezdxf
  9
$INSBASE
 10
0.0
 20
0.0
 30
0.0
  9
$EXTMIN
 10
1e+20
 20
1e+20
 30
1e+20
  9
$EXTMAX
 10
-1e+20
 20
-1e+20
 30
-1e+20
  9
$LIMMIN
 10
0.0
 20
0.0
  9
$LIMMAX
 10
420.0
 20
297.0
  9
$ORTHOMODE
 70
0
  9
$REGENMODE
 70
1
  9
$FILLMODE
 70
1
  9
$QTEXTMODE
 70
0
  9
$MIRRTEXT
 70
1
  9
$LTSCALE
 40
1.0
  9
$ATTMODE
 70
1
  9
$TEXTSIZE
 40
2.5
  9
$TRACEWID
 40
1.0
  9
$TEXTSTYLE
  7
OpenSans
  9
$CLAYER
  8
0
  9
$CELTYPE
  6
ByLayer
  9
$CECOLOR
 62
256
  9
$CELTSCALE
 40
1.0
  9
$DISPSILH
 70
0
  9
$DIMSCALE
 40
1.0
  9
$DIMASZ
 40
0.175
  9
$DIMEXO
 40
0.125
  9
$DIMDLI
 40
3.75
  9
$DIMRND
 40
0.0
  9
$DIMDLE
 40
0.0
  9
$DIMEXE
 40
0.375
  9
$DIMTP
 40
0.0
  9
$DIMTM
 40
0.0
  9
$DIMTXT
 40
0.25
  9
$DIMCEN
 40
2.5
  9
$DIMTSZ
 40
0.0
  9
$DIMTOL
 70
0
  9
$DIMLIM
 70
0
  9
$DIMTIH
 70
0
  9
$DIMTOH
 70
0
  9
$DIMSE1
 70
0
  9
$DIMSE2
 70
0
  9
$DIMTAD
 70
1
  9
$DIMZIN
 70
12
  9
$DIMBLK
  1
ARCHTICK
  9
$DIMASO
 70
1
  9
$DIMSHO
 70
1
  9
$DIMPOST
  1

  9
$DIMAPOST
  1

  9
$DIMALT
 70
0
  9
$DIMALTD
 70
3
  9
$DIMALTF
 40
0.03937007874
  9
$DIMLFAC
 40
100.0
  9
$DIMTOFL
 70
1
  9
$DIMTVP
 40
0.0
  9
$DIMTIX
 70
0
  9
$DIMSOXD
 70
0
  9
$DIMSAH
 70
0
  9
$DIMBLK1
  1

  9
$DIMBLK2
  1

  9
$DIMSTYLE
  2
EZDXF
  9
$DIMCLRD
 70
0
  9
$DIMCLRE
 70
0
  9
$DIMCLRT
 70
0
  9
$DIMTFAC
 40
0.5
  9
$DIMGAP
 40
0.1
  9
$DIMJUST
 70
0
  9
$DIMSD1
 70
0
  9
$DIMSD2
 70
0
  9
$DIMTOLJ
 70
0
  9
$DIMTZIN
 70
8
  9
$DIMALTZ
 70
0
  9
$DIMALTTZ
 70
0
  9
$DIMUPT
 70
1
  9
$DIMDEC
 70
2
  9
$DIMTDEC
 70
2
  9
$DIMALTU
 70
2
  9
$DIMALTTD
 70
3
  9
$DIMTXSTY
  7
OpenSansCondensed-Light
  9
$DIMAUNIT
 70
0
  9
$DIMADEC
 70
2
  9
$DIMALTRND
 40
0.0
  9
$DIMAZIN
 70
3
  9
$DIMDSEP
 70
46
  9
$DIMATFIT
 70
3
  9
$DIMFRAC
 70
0
  9
$DIMLDRBLK
  1

  9
$DIMLUNIT
 70
2
  9
$DIMLWD
 70
-2
  9
$DIMLWE
 70
-2
  9
$DIMTMOVE
 70
2
  9
$DIMFXL
 40
1.0
  9
$DIMFXLON
 70
0
  9
$DIMJOGANG
 40
0.785398163397
  9
$DIMTFILL
 70
0
  9
$DIMTFILLCLR
 70
0
  9
$DIMARCSYM
 70
0
  9
$DIMLTYPE
  6

  9
$DIMLTEX1
  6

  9
$DIMLTEX2
  6

  9
$DIMTXTDIRECTION
 70
0
  9
$LUNITS
 70
2
  9
$LUPREC
 70
4
  9
$SKETCHINC
 40
1.0
  9
$FILLETRAD
 40
10.0
  9
$AUNITS
 70
0
  9
$AUPREC
 70
2
  9
$MENU
  1
.
  9
$ELEVATION
 40
0.0
  9
$PELEVATION
 40
0.0
  9
$THICKNESS
 40
0.0
  9
$LIMCHECK
 70
0
  9
$CHAMFERA
 40
0.0
  9
$CHAMFERB
 40
0.0
  9
$CHAMFERC
 40
0.0
  9
$CHAMFERD
 40
0.0
  9
$SKPOLY
 70
0
  9
$TDCREATE
 40
2461253.586851852
  9
$TDUCREATE
 40
2458532.153996898
  9
$TDUPDATE
 40
2461253.586851852
  9
$TDUUPDATE
 40
2458532.1544311
  9
$TDINDWG
 40
0.0
  9
$TDUSRTIMER
 40
0.0
  9
$USRTIMER
 70
1
  9
$ANGBASE
 50
0.0
  9
$ANGDIR
 70
0
  9
$PDMODE
 70
0
  9
$PDSIZE
 40
0.0
  9
$PLINEWID
 40
0.0
  9
$SPLFRAME
 70
0
  9
$SPLINETYPE
 70
6
  9
$SPLINESEGS
 70
8
  9
$HANDSEED
  5
372E
  9
$SURFTAB1
 70
6
  9
$SURFTAB2
 70
6
  9
$SURFTYPE
 70
6
  9
$SURFU
 70
6
  9
$SURFV
 70
6
  9
$UCSBASE
  2

  9
$UCSNAME
  2

  9
$UCSORG
 10
0.0
 20
0.0
 30
0.0
  9
$UCSXDIR
 10
1.0
 20
0.0
 30
0.0
  9
$UCSYDIR
 10
0.0
 20
1.0
 30
0.0
  9
$UCSORTHOREF
  2

  9
$UCSORTHOVIEW
 70
0
  9
$UCSORGTOP
 10
0.0
 20
0.0
 30
0.0
  9
$UCSORGBOTTOM
 10
0.0
 20
0.0
 30
0.0
  9
$UCSORGLEFT
 10
0.0
 20
0.0
 30
0.0
  9
$UCSORGRIGHT
 10
0.0
 20
0.0
 30
0.0
  9
$UCSORGFRONT
 10
0.0
 20
0.0
 30
0.0
  9
$UCSORGBACK
 10
0.0
 20
0.0
 30
0.0
  9
$PUCSBASE
  2

  9
$PUCSNAME
  2

  9
$PUCSORG
 10
0.0
 20
0.0
 30
0.0
  9
$PUCSXDIR
 10
1.0
 20
0.0
 30
0.0
  9
$PUCSYDIR
 10
0.0
 20
1.0
 30
0.0
  9
$PUCSORTHOREF
  2

  9
$PUCSORTHOVIEW
 70
0
  9
$PUCSORGTOP
 10
0.0
 20
0.0
 30
0.0
  9
$PUCSORGBOTTOM
 10
0.0
 20
0.0
 30
0.0
  9
$PUCSORGLEFT
 10
0.0
 20
0.0
 30
0.0
  9
$PUCSORGRIGHT
 10
0.0
 20
0.0
 30
0.0
  9
$PUCSORGFRONT
 10
0.0
 20
0.0
 30
0.0
  9
$PUCSORGBACK
 10
0.0
 20
0.0
 30
0.0
  9
$USERI1
 70
0
  9
$USERI2
 70
0
  9
$USERI3
 70
0
  9
$USERI4
 70
0
  9
$USERI5
 70
0
  9
$USERR1
 40
0.0
  9
$USERR2
 40
0.0
  9
$USERR3
 40
0.0
  9
$USERR4
 40
0.0
  9
$USERR5
 40
0.0
  9
$WORLDVIEW
 70
1
  9
$SHADEDGE
 70
3
  9
$SHADEDIF
 70
70
  9
$TILEMODE
 70
1
  9
$MAXACTVP
 70
64
  9
$PINSBASE
 10
0.0
 20
0.0
 30
0.0
  9
$PLIMCHECK
 70
0
  9
$PEXTMIN
 10
1e+20
 20
1e+20
 30
1e+20
  9
$PEXTMAX
 10
-1e+20
 20
-1e+20
 30
-1e+20
  9
$PLIMMIN
 10
0.0
 20
0.0
  9
$PLIMMAX
 10
420.0
 20
297.0
  9
$UNITMODE
 70
0
  9
$VISRETAIN
 70
1
  9
$PLINEGEN
 70
0
  9
$PSLTSCALE
 70
1
  9
$TREEDEPTH
 70
3020
  9
$CMLSTYLE
  2
Standard
  9
$CMLJUST
 70
0
  9
$CMLSCALE
 40
20.0
  9
$PROXYGRAPHICS
 70
1
  9
$MEASUREMENT
 70
1
  9
$CELWEIGHT
370
-1
  9
$ENDCAPS
280
0
  9
$JOINSTYLE
280
0
  9
$LWDISPLAY
290
0
  9
$INSUNITS
 70
6
  9
$HYPERLINKBASE
  1

  9
$STYLESHEET
  1

  9
$XEDIT
290
1
  9
$CEPSNTYPE
380
0
  9
$PSTYLEMODE
290
1
  9
$FINGERPRINTGUID
  2
{CB576C46-024F-4E19-A453-C89E475FB795}
  9
$VERSIONGUID
  2
{4F72CFCC-6224-49D0-956A-98B829D8F9C9}
  9
$EXTNAMES
290
1
  9
$PSVPSCALE
 40
0.0
  9
$OLESTARTUP
290
0
  9
$SORTENTS
280
127
  9
$INDEXCTL
280
0
  9
$HIDETEXT
280
1
  9
$XCLIPFRAME
280
1
  9
$HALOGAP
280
0
  9
$OBSCOLOR
 70
257
  9
$OBSLTYPE
280
0
  9
$INTERSECTIONDISPLAY
280
0
  9
$INTERSECTIONCOLOR
 70
257
  9
$DIMASSOC
280
2
  9
$PROJECTNAME
  1

  9
$CAMERADISPLAY
290
0
  9
$LENSLENGTH
 40
50.0
  9
$CAMERAHEIGHT
 40
0.0
  9
$STEPSPERSEC
 40
24.0
  9
$STEPSIZE
 40
100.0
  9
$3DDWFPREC
 40
2.0
  9
$PSOLWIDTH
 40
0.005
  9
$PSOLHEIGHT
 40
0.08
  9
$LOFTANG1
 40
1.570796326795
  9
$LOFTANG2
 40
1.570796326795
  9
$LOFTMAG1
 40
0.0
  9
$LOFTMAG2
 40
0.0
  9
$LOFTPARAM
 70
7
  9
$LOFTNORMALS
280
1
  9
$LATITUDE
 40
37.795
  9
$LONGITUDE
 40
-122.394
  9
$NORTHDIRECTION
 40
0.0
  9
$TIMEZONE
 70
-8000
  9
$LIGHTGLYPHDISPLAY
280
1
  9
$TILEMODELIGHTSYNCH
280
1
  9
$CMATERIAL
347
20
  9
$SOLIDHIST
280
0
  9
$SHOWHIST
280
1
  9
$DWFFRAME
280
2
  9
$DGNFRAME
280
2
  9
$REALWORLDSCALE
290
1
  9
$INTERFERECOLOR
 62
256
  9
$CSHADOW
280
0
  9
$SHADOWPLANELOCATION
 40
0.0
  0
ENDSEC
  0
SECTION
  2
CLASSES
  0
CLASS
  1
ACDBDICTIONARYWDFLT
  2
AcDbDictionaryWithDefault
  3
ObjectDBX Classes
 90
0
 91
0
280
0
281
0
  0
CLASS
  1
SUN
  2
AcDbSun
  3
SCENEOE
 90
1153
 91
0
280
0
281
0
  0
CLASS
  1
VISUALSTYLE
  2
AcDbVisualStyle
  3
ObjectDBX Classes
 90
4095
 91
0
280
0
281
0
  0
CLASS
  1
MATERIAL
  2
AcDbMaterial
  3
ObjectDBX Classes
 90
1153
 91
0
280
0
281
0
  0
CLASS
  1
SCALE
  2
AcDbScale
  3
ObjectDBX Classes
 90
1153
 91
0
280
0
281
0
  0
CLASS
  1
TABLESTYLE
  2
AcDbTableStyle
  3
ObjectDBX Classes
 90
4095
 91
0
280
0
281
0
  0
CLASS
  1
MLEADERSTYLE
  2
AcDbMLeaderStyle
  3
ACDB_MLEADERSTYLE_CLASS
 90
4095
 91
0
280
0
281
0
  0
CLASS
  1
DICTIONARYVAR
  2
AcDbDictionaryVar
  3
ObjectDBX Classes
 90
0
 91
0
280
0
281
0
  0
CLASS
  1
CELLSTYLEMAP
  2
AcDbCellStyleMap
  3
ObjectDBX Classes
 90
1152
 91
0
280
0
281
0
  0
CLASS
  1
MENTALRAYRENDERSETTINGS
  2
AcDbMentalRayRenderSettings
  3
SCENEOE
 90
1024
 91
0
280
0
281
0
  0
CLASS
  1
ACDBDETAILVIEWSTYLE
  2
AcDbDetailViewStyle
  3
ObjectDBX Classes
 90
1025
 91
0
280
0
281
0
  0
CLASS
  1
ACDBSECTIONVIEWSTYLE
  2
AcDbSectionViewStyle
  3
ObjectDBX Classes
 90
1025
 91
0
280
0
281
0
  0
CLASS
  1
RASTERVARIABLES
  2
AcDbRasterVariables
  3
ISM
 90
0
 91
0
280
0
281
0
  0
CLASS
  1
ACDBPLACEHOLDER
  2
AcDbPlaceHolder
  3
ObjectDBX Classes
 90
0
 91
0
280
0
281
0
  0
CLASS
  1
LAYOUT
  2
AcDbLayout
  3
ObjectDBX Classes
 90
0
 91
0
280
0
281
0
  0
ENDSEC
  0
SECTION
  2
TABLES
  0
TABLE
  2
VPORT
  5
8
330
0
100
AcDbSymbolTable
 70
1
  0
VPORT
  5
23
330
8
100
AcDbSymbolTableRecord
100
AcDbViewportTableRecord
  2
*Active
 70
0
 10
0.0
 20
0.0
 11
1.0
 21
1.0
 12
0.0
 22
0.0
 13
0.0
 23
0.0
 14
0.5
 24
0.5
 15
0.5
 25
0.5
 16
0.0
 26
0.0
 36
1.0
 17
0.0
 27
0.0
 37
0.0
 40
1000.0
 41
1.34
 42
50.0
 43
0.0
 44
0.0
 50
0.0
 51
0.0
 71
0
 72
1000
 73
1
 74
3
 75
0
 76
0
 77
0
 78
0
281
0
 65
0
146
0.0
  0
ENDTAB
  0
TABLE
  2
LTYPE
  5
2
330
0
100
AcDbSymbolTable
 70
21
  0
LTYPE
  5
24
330
2
100
AcDbSymbolTableRecord
100
AcDbLinetypeTableRecord
  2
ByBlock
 70
0
  3

 72
65
 73
0
 40
0.0
  0
LTYPE
  5
25
330
2
100
AcDbSymbolTableRecord
100
AcDbLinetypeTableRecord
  2
ByLayer
 70
0
  3

 72
65
 73
0
 40
0.0
  0
LTYPE
  5
26
330
2
100
AcDbSymbolTableRecord
100
AcDbLinetypeTableRecord
  2
Continuous
 70
0
  3

 72
65
 73
0
 40
0.0
  0
LTYPE
  5
2F
330
2
100
AcDbSymbolTableRecord
100
AcDbLinetypeTableRecord
  2
CENTER
 70
0
  3
Center ____ _ ____ _ ____ _ ____ _ ____ _ ____
 72
65
 73
4
 40
5.08
 49
3.175
 74
0
 49
-0.635
 74
0
 49
0.635
 74
0
 49
-0.635
 74
0
  0
LTYPE
  5
30
330
2
100
AcDbSymbolTableRecord
100
AcDbLinetypeTableRecord
  2
CENTERX2
 70
0
  3
Center (2x) ________  __  ________  __  ________
 72
65
 73
4
 40
8.89
 49
6.35
 74
0
 49
-0.635
 74
0
 49
1.27
 74
0
 49
-0.635
 74
0
  0
LTYPE
  5
31
330
2
100
AcDbSymbolTableRecord
100
AcDbLinetypeTableRecord
  2
CENTER2
 70
0
  3
Center (.5x) ____ _ ____ _ ____ _ ____ _ ____
 72
65
 73
4
 40
2.54
 49
1.587
 74
0
 49
-0.318
 74
0
 49
0.318
 74
0
 49
-0.318
 74
0
  0
LTYPE
  5
32
330
2
100
AcDbSymbolTableRecord
100
AcDbLinetypeTableRecord
  2
DASHED
 70
0
  3
Dashed __ __ __ __ __ __ __ __ __ __ __ __ __ _
 72
65
 73
2
 40
1.524
 49
1.27
 74
0
 49
-0.254
 74
0
  0
LTYPE
  5
33
330
2
100
AcDbSymbolTableRecord
100
AcDbLinetypeTableRecord
  2
DASHEDX2
 70
0
  3
Dashed (2x) ____  ____  ____  ____  ____  ____
 72
65
 73
2
 40
3.048
 49
2.54
 74
0
 49
-0.508
 74
0
  0
LTYPE
  5
34
330
2
100
AcDbSymbolTableRecord
100
AcDbLinetypeTableRecord
  2
DASHED2
 70
0
  3
Dashed (.5x) _ _ _ _ _ _ _ _ _ _ _ _ _ _
 72
65
 73
2
 40
0.762
 49
0.635
 74
0
 49
-0.127
 74
0
  0
LTYPE
  5
35
330
2
100
AcDbSymbolTableRecord
100
AcDbLinetypeTableRecord
  2
PHANTOM
 70
0
  3
Phantom ______  __  __  ______  __  __  ______
 72
65
 73
6
 40
6.35
 49
3.175
 74
0
 49
-0.635
 74
0
 49
0.635
 74
0
 49
-0.635
 74
0
 49
0.635
 74
0
 49
-0.635
 74
0
  0
LTYPE
  5
36
330
2
100
AcDbSymbolTableRecord
100
AcDbLinetypeTableRecord
  2
PHANTOMX2
 70
0
  3
Phantom (2x)____________    ____    ____    ____________
 72
65
 73
6
 40
10.795
 49
6.35
 74
0
 49
-0.635
 74
0
 49
1.27
 74
0
 49
-0.635
 74
0
 49
1.27
 74
0
 49
-0.635
 74
0
  0
LTYPE
  5
37
330
2
100
AcDbSymbolTableRecord
100
AcDbLinetypeTableRecord
  2
PHANTOM2
 70
0
  3
Phantom (.5x) ___ _ _ ___ _ _ ___ _ _ ___ _ _ ___
 72
65
 73
6
 40
3.175
 49
1.587
 74
0
 49
-0.318
 74
0
 49
0.318
 74
0
 49
-0.318
 74
0
 49
0.318
 74
0
 49
-0.318
 74
0
  0
LTYPE
  5
38
330
2
100
AcDbSymbolTableRecord
100
AcDbLinetypeTableRecord
  2
DASHDOT
 70
0
  3
Dash dot __ . __ . __ . __ . __ . __ . __ . __
 72
65
 73
4
 40
3.556
 49
2.54
 74
0
 49
-0.508
 74
0
 49
0.0
 74
0
 49
-0.508
 74
0
  0
LTYPE
  5
39
330
2
100
AcDbSymbolTableRecord
100
AcDbLinetypeTableRecord
  2
DASHDOTX2
 70
0
  3
Dash dot (2x) ____  .  ____  .  ____  .  ____
 72
65
 73
4
 40
6.096
 49
5.08
 74
0
 49
-0.508
 74
0
 49
0.0
 74
0
 49
-0.508
 74
0
  0
LTYPE
  5
3A
330
2
100
AcDbSymbolTableRecord
100
AcDbLinetypeTableRecord
  2
DASHDOT2
 70
0
  3
Dash dot (.5x) _ . _ . _ . _ . _ . _ . _ . _
 72
65
 73
4
 40
1.778
 49
1.27
 74
0
 49
-0.254
 74
0
 49
0.0
 74
0
 49
-0.254
 74
0
  0
LTYPE
  5
3B
330
2
100
AcDbSymbolTableRecord
100
AcDbLinetypeTableRecord
  2
DOT
 70
0
  3
Dot .  .  .  .  .  .  .  .  .  .  .  .  .  .  .  .
 72
65
 73
2
 40
0.508
 49
0.0
 74
0
 49
-0.508
 74
0
  0
LTYPE
  5
3C
330
2
100
AcDbSymbolTableRecord
100
AcDbLinetypeTableRecord
  2
DOTX2
 70
0
  3
Dot (2x) .    .    .    .    .    .    .    . 
 72
65
 73
2
 40
1.016
 49
0.0
 74
0
 49
-1.016
 74
0
  0
LTYPE
  5
3D
330
2
100
AcDbSymbolTableRecord
100
AcDbLinetypeTableRecord
  2
DOT2
 70
0
  3
Dot (.5) . . . . . . . . . . . . . . . . . . . 
 72
65
 73
2
 40
0.254
 49
0.0
 74
0
 49
-0.254
 74
0
  0
LTYPE
  5
3E
330
2
100
AcDbSymbolTableRecord
100
AcDbLinetypeTableRecord
  2
DIVIDE
 70
0
  3
Divide __ . . __ . . __ . . __ . . __ . . __
 72
65
 73
6
 40
4.064
 49
2.54
 74
0
 49
-0.508
 74
0
 49
0.0
 74
0
 49
-0.508
 74
0
 49
0.0
 74
0
 49
-0.508
 74
0
  0
LTYPE
  5
3F
330
2
100
AcDbSymbolTableRecord
100
AcDbLinetypeTableRecord
  2
DIVIDEX2
 70
0
  3
Divide (2x) ____  . .  ____  . .  ____  . .  ____
 72
65
 73
6
 40
6.604
 49
5.08
 74
0
 49
-0.508
 74
0
 49
0.0
 74
0
 49
-0.508
 74
0
 49
0.0
 74
0
 49
-0.508
 74
0
  0
LTYPE
  5
40
330
2
100
AcDbSymbolTableRecord
100
AcDbLinetypeTableRecord
  2
DIVIDE2
 70
0
  3
Divide(.5x) _ . _ . _ . _ . _ . _ . _ . _
 72
65
 73
6
 40
2.032
 49
1.27
 74
0
 49
-0.254
 74
0
 49
0.0
 74
0
 49
-0.254
 74
0
 49
0.0
 74
0
 49
-0.254
 74
0
  0
ENDTAB
  0
TABLE
  2
LAYER
  5
1
330
0
100
AcDbSymbolTable
 70
9
  0
LAYER
  5
27
330
1
100
AcDbSymbolTableRecord
100
AcDbLayerTableRecord
  2
0
 70
0
 62
7
  6
Continuous
370
-3
390
13
347
21
  0
LAYER
  5
28
330
1
100
AcDbSymbolTableRecord
100
AcDbLayerTableRecord
  2
Defpoints
 70
0
 62
7
  6
Continuous
290
0
370
-3
390
13
347
21
  0
LAYER
  5
8A
330
1
100
AcDbSymbolTableRecord
100
AcDbLayerTableRecord
  2
ELEM_01_COMPLETO
 70
0
 62
8
  6
Continuous
370
-3
390
13
347
21
  0
LAYER
  5
A4D
330
1
100
AcDbSymbolTableRecord
100
AcDbLayerTableRecord
  2
ELEM_01_SUPERIOR
 70
0
 62
3
  6
Continuous
370
-3
390
13
347
21
  0
LAYER
  5
CA8
330
1
100
AcDbSymbolTableRecord
100
AcDbLayerTableRecord
  2
ELEM_01_INFERIOR
 70
0
 62
1
  6
Continuous
370
-3
390
13
347
21
  0
LAYER
  5
F0B
330
1
100
AcDbSymbolTableRecord
100
AcDbLayerTableRecord
  2
ELEM_01_ESPESOR_RARO
 70
0
 62
6
  6
Continuous
370
-3
390
13
347
21
  0
LAYER
  5
F0E
330
1
100
AcDbSymbolTableRecord
100
AcDbLayerTableRecord
  2
ELEM_04_COMPLETO
 70
0
 62
8
  6
Continuous
370
-3
390
13
347
21
  0
LAYER
  5
29D9
330
1
100
AcDbSymbolTableRecord
100
AcDbLayerTableRecord
  2
ELEM_04_SUPERIOR
 70
0
 62
3
  6
Continuous
370
-3
390
13
347
21
  0
LAYER
  5
3084
330
1
100
AcDbSymbolTableRecord
100
AcDbLayerTableRecord
  2
ELEM_04_INFERIOR
 70
0
 62
1
  6
Continuous
370
-3
390
13
347
21
  0
ENDTAB
  0
TABLE
  2
STYLE
  5
5
330
0
100
AcDbSymbolTable
 70
26
  0
STYLE
  5
29
330
5
100
AcDbSymbolTableRecord
100
AcDbTextStyleTableRecord
  2
Standard
 70
0
 40
0.0
 41
1.0
 50
0.0
 71
0
 42
2.5
  3
txt
  4

  0
STYLE
  5
41
330
5
100
AcDbSymbolTableRecord
100
AcDbTextStyleTableRecord
  2
OpenSans-Light
 70
0
 40
0.0
 41
1.0
 50
0.0
 71
0
 42
2.5
  3
OpenSans-Light.ttf
  4

  0
STYLE
  5
42
330
5
100
AcDbSymbolTableRecord
100
AcDbTextStyleTableRecord
  2
OpenSans-Light-Italic
 70
0
 40
0.0
 41
1.0
 50
0.0
 71
0
 42
2.5
  3
OpenSans-LightItalic.ttf
  4

  0
STYLE
  5
43
330
5
100
AcDbSymbolTableRecord
100
AcDbTextStyleTableRecord
  2
OpenSans
 70
0
 40
0.0
 41
1.0
 50
0.0
 71
0
 42
2.5
  3
OpenSans-Regular.ttf
  4

  0
STYLE
  5
44
330
5
100
AcDbSymbolTableRecord
100
AcDbTextStyleTableRecord
  2
OpenSans-Italic
 70
0
 40
0.0
 41
1.0
 50
0.0
 71
0
 42
2.5
  3
OpenSans-Italic.ttf
  4

  0
STYLE
  5
45
330
5
100
AcDbSymbolTableRecord
100
AcDbTextStyleTableRecord
  2
OpenSans-SemiBold
 70
0
 40
0.0
 41
1.0
 50
0.0
 71
0
 42
2.5
  3
OpenSans-SemiBold.ttf
  4

  0
STYLE
  5
46
330
5
100
AcDbSymbolTableRecord
100
AcDbTextStyleTableRecord
  2
OpenSans-SemiBoldItalic
 70
0
 40
0.0
 41
1.0
 50
0.0
 71
0
 42
2.5
  3
OpenSans-SemiBoldItalic.ttf
  4

  0
STYLE
  5
47
330
5
100
AcDbSymbolTableRecord
100
AcDbTextStyleTableRecord
  2
OpenSans-Bold
 70
0
 40
0.0
 41
1.0
 50
0.0
 71
0
 42
2.5
  3
OpenSans-Bold.ttf
  4

  0
STYLE
  5
48
330
5
100
AcDbSymbolTableRecord
100
AcDbTextStyleTableRecord
  2
OpenSans-BoldItalic
 70
0
 40
0.0
 41
1.0
 50
0.0
 71
0
 42
2.5
  3
OpenSans-BoldItalic.ttf
  4

  0
STYLE
  5
49
330
5
100
AcDbSymbolTableRecord
100
AcDbTextStyleTableRecord
  2
OpenSans-ExtraBold
 70
0
 40
0.0
 41
1.0
 50
0.0
 71
0
 42
2.5
  3
OpenSans-ExtraBold.ttf
  4

  0
STYLE
  5
4A
330
5
100
AcDbSymbolTableRecord
100
AcDbTextStyleTableRecord
  2
OpenSans-ExtraBoldItalic
 70
0
 40
0.0
 41
1.0
 50
0.0
 71
0
 42
2.5
  3
OpenSans-ExtraBoldItalic.ttf
  4

  0
STYLE
  5
4B
330
5
100
AcDbSymbolTableRecord
100
AcDbTextStyleTableRecord
  2
OpenSansCondensed-Bold
 70
0
 40
0.0
 41
1.0
 50
0.0
 71
0
 42
2.5
  3
OpenSansCondensed-Bold.ttf
  4

  0
STYLE
  5
4C
330
5
100
AcDbSymbolTableRecord
100
AcDbTextStyleTableRecord
  2
OpenSansCondensed-Light
 70
0
 40
0.0
 41
1.0
 50
0.0
 71
0
 42
2.5
  3
OpenSansCondensed-Light.ttf
  4

  0
STYLE
  5
4D
330
5
100
AcDbSymbolTableRecord
100
AcDbTextStyleTableRecord
  2
OpenSansCondensed-Italic
 70
0
 40
0.0
 41
1.0
 50
0.0
 71
0
 42
2.5
  3
OpenSansCondensed-LightItalic.ttf
  4

  0
STYLE
  5
4E
330
5
100
AcDbSymbolTableRecord
100
AcDbTextStyleTableRecord
  2
LiberationSans
 70
0
 40
0.0
 41
1.0
 50
0.0
 71
0
 42
2.5
  3
LiberationSans-Regular.ttf
  4

  0
STYLE
  5
4F
330
5
100
AcDbSymbolTableRecord
100
AcDbTextStyleTableRecord
  2
LiberationSans-Bold
 70
0
 40
0.0
 41
1.0
 50
0.0
 71
0
 42
2.5
  3
LiberationSans-Bold.ttf
  4

  0
STYLE
  5
50
330
5
100
AcDbSymbolTableRecord
100
AcDbTextStyleTableRecord
  2
LiberationSans-BoldItalic
 70
0
 40
0.0
 41
1.0
 50
0.0
 71
0
 42
2.5
  3
LiberationSans-BoldItalic.ttf
  4

  0
STYLE
  5
51
330
5
100
AcDbSymbolTableRecord
100
AcDbTextStyleTableRecord
  2
LiberationSans-Italic
 70
0
 40
0.0
 41
1.0
 50
0.0
 71
0
 42
2.5
  3
LiberationSans-Italic.ttf
  4

  0
STYLE
  5
52
330
5
100
AcDbSymbolTableRecord
100
AcDbTextStyleTableRecord
  2
LiberationSerif
 70
0
 40
0.0
 41
1.0
 50
0.0
 71
0
 42
2.5
  3
LiberationSerif-Regular.ttf
  4

  0
STYLE
  5
53
330
5
100
AcDbSymbolTableRecord
100
AcDbTextStyleTableRecord
  2
LiberationSerif-Bold
 70
0
 40
0.0
 41
1.0
 50
0.0
 71
0
 42
2.5
  3
LiberationSerif-Bold.ttf
  4

  0
STYLE
  5
54
330
5
100
AcDbSymbolTableRecord
100
AcDbTextStyleTableRecord
  2
LiberationSerif-BoldItalic
 70
0
 40
0.0
 41
1.0
 50
0.0
 71
0
 42
2.5
  3
LiberationSerif-BoldItalic.ttf
  4

  0
STYLE
  5
55
330
5
100
AcDbSymbolTableRecord
100
AcDbTextStyleTableRecord
  2
LiberationSerif-Italic
 70
0
 40
0.0
 41
1.0
 50
0.0
 71
0
 42
2.5
  3
LiberationSerif-Italic.ttf
  4

  0
STYLE
  5
56
330
5
100
AcDbSymbolTableRecord
100
AcDbTextStyleTableRecord
  2
LiberationMono
 70
0
 40
0.0
 41
1.0
 50
0.0
 71
0
 42
2.5
  3
LiberationMono-Regular.ttf
  4

  0
STYLE
  5
57
330
5
100
AcDbSymbolTableRecord
100
AcDbTextStyleTableRecord
  2
LiberationMono-Bold
 70
0
 40
0.0
 41
1.0
 50
0.0
 71
0
 42
2.5
  3
LiberationMono-Bold.ttf
  4

  0
STYLE
  5
58
330
5
100
AcDbSymbolTableRecord
100
AcDbTextStyleTableRecord
  2
LiberationMono-BoldItalic
 70
0
 40
0.0
 41
1.0
 50
0.0
 71
0
 42
2.5
  3
LiberationMono-BoldItalic.ttf
  4

  0
STYLE
  5
59
330
5
100
AcDbSymbolTableRecord
100
AcDbTextStyleTableRecord
  2
LiberationMono-Italic
 70
0
 40
0.0
 41
1.0
 50
0.0
 71
0
 42
2.5
  3
LiberationMono-Italic.ttf
  4

  0
ENDTAB
  0
TABLE
  2
VIEW
  5
7
330
0
100
AcDbSymbolTable
 70
0
  0
ENDTAB
  0
TABLE
  2
UCS
  5
6
330
0
100
AcDbSymbolTable
 70
0
  0
ENDTAB
  0
TABLE
  2
APPID
  5
3
330
0
100
AcDbSymbolTable
 70
3
  0
APPID
  5
2A
330
3
100
AcDbSymbolTableRecord
100
AcDbRegAppTableRecord
  2
ACAD
 70
0
  0
APPID
  5
372B
330
3
100
AcDbSymbolTableRecord
100
AcDbRegAppTableRecord
  2
HATCHBACKGROUNDCOLOR
 70
0
  0
APPID
  5
372C
330
3
100
AcDbSymbolTableRecord
100
AcDbRegAppTableRecord
  2
EZDXF
 70
0
  0
ENDTAB
  0
TABLE
  2
DIMSTYLE
  5
4
330
0
100
AcDbSymbolTable
 70
12
100
AcDbDimStyleTable
  0
DIMSTYLE
105
2B
330
4
100
AcDbSymbolTableRecord
100
AcDbDimStyleTableRecord
  2
Standard
 70
0
 40
1.0
 41
2.5
 42
0.625
 43
3.75
 44
1.25
 45
0.0
 46
0.0
 47
0.0
 48
0.0
 49
2.5
140
2.5
141
2.5
142
0.0
143
0.03937007874
144
1.0
145
0.0
146
1.0
147
0.625
148
0.0
 69
0
 70
0
 71
0
 72
0
 73
0
 74
0
 75
0
 76
0
 77
1
 78
8
 79
3
170
0
171
3
172
1
173
0
174
0
175
0
176
0
177
0
178
0
179
2
271
2
272
2
273
2
274
3
275
0
276
0
277
2
278
44
279
0
280
0
281
0
282
0
283
0
284
8
285
0
286
0
288
0
289
3
290
0
371
-2
372
-2
  0
DIMSTYLE
105
73
330
4
100
AcDbSymbolTableRecord
100
AcDbDimStyleTableRecord
  2
EZDXF
 70
0
 40
1.0
 41
0.175
 42
0.125
 43
3.75
 44
0.375
 45
0.0
 46
0.0
 47
0.0
 48
0.0
 49
2.5
140
0.25
141
2.5
142
0.0
143
0.03937007874
144
100.0
145
0.0
146
0.5
147
0.1
148
0.0
 69
0
 70
0
 71
0
 72
0
 73
0
 74
0
 75
0
 76
0
 77
1
 78
12
 79
3
170
0
171
3
172
1
173
0
174
0
175
0
176
0
177
0
178
0
179
2
271
2
272
2
273
2
274
3
275
0
276
0
277
2
278
46
279
2
280
0
281
0
282
0
283
0
284
8
285
0
286
0
288
1
289
3
290
0
340
4C
342
74
371
-2
372
-2
  0
DIMSTYLE
105
7C
330
4
100
AcDbSymbolTableRecord
100
AcDbDimStyleTableRecord
  2
EZ_M_100_H25_CM
 70
0
 40
1.0
 41
0.25
 42
0.125
 43
3.75
 44
0.375
 45
0.0
 46
0.0
 47
0.0
 48
0.0
 49
2.5
140
0.25
141
2.5
142
0.125
143
0.03937007874
144
100.0
145
0.0
146
0.5
147
0.1
148
0.0
 69
0
 70
0
 71
0
 72
0
 73
0
 74
0
 75
0
 76
0
 77
1
 78
12
 79
3
170
0
171
3
172
1
173
0
174
0
175
0
176
0
177
0
178
0
179
2
271
2
272
2
273
2
274
3
275
0
276
0
277
2
278
46
279
2
280
0
281
0
282
0
283
0
284
8
285
0
286
0
288
1
289
3
290
0
340
4C
371
-2
372
-2
  0
DIMSTYLE
105
7D
330
4
100
AcDbSymbolTableRecord
100
AcDbDimStyleTableRecord
  2
EZ_M_50_H25_CM
 70
0
 40
1.0
 41
0.125
 42
0.0625
 43
3.75
 44
0.1875
 45
0.0
 46
0.0
 47
0.0
 48
0.0
 49
2.5
140
0.125
141
2.5
142
0.0625
143
0.03937007874
144
100.0
145
0.0
146
0.5
147
0.05
148
0.0
 69
0
 70
0
 71
0
 72
0
 73
0
 74
0
 75
0
 76
0
 77
1
 78
12
 79
3
170
0
171
3
172
1
173
0
174
0
175
0
176
0
177
0
178
0
179
2
271
2
272
2
273
2
274
3
275
0
276
0
277
2
278
46
279
2
280
0
281
0
282
0
283
0
284
8
285
0
286
0
288
1
289
3
290
0
340
4C
371
-2
372
-2
  0
DIMSTYLE
105
7E
330
4
100
AcDbSymbolTableRecord
100
AcDbDimStyleTableRecord
  2
EZ_M_25_H25_CM
 70
0
 40
1.0
 41
0.0625
 42
0.03125
 43
3.75
 44
0.09375
 45
0.0
 46
0.0
 47
0.0
 48
0.0
 49
2.5
140
0.0625
141
2.5
142
0.03125
143
0.03937007874
144
100.0
145
0.0
146
0.5
147
0.025
148
0.0
 69
0
 70
0
 71
0
 72
0
 73
0
 74
0
 75
0
 76
0
 77
1
 78
12
 79
3
170
0
171
3
172
1
173
0
174
0
175
0
176
0
177
0
178
0
179
2
271
2
272
2
273
2
274
3
275
0
276
0
277
2
278
46
279
2
280
0
281
0
282
0
283
0
284
8
285
0
286
0
288
1
289
3
290
0
340
4C
371
-2
372
-2
  0
DIMSTYLE
105
7F
330
4
100
AcDbSymbolTableRecord
100
AcDbDimStyleTableRecord
  2
EZ_M_20_H25_CM
 70
0
 40
1.0
 41
0.05
 42
0.025
 43
3.75
 44
0.07500000000000001
 45
0.0
 46
0.0
 47
0.0
 48
0.0
 49
2.5
140
0.05
141
2.5
142
0.025
143
0.03937007874
144
100.0
145
0.0
146
0.5
147
0.020000000000000004
148
0.0
 69
0
 70
0
 71
0
 72
0
 73
0
 74
0
 75
0
 76
0
 77
1
 78
12
 79
3
170
0
171
3
172
1
173
0
174
0
175
0
176
0
177
0
178
0
179
2
271
2
272
2
273
2
274
3
275
0
276
0
277
2
278
46
279
2
280
0
281
0
282
0
283
0
284
8
285
0
286
0
288
1
289
3
290
0
340
4C
371
-2
372
-2
  0
DIMSTYLE
105
80
330
4
100
AcDbSymbolTableRecord
100
AcDbDimStyleTableRecord
  2
EZ_M_10_H25_CM
 70
0
 40
1.0
 41
0.025
 42
0.0125
 43
3.75
 44
0.037500000000000006
 45
0.0
 46
0.0
 47
0.0
 48
0.0
 49
2.5
140
0.025
141
2.5
142
0.0125
143
0.03937007874
144
100.0
145
0.0
146
0.5
147
0.010000000000000002
148
0.0
 69
0
 70
0
 71
0
 72
0
 73
0
 74
0
 75
0
 76
0
 77
1
 78
12
 79
3
170
0
171
3
172
1
173
0
174
0
175
0
176
0
177
0
178
0
179
2
271
2
272
2
273
2
274
3
275
0
276
0
277
2
278
46
279
2
280
0
281
0
282
0
283
0
284
8
285
0
286
0
288
1
289
3
290
0
340
4C
371
-2
372
-2
  0
DIMSTYLE
105
81
330
4
100
AcDbSymbolTableRecord
100
AcDbDimStyleTableRecord
  2
EZ_M_5_H25_CM
 70
0
 40
1.0
 41
0.0125
 42
0.00625
 43
3.75
 44
0.018750000000000003
 45
0.0
 46
0.0
 47
0.0
 48
0.0
 49
2.5
140
0.0125
141
2.5
142
0.00625
143
0.03937007874
144
100.0
145
0.0
146
0.5
147
0.005000000000000001
148
0.0
 69
0
 70
0
 71
0
 72
0
 73
0
 74
0
 75
0
 76
0
 77
1
 78
12
 79
3
170
0
171
3
172
1
173
0
174
0
175
0
176
0
177
0
178
0
179
2
271
2
272
2
273
2
274
3
275
0
276
0
277
2
278
46
279
2
280
0
281
0
282
0
283
0
284
8
285
0
286
0
288
1
289
3
290
0
340
4C
371
-2
372
-2
  0
DIMSTYLE
105
82
330
4
100
AcDbSymbolTableRecord
100
AcDbDimStyleTableRecord
  2
EZ_M_1_H25_CM
 70
0
 40
1.0
 41
0.0025
 42
0.00125
 43
3.75
 44
0.00375
 45
0.0
 46
0.0
 47
0.0
 48
0.0
 49
2.5
140
0.0025
141
2.5
142
0.00125
143
0.03937007874
144
100.0
145
0.0
146
0.5
147
0.001
148
0.0
 69
0
 70
0
 71
0
 72
0
 73
0
 74
0
 75
0
 76
0
 77
1
 78
12
 79
3
170
0
171
3
172
1
173
0
174
0
175
0
176
0
177
0
178
0
179
2
271
2
272
2
273
2
274
3
275
0
276
0
277
2
278
46
279
2
280
0
281
0
282
0
283
0
284
8
285
0
286
0
288
1
289
3
290
0
340
4C
371
-2
372
-2
  0
DIMSTYLE
105
83
330
4
100
AcDbSymbolTableRecord
100
AcDbDimStyleTableRecord
  2
EZ_RADIUS
 70
0
 40
1.0
 41
0.25
 42
0.125
 43
3.75
 44
0.375
 45
0.0
 46
0.0
 47
0.0
 48
0.0
 49
2.5
140
0.25
141
0.0
142
0.0
143
0.03937007874
144
100.0
145
0.0
146
0.5
147
0.1
148
0.0
 69
0
 70
0
 71
0
 72
0
 73
0
 74
0
 75
0
 76
0
 77
1
 78
12
 79
3
170
0
171
3
172
0
173
0
174
0
175
0
176
0
177
0
178
0
179
2
271
2
272
2
273
2
274
3
275
0
276
0
277
2
278
46
279
1
280
0
281
0
282
0
283
0
284
8
285
0
286
0
288
1
289
3
290
0
340
4C
342
84
371
-2
372
-2
  0
DIMSTYLE
105
88
330
4
100
AcDbSymbolTableRecord
100
AcDbDimStyleTableRecord
  2
EZ_RADIUS_INSIDE
 70
0
 40
1.0
 41
0.25
 42
0.125
 43
3.75
 44
0.375
 45
0.0
 46
0.0
 47
0.0
 48
0.0
 49
2.5
140
0.25
141
0.0
142
0.0
143
0.03937007874
144
100.0
145
0.0
146
0.5
147
0.1
148
0.0
 69
0
 70
0
 71
0
 72
0
 73
0
 74
0
 75
0
 76
0
 77
0
 78
12
 79
3
170
0
171
3
172
0
173
0
174
1
175
0
176
0
177
0
178
0
179
2
271
2
272
2
273
2
274
3
275
0
276
0
277
2
278
46
279
0
280
0
281
0
282
0
283
0
284
8
285
0
286
0
288
1
289
0
290
0
340
4C
342
84
371
-2
372
-2
  0
DIMSTYLE
105
89
330
4
100
AcDbSymbolTableRecord
100
AcDbDimStyleTableRecord
  2
EZ_CURVED
 70
0
 40
1.0
 41
0.25
 42
0.125
 43
3.75
 44
0.375
 45
0.0
 46
0.0
 47
0.0
 48
0.0
 49
2.5
140
0.25
141
2.5
142
0.0
143
0.03937007874
144
100.0
145
0.0
146
0.5
147
0.1
148
0.0
 69
0
 70
0
 71
0
 72
0
 73
0
 74
0
 75
0
 76
0
 77
1
 78
12
 79
2
 90
2
170
0
171
3
172
1
173
0
174
0
175
0
176
0
177
0
178
0
179
2
271
2
272
2
273
2
274
3
275
0
276
0
277
2
278
46
279
2
280
0
281
0
282
0
283
0
284
8
285
0
286
0
288
1
289
3
290
0
340
4C
371
-2
372
-2
  0
ENDTAB
  0
TABLE
  2
BLOCK_RECORD
  5
9
330
0
100
AcDbSymbolTable
 70
5
  0
BLOCK_RECORD
  5
17
330
9
100
AcDbSymbolTableRecord
100
AcDbBlockTableRecord
  2
*Model_Space
340
1A
 70
0
280
1
281
0
  0
BLOCK_RECORD
  5
1B
330
9
100
AcDbSymbolTableRecord
100
AcDbBlockTableRecord
  2
*Paper_Space
340
1E
 70
0
280
1
281
0
  0
BLOCK_RECORD
  5
74
330
9
100
AcDbSymbolTableRecord
100
AcDbBlockTableRecord
  2
_ARCHTICK
340
0
 70
0
280
1
281
0
  0
BLOCK_RECORD
  5
78
330
9
100
AcDbSymbolTableRecord
100
AcDbBlockTableRecord
  2
_CLOSEDFILLED
340
0
 70
0
280
1
281
0
  0
BLOCK_RECORD
  5
84
330
9
100
AcDbSymbolTableRecord
100
AcDbBlockTableRecord
  2
_CLOSEDBLANK
340
0
 70
0
280
1
281
0
  0
ENDTAB
  0
ENDSEC
  0
SECTION
  2
BLOCKS
  0
BLOCK
  5
18
330
17
100
AcDbEntity
  8
0
100
AcDbBlockBegin
  2
*Model_Space
 70
0
 10
0.0
 20
0.0
 30
0.0
  3
*Model_Space
  1

  0
ENDBLK
  5
19
330
17
100
AcDbEntity
  8
0
100
AcDbBlockEnd
  0
BLOCK
  5
1C
330
1B
100
AcDbEntity
  8
0
100
AcDbBlockBegin
  2
*Paper_Space
 70
0
 10
0.0
 20
0.0
 30
0.0
  3
*Paper_Space
  1

  0
ENDBLK
  5
1D
330
1B
100
AcDbEntity
  8
0
100
AcDbBlockEnd
  0
BLOCK
  5
75
330
74
100
AcDbEntity
  8
0
100
AcDbBlockBegin
  2
_ARCHTICK
 70
0
 10
0.0
 20
0.0
 30
0.0
  3
_ARCHTICK
  1

  0
LWPOLYLINE
  5
77
330
74
100
AcDbEntity
  8
0
  6
BYBLOCK
 62
0
100
AcDbPolyline
 90
2
 70
0
 43
0.15
 10
-0.5
 20
-0.5
 10
0.5
 20
0.5
  0
ENDBLK
  5
76
330
74
100
AcDbEntity
  8
0
100
AcDbBlockEnd
  0
BLOCK
  5
79
330
78
100
AcDbEntity
  8
0
100
AcDbBlockBegin
  2
_CLOSEDFILLED
 70
0
 10
0.0
 20
0.0
 30
0.0
  3
_CLOSEDFILLED
  1

  0
SOLID
  5
7B
330
78
100
AcDbEntity
  8
0
  6
BYBLOCK
 62
0
100
AcDbTrace
 10
-1.0
 20
0.16439898372402537
 30
0.0
 11
0.0
 21
0.0
 31
0.0
 12
-1.0
 22
-0.16439898372402537
 32
0.0
 13
-1.0
 23
-0.16439898372402537
 33
0.0
  0
ENDBLK
  5
7A
330
78
100
AcDbEntity
  8
0
100
AcDbBlockEnd
  0
BLOCK
  5
85
330
84
100
AcDbEntity
  8
0
100
AcDbBlockBegin
  2
_CLOSEDBLANK
 70
0
 10
0.0
 20
0.0
 30
0.0
  3
_CLOSEDBLANK
  1

  0
LWPOLYLINE
  5
87
330
84
100
AcDbEntity
  8
0
  6
BYBLOCK
 62
0
100
AcDbPolyline
 90
3
 70
1
 10
-1.0
 20
0.16439898372402537
 10
0.0
 20
0.0
 10
-1.0
 20
-0.16439898372402537
  0
ENDBLK
  5
86
330
84
100
AcDbEntity
  8
0
100
AcDbBlockEnd
  0
ENDSEC
  0
SECTION
  2
ENTITIES
  0
POLYLINE
  5
8B
330
17
100
AcDbEntity
  8
ELEM_01_COMPLETO
100
AcDbPolyFaceMesh
 66
1
 10
0.0
 20
0.0
 30
0.0
 70
64
 71
316
 72
624
  0
VERTEX
  5
8D
330
17
100
AcDbEntity
  8
ELEM_01_COMPLETO
100
AcDbVertex
100
AcDbPolyFaceMeshVertex
 10
12119787.98134166
 20
3531758.497535358
 30
9.84524277656664
 70
192
  0
VERTEX
  5
8E
330
17
100
AcDbEntity
  8
ELEM_01_COMPLETO
100
AcDbVertex
100
AcDbPolyFaceMeshVertex
 10
12119814.62142617
 20
3531769.726692689
 30
11.64731266321499
 70
192
  0
VERTEX
  5
8F
330
17
100
AcDbEntity
  8
ELEM_01_COMPLETO
100
AcDbVertex
100
AcDbPolyFaceMeshVertex
 10
12119814.62142617
 20
3531769.726692689
 30
11.81401180487997
 70
192
  0
VERTEX
  5
91
330
17
100
AcDbEntity
  8
ELEM_01_COMPLETO
100
AcDbVertex
100
AcDbPolyFaceMeshVertex
 10
12119787.98134166
 20
3531758.497535358
 30
9.675243116568367
 70
192
  0
VERTEX
  5
95
330
17
100
AcDbEntity
  8
ELEM_01_COMPLETO
100
AcDbVertex
100
AcDbPolyFaceMeshVertex
 10
12119814.43892654
 20
3531770.158709542
 30
11.64497014821502
 70
192
  0
VERTEX
  5
96
330
17
100
AcDbEntity
  8
ELEM_01_COMPLETO
100
AcDbVertex
100
AcDbPolyFaceMeshVertex
 10
12119783.5204385
 20
3531757.069188476
 30
9.522940271569912
 70
192
  0
VERTEX
  5
97
330
17
100
AcDbEntity
  8
ELEM_01_COMPLETO
100
AcDbVertex
100
AcDbPolyFaceMeshVertex
 10
12119783.5204385
 20
3531757.069188476
 30
9.692939931568183
 70
192
  0
VERTEX
  5
9B
330
17
100
AcDbEntity
  8
ELEM_01_COMPLETO
100
AcDbVertex
100
AcDbPolyFaceMeshVertex
 10
12119814.43892654
 20
3531770.158709542
 30
11.81166928987999
 70
192
  0
VERTEX
  5
9D
330
17
100
AcDbEntity
  8
ELEM_01_COMPLETO
100
AcDbVertex
100
AcDbPolyFaceMeshVertex
 10
12119814.57290593
 20
3531769.841738391
 30
11.81338844654664
 70
192
  0
VERTEX
  5
A3
330
17
100
AcDbEntity
  8
ELEM_01_COMPLETO
100
AcDbVertex
100
AcDbPolyFaceMeshVertex
 10
12119814.57290593
 20
3531769.841738391
 30
11.64668930488167
 70
192
  0
VERTEX
  5
AA
330
17
100
AcDbEntity
  8
ELEM_01_COMPLETO
100
AcDbVertex
100
AcDbPolyFaceMeshVertex
 10
12119783.67089096
 20
3531756.800970509
 30
9.675430124068363
 70
192
  0
VERTEX
  5
B1
330
17
100
AcDbEntity
  8
ELEM_01_COMPLETO
100
AcDbVertex
100
AcDbPolyFaceMeshVertex
 10
12119783.67089096
 20
3531756.800970509
 30
9.505430464070091
 70
192
  0
VERTEX
  5
DD
330
17
100
AcDbEntity
  8
ELEM_01_COMPLETO
100
AcDbVertex
100
AcDbPolyFaceMeshVertex
 10
12119753.63707636
 20
3531862.316612494
 30
12.85294017320275
 70
192
  0
VERTEX
  5
DE
330
17
100
AcDbEntity
  8
ELEM_01_COMPLETO
100
AcDbVertex
100
AcDbPolyFaceMeshVertex
 10
12119734.21799774
 20
3531844.962057309
 30
12.96213286820163
 70
192
  0
VERTEX
  5
DF
330
17
100
AcDbEntity
  8
ELEM_01_COMPLETO
100
AcDbVertex
100
AcDbPolyFaceMeshVertex
 10
12119734.21799774
 20
3531844.962057309
 30
13.13213252819991
 70
192
  0
VERTEX
  5
E1
330
17
100
AcDbEntity
  8
ELEM_01_COMPLETO
100
AcDbVertex
100
AcDbPolyFaceMeshVertex
 10
12119753.63707636
 20
3531862.316612494
 30
12.68624103153777
 70
192
  0
VERTEX
  5
E5
330
17
100
AcDbEntity
  8
ELEM_01_COMPLETO
100
AcDbVertex
100
AcDbPolyFaceMeshVertex
 10
12119814.04753624
 20
3531771.078930798
 30
11.80666929988004
 70
192
  0
VERTEX
  5
EB
330
17
100
AcDbEntity
  8
ELEM_01_COMPLETO
100
AcDbVertex
100
AcDbPolyFaceMeshVertex
 10
12119814.04753624
 20
3531771.078930798
 30
11.63996687738173
 70
192
  0
VERTEX
  5
F1
330
17
100
AcDbEntity
  8
ELEM_01_COMPLETO
100
AcDbVertex
100
AcDbPolyFaceMeshVertex
 10
12119783.08344791
 20
3531757.848222351
 30
9.743799409901003
 70
192
  0
VERTEX
  5
F7
330
17
100
AcDbEntity
  8
ELEM_01_COMPLETO
100
AcDbVertex
100
AcDbPolyFaceMeshVertex
 10
12119783.08344791
 20
3531757.848222351
 30
9.57379974990273
 70
192
  0
VERTEX
  5
105
330
17
100
AcDbEntity
  8
ELEM_01_COMPLETO
100
AcDbVertex
100
AcDbPolyFaceMeshVertex
 10
12119812.98728246
 20
3531773.530015136
 30
11.79331630821351
 70
192
  0
VERTEX
  5
10B
330
17
100
AcDbEntity
  8
ELEM_01_COMPLETO
100
AcDbVertex
100
AcDbPolyFaceMeshVertex
 10
12119812.98728246
 20
3531773.530015136
 30
11.62661716654854
 70
192
  0
VERTEX
  5
111
330
17
100
AcDbEntity
  8
ELEM_01_COMPLETO
100
AcDbVertex
100
AcDbPolyFaceMeshVertex
 10
12119781.917945
 20
3531759.926000349
 30
9.879448744899623
 70
192
  0
VERTEX
  5
117
330
17
100
AcDbEntity
  8
ELEM_01_COMPLETO
100
AcDbVertex
100
AcDbPolyFaceMeshVertex
 10
12119781.917945
 20
3531759.926000349
 30
9.709449084901351
 70
192
  0
VERTEX
  5
125
330
17
100
AcDbEntity
  8
ELEM_01_COMPLETO
100
AcDbVertex
100
AcDbPolyFaceMeshVertex
 10
12119812.51309049
 20
3531774.607234109
 30
11.78743049321357
 70
192
  0
VERTEX
  5
12B
330
17
100
AcDbEntity
  8
ELEM_01_COMPLETO
100
AcDbVertex
100
AcDbPolyFaceMeshVertex
 10
12119812.51309049
 20
3531774.607234109
 30
11.6207313515486
 70
192
  0
VERTEX
  5
131
330
17
100
AcDbEntity
  8
ELEM_01_COMPLETO
100
AcDbVertex
100
AcDbPolyFaceMeshVertex
 10
12119781.40494733
 20
3531760.84053264
 30
9.939153349899016
 70
192
  0
VERTEX
  5
137
330
17
100
AcDbEntity
  8
ELEM_01_COMPLETO
100
AcDbVertex
100
AcDbPolyFaceMeshVertex
 10
12119781.40494733
 20
3531760.84053264
 30
9.769153689900746
 70
192
  0
VERTEX
  5
145
330
17
100
AcDbEntity
  8
ELEM_01_COMPLETO
100
AcDbVertex
100
AcDbPolyFaceMeshVertex
 10
12119812.49020996
 20
3531774.658920357
 30
11.78714834154691
 70
192
  0
VERTEX
  5
14B
330
17
100
AcDbEntity
  8
ELEM_01_COMPLETO
100
AcDbVertex
100
AcDbPolyFaceMeshVertex
 10
12119812.49020996
 20
3531774.658920357
 30
11.62044919988193
 70
192
  0
VERTEX
  5
151
330
17
100
AcDbEntity
  8
ELEM_01_COMPLETO
100
AcDbVertex
100
AcDbPolyFaceMeshVertex
 10
12119781.38031811
 20
3531760.884436752
 30
9.942020798232322
 70
192
  0
VERTEX
  5
157
330
17
100
AcDbEntity
  8
ELEM_01_COMPLETO
100
AcDbVertex
100
AcDbPolyFaceMeshVertex
 10
12119781.38031811
 20
3531760.884436752
 30
9.77202113823405
 70
192
  0
VERTEX
  5
165
330
17
100
AcDbEntity
  8
ELEM_01_COMPLETO
100
AcDbVertex
100
AcDbPolyFaceMeshVertex
 10
12119812.04468592
 20
3531775.660201163
 30
11.7816693498803
 70
192
  0
VERTEX
  5
16B
330
17
100
AcDbEntity
  8
ELEM_01_COMPLETO
100
AcDbVertex
100
AcDbPolyFaceMeshVertex
 10
12119812.04468592
 20
3531775.660201163
 30
11.61496692738199
 70
192
  0
VERTEX
  5
171
330
17
100
AcDbEntity
  8
ELEM_01_COMPLETO
100
AcDbVertex
100
AcDbPolyFaceMeshVertex
 10
12119780.90300936
 20
3531761.735353685
 30
9.997571868231756
 70
192
  0
VERTEX
  5
177
330
17
100
AcDbEntity
  8
ELEM_01_COMPLETO
100
AcDbVertex
100
AcDbPolyFaceMeshVertex
 10
12119780.90300936
 20
3531761.735353685
 30
9.827572208233484
 70
192
  0
VERTEX
  5
185
330
17
100
AcDbEntity
  8
ELEM_01_COMPLETO
100
AcDbVertex
100
AcDbPolyFaceMeshVertex
 10
12119809.96576291
 20
3531780.207452567
 30
11.75666939988055
 70
192
  0
VERTEX
  5
18B
330
17
100
AcDbEntity
  8
ELEM_01_COMPLETO
100
AcDbVertex
100
AcDbPolyFaceMeshVertex
 10
12119809.96576291
 20
3531780.207452567
 30
11.58996697738224
 70
192
  0
VERTEX
  5
191
330
17
100
AcDbEntity
  8
ELEM_01_COMPLETO
100
AcDbVertex
100
AcDbPolyFaceMeshVertex
 10
12119778.72917184
 20
3531765.610716669
 30
10.25057661156252
 70
192
  0
VERTEX
  5
197
330
17
100
AcDbEntity
  8
ELEM_01_COMPLETO
100
AcDbVertex
100
AcDbPolyFaceMeshVertex
 10
12119778.72917184
 20
3531765.610716669
 30
10.08057695156425
 70
192
  0
VERTEX
  5
1A5
330
17
100
AcDbEntity
  8
ELEM_01_COMPLETO
100
AcDbVertex
100
AcDbPolyFaceMeshVertex
 10
12119808.01129176
 20
3531784.308707488
 30
11.73395290988078
 70
192
  0
VERTEX
  5
1AB
330
17
100
AcDbEntity
  8
ELEM_01_COMPLETO
100
AcDbVertex
100
AcDbPolyFaceMeshVertex
 10
12119808.01129176
 20
3531784.308707488
 30
11.56725376821581
 70
192
  0
VERTEX
  5
1B1
330
17
100
AcDbEntity
  8
ELEM_01_COMPLETO
100
AcDbVertex
100
AcDbPolyFaceMeshVertex
 10
12119776.75862461
 20
3531769.123665679
 30
10.47991998489352
 70
192
  0
VERTEX
  5
1B7
330
17
100
AcDbEntity
  8
ELEM_01_COMPLETO
100
AcDbVertex
100
AcDbPolyFaceMeshVertex
 10
12119776.75862461
 20
3531769.123665679
 30
10.30992032489525
 70
192
  0
VERTEX
  5
1C5
330
17
100
AcDbEntity
  8
ELEM_01_COMPLETO
100
AcDbVertex
100
AcDbPolyFaceMeshVertex
 10
12119807.91008133
 20
3531784.516807465
 30
11.73279477571413
 70
192
  0
VERTEX
  5
1CB
330
17
100
AcDbEntity
  8
ELEM_01_COMPLETO
100
AcDbVertex
100
AcDbPolyFaceMeshVertex
 10
12119807.91008133
 20
3531784.516807465
 30
11.56609563404915
 70
192
  0
VERTEX
  5
1D1
330
17
100
AcDbEntity
  8
ELEM_01_COMPLETO
100
AcDbVertex
100
AcDbPolyFaceMeshVertex
 10
12119776.65835577
 20
3531769.302415322
 30
10.49158990906007
 70
192
  0
VERTEX
  5
1D7
330
17
100
AcDbEntity
  8
ELEM_01_COMPLETO
100
AcDbVertex
100
AcDbPolyFaceMeshVertex
 10
12119776.65835577
 20
3531769.302415322
 30
10.3215902490618
 70
192
  0
VERTEX
  5
1E5
330
17
100
AcDbEntity
  8
ELEM_01_COMPLETO
100
AcDbVertex
100
AcDbPolyFaceMeshVertex
 10
12119807.81134465
 20
3531784.719425171
 30
11.73166944988081
 70
192
  0
VERTEX
  5
1EB
330
17
100
AcDbEntity
  8
ELEM_01_COMPLETO
100
AcDbVertex
100
AcDbPolyFaceMeshVertex
 10
12119807.81134465
 20
3531784.719425171
 30
11.5649670273825
 70
192
  0
VERTEX
  5
1F1
330
17
100
AcDbEntity
  8
ELEM_01_COMPLETO
100
AcDbVertex
100
AcDbPolyFaceMeshVertex
 10
12119776.56070177
 20
3531769.476506181
 30
10.49929658655999
 70
192
  0
VERTEX
  5
1F7
330
17
100
AcDbEntity
  8
ELEM_01_COMPLETO
100
AcDbVertex
100
AcDbPolyFaceMeshVertex
 10
12119776.56070177
 20
3531769.476506181
 30
10.32929692656172
 70
192
  0
VERTEX
  5
205
330
17
100
AcDbEntity
  8
ELEM_01_COMPLETO
100
AcDbVertex
100
AcDbPolyFaceMeshVertex
 10
12119805.58203152
 20
3531789.194865694
 30
11.70666949988106
 70
192
  0
VERTEX
  5
20B
330
17
100
AcDbEntity
  8
ELEM_01_COMPLETO
100
AcDbVertex
100
AcDbPolyFaceMeshVertex
 10
12119805.58203152
 20
3531789.194865694
 30
11.53996707738275
 70
192
  0
VERTEX
  5
211
330
17
100
AcDbEntity
  8
ELEM_01_COMPLETO
100
AcDbVertex
100
AcDbPolyFaceMeshVertex
 10
12119774.39638524
 20
3531773.334897415
 30
10.6665698740583
 70
192
  0
VERTEX
  5
217
330
17
100
AcDbEntity
  8
ELEM_01_COMPLETO
100
AcDbVertex
100
AcDbPolyFaceMeshVertex
 10
12119774.39638524
 20
3531773.334897415
 30
10.49657021406002
 70
192
  0
VERTEX
  5
225
330
17
100
AcDbEntity
  8
ELEM_01_COMPLETO
100
AcDbVertex
100
AcDbPolyFaceMeshVertex
 10
12119803.27844033
 20
3531793.632533984
 30
11.68166954988131
 70
192
  0
VERTEX
  5
22B
330
17
100
AcDbEntity
  8
ELEM_01_COMPLETO
100
AcDbVertex
100
AcDbPolyFaceMeshVertex
 10
12119803.27844033
 20
3531793.632533984
 30
11.51496712738301
 70
192
  0
VERTEX
  5
231
330
17
100
AcDbEntity
  8
ELEM_01_COMPLETO
100
AcDbVertex
100
AcDbPolyFaceMeshVertex
 10
12119772.23500504
 20
3531777.188052438
 30
10.8328982815566
 70
192
  0
VERTEX
  5
237
330
17
100
AcDbEntity
  8
ELEM_01_COMPLETO
100
AcDbVertex
100
AcDbPolyFaceMeshVertex
 10
12119772.23500504
 20
3531777.188052438
 30
10.66289862155833
 70
192
  0
VERTEX
  5
245
330
17
100
AcDbEntity
  8
ELEM_01_COMPLETO
100
AcDbVertex
100
AcDbPolyFaceMeshVertex
 10
12119802.61273956
 20
3531794.882085291
 30
11.67458951154805
 70
192
  0
VERTEX
  5
24B
330
17
100
AcDbEntity
  8
ELEM_01_COMPLETO
100
AcDbVertex
100
AcDbPolyFaceMeshVertex
 10
12119802.61273956
 20
3531794.882085291
 30
11.50789036988308
 70
192
  0
VERTEX
  5
251
330
17
100
AcDbEntity
  8
ELEM_01_COMPLETO
100
AcDbVertex
100
AcDbPolyFaceMeshVertex
 10
12119771.62334616
 20
3531778.278470204
 30
10.87996839738946
 70
192
  0
VERTEX
  5
257
330
17
100
AcDbEntity
  8
ELEM_01_COMPLETO
100
AcDbVertex
100
AcDbPolyFaceMeshVertex
 10
12119771.62334616
 20
3531778.278470204
 30
10.70996545655785
 70
192
  0
VERTEX
  5
265
330
17
100
AcDbEntity
  8
ELEM_01_COMPLETO
100
AcDbVertex
100
AcDbPolyFaceMeshVertex
 10
12119800.90121083
 20
3531798.031193166
 30
11.65666959988157
 70
192
  0
VERTEX
  5
26B
330
17
100
AcDbEntity
  8
ELEM_01_COMPLETO
100
AcDbVertex
100
AcDbPolyFaceMeshVertex
 10
12119800.90121083
 20
3531798.031193166
 30
11.48996717738326
 70
192
  0
VERTEX
  5
271
330
17
100
AcDbEntity
  8
ELEM_01_COMPLETO
100
AcDbVertex
100
AcDbPolyFaceMeshVertex
 10
12119770.07535713
 20
3531781.038116916
 30
10.99909217488825
 70
192
  0
VERTEX
  5
277
330
17
100
AcDbEntity
  8
ELEM_01_COMPLETO
100
AcDbVertex
100
AcDbPolyFaceMeshVertex
 10
12119770.07535713
 20
3531781.038116916
 30
10.82909251488997
 70
192
  0
VERTEX
  5
285
330
17
100
AcDbEntity
  8
ELEM_01_COMPLETO
100
AcDbVertex
100
AcDbPolyFaceMeshVertex
 10
12119800.03195076
 20
3531799.596977436
 30
11.64771292488166
 70
192
  0
VERTEX
  5
28B
330
17
100
AcDbEntity
  8
ELEM_01_COMPLETO
100
AcDbVertex
100
AcDbPolyFaceMeshVertex
 10
12119800.03195076
 20
3531799.596977436
 30
11.48101378321669
 70
192
  0
VERTEX
  5
291
330
17
100
AcDbEntity
  8
ELEM_01_COMPLETO
100
AcDbVertex
100
AcDbPolyFaceMeshVertex
 10
12119769.30200894
 20
3531782.416785419
 30
11.05860321072097
 70
192
  0
VERTEX
  5
297
330
17
100
AcDbEntity
  8
ELEM_01_COMPLETO
100
AcDbVertex
100
AcDbPolyFaceMeshVertex
 10
12119769.30200894
 20
3531782.416785419
 30
10.8886035507227
 70
192
  0
VERTEX
  5
2A5
330
17
100
AcDbEntity
  8
ELEM_01_COMPLETO
100
AcDbVertex
100
AcDbPolyFaceMeshVertex
 10
12119798.45100248
 20
3531802.389622769
 30
11.63475691404846
 70
192
  0
VERTEX
  5
2AB
330
17
100
AcDbEntity
  8
ELEM_01_COMPLETO
100
AcDbVertex
100
AcDbPolyFaceMeshVertex
 10
12119798.45100248
 20
3531802.389622769
 30
11.46805777238348
 70
192
  0
VERTEX
  5
2AD
330
17
100
AcDbEntity
  8
ELEM_01_COMPLETO
100
AcDbVertex
100
AcDbPolyFaceMeshVertex
 10
12119767.91624399
 20
3531784.887233233
 30
11.16313056071992
 70
192
  0
VERTEX
  5
2B7
330
17
100
AcDbEntity
  8
ELEM_01_COMPLETO
100
AcDbVertex
100
AcDbPolyFaceMeshVertex
 10
12119767.91624399
 20
3531784.887233233
 30
10.99313090072164
 70
192
  0
VERTEX
  5
2C5
330
17
100
AcDbEntity
  8
ELEM_01_COMPLETO
100
AcDbVertex
100
AcDbPolyFaceMeshVertex
 10
12119796.8000773
 20
3531805.233593459
 30
11.62789012988186
 70
192
  0
VERTEX
  5
2CB
330
17
100
AcDbEntity
  8
ELEM_01_COMPLETO
100
AcDbVertex
100
AcDbPolyFaceMeshVertex
 10
12119796.8000773
 20
3531805.233593459
 30
11.46119098821688
 70
192
  0
VERTEX
  5
2CD
330
17
100
AcDbEntity
  8
ELEM_01_COMPLETO
100
AcDbVertex
100
AcDbPolyFaceMeshVertex
 10
12119766.49592859
 20
3531787.419265571
 30
11.26925567655217
 70
192
  0
VERTEX
  5
2D7
330
17
100
AcDbEntity
  8
ELEM_01_COMPLETO
100
AcDbVertex
100
AcDbPolyFaceMeshVertex
 10
12119766.49592859
 20
3531787.419265571
 30
11.09925273572056
 70
192
  0
VERTEX
  5
2E5
330
17
100
AcDbEntity
  8
ELEM_01_COMPLETO
100
AcDbVertex
100
AcDbPolyFaceMeshVertex
 10
12119795.92849768
 20
3531806.706612167
 30
11.62688619488187
 70
192
  0
VERTEX
  5
2EB
330
17
100
AcDbEntity
  8
ELEM_01_COMPLETO
100
AcDbVertex
100
AcDbPolyFaceMeshVertex
 10
12119795.92849768
 20
3531806.706612167
 30
11.46018377238356
 70
192
  0
VERTEX
  5
2ED
330
17
100
AcDbEntity
  8
ELEM_01_COMPLETO
100
AcDbVertex
100
AcDbPolyFaceMeshVertex
 10
12119765.75645829
 20
3531788.737537213
 30
11.32450490988494
 70
192
  0
VERTEX
  5
2F7
330
17
100
AcDbEntity
  8
ELEM_01_COMPLETO
100
AcDbVertex
100
AcDbPolyFaceMeshVertex
 10
12119765.75645829
 20
3531788.737537213
 30
11.15450524988667
 70
192
  0
VERTEX
  5
305
330
17
100
AcDbEntity
  8
ELEM_01_COMPLETO
100
AcDbVertex
100
AcDbPolyFaceMeshVertex
 10
12119793.33439854
 20
3531810.980960573
 30
11.46731302321682
 70
192
  0
VERTEX
  5
309
330
17
100
AcDbEntity
  8
ELEM_01_COMPLETO
100
AcDbVertex
100
AcDbPolyFaceMeshVertex
 10
12119793.33439854
 20
3531810.980960573
 30
11.63401216488179
 70
192
  0
VERTEX
  5
30D
330
17
100
AcDbEntity
  8
ELEM_01_COMPLETO
100
AcDbVertex
100
AcDbPolyFaceMeshVertex
 10
12119763.59480907
 20
3531792.5911778
 30
11.48563975821664
 70
192
  0
VERTEX
  5
317
330
17
100
AcDbEntity
  8
ELEM_01_COMPLETO
100
AcDbVertex
100
AcDbPolyFaceMeshVertex
 10
12119763.59480907
 20
3531792.5911778
 30
11.31563681738503
 70
192
  0
VERTEX
  5
325
330
17
100
AcDbEntity
  8
ELEM_01_COMPLETO
100
AcDbVertex
100
AcDbPolyFaceMeshVertex
 10
12119790.66942355
 20
3531815.211483608
 30
11.4894389632166
 70
192
  0
VERTEX
  5
329
330
17
100
AcDbEntity
  8
ELEM_01_COMPLETO
100
AcDbVertex
100
AcDbPolyFaceMeshVertex
 10
12119790.66942355
 20
3531815.211483608
 30
11.6561413857149
 70
192
  0
VERTEX
  5
32D
330
17
100
AcDbEntity
  8
ELEM_01_COMPLETO
100
AcDbVertex
100
AcDbPolyFaceMeshVertex
 10
12119761.43008242
 20
3531796.450297378
 30
11.61950103904861
 70
192
  0
VERTEX
  5
337
330
17
100
AcDbEntity
  8
ELEM_01_COMPLETO
100
AcDbVertex
100
AcDbPolyFaceMeshVertex
 10
12119761.43008242
 20
3531796.450297378
 30
11.44950137905034
 70
192
  0
VERTEX
  5
347
330
17
100
AcDbEntity
  8
ELEM_01_COMPLETO
100
AcDbVertex
100
AcDbPolyFaceMeshVertex
 10
12119790.58240929
 20
3531815.347014834
 30
11.49040352821659
 70
192
  0
VERTEX
  5
349
330
17
100
AcDbEntity
  8
ELEM_01_COMPLETO
100
AcDbVertex
100
AcDbPolyFaceMeshVertex
 10
12119790.58240929
 20
3531815.347014834
 30
11.65710266988156
 70
192
  0
VERTEX
  5
34D
330
17
100
AcDbEntity
  8
ELEM_01_COMPLETO
100
AcDbVertex
100
AcDbPolyFaceMeshVertex
 10
12119761.36028598
 20
3531796.574719702
 30
11.62369394404857
 70
192
  0
VERTEX
  5
357
330
17
100
AcDbEntity
  8
ELEM_01_COMPLETO
100
AcDbVertex
100
AcDbPolyFaceMeshVertex
 10
12119761.36028598
 20
3531796.574719702
 30
11.45369428405029
 70
192
  0
VERTEX
  5
365
330
17
100
AcDbEntity
  8
ELEM_01_COMPLETO
100
AcDbVertex
100
AcDbPolyFaceMeshVertex
 10
12119787.93431091
 20
3531819.397003453
 30
11.52656815404955
 70
192
  0
VERTEX
  5
369
330
17
100
AcDbEntity
  8
ELEM_01_COMPLETO
100
AcDbVertex
100
AcDbPolyFaceMeshVertex
 10
12119787.93431091
 20
3531819.397003453
 30
11.69326729571452
 70
192
  0
VERTEX
  5
36D
330
17
100
AcDbEntity
  8
ELEM_01_COMPLETO
100
AcDbVertex
100
AcDbPolyFaceMeshVertex
 10
12119759.26106773
 20
3531800.317058016
 30
11.74984854738062
 70
192
  0
VERTEX
  5
377
330
17
100
AcDbEntity
  8
ELEM_01_COMPLETO
100
AcDbVertex
100
AcDbPolyFaceMeshVertex
 10
12119759.26106773
 20
3531800.317058016
 30
11.57984888738234
 70
192
  0
VERTEX
  5
385
330
17
100
AcDbEntity
  8
ELEM_01_COMPLETO
100
AcDbVertex
100
AcDbPolyFaceMeshVertex
 10
12119785.12982505
 20
3531823.536361972
 30
11.57869403404902
 70
192
  0
VERTEX
  5
389
330
17
100
AcDbEntity
  8
ELEM_01_COMPLETO
100
AcDbVertex
100
AcDbPolyFaceMeshVertex
 10
12119785.12982505
 20
3531823.536361972
 30
11.745393175714
 70
192
  0
VERTEX
  5
38D
330
17
100
AcDbEntity
  8
ELEM_01_COMPLETO
100
AcDbVertex
100
AcDbPolyFaceMeshVertex
 10
12119757.08654781
 20
3531804.19363819
 30
11.88053070071262
 70
192
  0
VERTEX
  5
397
330
17
100
AcDbEntity
  8
ELEM_01_COMPLETO
100
AcDbVertex
100
AcDbPolyFaceMeshVertex
 10
12119757.08654781
 20
3531804.19363819
 30
11.71053104071435
 70
192
  0
VERTEX
  5
3A5
330
17
100
AcDbEntity
  8
ELEM_01_COMPLETO
100
AcDbVertex
100
AcDbPolyFaceMeshVertex
 10
12119783.96946976
 20
3531825.206516112
 30
11.6041893898821
 70
192
  0
VERTEX
  5
3A9
330
17
100
AcDbEntity
  8
ELEM_01_COMPLETO
100
AcDbVertex
100
AcDbPolyFaceMeshVertex
 10
12119783.96946976
 20
3531825.206516112
 30
11.77088853154707
 70
192
  0
VERTEX
  5
3AD
330
17
100
AcDbEntity
  8
ELEM_01_COMPLETO
100
AcDbVertex
100
AcDbPolyFaceMeshVertex
 10
12119756.20023396
 20
3531805.773697365
 30
11.93311261654542
 70
192
  0
VERTEX
  5
3B7
330
17
100
AcDbEntity
  8
ELEM_01_COMPLETO
100
AcDbVertex
100
AcDbPolyFaceMeshVertex
 10
12119756.20023396
 20
3531805.773697365
 30
11.76311295654715
 70
192
  0
VERTEX
  5
3C5
330
17
100
AcDbEntity
  8
ELEM_01_COMPLETO
100
AcDbVertex
100
AcDbPolyFaceMeshVertex
 10
12119782.25674025
 20
3531827.628404312
 30
11.64582316488168
 70
192
  0
VERTEX
  5
3C9
330
17
100
AcDbEntity
  8
ELEM_01_COMPLETO
100
AcDbVertex
100
AcDbPolyFaceMeshVertex
 10
12119782.25674025
 20
3531827.628404312
 30
11.81252230654665
 70
192
  0
VERTEX
  5
3CD
330
17
100
AcDbEntity
  8
ELEM_01_COMPLETO
100
AcDbVertex
100
AcDbPolyFaceMeshVertex
 10
12119754.90528248
 20
3531808.082242617
 30
12.00888018154465
 70
192
  0
VERTEX
  5
3D7
330
17
100
AcDbEntity
  8
ELEM_01_COMPLETO
100
AcDbVertex
100
AcDbPolyFaceMeshVertex
 10
12119754.90528248
 20
3531808.082242617
 30
11.83888052154638
 70
192
  0
VERTEX
  5
3E5
330
17
100
AcDbEntity
  8
ELEM_01_COMPLETO
100
AcDbVertex
100
AcDbPolyFaceMeshVertex
 10
12119779.3158603
 20
3531831.671995306
 30
11.72794898488084
 70
192
  0
VERTEX
  5
3E9
330
17
100
AcDbEntity
  8
ELEM_01_COMPLETO
100
AcDbVertex
100
AcDbPolyFaceMeshVertex
 10
12119779.3158603
 20
3531831.671995306
 30
11.89464812654581
 70
192
  0
VERTEX
  5
3EE
330
17
100
AcDbEntity
  8
ELEM_01_COMPLETO
100
AcDbVertex
100
AcDbPolyFaceMeshVertex
 10
12119752.71602505
 20
3531811.985092424
 30
12.13525460071003
 70
192
  0
VERTEX
  5
3F7
330
17
100
AcDbEntity
  8
ELEM_01_COMPLETO
100
AcDbVertex
100
AcDbPolyFaceMeshVertex
 10
12119752.71602505
 20
3531811.985092424
 30
11.96525494071176
 70
192
  0
VERTEX
  5
405
330
17
100
AcDbEntity
  8
ELEM_01_COMPLETO
100
AcDbVertex
100
AcDbPolyFaceMeshVertex
 10
12119776.9716163
 20
3531834.796654412
 30
11.80254857321342
 70
192
  0
VERTEX
  5
409
330
17
100
AcDbEntity
  8
ELEM_01_COMPLETO
100
AcDbVertex
100
AcDbPolyFaceMeshVertex
 10
12119776.9716163
 20
3531834.796654412
 30
11.96924771487839
 70
192
  0
VERTEX
  5
40E
330
17
100
AcDbEntity
  8
ELEM_01_COMPLETO
100
AcDbVertex
100
AcDbPolyFaceMeshVertex
 10
12119750.99926996
 20
3531815.045604675
 30
12.2336074223757
 70
192
  0
VERTEX
  5
417
330
17
100
AcDbEntity
  8
ELEM_01_COMPLETO
100
AcDbVertex
100
AcDbPolyFaceMeshVertex
 10
12119750.99926996
 20
3531815.045604675
 30
12.06360776237743
 70
192
  0
VERTEX
  5
425
330
17
100
AcDbEntity
  8
ELEM_01_COMPLETO
100
AcDbVertex
100
AcDbPolyFaceMeshVertex
 10
12119776.30799559
 20
3531835.666012909
 30
11.82507805571319
 70
192
  0
VERTEX
  5
429
330
17
100
AcDbEntity
  8
ELEM_01_COMPLETO
100
AcDbVertex
100
AcDbPolyFaceMeshVertex
 10
12119776.30799559
 20
3531835.666012909
 30
11.99177719737816
 70
192
  0
VERTEX
  5
42E
330
17
100
AcDbEntity
  8
ELEM_01_COMPLETO
100
AcDbVertex
100
AcDbPolyFaceMeshVertex
 10
12119750.51750911
 20
3531815.904451382
 30
12.2609859765421
 70
192
  0
VERTEX
  5
437
330
17
100
AcDbEntity
  8
ELEM_01_COMPLETO
100
AcDbVertex
100
AcDbPolyFaceMeshVertex
 10
12119750.51750911
 20
3531815.904451382
 30
12.09098631654382
 70
192
  0
VERTEX
  5
445
330
17
100
AcDbEntity
  8
ELEM_01_COMPLETO
100
AcDbVertex
100
AcDbPolyFaceMeshVertex
 10
12119773.23398598
 20
3531839.609348198
 30
11.93720381571205
 70
192
  0
VERTEX
  5
449
330
17
100
AcDbEntity
  8
ELEM_01_COMPLETO
100
AcDbVertex
100
AcDbPolyFaceMeshVertex
 10
12119773.23398598
 20
3531839.609348198
 30
12.10390295737702
 70
192
  0
VERTEX
  5
44E
330
17
100
AcDbEntity
  8
ELEM_01_COMPLETO
100
AcDbVertex
100
AcDbPolyFaceMeshVertex
 10
12119748.308442
 20
3531819.842616078
 30
12.3852147307075
 70
192
  0
VERTEX
  5
457
330
17
100
AcDbEntity
  8
ELEM_01_COMPLETO
100
AcDbVertex
100
AcDbPolyFaceMeshVertex
 10
12119748.308442
 20
3531819.842616078
 30
12.21521507070922
 70
192
  0
VERTEX
  5
465
330
17
100
AcDbEntity
  8
ELEM_01_COMPLETO
100
AcDbVertex
100
AcDbPolyFaceMeshVertex
 10
12119772.11701315
 20
3531841.009230569
 30
11.9810127832116
 70
192
  0
VERTEX
  5
469
330
17
100
AcDbEntity
  8
ELEM_01_COMPLETO
100
AcDbVertex
100
AcDbPolyFaceMeshVertex
 10
12119772.11701315
 20
3531841.009230569
 30
12.14771520570991
 70
192
  0
VERTEX
  5
46E
330
17
100
AcDbEntity
  8
ELEM_01_COMPLETO
100
AcDbVertex
100
AcDbPolyFaceMeshVertex
 10
12119747.51438519
 20
3531821.258203799
 30
12.42939443237371
 70
192
  0
VERTEX
  5
477
330
17
100
AcDbEntity
  8
ELEM_01_COMPLETO
100
AcDbVertex
100
AcDbPolyFaceMeshVertex
 10
12119747.51438519
 20
3531821.258203799
 30
12.25939477237544
 70
192
  0
VERTEX
  5
485
330
17
100
AcDbEntity
  8
ELEM_01_COMPLETO
100
AcDbVertex
100
AcDbPolyFaceMeshVertex
 10
12119770.09468452
 20
3531843.500905376
 30
12.06124228154412
 70
192
  0
VERTEX
  5
489
330
17
100
AcDbEntity
  8
ELEM_01_COMPLETO
100
AcDbVertex
100
AcDbPolyFaceMeshVertex
 10
12119770.09468452
 20
3531843.500905376
 30
12.22794142320909
 70
192
  0
VERTEX
  5
48E
330
17
100
AcDbEntity
  8
ELEM_01_COMPLETO
100
AcDbVertex
100
AcDbPolyFaceMeshVertex
 10
12119746.08751468
 20
3531823.801925745
 30
12.50828206987291
 70
192
  0
VERTEX
  5
497
330
17
100
AcDbEntity
  8
ELEM_01_COMPLETO
100
AcDbVertex
100
AcDbPolyFaceMeshVertex
 10
12119746.08751468
 20
3531823.801925745
 30
12.33828240987464
 70
192
  0
VERTEX
  5
4A5
330
17
100
AcDbEntity
  8
ELEM_01_COMPLETO
100
AcDbVertex
100
AcDbPolyFaceMeshVertex
 10
12119769.59981018
 20
3531844.102413359
 30
12.08071402737726
 70
192
  0
VERTEX
  5
4A9
330
17
100
AcDbEntity
  8
ELEM_01_COMPLETO
100
AcDbVertex
100
AcDbPolyFaceMeshVertex
 10
12119769.59981018
 20
3531844.102413359
 30
12.24741316904223
 70
192
  0
VERTEX
  5
4AE
330
17
100
AcDbEntity
  8
ELEM_01_COMPLETO
100
AcDbVertex
100
AcDbPolyFaceMeshVertex
 10
12119745.74037627
 20
3531824.420779495
 30
12.52735355403939
 70
192
  0
VERTEX
  5
4B7
330
17
100
AcDbEntity
  8
ELEM_01_COMPLETO
100
AcDbVertex
100
AcDbPolyFaceMeshVertex
 10
12119745.74037627
 20
3531824.420779495
 30
12.35735389404111
 70
192
  0
VERTEX
  5
4C5
330
17
100
AcDbEntity
  8
ELEM_01_COMPLETO
100
AcDbVertex
100
AcDbPolyFaceMeshVertex
 10
12119766.89096061
 20
3531847.339598485
 30
12.18624203154285
 70
192
  0
VERTEX
  5
4C9
330
17
100
AcDbEntity
  8
ELEM_01_COMPLETO
100
AcDbVertex
100
AcDbPolyFaceMeshVertex
 10
12119766.89096061
 20
3531847.339598485
 30
12.35294117320783
 70
192
  0
VERTEX
  5
4CE
330
17
100
AcDbEntity
  8
ELEM_01_COMPLETO
100
AcDbVertex
100
AcDbPolyFaceMeshVertex
 10
12119743.85338858
 20
3531827.784772111
 30
12.63029954237167
 70
192
  0
VERTEX
  5
4D7
330
17
100
AcDbEntity
  8
ELEM_01_COMPLETO
100
AcDbVertex
100
AcDbPolyFaceMeshVertex
 10
12119743.85338858
 20
3531827.784772111
 30
12.46029660154007
 70
192
  0
VERTEX
  5
4E5
330
17
100
AcDbEntity
  8
ELEM_01_COMPLETO
100
AcDbVertex
100
AcDbPolyFaceMeshVertex
 10
12119766.15259266
 20
3531848.206132186
 30
12.21470326070923
 70
192
  0
VERTEX
  5
4E9
330
17
100
AcDbEntity
  8
ELEM_01_COMPLETO
100
AcDbVertex
100
AcDbPolyFaceMeshVertex
 10
12119766.15259266
 20
3531848.206132186
 30
12.3814024023742
 70
192
  0
VERTEX
  5
4EE
330
17
100
AcDbEntity
  8
ELEM_01_COMPLETO
100
AcDbVertex
100
AcDbPolyFaceMeshVertex
 10
12119743.34271046
 20
3531828.695167272
 30
12.65793728237139
 70
192
  0
VERTEX
  5
4F7
330
17
100
AcDbEntity
  8
ELEM_01_COMPLETO
100
AcDbVertex
100
AcDbPolyFaceMeshVertex
 10
12119743.34271046
 20
3531828.695167272
 30
12.48793762237312
 70
192
  0
VERTEX
  5
505
330
17
100
AcDbEntity
  8
ELEM_01_COMPLETO
100
AcDbVertex
100
AcDbPolyFaceMeshVertex
 10
12119763.62370993
 20
3531851.124367819
 30
12.31124178154158
 70
192
  0
VERTEX
  5
509
330
17
100
AcDbEntity
  8
ELEM_01_COMPLETO
100
AcDbVertex
100
AcDbPolyFaceMeshVertex
 10
12119763.62370993
 20
3531851.124367819
 30
12.47794092320655
 70
192
  0
VERTEX
  5
50E
330
17
100
AcDbEntity
  8
ELEM_01_COMPLETO
100
AcDbVertex
100
AcDbPolyFaceMeshVertex
 10
12119741.60468572
 20
3531831.793596113
 30
12.74826846653714
 70
192
  0
VERTEX
  5
517
330
17
100
AcDbEntity
  8
ELEM_01_COMPLETO
100
AcDbVertex
100
AcDbPolyFaceMeshVertex
 10
12119741.60468572
 20
3531831.793596113
 30
12.57826880653887
 70
192
  0
VERTEX
  5
525
330
17
100
AcDbEntity
  8
ELEM_01_COMPLETO
100
AcDbVertex
100
AcDbPolyFaceMeshVertex
 10
12119761.86559008
 20
3531853.109219492
 30
12.37753101904091
 70
192
  0
VERTEX
  5
529
330
17
100
AcDbEntity
  8
ELEM_01_COMPLETO
100
AcDbVertex
100
AcDbPolyFaceMeshVertex
 10
12119761.86559008
 20
3531853.109219492
 30
12.54423016070588
 70
192
  0
VERTEX
  5
52E
330
17
100
AcDbEntity
  8
ELEM_01_COMPLETO
100
AcDbVertex
100
AcDbPolyFaceMeshVertex
 10
12119740.40579048
 20
3531833.930901549
 30
12.81057149153651
 70
192
  0
VERTEX
  5
537
330
17
100
AcDbEntity
  8
ELEM_01_COMPLETO
100
AcDbVertex
100
AcDbPolyFaceMeshVertex
 10
12119740.40579048
 20
3531833.930901549
 30
12.64057183153823
 70
192
  0
VERTEX
  5
545
330
17
100
AcDbEntity
  8
ELEM_01_COMPLETO
100
AcDbVertex
100
AcDbPolyFaceMeshVertex
 10
12119760.30067196
 20
3531854.860305229
 30
12.43624153154031
 70
192
  0
VERTEX
  5
549
330
17
100
AcDbEntity
  8
ELEM_01_COMPLETO
100
AcDbVertex
100
AcDbPolyFaceMeshVertex
 10
12119760.30067196
 20
3531854.860305229
 30
12.60294067320528
 70
192
  0
VERTEX
  5
54E
330
17
100
AcDbEntity
  8
ELEM_01_COMPLETO
100
AcDbVertex
100
AcDbPolyFaceMeshVertex
 10
12119739.22898181
 20
3531836.028833705
 30
12.87172622486922
 70
192
  0
VERTEX
  5
557
330
17
100
AcDbEntity
  8
ELEM_01_COMPLETO
100
AcDbVertex
100
AcDbPolyFaceMeshVertex
 10
12119739.22898181
 20
3531836.028833705
 30
12.70172656487095
 70
192
  0
VERTEX
  5
565
330
17
100
AcDbEntity
  8
ELEM_01_COMPLETO
100
AcDbVertex
100
AcDbPolyFaceMeshVertex
 10
12119756.96887416
 20
3531858.588457221
 30
12.56124128153904
 70
192
  0
VERTEX
  5
569
330
17
100
AcDbEntity
  8
ELEM_01_COMPLETO
100
AcDbVertex
100
AcDbPolyFaceMeshVertex
 10
12119756.96887416
 20
3531858.588457221
 30
12.72794042320401
 70
192
  0
VERTEX
  5
56E
330
17
100
AcDbEntity
  8
ELEM_01_COMPLETO
100
AcDbVertex
100
AcDbPolyFaceMeshVertex
 10
12119736.72348814
 20
3531840.495445507
 30
13.00192937653456
 70
192
  0
VERTEX
  5
577
330
17
100
AcDbEntity
  8
ELEM_01_COMPLETO
100
AcDbVertex
100
AcDbPolyFaceMeshVertex
 10
12119736.72348814
 20
3531840.495445507
 30
12.83192971653629
 70
192
  0
VERTEX
  5
5A5
330
17
100
AcDbEntity
  8
ELEM_01_COMPLETO
100
AcDbVertex
100
AcDbPolyFaceMeshVertex
 10
12119716.98730386
 20
3531903.326294255
 30
14.22794070402211
 70
192
  0
VERTEX
  5
5A6
330
17
100
AcDbEntity
  8
ELEM_01_COMPLETO
100
AcDbVertex
100
AcDbPolyFaceMeshVertex
 10
12119706.65759354
 20
3531894.094777284
 30
14.22277995318882
 70
192
  0
VERTEX
  5
5A7
330
17
100
AcDbEntity
  8
ELEM_01_COMPLETO
100
AcDbVertex
100
AcDbPolyFaceMeshVertex
 10
12119706.65759354
 20
3531894.094777284
 30
14.3927796131871
 70
192
  0
VERTEX
  5
5A9
330
17
100
AcDbEntity
  8
ELEM_01_COMPLETO
100
AcDbVertex
100
AcDbPolyFaceMeshVertex
 10
12119716.98730386
 20
3531903.326294255
 30
14.06124156235714
 70
192
  0
VERTEX
  5
5AD
330
17
100
AcDbEntity
  8
ELEM_01_COMPLETO
100
AcDbVertex
100
AcDbPolyFaceMeshVertex
 10
12119750.30527856
 20
3531866.044764486
 30
12.8112407815365
 70
192
  0
VERTEX
  5
5B1
330
17
100
AcDbEntity
  8
ELEM_01_COMPLETO
100
AcDbVertex
100
AcDbPolyFaceMeshVertex
 10
12119750.30527856
 20
3531866.044764486
 30
12.97794320403481
 70
192
  0
VERTEX
  5
5B6
330
17
100
AcDbEntity
  8
ELEM_01_COMPLETO
100
AcDbVertex
100
AcDbPolyFaceMeshVertex
 10
12119731.71250735
 20
3531849.42866583
 30
13.2611873881986
 70
192
  0
VERTEX
  5
5BF
330
17
100
AcDbEntity
  8
ELEM_01_COMPLETO
100
AcDbVertex
100
AcDbPolyFaceMeshVertex
 10
12119731.71250735
 20
3531849.42866583
 30
13.09118772820032
 70
192
  0
VERTEX
  5
5CD
330
17
100
AcDbEntity
  8
ELEM_01_COMPLETO
100
AcDbVertex
100
AcDbPolyFaceMeshVertex
 10
12119746.97348076
 20
3531869.772916479
 30
12.93624053153523
 70
192
  0
VERTEX
  5
5D1
330
17
100
AcDbEntity
  8
ELEM_01_COMPLETO
100
AcDbVertex
100
AcDbPolyFaceMeshVertex
 10
12119746.97348076
 20
3531869.772916479
 30
13.10294295403354
 70
192
  0
VERTEX
  5
5D6
330
17
100
AcDbEntity
  8
ELEM_01_COMPLETO
100
AcDbVertex
100
AcDbPolyFaceMeshVertex
 10
12119729.20701367
 20
3531853.895277632
 30
13.38427441236401
 70
192
  0
VERTEX
  5
5DF
330
17
100
AcDbEntity
  8
ELEM_01_COMPLETO
100
AcDbVertex
100
AcDbPolyFaceMeshVertex
 10
12119729.20701367
 20
3531853.895277632
 30
13.21427475236574
 70
192
  0
VERTEX
  5
5ED
330
17
100
AcDbEntity
  8
ELEM_01_COMPLETO
100
AcDbVertex
100
AcDbPolyFaceMeshVertex
 10
12119743.64168297
 20
3531873.501071753
 30
13.06124028153396
 70
192
  0
VERTEX
  5
5F1
330
17
100
AcDbEntity
  8
ELEM_01_COMPLETO
100
AcDbVertex
100
AcDbPolyFaceMeshVertex
 10
12119743.64168297
 20
3531873.501071753
 30
13.22794270403227
 70
192
  0
VERTEX
  5
5F6
330
17
100
AcDbEntity
  8
ELEM_01_COMPLETO
100
AcDbVertex
100
AcDbPolyFaceMeshVertex
 10
12119726.70152327
 20
3531858.361889433
 30
13.50256157736281
 70
192
  0
VERTEX
  5
5FF
330
17
100
AcDbEntity
  8
ELEM_01_COMPLETO
100
AcDbVertex
100
AcDbPolyFaceMeshVertex
 10
12119726.70152327
 20
3531858.361889433
 30
13.33256191736454
 70
192
  0
VERTEX
  5
60D
330
17
100
AcDbEntity
  8
ELEM_01_COMPLETO
100
AcDbVertex
100
AcDbPolyFaceMeshVertex
 10
12119740.30988845
 20
3531877.229223745
 30
13.18624331236602
 70
192
  0
VERTEX
  5
611
330
17
100
AcDbEntity
  8
ELEM_01_COMPLETO
100
AcDbVertex
100
AcDbPolyFaceMeshVertex
 10
12119740.30988845
 20
3531877.229223745
 30
13.352942454031
 70
192
  0
VERTEX
  5
616
330
17
100
AcDbEntity
  8
ELEM_01_COMPLETO
100
AcDbVertex
100
AcDbPolyFaceMeshVertex
 10
12119724.19603288
 20
3531862.828501235
 30
13.62084546152828
 70
192
  0
VERTEX
  5
61F
330
17
100
AcDbEntity
  8
ELEM_01_COMPLETO
100
AcDbVertex
100
AcDbPolyFaceMeshVertex
 10
12119724.19603288
 20
3531862.828501235
 30
13.45084580153
 70
192
  0
VERTEX
  5
62D
330
17
100
AcDbEntity
  8
ELEM_01_COMPLETO
100
AcDbVertex
100
AcDbPolyFaceMeshVertex
 10
12119736.97809065
 20
3531880.957375737
 30
13.31124306236475
 70
192
  0
VERTEX
  5
631
330
17
100
AcDbEntity
  8
ELEM_01_COMPLETO
100
AcDbVertex
100
AcDbPolyFaceMeshVertex
 10
12119736.97809065
 20
3531880.957375737
 30
13.47794220402973
 70
192
  0
VERTEX
  5
636
330
17
100
AcDbEntity
  8
ELEM_01_COMPLETO
100
AcDbVertex
100
AcDbPolyFaceMeshVertex
 10
12119721.6905392
 20
3531867.295113037
 30
13.73913262652707
 70
192
  0
VERTEX
  5
63F
330
17
100
AcDbEntity
  8
ELEM_01_COMPLETO
100
AcDbVertex
100
AcDbPolyFaceMeshVertex
 10
12119721.6905392
 20
3531867.295113037
 30
13.5691329665288
 70
192
  0
VERTEX
  5
64D
330
17
100
AcDbEntity
  8
ELEM_01_COMPLETO
100
AcDbVertex
100
AcDbPolyFaceMeshVertex
 10
12119733.64629285
 20
3531884.685531011
 30
13.43624281236349
 70
192
  0
VERTEX
  5
651
330
17
100
AcDbEntity
  8
ELEM_01_COMPLETO
100
AcDbVertex
100
AcDbPolyFaceMeshVertex
 10
12119733.64629285
 20
3531884.685531011
 30
13.60294195402846
 70
192
  0
VERTEX
  5
656
330
17
100
AcDbEntity
  8
ELEM_01_COMPLETO
100
AcDbVertex
100
AcDbPolyFaceMeshVertex
 10
12119719.18504881
 20
3531871.761721557
 30
13.8544079865259
 70
192
  0
VERTEX
  5
65F
330
17
100
AcDbEntity
  8
ELEM_01_COMPLETO
100
AcDbVertex
100
AcDbPolyFaceMeshVertex
 10
12119719.18504881
 20
3531871.761721557
 30
13.68440832652763
 70
192
  0
VERTEX
  5
66D
330
17
100
AcDbEntity
  8
ELEM_01_COMPLETO
100
AcDbVertex
100
AcDbPolyFaceMeshVertex
 10
12119730.31449505
 20
3531888.413683004
 30
13.56124256236221
 70
192
  0
VERTEX
  5
671
330
17
100
AcDbEntity
  8
ELEM_01_COMPLETO
100
AcDbVertex
100
AcDbPolyFaceMeshVertex
 10
12119730.31449505
 20
3531888.413683004
 30
13.72794170402719
 70
192
  0
VERTEX
  5
676
330
17
100
AcDbEntity
  8
ELEM_01_COMPLETO
100
AcDbVertex
100
AcDbPolyFaceMeshVertex
 10
12119716.67955841
 20
3531876.228333359
 30
13.9626754865248
 70
192
  0
VERTEX
  5
67F
330
17
100
AcDbEntity
  8
ELEM_01_COMPLETO
100
AcDbVertex
100
AcDbPolyFaceMeshVertex
 10
12119716.67955841
 20
3531876.228333359
 30
13.79267582652653
 70
192
  0
VERTEX
  5
68D
330
17
100
AcDbEntity
  8
ELEM_01_COMPLETO
100
AcDbVertex
100
AcDbPolyFaceMeshVertex
 10
12119726.98269725
 20
3531892.141834997
 30
13.68624231236094
 70
192
  0
VERTEX
  5
691
330
17
100
AcDbEntity
  8
ELEM_01_COMPLETO
100
AcDbVertex
100
AcDbPolyFaceMeshVertex
 10
12119726.98269725
 20
3531892.141834997
 30
13.85294145402592
 70
192
  0
VERTEX
  5
696
330
17
100
AcDbEntity
  8
ELEM_01_COMPLETO
100
AcDbVertex
100
AcDbPolyFaceMeshVertex
 10
12119714.17406801
 20
3531880.69494516
 30
14.0709429865237
 70
192
  0
VERTEX
  5
69F
330
17
100
AcDbEntity
  8
ELEM_01_COMPLETO
100
AcDbVertex
100
AcDbPolyFaceMeshVertex
 10
12119714.17406801
 20
3531880.69494516
 30
13.90094332652543
 70
192
  0
VERTEX
  5
6AD
330
17
100
AcDbEntity
  8
ELEM_01_COMPLETO
100
AcDbVertex
100
AcDbPolyFaceMeshVertex
 10
12119723.65089945
 20
3531895.869990269
 30
13.81124206235967
 70
192
  0
VERTEX
  5
6B1
330
17
100
AcDbEntity
  8
ELEM_01_COMPLETO
100
AcDbVertex
100
AcDbPolyFaceMeshVertex
 10
12119723.65089945
 20
3531895.869990269
 30
13.97794120402465
 70
192
  0
VERTEX
  5
6B6
330
17
100
AcDbEntity
  8
ELEM_01_COMPLETO
100
AcDbVertex
100
AcDbPolyFaceMeshVertex
 10
12119711.66857434
 20
3531885.161556961
 30
14.1792104865226
 70
192
  0
VERTEX
  5
6BF
330
17
100
AcDbEntity
  8
ELEM_01_COMPLETO
100
AcDbVertex
100
AcDbPolyFaceMeshVertex
 10
12119711.66857434
 20
3531885.161556961
 30
14.00921082652433
 70
192
  0
VERTEX
  5
6CD
330
17
100
AcDbEntity
  8
ELEM_01_COMPLETO
100
AcDbVertex
100
AcDbPolyFaceMeshVertex
 10
12119720.31910166
 20
3531899.598142262
 30
13.9362418123584
 70
192
  0
VERTEX
  5
6D1
330
17
100
AcDbEntity
  8
ELEM_01_COMPLETO
100
AcDbVertex
100
AcDbPolyFaceMeshVertex
 10
12119720.31910166
 20
3531899.598142262
 30
14.10294095402338
 70
192
  0
VERTEX
  5
6D6
330
17
100
AcDbEntity
  8
ELEM_01_COMPLETO
100
AcDbVertex
100
AcDbPolyFaceMeshVertex
 10
12119709.16308394
 20
3531889.628168763
 30
14.28747798652151
 70
192
  0
VERTEX
  5
6DF
330
17
100
AcDbEntity
  8
ELEM_01_COMPLETO
100
AcDbVertex
100
AcDbPolyFaceMeshVertex
 10
12119709.16308394
 20
3531889.628168763
 30
14.11747832652323
 70
192
  0
VERTEX
  5
70D
330
17
100
AcDbEntity
  8
ELEM_01_COMPLETO
100
AcDbVertex
100
AcDbPolyFaceMeshVertex
 10
12119713.65550606
 20
3531907.054449527
 30
14.18294079402256
 70
192
  0
VERTEX
  5
711
330
17
100
AcDbEntity
  8
ELEM_01_COMPLETO
100
AcDbVertex
100
AcDbPolyFaceMeshVertex
 10
12119713.65550606
 20
3531907.054449527
 30
14.35294045402084
 70
192
  0
VERTEX
  5
716
330
17
100
AcDbEntity
  8
ELEM_01_COMPLETO
100
AcDbVertex
100
AcDbPolyFaceMeshVertex
 10
12119704.15209987
 20
3531898.561389086
 30
14.49336996318608
 70
192
  0
VERTEX
  5
71F
330
17
100
AcDbEntity
  8
ELEM_01_COMPLETO
100
AcDbVertex
100
AcDbPolyFaceMeshVertex
 10
12119704.15209987
 20
3531898.561389086
 30
14.3233703031878
 70
192
  0
VERTEX
  5
72D
330
17
100
AcDbEntity
  8
ELEM_01_COMPLETO
100
AcDbVertex
100
AcDbPolyFaceMeshVertex
 10
12119710.32370826
 20
3531910.78260152
 30
14.30794054402129
 70
192
  0
VERTEX
  5
731
330
17
100
AcDbEntity
  8
ELEM_01_COMPLETO
100
AcDbVertex
100
AcDbPolyFaceMeshVertex
 10
12119710.32370826
 20
3531910.78260152
 30
14.47794020401957
 70
192
  0
VERTEX
  5
736
330
17
100
AcDbEntity
  8
ELEM_01_COMPLETO
100
AcDbVertex
100
AcDbPolyFaceMeshVertex
 10
12119701.64660947
 20
3531903.028000888
 30
14.59015126568509
 70
192
  0
VERTEX
  5
73F
330
17
100
AcDbEntity
  8
ELEM_01_COMPLETO
100
AcDbVertex
100
AcDbPolyFaceMeshVertex
 10
12119701.64660947
 20
3531903.028000888
 30
14.42015160568682
 70
192
  0
VERTEX
  5
74D
330
17
100
AcDbEntity
  8
ELEM_01_COMPLETO
100
AcDbVertex
100
AcDbPolyFaceMeshVertex
 10
12119709.26022285
 20
3531911.972602422
 30
14.34784203902089
 70
192
  0
VERTEX
  5
751
330
17
100
AcDbEntity
  8
ELEM_01_COMPLETO
100
AcDbVertex
100
AcDbPolyFaceMeshVertex
 10
12119709.26022285
 20
3531911.972602422
 30
14.51784169901916
 70
192
  0
VERTEX
  5
756
330
17
100
AcDbEntity
  8
ELEM_01_COMPLETO
100
AcDbVertex
100
AcDbPolyFaceMeshVertex
 10
12119700.84687354
 20
3531904.453709978
 30
14.62104031151811
 70
192
  0
VERTEX
  5
75F
330
17
100
AcDbEntity
  8
ELEM_01_COMPLETO
100
AcDbVertex
100
AcDbPolyFaceMeshVertex
 10
12119700.84687354
 20
3531904.453709978
 30
14.45104065151984
 70
192
  0
VERTEX
  5
76D
330
17
100
AcDbEntity
  8
ELEM_01_COMPLETO
100
AcDbVertex
100
AcDbPolyFaceMeshVertex
 10
12119706.99191046
 20
3531914.510753513
 30
14.43153937818671
 70
192
  0
VERTEX
  5
771
330
17
100
AcDbEntity
  8
ELEM_01_COMPLETO
100
AcDbVertex
100
AcDbPolyFaceMeshVertex
 10
12119706.99191046
 20
3531914.510753513
 30
14.60153903818498
 70
192
  0
VERTEX
  5
776
330
17
100
AcDbEntity
  8
ELEM_01_COMPLETO
100
AcDbVertex
100
AcDbPolyFaceMeshVertex
 10
12119699.14111908
 20
3531907.494612689
 30
14.68693256818411
 70
192
  0
VERTEX
  5
77F
330
17
100
AcDbEntity
  8
ELEM_01_COMPLETO
100
AcDbVertex
100
AcDbPolyFaceMeshVertex
 10
12119699.14111908
 20
3531907.494612689
 30
14.51692962735251
 70
192
  0
VERTEX
  5
78D
330
17
100
AcDbEntity
  8
ELEM_01_COMPLETO
100
AcDbVertex
100
AcDbPolyFaceMeshVertex
 10
12119703.66011594
 20
3531918.238908787
 30
14.54939675401884
 70
192
  0
VERTEX
  5
791
330
17
100
AcDbEntity
  8
ELEM_01_COMPLETO
100
AcDbVertex
100
AcDbPolyFaceMeshVertex
 10
12119703.66011594
 20
3531918.238908787
 30
14.71939641401712
 70
192
  0
VERTEX
  5
796
330
17
100
AcDbEntity
  8
ELEM_01_COMPLETO
100
AcDbVertex
100
AcDbPolyFaceMeshVertex
 10
12119696.6356254
 20
3531911.96122121
 30
14.78131558151648
 70
192
  0
VERTEX
  5
79F
330
17
100
AcDbEntity
  8
ELEM_01_COMPLETO
100
AcDbVertex
100
AcDbPolyFaceMeshVertex
 10
12119696.6356254
 20
3531911.96122121
 30
14.61131592151821
 70
192
  0
VERTEX
  5
7AD
330
17
100
AcDbEntity
  8
ELEM_01_COMPLETO
100
AcDbVertex
100
AcDbPolyFaceMeshVertex
 10
12119700.32831815
 20
3531921.967060778
 30
14.66120099235103
 70
192
  0
VERTEX
  5
7B1
330
17
100
AcDbEntity
  8
ELEM_01_COMPLETO
100
AcDbVertex
100
AcDbPolyFaceMeshVertex
 10
12119700.32831815
 20
3531921.967060778
 30
14.83120065234931
 70
192
  0
VERTEX
  5
7B6
330
17
100
AcDbEntity
  8
ELEM_01_COMPLETO
100
AcDbVertex
100
AcDbPolyFaceMeshVertex
 10
12119694.130135
 20
3531916.427833012
 30
14.87030490484892
 70
192
  0
VERTEX
  5
7BF
330
17
100
AcDbEntity
  8
ELEM_01_COMPLETO
100
AcDbVertex
100
AcDbPolyFaceMeshVertex
 10
12119694.130135
 20
3531916.427833012
 30
14.70030524485064
 70
192
  0
VERTEX
  5
7CD
330
17
100
AcDbEntity
  8
ELEM_01_COMPLETO
100
AcDbVertex
100
AcDbPolyFaceMeshVertex
 10
12119696.99652035
 20
3531925.695212771
 30
14.76695865484997
 70
192
  0
VERTEX
  5
7D1
330
17
100
AcDbEntity
  8
ELEM_01_COMPLETO
100
AcDbVertex
100
AcDbPolyFaceMeshVertex
 10
12119696.99652035
 20
3531925.695212771
 30
14.93695831484824
 70
192
  0
VERTEX
  5
7D6
330
17
100
AcDbEntity
  8
ELEM_01_COMPLETO
100
AcDbVertex
100
AcDbPolyFaceMeshVertex
 10
12119691.62464461
 20
3531920.894444813
 30
14.95615118984804
 70
192
  0
VERTEX
  5
7DF
330
17
100
AcDbEntity
  8
ELEM_01_COMPLETO
100
AcDbVertex
100
AcDbPolyFaceMeshVertex
 10
12119691.62464461
 20
3531920.894444813
 30
14.78615152984977
 70
192
  0
VERTEX
  5
7ED
330
17
100
AcDbEntity
  8
ELEM_01_COMPLETO
100
AcDbVertex
100
AcDbPolyFaceMeshVertex
 10
12119693.66472255
 20
3531929.423368044
 30
14.86666317984895
 70
192
  0
VERTEX
  5
7F1
330
17
100
AcDbEntity
  8
ELEM_01_COMPLETO
100
AcDbVertex
100
AcDbPolyFaceMeshVertex
 10
12119693.66472255
 20
3531929.423368044
 30
15.03666283984722
 70
192
  0
VERTEX
  5
7F6
330
17
100
AcDbEntity
  8
ELEM_01_COMPLETO
100
AcDbVertex
100
AcDbPolyFaceMeshVertex
 10
12119689.11915421
 20
3531925.361056615
 30
15.04199747484717
 70
192
  0
VERTEX
  5
7FF
330
17
100
AcDbEntity
  8
ELEM_01_COMPLETO
100
AcDbVertex
100
AcDbPolyFaceMeshVertex
 10
12119689.11915421
 20
3531925.361056615
 30
14.8719978148489
 70
192
  0
VERTEX
  5
80D
330
17
100
AcDbEntity
  8
ELEM_01_COMPLETO
100
AcDbVertex
100
AcDbPolyFaceMeshVertex
 10
12119690.33292475
 20
3531933.151520036
 30
14.96032112901467
 70
192
  0
VERTEX
  5
811
330
17
100
AcDbEntity
  8
ELEM_01_COMPLETO
100
AcDbVertex
100
AcDbPolyFaceMeshVertex
 10
12119690.33292475
 20
3531933.151520036
 30
15.13032078901294
 70
192
  0
VERTEX
  5
815
330
17
100
AcDbEntity
  8
ELEM_01_COMPLETO
100
AcDbVertex
100
AcDbPolyFaceMeshVertex
 10
12119686.61366053
 20
3531929.827668416
 30
15.1278437598463
 70
192
  0
VERTEX
  5
81F
330
17
100
AcDbEntity
  8
ELEM_01_COMPLETO
100
AcDbVertex
100
AcDbPolyFaceMeshVertex
 10
12119686.61366053
 20
3531929.827668416
 30
14.95784409984802
 70
192
  0
VERTEX
  5
82D
330
17
100
AcDbEntity
  8
ELEM_01_COMPLETO
100
AcDbVertex
100
AcDbPolyFaceMeshVertex
 10
12119689.92836847
 20
3531933.604202858
 30
14.97127911234789
 70
192
  0
VERTEX
  5
831
330
17
100
AcDbEntity
  8
ELEM_01_COMPLETO
100
AcDbVertex
100
AcDbPolyFaceMeshVertex
 10
12119689.92836847
 20
3531933.604202858
 30
15.14128205317949
 70
192
  0
VERTEX
  5
835
330
17
100
AcDbEntity
  8
ELEM_01_COMPLETO
100
AcDbVertex
100
AcDbPolyFaceMeshVertex
 10
12119686.30943542
 20
3531930.370016413
 30
15.13826696734619
 70
192
  0
VERTEX
  5
83F
330
17
100
AcDbEntity
  8
ELEM_01_COMPLETO
100
AcDbVertex
100
AcDbPolyFaceMeshVertex
 10
12119686.30943542
 20
3531930.370016413
 30
14.96826730734792
 70
192
  0
VERTEX
  5
84D
330
17
100
AcDbEntity
  8
ELEM_01_COMPLETO
100
AcDbVertex
100
AcDbPolyFaceMeshVertex
 10
12119687.03733423
 20
3531936.911555167
 30
15.04792594068044
 70
192
  0
VERTEX
  5
851
330
17
100
AcDbEntity
  8
ELEM_01_COMPLETO
100
AcDbVertex
100
AcDbPolyFaceMeshVertex
 10
12119687.03733423
 20
3531936.911555167
 30
15.21792560067871
 70
192
  0
VERTEX
  5
855
330
17
100
AcDbEntity
  8
ELEM_01_COMPLETO
100
AcDbVertex
100
AcDbPolyFaceMeshVertex
 10
12119684.06531261
 20
3531934.370677703
 30
15.21515657734541
 70
192
  0
VERTEX
  5
85F
330
17
100
AcDbEntity
  8
ELEM_01_COMPLETO
100
AcDbVertex
100
AcDbPolyFaceMeshVertex
 10
12119684.06531261
 20
3531934.370677703
 30
15.04515691734714
 70
192
  0
VERTEX
  5
86D
330
17
100
AcDbEntity
  8
ELEM_01_COMPLETO
100
AcDbVertex
100
AcDbPolyFaceMeshVertex
 10
12119684.25839293
 20
3531940.234212564
 30
15.11893301651305
 70
192
  0
VERTEX
  5
871
330
17
100
AcDbEntity
  8
ELEM_01_COMPLETO
100
AcDbVertex
100
AcDbPolyFaceMeshVertex
 10
12119684.25839293
 20
3531940.234212564
 30
15.28893267651133
 70
192
  0
VERTEX
  5
875
330
17
100
AcDbEntity
  8
ELEM_01_COMPLETO
100
AcDbVertex
100
AcDbPolyFaceMeshVertex
 10
12119681.87158013
 20
3531938.281509777
 30
15.28628504401136
 70
192
  0
VERTEX
  5
87F
330
17
100
AcDbEntity
  8
ELEM_01_COMPLETO
100
AcDbVertex
100
AcDbPolyFaceMeshVertex
 10
12119681.87158013
 20
3531938.281509777
 30
15.11628538401308
 70
192
  0
VERTEX
  5
88D
330
17
100
AcDbEntity
  8
ELEM_01_COMPLETO
100
AcDbVertex
100
AcDbPolyFaceMeshVertex
 10
12119683.83606111
 20
3531940.752200373
 30
15.12948417651295
 70
192
  0
VERTEX
  5
891
330
17
100
AcDbEntity
  8
ELEM_01_COMPLETO
100
AcDbVertex
100
AcDbPolyFaceMeshVertex
 10
12119683.83606111
 20
3531940.752200373
 30
15.29948383651122
 70
192
  0
VERTEX
  5
895
330
17
100
AcDbEntity
  8
ELEM_01_COMPLETO
100
AcDbVertex
100
AcDbPolyFaceMeshVertex
 10
12119681.53464838
 20
3531938.882171305
 30
15.29683948484458
 70
192
  0
VERTEX
  5
89F
330
17
100
AcDbEntity
  8
ELEM_01_COMPLETO
100
AcDbVertex
100
AcDbPolyFaceMeshVertex
 10
12119681.53464838
 20
3531938.882171305
 30
15.12683982484631
 70
192
  0
VERTEX
  5
8AD
330
17
100
AcDbEntity
  8
ELEM_01_COMPLETO
100
AcDbVertex
100
AcDbPolyFaceMeshVertex
 10
12119680.73179566
 20
3531944.671670881
 30
15.20498927484551
 70
192
  0
VERTEX
  5
8B1
330
17
100
AcDbEntity
  8
ELEM_01_COMPLETO
100
AcDbVertex
100
AcDbPolyFaceMeshVertex
 10
12119680.73179566
 20
3531944.671670881
 30
15.37498893484379
 70
192
  0
VERTEX
  5
8B5
330
17
100
AcDbEntity
  8
ELEM_01_COMPLETO
100
AcDbVertex
100
AcDbPolyFaceMeshVertex
 10
12119679.02576233
 20
3531943.354832963
 30
15.37469365984379
 70
192
  0
VERTEX
  5
8BF
330
17
100
AcDbEntity
  8
ELEM_01_COMPLETO
100
AcDbVertex
100
AcDbPolyFaceMeshVertex
 10
12119679.02576233
 20
3531943.354832963
 30
15.20469399984552
 70
192
  0
VERTEX
  5
8CD
330
17
100
AcDbEntity
  8
ELEM_01_COMPLETO
100
AcDbVertex
100
AcDbPolyFaceMeshVertex
 10
12119678.88294437
 20
3531947.105176512
 30
15.24816176067841
 70
192
  0
VERTEX
  5
8D1
330
17
100
AcDbEntity
  8
ELEM_01_COMPLETO
100
AcDbVertex
100
AcDbPolyFaceMeshVertex
 10
12119678.88294437
 20
3531947.105176512
 30
15.41816142067668
 70
192
  0
VERTEX
  5
8D5
330
17
100
AcDbEntity
  8
ELEM_01_COMPLETO
100
AcDbVertex
100
AcDbPolyFaceMeshVertex
 10
12119677.50150028
 20
3531946.072176609
 30
15.41959186401
 70
192
  0
VERTEX
  5
8DF
330
17
100
AcDbEntity
  8
ELEM_01_COMPLETO
100
AcDbVertex
100
AcDbPolyFaceMeshVertex
 10
12119677.50150028
 20
3531946.072176609
 30
15.24959220401173
 70
192
  0
VERTEX
  5
8ED
330
17
100
AcDbEntity
  8
ELEM_01_COMPLETO
100
AcDbVertex
100
AcDbPolyFaceMeshVertex
 10
12119677.72647359
 20
3531948.667512627
 30
15.27444451651147
 70
192
  0
VERTEX
  5
8F1
330
17
100
AcDbEntity
  8
ELEM_01_COMPLETO
100
AcDbVertex
100
AcDbPolyFaceMeshVertex
 10
12119677.72647359
 20
3531948.667512627
 30
15.44444417650975
 70
192
  0
VERTEX
  5
8F5
330
17
100
AcDbEntity
  8
ELEM_01_COMPLETO
100
AcDbVertex
100
AcDbPolyFaceMeshVertex
 10
12119676.53527519
 20
3531947.794692849
 30
15.44805309317638
 70
192
  0
VERTEX
  5
8FF
330
17
100
AcDbEntity
  8
ELEM_01_COMPLETO
100
AcDbVertex
100
AcDbPolyFaceMeshVertex
 10
12119676.53527519
 20
3531947.794692849
 30
15.27805343317811
 70
192
  0
VERTEX
  5
90D
330
17
100
AcDbEntity
  8
ELEM_01_COMPLETO
100
AcDbVertex
100
AcDbPolyFaceMeshVertex
 10
12119676.78833898
 20
3531949.958632091
 30
15.29534014401126
 70
192
  0
VERTEX
  5
911
330
17
100
AcDbEntity
  8
ELEM_01_COMPLETO
100
AcDbVertex
100
AcDbPolyFaceMeshVertex
 10
12119676.78833898
 20
3531949.958632091
 30
15.46533980400954
 70
192
  0
VERTEX
  5
916
330
17
100
AcDbEntity
  8
ELEM_01_COMPLETO
100
AcDbVertex
100
AcDbPolyFaceMeshVertex
 10
12119675.74366915
 20
3531949.205917062
 30
15.47137325650948
 70
192
  0
VERTEX
  5
91F
330
17
100
AcDbEntity
  8
ELEM_01_COMPLETO
100
AcDbVertex
100
AcDbPolyFaceMeshVertex
 10
12119675.74366915
 20
3531949.205917062
 30
15.3013735965112
 70
192
  0
VERTEX
  5
92D
330
17
100
AcDbEntity
  8
ELEM_01_COMPLETO
100
AcDbVertex
100
AcDbPolyFaceMeshVertex
 10
12119674.82198136
 20
3531952.737228897
 30
15.33925409817748
 70
192
  0
VERTEX
  5
931
330
17
100
AcDbEntity
  8
ELEM_01_COMPLETO
100
AcDbVertex
100
AcDbPolyFaceMeshVertex
 10
12119674.82198136
 20
3531952.737228897
 30
15.50925375817575
 70
192
  0
VERTEX
  5
936
330
17
100
AcDbEntity
  8
ELEM_01_COMPLETO
100
AcDbVertex
100
AcDbPolyFaceMeshVertex
 10
12119674.0599094
 20
3531952.20760069
 30
15.52096961400897
 70
192
  0
VERTEX
  5
93F
330
17
100
AcDbEntity
  8
ELEM_01_COMPLETO
100
AcDbVertex
100
AcDbPolyFaceMeshVertex
 10
12119674.0599094
 20
3531952.20760069
 30
15.3509699540107
 70
192
  0
VERTEX
  5
94D
330
17
100
AcDbEntity
  8
ELEM_01_COMPLETO
100
AcDbVertex
100
AcDbPolyFaceMeshVertex
 10
12119673.81223929
 20
3531954.204020582
 30
15.36222321234392
 70
192
  0
VERTEX
  5
951
330
17
100
AcDbEntity
  8
ELEM_01_COMPLETO
100
AcDbVertex
100
AcDbPolyFaceMeshVertex
 10
12119673.81223929
 20
3531954.204020582
 30
15.53222615317553
 70
192
  0
VERTEX
  5
956
330
17
100
AcDbEntity
  8
ELEM_01_COMPLETO
100
AcDbVertex
100
AcDbPolyFaceMeshVertex
 10
12119673.18134816
 20
3531953.773837715
 30
15.54684882734204
 70
192
  0
VERTEX
  5
95F
330
17
100
AcDbEntity
  8
ELEM_01_COMPLETO
100
AcDbVertex
100
AcDbPolyFaceMeshVertex
 10
12119673.18134816
 20
3531953.773837715
 30
15.37684916734377
 70
192
  0
VERTEX
  5
96D
330
17
100
AcDbEntity
  8
ELEM_01_COMPLETO
100
AcDbVertex
100
AcDbPolyFaceMeshVertex
 10
12119673.36233205
 20
3531954.866693141
 30
15.37255783734381
 70
192
  0
VERTEX
  5
971
330
17
100
AcDbEntity
  8
ELEM_01_COMPLETO
100
AcDbVertex
100
AcDbPolyFaceMeshVertex
 10
12119673.36233205
 20
3531954.866693141
 30
15.54255749734209
 70
192
  0
VERTEX
  5
97A
330
17
100
AcDbEntity
  8
ELEM_01_COMPLETO
100
AcDbVertex
100
AcDbPolyFaceMeshVertex
 10
12119672.78663111
 20
3531954.477510848
 30
15.87417428817205
 70
192
  0
VERTEX
  5
97F
330
17
100
AcDbEntity
  8
ELEM_01_COMPLETO
100
AcDbVertex
100
AcDbPolyFaceMeshVertex
 10
12119672.78663111
 20
3531954.477510848
 30
15.70417462817377
 70
192
  0
VERTEX
  5
98D
330
17
100
AcDbEntity
  8
ELEM_01_COMPLETO
100
AcDbVertex
100
AcDbPolyFaceMeshVertex
 10
12119672.02012673
 20
3531956.878280325
 30
15.40375200067683
 70
192
  0
VERTEX
  5
991
330
17
100
AcDbEntity
  8
ELEM_01_COMPLETO
100
AcDbVertex
100
AcDbPolyFaceMeshVertex
 10
12119672.02012673
 20
3531956.878280325
 30
15.5737516606751
 70
192
  0
VERTEX
  5
995
330
17
100
AcDbEntity
  8
ELEM_01_COMPLETO
100
AcDbVertex
100
AcDbPolyFaceMeshVertex
 10
12119671.59644976
 20
3531956.599278258
 30
15.58177657900835
 70
192
  0
VERTEX
  5
99F
330
17
100
AcDbEntity
  8
ELEM_01_COMPLETO
100
AcDbVertex
100
AcDbPolyFaceMeshVertex
 10
12119671.59644976
 20
3531956.599278258
 30
15.41177691901008
 70
192
  0
VERTEX
  5
9AD
330
17
100
AcDbEntity
  8
ELEM_01_COMPLETO
100
AcDbVertex
100
AcDbPolyFaceMeshVertex
 10
12119669.32266165
 20
3531961.088078336
 30
15.46825318400951
 70
192
  0
VERTEX
  5
9B1
330
17
100
AcDbEntity
  8
ELEM_01_COMPLETO
100
AcDbVertex
100
AcDbPolyFaceMeshVertex
 10
12119669.32266165
 20
3531961.088078336
 30
15.63825284400778
 70
192
  0
VERTEX
  5
9B5
330
17
100
AcDbEntity
  8
ELEM_01_COMPLETO
100
AcDbVertex
100
AcDbPolyFaceMeshVertex
 10
12119669.14175979
 20
3531960.975325937
 30
15.63015574734119
 70
192
  0
VERTEX
  5
9BF
330
17
100
AcDbEntity
  8
ELEM_01_COMPLETO
100
AcDbVertex
100
AcDbPolyFaceMeshVertex
 10
12119669.14175979
 20
3531960.975325937
 30
15.46015608734292
 70
192
  0
VERTEX
  5
9CD
330
17
100
AcDbEntity
  8
ELEM_01_COMPLETO
100
AcDbVertex
100
AcDbPolyFaceMeshVertex
 10
12119669.05593319
 20
3531961.517237583
 30
15.47477219984277
 70
192
  0
VERTEX
  5
9D1
330
17
100
AcDbEntity
  8
ELEM_01_COMPLETO
100
AcDbVertex
100
AcDbPolyFaceMeshVertex
 10
12119669.05593319
 20
3531961.517237583
 30
15.64477185984104
 70
192
  0
VERTEX
  5
9D6
330
17
100
AcDbEntity
  8
ELEM_01_COMPLETO
100
AcDbVertex
100
AcDbPolyFaceMeshVertex
 10
12119668.89405687
 20
3531961.416912981
 30
15.63503762734115
 70
192
  0
VERTEX
  5
9DF
330
17
100
AcDbEntity
  8
ELEM_01_COMPLETO
100
AcDbVertex
100
AcDbPolyFaceMeshVertex
 10
12119668.89405687
 20
3531961.416912981
 30
15.46503796734287
 70
192
  0
VERTEX
  5
9ED
330
17
100
AcDbEntity
  8
ELEM_01_COMPLETO
100
AcDbVertex
100
AcDbPolyFaceMeshVertex
 10
12119666.73127576
 20
3531965.363988419
 30
15.53275436734218
 70
192
  0
VERTEX
  5
9F1
330
17
100
AcDbEntity
  8
ELEM_01_COMPLETO
100
AcDbVertex
100
AcDbPolyFaceMeshVertex
 10
12119666.73127576
 20
3531965.363988419
 30
15.70275402734046
 70
192
  0
VERTEX
  5
9F5
330
17
100
AcDbEntity
  8
ELEM_01_COMPLETO
100
AcDbVertex
100
AcDbPolyFaceMeshVertex
 10
12119666.69272925
 20
3531965.341281772
 30
15.67842336734071
 70
192
  0
VERTEX
  5
9FF
330
17
100
AcDbEntity
  8
ELEM_01_COMPLETO
100
AcDbVertex
100
AcDbPolyFaceMeshVertex
 10
12119666.69272925
 20
3531965.341281772
 30
15.50842370734243
 70
192
  0
VERTEX
  5
A0D
330
17
100
AcDbEntity
  8
ELEM_01_COMPLETO
100
AcDbVertex
100
AcDbPolyFaceMeshVertex
 10
12119664.62307459
 20
3531969.0309135
 30
15.5873179065083
 70
192
  0
VERTEX
  5
A11
330
17
100
AcDbEntity
  8
ELEM_01_COMPLETO
100
AcDbVertex
100
AcDbPolyFaceMeshVertex
 10
12119664.62307459
 20
3531969.0309135
 30
15.75731756650657
 70
192
  0
VERTEX
  5
A17
330
17
100
AcDbEntity
  8
ELEM_01_COMPLETO
100
AcDbVertex
100
AcDbPolyFaceMeshVertex
 10
12119664.62307459
 20
3531969.0309135
 30
15.71921396817362
 70
192
  0
VERTEX
  5
A1F
330
17
100
AcDbEntity
  8
ELEM_01_COMPLETO
100
AcDbVertex
100
AcDbPolyFaceMeshVertex
 10
12119664.62307459
 20
3531969.0309135
 30
15.54921430817535
 70
192
  0
VERTEX
  5
A2D
330
17
100
AcDbEntity
  8
ELEM_01_COMPLETO
100
AcDbVertex
100
AcDbPolyFaceMeshVertex
 10
12119656.95626906
 20
3531982.698750337
 30
15.95947595483785
 70
192
  0
VERTEX
  5
A2E
330
17
100
AcDbEntity
  8
ELEM_01_COMPLETO
100
AcDbVertex
100
AcDbPolyFaceMeshVertex
 10
12119656.95626906
 20
3531982.698750337
 30
15.78947629483958
 70
192
  0
VERTEX
  5
A2F
330
17
100
AcDbEntity
  8
ELEM_01_COMPLETO
100
AcDbVertex
100
AcDbPolyFaceMeshVertex
 10
12119656.90937283
 20
3531982.782352533
 30
15.79071316900623
 70
192
  0
VERTEX
  5
A31
330
17
100
AcDbEntity
  8
ELEM_01_COMPLETO
100
AcDbVertex
100
AcDbPolyFaceMeshVertex
 10
12119656.90937283
 20
3531982.782352533
 30
15.96071282900451
 70
192
  0
VERTEX
  5
A37
330
17
100
AcDbEntity
  8
ELEM_01_COMPLETO
100
AcDbVertex
100
AcDbPolyFaceMeshVertex
 10
12119656.95626578
 20
3531982.698750337
 30
15.87031930900542
 70
192
  0
VERTEX
  5
A39
330
17
100
AcDbEntity
  8
ELEM_01_COMPLETO
100
AcDbVertex
100
AcDbPolyFaceMeshVertex
 10
12119653.42074464
 20
3531980.825450278
 30
15.88071298900532
 70
192
  0
VERTEX
  5
A3D
330
17
100
AcDbEntity
  8
ELEM_01_COMPLETO
100
AcDbVertex
100
AcDbPolyFaceMeshVertex
 10
12119653.42074464
 20
3531980.825450278
 30
15.71071332900704
 70
192
  0
VERTEX
  5
A3E
330
17
100
AcDbEntity
  8
ELEM_01_COMPLETO
100
AcDbVertex
100
AcDbPolyFaceMeshVertex
 10
12119656.95626578
 20
3531982.698750337
 30
15.70031964900715
 70
192
  0
VERTEX
  5
90
330
17
100
AcDbEntity
  8
ELEM_01_COMPLETO
100
AcDbFaceRecord
 10
0.0
 20
0.0
 30
0.0
 70
128
 71
1
 72
2
 73
3
  0
VERTEX
  5
94
330
17
100
AcDbEntity
  8
ELEM_01_COMPLETO
100
AcDbFaceRecord
 10
0.0
 20
0.0
 30
0.0
 70
128
 71
4
 72
2
 73
1
  0
VERTEX
  5
98
330
17
100
AcDbEntity
  8
ELEM_01_COMPLETO
100
AcDbFaceRecord
 10
0.0
 20
0.0
 30
0.0
 70
128
 71
5
 72
6
 73
7
  0
VERTEX
  5
9C
330
17
100
AcDbEntity
  8
ELEM_01_COMPLETO
100
AcDbFaceRecord
 10
0.0
 20
0.0
 30
0.0
 70
128
 71
5
 72
7
 73
8
  0
VERTEX
  5
A0
330
17
100
AcDbEntity
  8
ELEM_01_COMPLETO
100
AcDbFaceRecord
 10
0.0
 20
0.0
 30
0.0
 70
128
 71
9
 72
3
 73
2
  0
VERTEX
  5
A4
330
17
100
AcDbEntity
  8
ELEM_01_COMPLETO
100
AcDbFaceRecord
 10
0.0
 20
0.0
 30
0.0
 70
128
 71
9
 72
2
 73
10
  0
VERTEX
  5
A8
330
17
100
AcDbEntity
  8
ELEM_01_COMPLETO
100
AcDbFaceRecord
 10
0.0
 20
0.0
 30
0.0
 70
128
 71
9
 72
1
 73
3
  0
VERTEX
  5
AC
330
17
100
AcDbEntity
  8
ELEM_01_COMPLETO
100
AcDbFaceRecord
 10
0.0
 20
0.0
 30
0.0
 70
128
 71
9
 72
11
 73
1
  0
VERTEX
  5
B0
330
17
100
AcDbEntity
  8
ELEM_01_COMPLETO
100
AcDbFaceRecord
 10
0.0
 20
0.0
 30
0.0
 70
128
 71
11
 72
4
 73
1
  0
VERTEX
  5
B4
330
17
100
AcDbEntity
  8
ELEM_01_COMPLETO
100
AcDbFaceRecord
 10
0.0
 20
0.0
 30
0.0
 70
128
 71
12
 72
4
 73
11
  0
VERTEX
  5
B8
330
17
100
AcDbEntity
  8
ELEM_01_COMPLETO
100
AcDbFaceRecord
 10
0.0
 20
0.0
 30
0.0
 70
128
 71
4
 72
10
 73
2
  0
VERTEX
  5
BC
330
17
100
AcDbEntity
  8
ELEM_01_COMPLETO
100
AcDbFaceRecord
 10
0.0
 20
0.0
 30
0.0
 70
128
 71
12
 72
10
 73
4
  0
VERTEX
  5
C0
330
17
100
AcDbEntity
  8
ELEM_01_COMPLETO
100
AcDbFaceRecord
 10
0.0
 20
0.0
 30
0.0
 70
128
 71
8
 72
9
 73
10
  0
VERTEX
  5
C4
330
17
100
AcDbEntity
  8
ELEM_01_COMPLETO
100
AcDbFaceRecord
 10
0.0
 20
0.0
 30
0.0
 70
128
 71
8
 72
10
 73
5
  0
VERTEX
  5
C8
330
17
100
AcDbEntity
  8
ELEM_01_COMPLETO
100
AcDbFaceRecord
 10
0.0
 20
0.0
 30
0.0
 70
128
 71
8
 72
11
 73
9
  0
VERTEX
  5
CC
330
17
100
AcDbEntity
  8
ELEM_01_COMPLETO
100
AcDbFaceRecord
 10
0.0
 20
0.0
 30
0.0
 70
128
 71
7
 72
11
 73
8
  0
VERTEX
  5
D0
330
17
100
AcDbEntity
  8
ELEM_01_COMPLETO
100
AcDbFaceRecord
 10
0.0
 20
0.0
 30
0.0
 70
128
 71
11
 72
7
 73
6
  0
VERTEX
  5
D4
330
17
100
AcDbEntity
  8
ELEM_01_COMPLETO
100
AcDbFaceRecord
 10
0.0
 20
0.0
 30
0.0
 70
128
 71
11
 72
6
 73
12
  0
VERTEX
  5
D8
330
17
100
AcDbEntity
  8
ELEM_01_COMPLETO
100
AcDbFaceRecord
 10
0.0
 20
0.0
 30
0.0
 70
128
 71
12
 72
6
 73
5
  0
VERTEX
  5
DC
330
17
100
AcDbEntity
  8
ELEM_01_COMPLETO
100
AcDbFaceRecord
 10
0.0
 20
0.0
 30
0.0
 70
128
 71
12
 72
5
 73
10
  0
VERTEX
  5
E0
330
17
100
AcDbEntity
  8
ELEM_01_COMPLETO
100
AcDbFaceRecord
 10
0.0
 20
0.0
 30
0.0
 70
128
 71
13
 72
14
 73
15
  0
VERTEX
  5
E4
330
17
100
AcDbEntity
  8
ELEM_01_COMPLETO
100
AcDbFaceRecord
 10
0.0
 20
0.0
 30
0.0
 70
128
 71
16
 72
14
 73
13
  0
VERTEX
  5
E8
330
17
100
AcDbEntity
  8
ELEM_01_COMPLETO
100
AcDbFaceRecord
 10
0.0
 20
0.0
 30
0.0
 70
128
 71
17
 72
8
 73
5
  0
VERTEX
  5
EC
330
17
100
AcDbEntity
  8
ELEM_01_COMPLETO
100
AcDbFaceRecord
 10
0.0
 20
0.0
 30
0.0
 70
128
 71
17
 72
5
 73
18
  0
VERTEX
  5
F0
330
17
100
AcDbEntity
  8
ELEM_01_COMPLETO
100
AcDbFaceRecord
 10
0.0
 20
0.0
 30
0.0
 70
128
 71
17
 72
7
 73
8
  0
VERTEX
  5
F4
330
17
100
AcDbEntity
  8
ELEM_01_COMPLETO
100
AcDbFaceRecord
 10
0.0
 20
0.0
 30
0.0
 70
128
 71
19
 72
7
 73
17
  0
VERTEX
  5
F8
330
17
100
AcDbEntity
  8
ELEM_01_COMPLETO
100
AcDbFaceRecord
 10
0.0
 20
0.0
 30
0.0
 70
128
 71
7
 72
19
 73
20
  0
VERTEX
  5
FC
330
17
100
AcDbEntity
  8
ELEM_01_COMPLETO
100
AcDbFaceRecord
 10
0.0
 20
0.0
 30
0.0
 70
128
 71
7
 72
20
 73
6
  0
VERTEX
  5
100
330
17
100
AcDbEntity
  8
ELEM_01_COMPLETO
100
AcDbFaceRecord
 10
0.0
 20
0.0
 30
0.0
 70
128
 71
6
 72
20
 73
18
  0
VERTEX
  5
104
330
17
100
AcDbEntity
  8
ELEM_01_COMPLETO
100
AcDbFaceRecord
 10
0.0
 20
0.0
 30
0.0
 70
128
 71
6
 72
18
 73
5
  0
VERTEX
  5
108
330
17
100
AcDbEntity
  8
ELEM_01_COMPLETO
100
AcDbFaceRecord
 10
0.0
 20
0.0
 30
0.0
 70
128
 71
21
 72
17
 73
18
  0
VERTEX
  5
10C
330
17
100
AcDbEntity
  8
ELEM_01_COMPLETO
100
AcDbFaceRecord
 10
0.0
 20
0.0
 30
0.0
 70
128
 71
21
 72
18
 73
22
  0
VERTEX
  5
110
330
17
100
AcDbEntity
  8
ELEM_01_COMPLETO
100
AcDbFaceRecord
 10
0.0
 20
0.0
 30
0.0
 70
128
 71
21
 72
19
 73
17
  0
VERTEX
  5
114
330
17
100
AcDbEntity
  8
ELEM_01_COMPLETO
100
AcDbFaceRecord
 10
0.0
 20
0.0
 30
0.0
 70
128
 71
23
 72
19
 73
21
  0
VERTEX
  5
118
330
17
100
AcDbEntity
  8
ELEM_01_COMPLETO
100
AcDbFaceRecord
 10
0.0
 20
0.0
 30
0.0
 70
128
 71
19
 72
23
 73
24
  0
VERTEX
  5
11C
330
17
100
AcDbEntity
  8
ELEM_01_COMPLETO
100
AcDbFaceRecord
 10
0.0
 20
0.0
 30
0.0
 70
128
 71
19
 72
24
 73
20
  0
VERTEX
  5
120
330
17
100
AcDbEntity
  8
ELEM_01_COMPLETO
100
AcDbFaceRecord
 10
0.0
 20
0.0
 30
0.0
 70
128
 71
20
 72
24
 73
22
  0
VERTEX
  5
124
330
17
100
AcDbEntity
  8
ELEM_01_COMPLETO
100
AcDbFaceRecord
 10
0.0
 20
0.0
 30
0.0
 70
128
 71
20
 72
22
 73
18
  0
VERTEX
  5
128
330
17
100
AcDbEntity
  8
ELEM_01_COMPLETO
100
AcDbFaceRecord
 10
0.0
 20
0.0
 30
0.0
 70
128
 71
25
 72
21
 73
22
  0
VERTEX
  5
12C
330
17
100
AcDbEntity
  8
ELEM_01_COMPLETO
100
AcDbFaceRecord
 10
0.0
 20
0.0
 30
0.0
 70
128
 71
25
 72
22
 73
26
  0
VERTEX
  5
130
330
17
100
AcDbEntity
  8
ELEM_01_COMPLETO
100
AcDbFaceRecord
 10
0.0
 20
0.0
 30
0.0
 70
128
 71
25
 72
23
 73
21
  0
VERTEX
  5
134
330
17
100
AcDbEntity
  8
ELEM_01_COMPLETO
100
AcDbFaceRecord
 10
0.0
 20
0.0
 30
0.0
 70
128
 71
27
 72
23
 73
25
  0
VERTEX
  5
138
330
17
100
AcDbEntity
  8
ELEM_01_COMPLETO
100
AcDbFaceRecord
 10
0.0
 20
0.0
 30
0.0
 70
128
 71
23
 72
27
 73
28
  0
VERTEX
  5
13C
330
17
100
AcDbEntity
  8
ELEM_01_COMPLETO
100
AcDbFaceRecord
 10
0.0
 20
0.0
 30
0.0
 70
128
 71
23
 72
28
 73
24
  0
VERTEX
  5
140
330
17
100
AcDbEntity
  8
ELEM_01_COMPLETO
100
AcDbFaceRecord
 10
0.0
 20
0.0
 30
0.0
 70
128
 71
24
 72
28
 73
26
  0
VERTEX
  5
144
330
17
100
AcDbEntity
  8
ELEM_01_COMPLETO
100
AcDbFaceRecord
 10
0.0
 20
0.0
 30
0.0
 70
128
 71
24
 72
26
 73
22
  0
VERTEX
  5
148
330
17
100
AcDbEntity
  8
ELEM_01_COMPLETO
100
AcDbFaceRecord
 10
0.0
 20
0.0
 30
0.0
 70
128
 71
29
 72
25
 73
26
  0
VERTEX
  5
14C
330
17
100
AcDbEntity
  8
ELEM_01_COMPLETO
100
AcDbFaceRecord
 10
0.0
 20
0.0
 30
0.0
 70
128
 71
29
 72
26
 73
30
  0
VERTEX
  5
150
330
17
100
AcDbEntity
  8
ELEM_01_COMPLETO
100
AcDbFaceRecord
 10
0.0
 20
0.0
 30
0.0
 70
128
 71
29
 72
27
 73
25
  0
VERTEX
  5
154
330
17
100
AcDbEntity
  8
ELEM_01_COMPLETO
100
AcDbFaceRecord
 10
0.0
 20
0.0
 30
0.0
 70
128
 71
31
 72
27
 73
29
  0
VERTEX
  5
158
330
17
100
AcDbEntity
  8
ELEM_01_COMPLETO
100
AcDbFaceRecord
 10
0.0
 20
0.0
 30
0.0
 70
128
 71
27
 72
31
 73
32
  0
VERTEX
  5
15C
330
17
100
AcDbEntity
  8
ELEM_01_COMPLETO
100
AcDbFaceRecord
 10
0.0
 20
0.0
 30
0.0
 70
128
 71
27
 72
32
 73
28
  0
VERTEX
  5
160
330
17
100
AcDbEntity
  8
ELEM_01_COMPLETO
100
AcDbFaceRecord
 10
0.0
 20
0.0
 30
0.0
 70
128
 71
28
 72
32
 73
30
  0
VERTEX
  5
164
330
17
100
AcDbEntity
  8
ELEM_01_COMPLETO
100
AcDbFaceRecord
 10
0.0
 20
0.0
 30
0.0
 70
128
 71
28
 72
30
 73
26
  0
VERTEX
  5
168
330
17
100
AcDbEntity
  8
ELEM_01_COMPLETO
100
AcDbFaceRecord
 10
0.0
 20
0.0
 30
0.0
 70
128
 71
33
 72
29
 73
30
  0
VERTEX
  5
16C
330
17
100
AcDbEntity
  8
ELEM_01_COMPLETO
100
AcDbFaceRecord
 10
0.0
 20
0.0
 30
0.0
 70
128
 71
33
 72
30
 73
34
  0
VERTEX
  5
170
330
17
100
AcDbEntity
  8
ELEM_01_COMPLETO
100
AcDbFaceRecord
 10
0.0
 20
0.0
 30
0.0
 70
128
 71
33
 72
31
 73
29
  0
VERTEX
  5
174
330
17
100
AcDbEntity
  8
ELEM_01_COMPLETO
100
AcDbFaceRecord
 10
0.0
 20
0.0
 30
0.0
 70
128
 71
35
 72
31
 73
33
  0
VERTEX
  5
178
330
17
100
AcDbEntity
  8
ELEM_01_COMPLETO
100
AcDbFaceRecord
 10
0.0
 20
0.0
 30
0.0
 70
128
 71
31
 72
35
 73
36
  0
VERTEX
  5
17C
330
17
100
AcDbEntity
  8
ELEM_01_COMPLETO
100
AcDbFaceRecord
 10
0.0
 20
0.0
 30
0.0
 70
128
 71
31
 72
36
 73
32
  0
VERTEX
  5
180
330
17
100
AcDbEntity
  8
ELEM_01_COMPLETO
100
AcDbFaceRecord
 10
0.0
 20
0.0
 30
0.0
 70
128
 71
32
 72
36
 73
34
  0
VERTEX
  5
184
330
17
100
AcDbEntity
  8
ELEM_01_COMPLETO
100
AcDbFaceRecord
 10
0.0
 20
0.0
 30
0.0
 70
128
 71
32
 72
34
 73
30
  0
VERTEX
  5
188
330
17
100
AcDbEntity
  8
ELEM_01_COMPLETO
100
AcDbFaceRecord
 10
0.0
 20
0.0
 30
0.0
 70
128
 71
37
 72
33
 73
34
  0
VERTEX
  5
18C
330
17
100
AcDbEntity
  8
ELEM_01_COMPLETO
100
AcDbFaceRecord
 10
0.0
 20
0.0
 30
0.0
 70
128
 71
37
 72
34
 73
38
  0
VERTEX
  5
190
330
17
100
AcDbEntity
  8
ELEM_01_COMPLETO
100
AcDbFaceRecord
 10
0.0
 20
0.0
 30
0.0
 70
128
 71
37
 72
35
 73
33
  0
VERTEX
  5
194
330
17
100
AcDbEntity
  8
ELEM_01_COMPLETO
100
AcDbFaceRecord
 10
0.0
 20
0.0
 30
0.0
 70
128
 71
39
 72
35
 73
37
  0
VERTEX
  5
198
330
17
100
AcDbEntity
  8
ELEM_01_COMPLETO
100
AcDbFaceRecord
 10
0.0
 20
0.0
 30
0.0
 70
128
 71
35
 72
39
 73
40
  0
VERTEX
  5
19C
330
17
100
AcDbEntity
  8
ELEM_01_COMPLETO
100
AcDbFaceRecord
 10
0.0
 20
0.0
 30
0.0
 70
128
 71
35
 72
40
 73
36
  0
VERTEX
  5
1A0
330
17
100
AcDbEntity
  8
ELEM_01_COMPLETO
100
AcDbFaceRecord
 10
0.0
 20
0.0
 30
0.0
 70
128
 71
36
 72
40
 73
38
  0
VERTEX
  5
1A4
330
17
100
AcDbEntity
  8
ELEM_01_COMPLETO
100
AcDbFaceRecord
 10
0.0
 20
0.0
 30
0.0
 70
128
 71
36
 72
38
 73
34
  0
VERTEX
  5
1A8
330
17
100
AcDbEntity
  8
ELEM_01_COMPLETO
100
AcDbFaceRecord
 10
0.0
 20
0.0
 30
0.0
 70
128
 71
41
 72
37
 73
38
  0
VERTEX
  5
1AC
330
17
100
AcDbEntity
  8
ELEM_01_COMPLETO
100
AcDbFaceRecord
 10
0.0
 20
0.0
 30
0.0
 70
128
 71
41
 72
38
 73
42
  0
VERTEX
  5
1B0
330
17
100
AcDbEntity
  8
ELEM_01_COMPLETO
100
AcDbFaceRecord
 10
0.0
 20
0.0
 30
0.0
 70
128
 71
41
 72
39
 73
37
  0
VERTEX
  5
1B4
330
17
100
AcDbEntity
  8
ELEM_01_COMPLETO
100
AcDbFaceRecord
 10
0.0
 20
0.0
 30
0.0
 70
128
 71
43
 72
39
 73
41
  0
VERTEX
  5
1B8
330
17
100
AcDbEntity
  8
ELEM_01_COMPLETO
100
AcDbFaceRecord
 10
0.0
 20
0.0
 30
0.0
 70
128
 71
39
 72
43
 73
44
  0
VERTEX
  5
1BC
330
17
100
AcDbEntity
  8
ELEM_01_COMPLETO
100
AcDbFaceRecord
 10
0.0
 20
0.0
 30
0.0
 70
128
 71
39
 72
44
 73
40
  0
VERTEX
  5
1C0
330
17
100
AcDbEntity
  8
ELEM_01_COMPLETO
100
AcDbFaceRecord
 10
0.0
 20
0.0
 30
0.0
 70
128
 71
40
 72
44
 73
42
  0
VERTEX
  5
1C4
330
17
100
AcDbEntity
  8
ELEM_01_COMPLETO
100
AcDbFaceRecord
 10
0.0
 20
0.0
 30
0.0
 70
128
 71
40
 72
42
 73
38
  0
VERTEX
  5
1C8
330
17
100
AcDbEntity
  8
ELEM_01_COMPLETO
100
AcDbFaceRecord
 10
0.0
 20
0.0
 30
0.0
 70
128
 71
45
 72
41
 73
42
  0
VERTEX
  5
1CC
330
17
100
AcDbEntity
  8
ELEM_01_COMPLETO
100
AcDbFaceRecord
 10
0.0
 20
0.0
 30
0.0
 70
128
 71
45
 72
42
 73
46
  0
VERTEX
  5
1D0
330
17
100
AcDbEntity
  8
ELEM_01_COMPLETO
100
AcDbFaceRecord
 10
0.0
 20
0.0
 30
0.0
 70
128
 71
45
 72
43
 73
41
  0
VERTEX
  5
1D4
330
17
100
AcDbEntity
  8
ELEM_01_COMPLETO
100
AcDbFaceRecord
 10
0.0
 20
0.0
 30
0.0
 70
128
 71
47
 72
43
 73
45
  0
VERTEX
  5
1D8
330
17
100
AcDbEntity
  8
ELEM_01_COMPLETO
100
AcDbFaceRecord
 10
0.0
 20
0.0
 30
0.0
 70
128
 71
43
 72
47
 73
48
  0
VERTEX
  5
1DC
330
17
100
AcDbEntity
  8
ELEM_01_COMPLETO
100
AcDbFaceRecord
 10
0.0
 20
0.0
 30
0.0
 70
128
 71
43
 72
48
 73
44
  0
VERTEX
  5
1E0
330
17
100
AcDbEntity
  8
ELEM_01_COMPLETO
100
AcDbFaceRecord
 10
0.0
 20
0.0
 30
0.0
 70
128
 71
44
 72
48
 73
46
  0
VERTEX
  5
1E4
330
17
100
AcDbEntity
  8
ELEM_01_COMPLETO
100
AcDbFaceRecord
 10
0.0
 20
0.0
 30
0.0
 70
128
 71
44
 72
46
 73
42
  0
VERTEX
  5
1E8
330
17
100
AcDbEntity
  8
ELEM_01_COMPLETO
100
AcDbFaceRecord
 10
0.0
 20
0.0
 30
0.0
 70
128
 71
49
 72
45
 73
46
  0
VERTEX
  5
1EC
330
17
100
AcDbEntity
  8
ELEM_01_COMPLETO
100
AcDbFaceRecord
 10
0.0
 20
0.0
 30
0.0
 70
128
 71
49
 72
46
 73
50
  0
VERTEX
  5
1F0
330
17
100
AcDbEntity
  8
ELEM_01_COMPLETO
100
AcDbFaceRecord
 10
0.0
 20
0.0
 30
0.0
 70
128
 71
49
 72
47
 73
45
  0
VERTEX
  5
1F4
330
17
100
AcDbEntity
  8
ELEM_01_COMPLETO
100
AcDbFaceRecord
 10
0.0
 20
0.0
 30
0.0
 70
128
 71
51
 72
47
 73
49
  0
VERTEX
  5
1F8
330
17
100
AcDbEntity
  8
ELEM_01_COMPLETO
100
AcDbFaceRecord
 10
0.0
 20
0.0
 30
0.0
 70
128
 71
47
 72
51
 73
52
  0
VERTEX
  5
1FC
330
17
100
AcDbEntity
  8
ELEM_01_COMPLETO
100
AcDbFaceRecord
 10
0.0
 20
0.0
 30
0.0
 70
128
 71
47
 72
52
 73
48
  0
VERTEX
  5
200
330
17
100
AcDbEntity
  8
ELEM_01_COMPLETO
100
AcDbFaceRecord
 10
0.0
 20
0.0
 30
0.0
 70
128
 71
48
 72
52
 73
50
  0
VERTEX
  5
204
330
17
100
AcDbEntity
  8
ELEM_01_COMPLETO
100
AcDbFaceRecord
 10
0.0
 20
0.0
 30
0.0
 70
128
 71
48
 72
50
 73
46
  0
VERTEX
  5
208
330
17
100
AcDbEntity
  8
ELEM_01_COMPLETO
100
AcDbFaceRecord
 10
0.0
 20
0.0
 30
0.0
 70
128
 71
53
 72
49
 73
50
  0
VERTEX
  5
20C
330
17
100
AcDbEntity
  8
ELEM_01_COMPLETO
100
AcDbFaceRecord
 10
0.0
 20
0.0
 30
0.0
 70
128
 71
53
 72
50
 73
54
  0
VERTEX
  5
210
330
17
100
AcDbEntity
  8
ELEM_01_COMPLETO
100
AcDbFaceRecord
 10
0.0
 20
0.0
 30
0.0
 70
128
 71
53
 72
51
 73
49
  0
VERTEX
  5
214
330
17
100
AcDbEntity
  8
ELEM_01_COMPLETO
100
AcDbFaceRecord
 10
0.0
 20
0.0
 30
0.0
 70
128
 71
55
 72
51
 73
53
  0
VERTEX
  5
218
330
17
100
AcDbEntity
  8
ELEM_01_COMPLETO
100
AcDbFaceRecord
 10
0.0
 20
0.0
 30
0.0
 70
128
 71
51
 72
55
 73
56
  0
VERTEX
  5
21C
330
17
100
AcDbEntity
  8
ELEM_01_COMPLETO
100
AcDbFaceRecord
 10
0.0
 20
0.0
 30
0.0
 70
128
 71
51
 72
56
 73
52
  0
VERTEX
  5
220
330
17
100
AcDbEntity
  8
ELEM_01_COMPLETO
100
AcDbFaceRecord
 10
0.0
 20
0.0
 30
0.0
 70
128
 71
52
 72
56
 73
54
  0
VERTEX
  5
224
330
17
100
AcDbEntity
  8
ELEM_01_COMPLETO
100
AcDbFaceRecord
 10
0.0
 20
0.0
 30
0.0
 70
128
 71
52
 72
54
 73
50
  0
VERTEX
  5
228
330
17
100
AcDbEntity
  8
ELEM_01_COMPLETO
100
AcDbFaceRecord
 10
0.0
 20
0.0
 30
0.0
 70
128
 71
57
 72
53
 73
54
  0
VERTEX
  5
22C
330
17
100
AcDbEntity
  8
ELEM_01_COMPLETO
100
AcDbFaceRecord
 10
0.0
 20
0.0
 30
0.0
 70
128
 71
57
 72
54
 73
58
  0
VERTEX
  5
230
330
17
100
AcDbEntity
  8
ELEM_01_COMPLETO
100
AcDbFaceRecord
 10
0.0
 20
0.0
 30
0.0
 70
128
 71
57
 72
55
 73
53
  0
VERTEX
  5
234
330
17
100
AcDbEntity
  8
ELEM_01_COMPLETO
100
AcDbFaceRecord
 10
0.0
 20
0.0
 30
0.0
 70
128
 71
59
 72
55
 73
57
  0
VERTEX
  5
238
330
17
100
AcDbEntity
  8
ELEM_01_COMPLETO
100
AcDbFaceRecord
 10
0.0
 20
0.0
 30
0.0
 70
128
 71
55
 72
59
 73
60
  0
VERTEX
  5
23C
330
17
100
AcDbEntity
  8
ELEM_01_COMPLETO
100
AcDbFaceRecord
 10
0.0
 20
0.0
 30
0.0
 70
128
 71
55
 72
60
 73
56
  0
VERTEX
  5
240
330
17
100
AcDbEntity
  8
ELEM_01_COMPLETO
100
AcDbFaceRecord
 10
0.0
 20
0.0
 30
0.0
 70
128
 71
56
 72
60
 73
58
  0
VERTEX
  5
244
330
17
100
AcDbEntity
  8
ELEM_01_COMPLETO
100
AcDbFaceRecord
 10
0.0
 20
0.0
 30
0.0
 70
128
 71
56
 72
58
 73
54
  0
VERTEX
  5
248
330
17
100
AcDbEntity
  8
ELEM_01_COMPLETO
100
AcDbFaceRecord
 10
0.0
 20
0.0
 30
0.0
 70
128
 71
61
 72
57
 73
58
  0
VERTEX
  5
24C
330
17
100
AcDbEntity
  8
ELEM_01_COMPLETO
100
AcDbFaceRecord
 10
0.0
 20
0.0
 30
0.0
 70
128
 71
61
 72
58
 73
62
  0
VERTEX
  5
250
330
17
100
AcDbEntity
  8
ELEM_01_COMPLETO
100
AcDbFaceRecord
 10
0.0
 20
0.0
 30
0.0
 70
128
 71
61
 72
59
 73
57
  0
VERTEX
  5
254
330
17
100
AcDbEntity
  8
ELEM_01_COMPLETO
100
AcDbFaceRecord
 10
0.0
 20
0.0
 30
0.0
 70
128
 71
63
 72
59
 73
61
  0
VERTEX
  5
258
330
17
100
AcDbEntity
  8
ELEM_01_COMPLETO
100
AcDbFaceRecord
 10
0.0
 20
0.0
 30
0.0
 70
128
 71
59
 72
63
 73
64
  0
VERTEX
  5
25C
330
17
100
AcDbEntity
  8
ELEM_01_COMPLETO
100
AcDbFaceRecord
 10
0.0
 20
0.0
 30
0.0
 70
128
 71
59
 72
64
 73
60
  0
VERTEX
  5
260
330
17
100
AcDbEntity
  8
ELEM_01_COMPLETO
100
AcDbFaceRecord
 10
0.0
 20
0.0
 30
0.0
 70
128
 71
60
 72
64
 73
62
  0
VERTEX
  5
264
330
17
100
AcDbEntity
  8
ELEM_01_COMPLETO
100
AcDbFaceRecord
 10
0.0
 20
0.0
 30
0.0
 70
128
 71
60
 72
62
 73
58
  0
VERTEX
  5
268
330
17
100
AcDbEntity
  8
ELEM_01_COMPLETO
100
AcDbFaceRecord
 10
0.0
 20
0.0
 30
0.0
 70
128
 71
65
 72
61
 73
62
  0
VERTEX
  5
26C
330
17
100
AcDbEntity
  8
ELEM_01_COMPLETO
100
AcDbFaceRecord
 10
0.0
 20
0.0
 30
0.0
 70
128
 71
65
 72
62
 73
66
  0
VERTEX
  5
270
330
17
100
AcDbEntity
  8
ELEM_01_COMPLETO
100
AcDbFaceRecord
 10
0.0
 20
0.0
 30
0.0
 70
128
 71
65
 72
63
 73
61
  0
VERTEX
  5
274
330
17
100
AcDbEntity
  8
ELEM_01_COMPLETO
100
AcDbFaceRecord
 10
0.0
 20
0.0
 30
0.0
 70
128
 71
67
 72
63
 73
65
  0
VERTEX
  5
278
330
17
100
AcDbEntity
  8
ELEM_01_COMPLETO
100
AcDbFaceRecord
 10
0.0
 20
0.0
 30
0.0
 70
128
 71
63
 72
67
 73
68
  0
VERTEX
  5
27C
330
17
100
AcDbEntity
  8
ELEM_01_COMPLETO
100
AcDbFaceRecord
 10
0.0
 20
0.0
 30
0.0
 70
128
 71
63
 72
68
 73
64
  0
VERTEX
  5
280
330
17
100
AcDbEntity
  8
ELEM_01_COMPLETO
100
AcDbFaceRecord
 10
0.0
 20
0.0
 30
0.0
 70
128
 71
64
 72
68
 73
66
  0
VERTEX
  5
284
330
17
100
AcDbEntity
  8
ELEM_01_COMPLETO
100
AcDbFaceRecord
 10
0.0
 20
0.0
 30
0.0
 70
128
 71
64
 72
66
 73
62
  0
VERTEX
  5
288
330
17
100
AcDbEntity
  8
ELEM_01_COMPLETO
100
AcDbFaceRecord
 10
0.0
 20
0.0
 30
0.0
 70
128
 71
69
 72
65
 73
66
  0
VERTEX
  5
28C
330
17
100
AcDbEntity
  8
ELEM_01_COMPLETO
100
AcDbFaceRecord
 10
0.0
 20
0.0
 30
0.0
 70
128
 71
69
 72
66
 73
70
  0
VERTEX
  5
290
330
17
100
AcDbEntity
  8
ELEM_01_COMPLETO
100
AcDbFaceRecord
 10
0.0
 20
0.0
 30
0.0
 70
128
 71
69
 72
67
 73
65
  0
VERTEX
  5
294
330
17
100
AcDbEntity
  8
ELEM_01_COMPLETO
100
AcDbFaceRecord
 10
0.0
 20
0.0
 30
0.0
 70
128
 71
71
 72
67
 73
69
  0
VERTEX
  5
298
330
17
100
AcDbEntity
  8
ELEM_01_COMPLETO
100
AcDbFaceRecord
 10
0.0
 20
0.0
 30
0.0
 70
128
 71
67
 72
71
 73
72
  0
VERTEX
  5
29C
330
17
100
AcDbEntity
  8
ELEM_01_COMPLETO
100
AcDbFaceRecord
 10
0.0
 20
0.0
 30
0.0
 70
128
 71
67
 72
72
 73
68
  0
VERTEX
  5
2A0
330
17
100
AcDbEntity
  8
ELEM_01_COMPLETO
100
AcDbFaceRecord
 10
0.0
 20
0.0
 30
0.0
 70
128
 71
68
 72
72
 73
70
  0
VERTEX
  5
2A4
330
17
100
AcDbEntity
  8
ELEM_01_COMPLETO
100
AcDbFaceRecord
 10
0.0
 20
0.0
 30
0.0
 70
128
 71
68
 72
70
 73
66
  0
VERTEX
  5
2A8
330
17
100
AcDbEntity
  8
ELEM_01_COMPLETO
100
AcDbFaceRecord
 10
0.0
 20
0.0
 30
0.0
 70
128
 71
73
 72
69
 73
70
  0
VERTEX
  5
2AC
330
17
100
AcDbEntity
  8
ELEM_01_COMPLETO
100
AcDbFaceRecord
 10
0.0
 20
0.0
 30
0.0
 70
128
 71
73
 72
70
 73
74
  0
VERTEX
  5
2B0
330
17
100
AcDbEntity
  8
ELEM_01_COMPLETO
100
AcDbFaceRecord
 10
0.0
 20
0.0
 30
0.0
 70
128
 71
75
 72
71
 73
69
  0
VERTEX
  5
2B4
330
17
100
AcDbEntity
  8
ELEM_01_COMPLETO
100
AcDbFaceRecord
 10
0.0
 20
0.0
 30
0.0
 70
128
 71
73
 72
75
 73
69
  0
VERTEX
  5
2B8
330
17
100
AcDbEntity
  8
ELEM_01_COMPLETO
100
AcDbFaceRecord
 10
0.0
 20
0.0
 30
0.0
 70
128
 71
71
 72
75
 73
76
  0
VERTEX
  5
2BC
330
17
100
AcDbEntity
  8
ELEM_01_COMPLETO
100
AcDbFaceRecord
 10
0.0
 20
0.0
 30
0.0
 70
128
 71
71
 72
76
 73
72
  0
VERTEX
  5
2C0
330
17
100
AcDbEntity
  8
ELEM_01_COMPLETO
100
AcDbFaceRecord
 10
0.0
 20
0.0
 30
0.0
 70
128
 71
76
 72
74
 73
70
  0
VERTEX
  5
2C4
330
17
100
AcDbEntity
  8
ELEM_01_COMPLETO
100
AcDbFaceRecord
 10
0.0
 20
0.0
 30
0.0
 70
128
 71
72
 72
76
 73
70
  0
VERTEX
  5
2C8
330
17
100
AcDbEntity
  8
ELEM_01_COMPLETO
100
AcDbFaceRecord
 10
0.0
 20
0.0
 30
0.0
 70
128
 71
77
 72
73
 73
74
  0
VERTEX
  5
2CC
330
17
100
AcDbEntity
  8
ELEM_01_COMPLETO
100
AcDbFaceRecord
 10
0.0
 20
0.0
 30
0.0
 70
128
 71
77
 72
74
 73
78
  0
VERTEX
  5
2D0
330
17
100
AcDbEntity
  8
ELEM_01_COMPLETO
100
AcDbFaceRecord
 10
0.0
 20
0.0
 30
0.0
 70
128
 71
79
 72
75
 73
73
  0
VERTEX
  5
2D4
330
17
100
AcDbEntity
  8
ELEM_01_COMPLETO
100
AcDbFaceRecord
 10
0.0
 20
0.0
 30
0.0
 70
128
 71
77
 72
79
 73
73
  0
VERTEX
  5
2D8
330
17
100
AcDbEntity
  8
ELEM_01_COMPLETO
100
AcDbFaceRecord
 10
0.0
 20
0.0
 30
0.0
 70
128
 71
75
 72
79
 73
80
  0
VERTEX
  5
2DC
330
17
100
AcDbEntity
  8
ELEM_01_COMPLETO
100
AcDbFaceRecord
 10
0.0
 20
0.0
 30
0.0
 70
128
 71
75
 72
80
 73
76
  0
VERTEX
  5
2E0
330
17
100
AcDbEntity
  8
ELEM_01_COMPLETO
100
AcDbFaceRecord
 10
0.0
 20
0.0
 30
0.0
 70
128
 71
80
 72
78
 73
74
  0
VERTEX
  5
2E4
330
17
100
AcDbEntity
  8
ELEM_01_COMPLETO
100
AcDbFaceRecord
 10
0.0
 20
0.0
 30
0.0
 70
128
 71
76
 72
80
 73
74
  0
VERTEX
  5
2E8
330
17
100
AcDbEntity
  8
ELEM_01_COMPLETO
100
AcDbFaceRecord
 10
0.0
 20
0.0
 30
0.0
 70
128
 71
81
 72
77
 73
78
  0
VERTEX
  5
2EC
330
17
100
AcDbEntity
  8
ELEM_01_COMPLETO
100
AcDbFaceRecord
 10
0.0
 20
0.0
 30
0.0
 70
128
 71
81
 72
78
 73
82
  0
VERTEX
  5
2F0
330
17
100
AcDbEntity
  8
ELEM_01_COMPLETO
100
AcDbFaceRecord
 10
0.0
 20
0.0
 30
0.0
 70
128
 71
83
 72
79
 73
77
  0
VERTEX
  5
2F4
330
17
100
AcDbEntity
  8
ELEM_01_COMPLETO
100
AcDbFaceRecord
 10
0.0
 20
0.0
 30
0.0
 70
128
 71
81
 72
83
 73
77
  0
VERTEX
  5
2F8
330
17
100
AcDbEntity
  8
ELEM_01_COMPLETO
100
AcDbFaceRecord
 10
0.0
 20
0.0
 30
0.0
 70
128
 71
79
 72
83
 73
84
  0
VERTEX
  5
2FC
330
17
100
AcDbEntity
  8
ELEM_01_COMPLETO
100
AcDbFaceRecord
 10
0.0
 20
0.0
 30
0.0
 70
128
 71
79
 72
84
 73
80
  0
VERTEX
  5
300
330
17
100
AcDbEntity
  8
ELEM_01_COMPLETO
100
AcDbFaceRecord
 10
0.0
 20
0.0
 30
0.0
 70
128
 71
84
 72
82
 73
78
  0
VERTEX
  5
304
330
17
100
AcDbEntity
  8
ELEM_01_COMPLETO
100
AcDbFaceRecord
 10
0.0
 20
0.0
 30
0.0
 70
128
 71
80
 72
84
 73
78
  0
VERTEX
  5
308
330
17
100
AcDbEntity
  8
ELEM_01_COMPLETO
100
AcDbFaceRecord
 10
0.0
 20
0.0
 30
0.0
 70
128
 71
85
 72
81
 73
82
  0
VERTEX
  5
30C
330
17
100
AcDbEntity
  8
ELEM_01_COMPLETO
100
AcDbFaceRecord
 10
0.0
 20
0.0
 30
0.0
 70
128
 71
86
 72
81
 73
85
  0
VERTEX
  5
310
330
17
100
AcDbEntity
  8
ELEM_01_COMPLETO
100
AcDbFaceRecord
 10
0.0
 20
0.0
 30
0.0
 70
128
 71
87
 72
83
 73
81
  0
VERTEX
  5
314
330
17
100
AcDbEntity
  8
ELEM_01_COMPLETO
100
AcDbFaceRecord
 10
0.0
 20
0.0
 30
0.0
 70
128
 71
87
 72
81
 73
86
  0
VERTEX
  5
318
330
17
100
AcDbEntity
  8
ELEM_01_COMPLETO
100
AcDbFaceRecord
 10
0.0
 20
0.0
 30
0.0
 70
128
 71
83
 72
87
 73
88
  0
VERTEX
  5
31C
330
17
100
AcDbEntity
  8
ELEM_01_COMPLETO
100
AcDbFaceRecord
 10
0.0
 20
0.0
 30
0.0
 70
128
 71
83
 72
88
 73
84
  0
VERTEX
  5
320
330
17
100
AcDbEntity
  8
ELEM_01_COMPLETO
100
AcDbFaceRecord
 10
0.0
 20
0.0
 30
0.0
 70
128
 71
88
 72
85
 73
82
  0
VERTEX
  5
324
330
17
100
AcDbEntity
  8
ELEM_01_COMPLETO
100
AcDbFaceRecord
 10
0.0
 20
0.0
 30
0.0
 70
128
 71
84
 72
88
 73
82
  0
VERTEX
  5
328
330
17
100
AcDbEntity
  8
ELEM_01_COMPLETO
100
AcDbFaceRecord
 10
0.0
 20
0.0
 30
0.0
 70
128
 71
89
 72
86
 73
85
  0
VERTEX
  5
32C
330
17
100
AcDbEntity
  8
ELEM_01_COMPLETO
100
AcDbFaceRecord
 10
0.0
 20
0.0
 30
0.0
 70
128
 71
90
 72
86
 73
89
  0
VERTEX
  5
330
330
17
100
AcDbEntity
  8
ELEM_01_COMPLETO
100
AcDbFaceRecord
 10
0.0
 20
0.0
 30
0.0
 70
128
 71
91
 72
87
 73
86
  0
VERTEX
  5
334
330
17
100
AcDbEntity
  8
ELEM_01_COMPLETO
100
AcDbFaceRecord
 10
0.0
 20
0.0
 30
0.0
 70
128
 71
91
 72
86
 73
90
  0
VERTEX
  5
338
330
17
100
AcDbEntity
  8
ELEM_01_COMPLETO
100
AcDbFaceRecord
 10
0.0
 20
0.0
 30
0.0
 70
128
 71
87
 72
91
 73
92
  0
VERTEX
  5
33C
330
17
100
AcDbEntity
  8
ELEM_01_COMPLETO
100
AcDbFaceRecord
 10
0.0
 20
0.0
 30
0.0
 70
128
 71
87
 72
92
 73
88
  0
VERTEX
  5
340
330
17
100
AcDbEntity
  8
ELEM_01_COMPLETO
100
AcDbFaceRecord
 10
0.0
 20
0.0
 30
0.0
 70
128
 71
92
 72
89
 73
85
  0
VERTEX
  5
344
330
17
100
AcDbEntity
  8
ELEM_01_COMPLETO
100
AcDbFaceRecord
 10
0.0
 20
0.0
 30
0.0
 70
128
 71
88
 72
92
 73
85
  0
VERTEX
  5
348
330
17
100
AcDbEntity
  8
ELEM_01_COMPLETO
100
AcDbFaceRecord
 10
0.0
 20
0.0
 30
0.0
 70
128
 71
90
 72
89
 73
93
  0
VERTEX
  5
34C
330
17
100
AcDbEntity
  8
ELEM_01_COMPLETO
100
AcDbFaceRecord
 10
0.0
 20
0.0
 30
0.0
 70
128
 71
94
 72
90
 73
93
  0
VERTEX
  5
350
330
17
100
AcDbEntity
  8
ELEM_01_COMPLETO
100
AcDbFaceRecord
 10
0.0
 20
0.0
 30
0.0
 70
128
 71
95
 72
91
 73
90
  0
VERTEX
  5
354
330
17
100
AcDbEntity
  8
ELEM_01_COMPLETO
100
AcDbFaceRecord
 10
0.0
 20
0.0
 30
0.0
 70
128
 71
95
 72
90
 73
94
  0
VERTEX
  5
358
330
17
100
AcDbEntity
  8
ELEM_01_COMPLETO
100
AcDbFaceRecord
 10
0.0
 20
0.0
 30
0.0
 70
128
 71
91
 72
95
 73
96
  0
VERTEX
  5
35C
330
17
100
AcDbEntity
  8
ELEM_01_COMPLETO
100
AcDbFaceRecord
 10
0.0
 20
0.0
 30
0.0
 70
128
 71
91
 72
96
 73
92
  0
VERTEX
  5
360
330
17
100
AcDbEntity
  8
ELEM_01_COMPLETO
100
AcDbFaceRecord
 10
0.0
 20
0.0
 30
0.0
 70
128
 71
96
 72
93
 73
89
  0
VERTEX
  5
364
330
17
100
AcDbEntity
  8
ELEM_01_COMPLETO
100
AcDbFaceRecord
 10
0.0
 20
0.0
 30
0.0
 70
128
 71
92
 72
96
 73
89
  0
VERTEX
  5
368
330
17
100
AcDbEntity
  8
ELEM_01_COMPLETO
100
AcDbFaceRecord
 10
0.0
 20
0.0
 30
0.0
 70
128
 71
97
 72
94
 73
93
  0
VERTEX
  5
36C
330
17
100
AcDbEntity
  8
ELEM_01_COMPLETO
100
AcDbFaceRecord
 10
0.0
 20
0.0
 30
0.0
 70
128
 71
98
 72
94
 73
97
  0
VERTEX
  5
370
330
17
100
AcDbEntity
  8
ELEM_01_COMPLETO
100
AcDbFaceRecord
 10
0.0
 20
0.0
 30
0.0
 70
128
 71
99
 72
95
 73
94
  0
VERTEX
  5
374
330
17
100
AcDbEntity
  8
ELEM_01_COMPLETO
100
AcDbFaceRecord
 10
0.0
 20
0.0
 30
0.0
 70
128
 71
98
 72
99
 73
94
  0
VERTEX
  5
378
330
17
100
AcDbEntity
  8
ELEM_01_COMPLETO
100
AcDbFaceRecord
 10
0.0
 20
0.0
 30
0.0
 70
128
 71
95
 72
99
 73
100
  0
VERTEX
  5
37C
330
17
100
AcDbEntity
  8
ELEM_01_COMPLETO
100
AcDbFaceRecord
 10
0.0
 20
0.0
 30
0.0
 70
128
 71
95
 72
100
 73
96
  0
VERTEX
  5
380
330
17
100
AcDbEntity
  8
ELEM_01_COMPLETO
100
AcDbFaceRecord
 10
0.0
 20
0.0
 30
0.0
 70
128
 71
100
 72
97
 73
93
  0
VERTEX
  5
384
330
17
100
AcDbEntity
  8
ELEM_01_COMPLETO
100
AcDbFaceRecord
 10
0.0
 20
0.0
 30
0.0
 70
128
 71
96
 72
100
 73
93
  0
VERTEX
  5
388
330
17
100
AcDbEntity
  8
ELEM_01_COMPLETO
100
AcDbFaceRecord
 10
0.0
 20
0.0
 30
0.0
 70
128
 71
101
 72
98
 73
97
  0
VERTEX
  5
38C
330
17
100
AcDbEntity
  8
ELEM_01_COMPLETO
100
AcDbFaceRecord
 10
0.0
 20
0.0
 30
0.0
 70
128
 71
102
 72
98
 73
101
  0
VERTEX
  5
390
330
17
100
AcDbEntity
  8
ELEM_01_COMPLETO
100
AcDbFaceRecord
 10
0.0
 20
0.0
 30
0.0
 70
128
 71
103
 72
99
 73
98
  0
VERTEX
  5
394
330
17
100
AcDbEntity
  8
ELEM_01_COMPLETO
100
AcDbFaceRecord
 10
0.0
 20
0.0
 30
0.0
 70
128
 71
102
 72
103
 73
98
  0
VERTEX
  5
398
330
17
100
AcDbEntity
  8
ELEM_01_COMPLETO
100
AcDbFaceRecord
 10
0.0
 20
0.0
 30
0.0
 70
128
 71
99
 72
103
 73
104
  0
VERTEX
  5
39C
330
17
100
AcDbEntity
  8
ELEM_01_COMPLETO
100
AcDbFaceRecord
 10
0.0
 20
0.0
 30
0.0
 70
128
 71
99
 72
104
 73
100
  0
VERTEX
  5
3A0
330
17
100
AcDbEntity
  8
ELEM_01_COMPLETO
100
AcDbFaceRecord
 10
0.0
 20
0.0
 30
0.0
 70
128
 71
104
 72
101
 73
97
  0
VERTEX
  5
3A4
330
17
100
AcDbEntity
  8
ELEM_01_COMPLETO
100
AcDbFaceRecord
 10
0.0
 20
0.0
 30
0.0
 70
128
 71
100
 72
104
 73
97
  0
VERTEX
  5
3A8
330
17
100
AcDbEntity
  8
ELEM_01_COMPLETO
100
AcDbFaceRecord
 10
0.0
 20
0.0
 30
0.0
 70
128
 71
105
 72
102
 73
101
  0
VERTEX
  5
3AC
330
17
100
AcDbEntity
  8
ELEM_01_COMPLETO
100
AcDbFaceRecord
 10
0.0
 20
0.0
 30
0.0
 70
128
 71
106
 72
102
 73
105
  0
VERTEX
  5
3B0
330
17
100
AcDbEntity
  8
ELEM_01_COMPLETO
100
AcDbFaceRecord
 10
0.0
 20
0.0
 30
0.0
 70
128
 71
107
 72
103
 73
102
  0
VERTEX
  5
3B4
330
17
100
AcDbEntity
  8
ELEM_01_COMPLETO
100
AcDbFaceRecord
 10
0.0
 20
0.0
 30
0.0
 70
128
 71
106
 72
107
 73
102
  0
VERTEX
  5
3B8
330
17
100
AcDbEntity
  8
ELEM_01_COMPLETO
100
AcDbFaceRecord
 10
0.0
 20
0.0
 30
0.0
 70
128
 71
103
 72
107
 73
108
  0
VERTEX
  5
3BC
330
17
100
AcDbEntity
  8
ELEM_01_COMPLETO
100
AcDbFaceRecord
 10
0.0
 20
0.0
 30
0.0
 70
128
 71
103
 72
108
 73
104
  0
VERTEX
  5
3C0
330
17
100
AcDbEntity
  8
ELEM_01_COMPLETO
100
AcDbFaceRecord
 10
0.0
 20
0.0
 30
0.0
 70
128
 71
104
 72
108
 73
101
  0
VERTEX
  5
3C4
330
17
100
AcDbEntity
  8
ELEM_01_COMPLETO
100
AcDbFaceRecord
 10
0.0
 20
0.0
 30
0.0
 70
128
 71
108
 72
105
 73
101
  0
VERTEX
  5
3C8
330
17
100
AcDbEntity
  8
ELEM_01_COMPLETO
100
AcDbFaceRecord
 10
0.0
 20
0.0
 30
0.0
 70
128
 71
109
 72
106
 73
105
  0
VERTEX
  5
3CC
330
17
100
AcDbEntity
  8
ELEM_01_COMPLETO
100
AcDbFaceRecord
 10
0.0
 20
0.0
 30
0.0
 70
128
 71
110
 72
106
 73
109
  0
VERTEX
  5
3D0
330
17
100
AcDbEntity
  8
ELEM_01_COMPLETO
100
AcDbFaceRecord
 10
0.0
 20
0.0
 30
0.0
 70
128
 71
111
 72
107
 73
106
  0
VERTEX
  5
3D4
330
17
100
AcDbEntity
  8
ELEM_01_COMPLETO
100
AcDbFaceRecord
 10
0.0
 20
0.0
 30
0.0
 70
128
 71
110
 72
111
 73
106
  0
VERTEX
  5
3D8
330
17
100
AcDbEntity
  8
ELEM_01_COMPLETO
100
AcDbFaceRecord
 10
0.0
 20
0.0
 30
0.0
 70
128
 71
107
 72
111
 73
112
  0
VERTEX
  5
3DC
330
17
100
AcDbEntity
  8
ELEM_01_COMPLETO
100
AcDbFaceRecord
 10
0.0
 20
0.0
 30
0.0
 70
128
 71
107
 72
112
 73
108
  0
VERTEX
  5
3E0
330
17
100
AcDbEntity
  8
ELEM_01_COMPLETO
100
AcDbFaceRecord
 10
0.0
 20
0.0
 30
0.0
 70
128
 71
108
 72
112
 73
105
  0
VERTEX
  5
3E4
330
17
100
AcDbEntity
  8
ELEM_01_COMPLETO
100
AcDbFaceRecord
 10
0.0
 20
0.0
 30
0.0
 70
128
 71
112
 72
109
 73
105
  0
VERTEX
  5
3E8
330
17
100
AcDbEntity
  8
ELEM_01_COMPLETO
100
AcDbFaceRecord
 10
0.0
 20
0.0
 30
0.0
 70
128
 71
113
 72
110
 73
109
  0
VERTEX
  5
3EC
330
17
100
AcDbEntity
  8
ELEM_01_COMPLETO
100
AcDbFaceRecord
 10
0.0
 20
0.0
 30
0.0
 70
128
 71
114
 72
110
 73
113
  0
VERTEX
  5
3F0
330
17
100
AcDbEntity
  8
ELEM_01_COMPLETO
100
AcDbFaceRecord
 10
0.0
 20
0.0
 30
0.0
 70
128
 71
110
 72
115
 73
111
  0
VERTEX
  5
3F4
330
17
100
AcDbEntity
  8
ELEM_01_COMPLETO
100
AcDbFaceRecord
 10
0.0
 20
0.0
 30
0.0
 70
128
 71
114
 72
115
 73
110
  0
VERTEX
  5
3F8
330
17
100
AcDbEntity
  8
ELEM_01_COMPLETO
100
AcDbFaceRecord
 10
0.0
 20
0.0
 30
0.0
 70
128
 71
111
 72
115
 73
116
  0
VERTEX
  5
3FC
330
17
100
AcDbEntity
  8
ELEM_01_COMPLETO
100
AcDbFaceRecord
 10
0.0
 20
0.0
 30
0.0
 70
128
 71
111
 72
116
 73
112
  0
VERTEX
  5
400
330
17
100
AcDbEntity
  8
ELEM_01_COMPLETO
100
AcDbFaceRecord
 10
0.0
 20
0.0
 30
0.0
 70
128
 71
116
 72
109
 73
112
  0
VERTEX
  5
404
330
17
100
AcDbEntity
  8
ELEM_01_COMPLETO
100
AcDbFaceRecord
 10
0.0
 20
0.0
 30
0.0
 70
128
 71
116
 72
113
 73
109
  0
VERTEX
  5
408
330
17
100
AcDbEntity
  8
ELEM_01_COMPLETO
100
AcDbFaceRecord
 10
0.0
 20
0.0
 30
0.0
 70
128
 71
117
 72
114
 73
113
  0
VERTEX
  5
40C
330
17
100
AcDbEntity
  8
ELEM_01_COMPLETO
100
AcDbFaceRecord
 10
0.0
 20
0.0
 30
0.0
 70
128
 71
118
 72
114
 73
117
  0
VERTEX
  5
410
330
17
100
AcDbEntity
  8
ELEM_01_COMPLETO
100
AcDbFaceRecord
 10
0.0
 20
0.0
 30
0.0
 70
128
 71
114
 72
119
 73
115
  0
VERTEX
  5
414
330
17
100
AcDbEntity
  8
ELEM_01_COMPLETO
100
AcDbFaceRecord
 10
0.0
 20
0.0
 30
0.0
 70
128
 71
118
 72
119
 73
114
  0
VERTEX
  5
418
330
17
100
AcDbEntity
  8
ELEM_01_COMPLETO
100
AcDbFaceRecord
 10
0.0
 20
0.0
 30
0.0
 70
128
 71
115
 72
119
 73
120
  0
VERTEX
  5
41C
330
17
100
AcDbEntity
  8
ELEM_01_COMPLETO
100
AcDbFaceRecord
 10
0.0
 20
0.0
 30
0.0
 70
128
 71
115
 72
120
 73
116
  0
VERTEX
  5
420
330
17
100
AcDbEntity
  8
ELEM_01_COMPLETO
100
AcDbFaceRecord
 10
0.0
 20
0.0
 30
0.0
 70
128
 71
120
 72
113
 73
116
  0
VERTEX
  5
424
330
17
100
AcDbEntity
  8
ELEM_01_COMPLETO
100
AcDbFaceRecord
 10
0.0
 20
0.0
 30
0.0
 70
128
 71
120
 72
117
 73
113
  0
VERTEX
  5
428
330
17
100
AcDbEntity
  8
ELEM_01_COMPLETO
100
AcDbFaceRecord
 10
0.0
 20
0.0
 30
0.0
 70
128
 71
121
 72
118
 73
117
  0
VERTEX
  5
42C
330
17
100
AcDbEntity
  8
ELEM_01_COMPLETO
100
AcDbFaceRecord
 10
0.0
 20
0.0
 30
0.0
 70
128
 71
122
 72
118
 73
121
  0
VERTEX
  5
430
330
17
100
AcDbEntity
  8
ELEM_01_COMPLETO
100
AcDbFaceRecord
 10
0.0
 20
0.0
 30
0.0
 70
128
 71
118
 72
123
 73
119
  0
VERTEX
  5
434
330
17
100
AcDbEntity
  8
ELEM_01_COMPLETO
100
AcDbFaceRecord
 10
0.0
 20
0.0
 30
0.0
 70
128
 71
122
 72
123
 73
118
  0
VERTEX
  5
438
330
17
100
AcDbEntity
  8
ELEM_01_COMPLETO
100
AcDbFaceRecord
 10
0.0
 20
0.0
 30
0.0
 70
128
 71
119
 72
123
 73
124
  0
VERTEX
  5
43C
330
17
100
AcDbEntity
  8
ELEM_01_COMPLETO
100
AcDbFaceRecord
 10
0.0
 20
0.0
 30
0.0
 70
128
 71
119
 72
124
 73
120
  0
VERTEX
  5
440
330
17
100
AcDbEntity
  8
ELEM_01_COMPLETO
100
AcDbFaceRecord
 10
0.0
 20
0.0
 30
0.0
 70
128
 71
124
 72
117
 73
120
  0
VERTEX
  5
444
330
17
100
AcDbEntity
  8
ELEM_01_COMPLETO
100
AcDbFaceRecord
 10
0.0
 20
0.0
 30
0.0
 70
128
 71
124
 72
121
 73
117
  0
VERTEX
  5
448
330
17
100
AcDbEntity
  8
ELEM_01_COMPLETO
100
AcDbFaceRecord
 10
0.0
 20
0.0
 30
0.0
 70
128
 71
125
 72
122
 73
121
  0
VERTEX
  5
44C
330
17
100
AcDbEntity
  8
ELEM_01_COMPLETO
100
AcDbFaceRecord
 10
0.0
 20
0.0
 30
0.0
 70
128
 71
126
 72
122
 73
125
  0
VERTEX
  5
450
330
17
100
AcDbEntity
  8
ELEM_01_COMPLETO
100
AcDbFaceRecord
 10
0.0
 20
0.0
 30
0.0
 70
128
 71
122
 72
127
 73
123
  0
VERTEX
  5
454
330
17
100
AcDbEntity
  8
ELEM_01_COMPLETO
100
AcDbFaceRecord
 10
0.0
 20
0.0
 30
0.0
 70
128
 71
126
 72
127
 73
122
  0
VERTEX
  5
458
330
17
100
AcDbEntity
  8
ELEM_01_COMPLETO
100
AcDbFaceRecord
 10
0.0
 20
0.0
 30
0.0
 70
128
 71
123
 72
127
 73
128
  0
VERTEX
  5
45C
330
17
100
AcDbEntity
  8
ELEM_01_COMPLETO
100
AcDbFaceRecord
 10
0.0
 20
0.0
 30
0.0
 70
128
 71
123
 72
128
 73
124
  0
VERTEX
  5
460
330
17
100
AcDbEntity
  8
ELEM_01_COMPLETO
100
AcDbFaceRecord
 10
0.0
 20
0.0
 30
0.0
 70
128
 71
128
 72
121
 73
124
  0
VERTEX
  5
464
330
17
100
AcDbEntity
  8
ELEM_01_COMPLETO
100
AcDbFaceRecord
 10
0.0
 20
0.0
 30
0.0
 70
128
 71
128
 72
125
 73
121
  0
VERTEX
  5
468
330
17
100
AcDbEntity
  8
ELEM_01_COMPLETO
100
AcDbFaceRecord
 10
0.0
 20
0.0
 30
0.0
 70
128
 71
129
 72
126
 73
125
  0
VERTEX
  5
46C
330
17
100
AcDbEntity
  8
ELEM_01_COMPLETO
100
AcDbFaceRecord
 10
0.0
 20
0.0
 30
0.0
 70
128
 71
130
 72
126
 73
129
  0
VERTEX
  5
470
330
17
100
AcDbEntity
  8
ELEM_01_COMPLETO
100
AcDbFaceRecord
 10
0.0
 20
0.0
 30
0.0
 70
128
 71
126
 72
131
 73
127
  0
VERTEX
  5
474
330
17
100
AcDbEntity
  8
ELEM_01_COMPLETO
100
AcDbFaceRecord
 10
0.0
 20
0.0
 30
0.0
 70
128
 71
130
 72
131
 73
126
  0
VERTEX
  5
478
330
17
100
AcDbEntity
  8
ELEM_01_COMPLETO
100
AcDbFaceRecord
 10
0.0
 20
0.0
 30
0.0
 70
128
 71
127
 72
131
 73
132
  0
VERTEX
  5
47C
330
17
100
AcDbEntity
  8
ELEM_01_COMPLETO
100
AcDbFaceRecord
 10
0.0
 20
0.0
 30
0.0
 70
128
 71
127
 72
132
 73
128
  0
VERTEX
  5
480
330
17
100
AcDbEntity
  8
ELEM_01_COMPLETO
100
AcDbFaceRecord
 10
0.0
 20
0.0
 30
0.0
 70
128
 71
132
 72
125
 73
128
  0
VERTEX
  5
484
330
17
100
AcDbEntity
  8
ELEM_01_COMPLETO
100
AcDbFaceRecord
 10
0.0
 20
0.0
 30
0.0
 70
128
 71
132
 72
129
 73
125
  0
VERTEX
  5
488
330
17
100
AcDbEntity
  8
ELEM_01_COMPLETO
100
AcDbFaceRecord
 10
0.0
 20
0.0
 30
0.0
 70
128
 71
133
 72
130
 73
129
  0
VERTEX
  5
48C
330
17
100
AcDbEntity
  8
ELEM_01_COMPLETO
100
AcDbFaceRecord
 10
0.0
 20
0.0
 30
0.0
 70
128
 71
134
 72
130
 73
133
  0
VERTEX
  5
490
330
17
100
AcDbEntity
  8
ELEM_01_COMPLETO
100
AcDbFaceRecord
 10
0.0
 20
0.0
 30
0.0
 70
128
 71
130
 72
135
 73
131
  0
VERTEX
  5
494
330
17
100
AcDbEntity
  8
ELEM_01_COMPLETO
100
AcDbFaceRecord
 10
0.0
 20
0.0
 30
0.0
 70
128
 71
134
 72
135
 73
130
  0
VERTEX
  5
498
330
17
100
AcDbEntity
  8
ELEM_01_COMPLETO
100
AcDbFaceRecord
 10
0.0
 20
0.0
 30
0.0
 70
128
 71
131
 72
135
 73
136
  0
VERTEX
  5
49C
330
17
100
AcDbEntity
  8
ELEM_01_COMPLETO
100
AcDbFaceRecord
 10
0.0
 20
0.0
 30
0.0
 70
128
 71
131
 72
136
 73
132
  0
VERTEX
  5
4A0
330
17
100
AcDbEntity
  8
ELEM_01_COMPLETO
100
AcDbFaceRecord
 10
0.0
 20
0.0
 30
0.0
 70
128
 71
136
 72
129
 73
132
  0
VERTEX
  5
4A4
330
17
100
AcDbEntity
  8
ELEM_01_COMPLETO
100
AcDbFaceRecord
 10
0.0
 20
0.0
 30
0.0
 70
128
 71
136
 72
133
 73
129
  0
VERTEX
  5
4A8
330
17
100
AcDbEntity
  8
ELEM_01_COMPLETO
100
AcDbFaceRecord
 10
0.0
 20
0.0
 30
0.0
 70
128
 71
137
 72
134
 73
133
  0
VERTEX
  5
4AC
330
17
100
AcDbEntity
  8
ELEM_01_COMPLETO
100
AcDbFaceRecord
 10
0.0
 20
0.0
 30
0.0
 70
128
 71
138
 72
134
 73
137
  0
VERTEX
  5
4B0
330
17
100
AcDbEntity
  8
ELEM_01_COMPLETO
100
AcDbFaceRecord
 10
0.0
 20
0.0
 30
0.0
 70
128
 71
134
 72
139
 73
135
  0
VERTEX
  5
4B4
330
17
100
AcDbEntity
  8
ELEM_01_COMPLETO
100
AcDbFaceRecord
 10
0.0
 20
0.0
 30
0.0
 70
128
 71
138
 72
139
 73
134
  0
VERTEX
  5
4B8
330
17
100
AcDbEntity
  8
ELEM_01_COMPLETO
100
AcDbFaceRecord
 10
0.0
 20
0.0
 30
0.0
 70
128
 71
135
 72
139
 73
140
  0
VERTEX
  5
4BC
330
17
100
AcDbEntity
  8
ELEM_01_COMPLETO
100
AcDbFaceRecord
 10
0.0
 20
0.0
 30
0.0
 70
128
 71
135
 72
140
 73
136
  0
VERTEX
  5
4C0
330
17
100
AcDbEntity
  8
ELEM_01_COMPLETO
100
AcDbFaceRecord
 10
0.0
 20
0.0
 30
0.0
 70
128
 71
140
 72
133
 73
136
  0
VERTEX
  5
4C4
330
17
100
AcDbEntity
  8
ELEM_01_COMPLETO
100
AcDbFaceRecord
 10
0.0
 20
0.0
 30
0.0
 70
128
 71
140
 72
137
 73
133
  0
VERTEX
  5
4C8
330
17
100
AcDbEntity
  8
ELEM_01_COMPLETO
100
AcDbFaceRecord
 10
0.0
 20
0.0
 30
0.0
 70
128
 71
141
 72
138
 73
137
  0
VERTEX
  5
4CC
330
17
100
AcDbEntity
  8
ELEM_01_COMPLETO
100
AcDbFaceRecord
 10
0.0
 20
0.0
 30
0.0
 70
128
 71
142
 72
138
 73
141
  0
VERTEX
  5
4D0
330
17
100
AcDbEntity
  8
ELEM_01_COMPLETO
100
AcDbFaceRecord
 10
0.0
 20
0.0
 30
0.0
 70
128
 71
138
 72
143
 73
139
  0
VERTEX
  5
4D4
330
17
100
AcDbEntity
  8
ELEM_01_COMPLETO
100
AcDbFaceRecord
 10
0.0
 20
0.0
 30
0.0
 70
128
 71
142
 72
143
 73
138
  0
VERTEX
  5
4D8
330
17
100
AcDbEntity
  8
ELEM_01_COMPLETO
100
AcDbFaceRecord
 10
0.0
 20
0.0
 30
0.0
 70
128
 71
139
 72
143
 73
144
  0
VERTEX
  5
4DC
330
17
100
AcDbEntity
  8
ELEM_01_COMPLETO
100
AcDbFaceRecord
 10
0.0
 20
0.0
 30
0.0
 70
128
 71
139
 72
144
 73
140
  0
VERTEX
  5
4E0
330
17
100
AcDbEntity
  8
ELEM_01_COMPLETO
100
AcDbFaceRecord
 10
0.0
 20
0.0
 30
0.0
 70
128
 71
144
 72
137
 73
140
  0
VERTEX
  5
4E4
330
17
100
AcDbEntity
  8
ELEM_01_COMPLETO
100
AcDbFaceRecord
 10
0.0
 20
0.0
 30
0.0
 70
128
 71
144
 72
141
 73
137
  0
VERTEX
  5
4E8
330
17
100
AcDbEntity
  8
ELEM_01_COMPLETO
100
AcDbFaceRecord
 10
0.0
 20
0.0
 30
0.0
 70
128
 71
145
 72
142
 73
141
  0
VERTEX
  5
4EC
330
17
100
AcDbEntity
  8
ELEM_01_COMPLETO
100
AcDbFaceRecord
 10
0.0
 20
0.0
 30
0.0
 70
128
 71
146
 72
142
 73
145
  0
VERTEX
  5
4F0
330
17
100
AcDbEntity
  8
ELEM_01_COMPLETO
100
AcDbFaceRecord
 10
0.0
 20
0.0
 30
0.0
 70
128
 71
142
 72
147
 73
143
  0
VERTEX
  5
4F4
330
17
100
AcDbEntity
  8
ELEM_01_COMPLETO
100
AcDbFaceRecord
 10
0.0
 20
0.0
 30
0.0
 70
128
 71
146
 72
147
 73
142
  0
VERTEX
  5
4F8
330
17
100
AcDbEntity
  8
ELEM_01_COMPLETO
100
AcDbFaceRecord
 10
0.0
 20
0.0
 30
0.0
 70
128
 71
143
 72
147
 73
148
  0
VERTEX
  5
4FC
330
17
100
AcDbEntity
  8
ELEM_01_COMPLETO
100
AcDbFaceRecord
 10
0.0
 20
0.0
 30
0.0
 70
128
 71
143
 72
148
 73
144
  0
VERTEX
  5
500
330
17
100
AcDbEntity
  8
ELEM_01_COMPLETO
100
AcDbFaceRecord
 10
0.0
 20
0.0
 30
0.0
 70
128
 71
148
 72
141
 73
144
  0
VERTEX
  5
504
330
17
100
AcDbEntity
  8
ELEM_01_COMPLETO
100
AcDbFaceRecord
 10
0.0
 20
0.0
 30
0.0
 70
128
 71
148
 72
145
 73
141
  0
VERTEX
  5
508
330
17
100
AcDbEntity
  8
ELEM_01_COMPLETO
100
AcDbFaceRecord
 10
0.0
 20
0.0
 30
0.0
 70
128
 71
149
 72
146
 73
145
  0
VERTEX
  5
50C
330
17
100
AcDbEntity
  8
ELEM_01_COMPLETO
100
AcDbFaceRecord
 10
0.0
 20
0.0
 30
0.0
 70
128
 71
150
 72
146
 73
149
  0
VERTEX
  5
510
330
17
100
AcDbEntity
  8
ELEM_01_COMPLETO
100
AcDbFaceRecord
 10
0.0
 20
0.0
 30
0.0
 70
128
 71
146
 72
151
 73
147
  0
VERTEX
  5
514
330
17
100
AcDbEntity
  8
ELEM_01_COMPLETO
100
AcDbFaceRecord
 10
0.0
 20
0.0
 30
0.0
 70
128
 71
150
 72
151
 73
146
  0
VERTEX
  5
518
330
17
100
AcDbEntity
  8
ELEM_01_COMPLETO
100
AcDbFaceRecord
 10
0.0
 20
0.0
 30
0.0
 70
128
 71
147
 72
151
 73
152
  0
VERTEX
  5
51C
330
17
100
AcDbEntity
  8
ELEM_01_COMPLETO
100
AcDbFaceRecord
 10
0.0
 20
0.0
 30
0.0
 70
128
 71
147
 72
152
 73
148
  0
VERTEX
  5
520
330
17
100
AcDbEntity
  8
ELEM_01_COMPLETO
100
AcDbFaceRecord
 10
0.0
 20
0.0
 30
0.0
 70
128
 71
152
 72
145
 73
148
  0
VERTEX
  5
524
330
17
100
AcDbEntity
  8
ELEM_01_COMPLETO
100
AcDbFaceRecord
 10
0.0
 20
0.0
 30
0.0
 70
128
 71
152
 72
149
 73
145
  0
VERTEX
  5
528
330
17
100
AcDbEntity
  8
ELEM_01_COMPLETO
100
AcDbFaceRecord
 10
0.0
 20
0.0
 30
0.0
 70
128
 71
153
 72
150
 73
149
  0
VERTEX
  5
52C
330
17
100
AcDbEntity
  8
ELEM_01_COMPLETO
100
AcDbFaceRecord
 10
0.0
 20
0.0
 30
0.0
 70
128
 71
154
 72
150
 73
153
  0
VERTEX
  5
530
330
17
100
AcDbEntity
  8
ELEM_01_COMPLETO
100
AcDbFaceRecord
 10
0.0
 20
0.0
 30
0.0
 70
128
 71
150
 72
155
 73
151
  0
VERTEX
  5
534
330
17
100
AcDbEntity
  8
ELEM_01_COMPLETO
100
AcDbFaceRecord
 10
0.0
 20
0.0
 30
0.0
 70
128
 71
154
 72
155
 73
150
  0
VERTEX
  5
538
330
17
100
AcDbEntity
  8
ELEM_01_COMPLETO
100
AcDbFaceRecord
 10
0.0
 20
0.0
 30
0.0
 70
128
 71
151
 72
155
 73
156
  0
VERTEX
  5
53C
330
17
100
AcDbEntity
  8
ELEM_01_COMPLETO
100
AcDbFaceRecord
 10
0.0
 20
0.0
 30
0.0
 70
128
 71
151
 72
156
 73
152
  0
VERTEX
  5
540
330
17
100
AcDbEntity
  8
ELEM_01_COMPLETO
100
AcDbFaceRecord
 10
0.0
 20
0.0
 30
0.0
 70
128
 71
156
 72
149
 73
152
  0
VERTEX
  5
544
330
17
100
AcDbEntity
  8
ELEM_01_COMPLETO
100
AcDbFaceRecord
 10
0.0
 20
0.0
 30
0.0
 70
128
 71
156
 72
153
 73
149
  0
VERTEX
  5
548
330
17
100
AcDbEntity
  8
ELEM_01_COMPLETO
100
AcDbFaceRecord
 10
0.0
 20
0.0
 30
0.0
 70
128
 71
157
 72
154
 73
153
  0
VERTEX
  5
54C
330
17
100
AcDbEntity
  8
ELEM_01_COMPLETO
100
AcDbFaceRecord
 10
0.0
 20
0.0
 30
0.0
 70
128
 71
158
 72
154
 73
157
  0
VERTEX
  5
550
330
17
100
AcDbEntity
  8
ELEM_01_COMPLETO
100
AcDbFaceRecord
 10
0.0
 20
0.0
 30
0.0
 70
128
 71
154
 72
159
 73
155
  0
VERTEX
  5
554
330
17
100
AcDbEntity
  8
ELEM_01_COMPLETO
100
AcDbFaceRecord
 10
0.0
 20
0.0
 30
0.0
 70
128
 71
158
 72
159
 73
154
  0
VERTEX
  5
558
330
17
100
AcDbEntity
  8
ELEM_01_COMPLETO
100
AcDbFaceRecord
 10
0.0
 20
0.0
 30
0.0
 70
128
 71
155
 72
159
 73
160
  0
VERTEX
  5
55C
330
17
100
AcDbEntity
  8
ELEM_01_COMPLETO
100
AcDbFaceRecord
 10
0.0
 20
0.0
 30
0.0
 70
128
 71
155
 72
160
 73
156
  0
VERTEX
  5
560
330
17
100
AcDbEntity
  8
ELEM_01_COMPLETO
100
AcDbFaceRecord
 10
0.0
 20
0.0
 30
0.0
 70
128
 71
160
 72
153
 73
156
  0
VERTEX
  5
564
330
17
100
AcDbEntity
  8
ELEM_01_COMPLETO
100
AcDbFaceRecord
 10
0.0
 20
0.0
 30
0.0
 70
128
 71
160
 72
157
 73
153
  0
VERTEX
  5
568
330
17
100
AcDbEntity
  8
ELEM_01_COMPLETO
100
AcDbFaceRecord
 10
0.0
 20
0.0
 30
0.0
 70
128
 71
161
 72
158
 73
157
  0
VERTEX
  5
56C
330
17
100
AcDbEntity
  8
ELEM_01_COMPLETO
100
AcDbFaceRecord
 10
0.0
 20
0.0
 30
0.0
 70
128
 71
162
 72
158
 73
161
  0
VERTEX
  5
570
330
17
100
AcDbEntity
  8
ELEM_01_COMPLETO
100
AcDbFaceRecord
 10
0.0
 20
0.0
 30
0.0
 70
128
 71
158
 72
163
 73
159
  0
VERTEX
  5
574
330
17
100
AcDbEntity
  8
ELEM_01_COMPLETO
100
AcDbFaceRecord
 10
0.0
 20
0.0
 30
0.0
 70
128
 71
162
 72
163
 73
158
  0
VERTEX
  5
578
330
17
100
AcDbEntity
  8
ELEM_01_COMPLETO
100
AcDbFaceRecord
 10
0.0
 20
0.0
 30
0.0
 70
128
 71
159
 72
163
 73
164
  0
VERTEX
  5
57C
330
17
100
AcDbEntity
  8
ELEM_01_COMPLETO
100
AcDbFaceRecord
 10
0.0
 20
0.0
 30
0.0
 70
128
 71
159
 72
164
 73
160
  0
VERTEX
  5
580
330
17
100
AcDbEntity
  8
ELEM_01_COMPLETO
100
AcDbFaceRecord
 10
0.0
 20
0.0
 30
0.0
 70
128
 71
164
 72
157
 73
160
  0
VERTEX
  5
584
330
17
100
AcDbEntity
  8
ELEM_01_COMPLETO
100
AcDbFaceRecord
 10
0.0
 20
0.0
 30
0.0
 70
128
 71
164
 72
161
 73
157
  0
VERTEX
  5
588
330
17
100
AcDbEntity
  8
ELEM_01_COMPLETO
100
AcDbFaceRecord
 10
0.0
 20
0.0
 30
0.0
 70
128
 71
16
 72
162
 73
161
  0
VERTEX
  5
58C
330
17
100
AcDbEntity
  8
ELEM_01_COMPLETO
100
AcDbFaceRecord
 10
0.0
 20
0.0
 30
0.0
 70
128
 71
13
 72
162
 73
16
  0
VERTEX
  5
590
330
17
100
AcDbEntity
  8
ELEM_01_COMPLETO
100
AcDbFaceRecord
 10
0.0
 20
0.0
 30
0.0
 70
128
 71
162
 72
15
 73
163
  0
VERTEX
  5
594
330
17
100
AcDbEntity
  8
ELEM_01_COMPLETO
100
AcDbFaceRecord
 10
0.0
 20
0.0
 30
0.0
 70
128
 71
13
 72
15
 73
162
  0
VERTEX
  5
598
330
17
100
AcDbEntity
  8
ELEM_01_COMPLETO
100
AcDbFaceRecord
 10
0.0
 20
0.0
 30
0.0
 70
128
 71
163
 72
15
 73
14
  0
VERTEX
  5
59C
330
17
100
AcDbEntity
  8
ELEM_01_COMPLETO
100
AcDbFaceRecord
 10
0.0
 20
0.0
 30
0.0
 70
128
 71
163
 72
14
 73
164
  0
VERTEX
  5
5A0
330
17
100
AcDbEntity
  8
ELEM_01_COMPLETO
100
AcDbFaceRecord
 10
0.0
 20
0.0
 30
0.0
 70
128
 71
14
 72
161
 73
164
  0
VERTEX
  5
5A4
330
17
100
AcDbEntity
  8
ELEM_01_COMPLETO
100
AcDbFaceRecord
 10
0.0
 20
0.0
 30
0.0
 70
128
 71
14
 72
16
 73
161
  0
VERTEX
  5
5A8
330
17
100
AcDbEntity
  8
ELEM_01_COMPLETO
100
AcDbFaceRecord
 10
0.0
 20
0.0
 30
0.0
 70
128
 71
165
 72
166
 73
167
  0
VERTEX
  5
5AC
330
17
100
AcDbEntity
  8
ELEM_01_COMPLETO
100
AcDbFaceRecord
 10
0.0
 20
0.0
 30
0.0
 70
128
 71
168
 72
166
 73
165
  0
VERTEX
  5
5B0
330
17
100
AcDbEntity
  8
ELEM_01_COMPLETO
100
AcDbFaceRecord
 10
0.0
 20
0.0
 30
0.0
 70
128
 71
169
 72
13
 73
16
  0
VERTEX
  5
5B4
330
17
100
AcDbEntity
  8
ELEM_01_COMPLETO
100
AcDbFaceRecord
 10
0.0
 20
0.0
 30
0.0
 70
128
 71
170
 72
13
 73
169
  0
VERTEX
  5
5B8
330
17
100
AcDbEntity
  8
ELEM_01_COMPLETO
100
AcDbFaceRecord
 10
0.0
 20
0.0
 30
0.0
 70
128
 71
13
 72
171
 73
15
  0
VERTEX
  5
5BC
330
17
100
AcDbEntity
  8
ELEM_01_COMPLETO
100
AcDbFaceRecord
 10
0.0
 20
0.0
 30
0.0
 70
128
 71
170
 72
171
 73
13
  0
VERTEX
  5
5C0
330
17
100
AcDbEntity
  8
ELEM_01_COMPLETO
100
AcDbFaceRecord
 10
0.0
 20
0.0
 30
0.0
 70
128
 71
15
 72
171
 73
172
  0
VERTEX
  5
5C4
330
17
100
AcDbEntity
  8
ELEM_01_COMPLETO
100
AcDbFaceRecord
 10
0.0
 20
0.0
 30
0.0
 70
128
 71
15
 72
172
 73
14
  0
VERTEX
  5
5C8
330
17
100
AcDbEntity
  8
ELEM_01_COMPLETO
100
AcDbFaceRecord
 10
0.0
 20
0.0
 30
0.0
 70
128
 71
172
 72
16
 73
14
  0
VERTEX
  5
5CC
330
17
100
AcDbEntity
  8
ELEM_01_COMPLETO
100
AcDbFaceRecord
 10
0.0
 20
0.0
 30
0.0
 70
128
 71
172
 72
169
 73
16
  0
VERTEX
  5
5D0
330
17
100
AcDbEntity
  8
ELEM_01_COMPLETO
100
AcDbFaceRecord
 10
0.0
 20
0.0
 30
0.0
 70
128
 71
173
 72
170
 73
169
  0
VERTEX
  5
5D4
330
17
100
AcDbEntity
  8
ELEM_01_COMPLETO
100
AcDbFaceRecord
 10
0.0
 20
0.0
 30
0.0
 70
128
 71
174
 72
170
 73
173
  0
VERTEX
  5
5D8
330
17
100
AcDbEntity
  8
ELEM_01_COMPLETO
100
AcDbFaceRecord
 10
0.0
 20
0.0
 30
0.0
 70
128
 71
170
 72
175
 73
171
  0
VERTEX
  5
5DC
330
17
100
AcDbEntity
  8
ELEM_01_COMPLETO
100
AcDbFaceRecord
 10
0.0
 20
0.0
 30
0.0
 70
128
 71
174
 72
175
 73
170
  0
VERTEX
  5
5E0
330
17
100
AcDbEntity
  8
ELEM_01_COMPLETO
100
AcDbFaceRecord
 10
0.0
 20
0.0
 30
0.0
 70
128
 71
171
 72
175
 73
176
  0
VERTEX
  5
5E4
330
17
100
AcDbEntity
  8
ELEM_01_COMPLETO
100
AcDbFaceRecord
 10
0.0
 20
0.0
 30
0.0
 70
128
 71
171
 72
176
 73
172
  0
VERTEX
  5
5E8
330
17
100
AcDbEntity
  8
ELEM_01_COMPLETO
100
AcDbFaceRecord
 10
0.0
 20
0.0
 30
0.0
 70
128
 71
176
 72
169
 73
172
  0
VERTEX
  5
5EC
330
17
100
AcDbEntity
  8
ELEM_01_COMPLETO
100
AcDbFaceRecord
 10
0.0
 20
0.0
 30
0.0
 70
128
 71
176
 72
173
 73
169
  0
VERTEX
  5
5F0
330
17
100
AcDbEntity
  8
ELEM_01_COMPLETO
100
AcDbFaceRecord
 10
0.0
 20
0.0
 30
0.0
 70
128
 71
177
 72
174
 73
173
  0
VERTEX
  5
5F4
330
17
100
AcDbEntity
  8
ELEM_01_COMPLETO
100
AcDbFaceRecord
 10
0.0
 20
0.0
 30
0.0
 70
128
 71
178
 72
174
 73
177
  0
VERTEX
  5
5F8
330
17
100
AcDbEntity
  8
ELEM_01_COMPLETO
100
AcDbFaceRecord
 10
0.0
 20
0.0
 30
0.0
 70
128
 71
174
 72
179
 73
175
  0
VERTEX
  5
5FC
330
17
100
AcDbEntity
  8
ELEM_01_COMPLETO
100
AcDbFaceRecord
 10
0.0
 20
0.0
 30
0.0
 70
128
 71
178
 72
179
 73
174
  0
VERTEX
  5
600
330
17
100
AcDbEntity
  8
ELEM_01_COMPLETO
100
AcDbFaceRecord
 10
0.0
 20
0.0
 30
0.0
 70
128
 71
175
 72
179
 73
180
  0
VERTEX
  5
604
330
17
100
AcDbEntity
  8
ELEM_01_COMPLETO
100
AcDbFaceRecord
 10
0.0
 20
0.0
 30
0.0
 70
128
 71
175
 72
180
 73
176
  0
VERTEX
  5
608
330
17
100
AcDbEntity
  8
ELEM_01_COMPLETO
100
AcDbFaceRecord
 10
0.0
 20
0.0
 30
0.0
 70
128
 71
180
 72
173
 73
176
  0
VERTEX
  5
60C
330
17
100
AcDbEntity
  8
ELEM_01_COMPLETO
100
AcDbFaceRecord
 10
0.0
 20
0.0
 30
0.0
 70
128
 71
180
 72
177
 73
173
  0
VERTEX
  5
610
330
17
100
AcDbEntity
  8
ELEM_01_COMPLETO
100
AcDbFaceRecord
 10
0.0
 20
0.0
 30
0.0
 70
128
 71
181
 72
178
 73
177
  0
VERTEX
  5
614
330
17
100
AcDbEntity
  8
ELEM_01_COMPLETO
100
AcDbFaceRecord
 10
0.0
 20
0.0
 30
0.0
 70
128
 71
182
 72
178
 73
181
  0
VERTEX
  5
618
330
17
100
AcDbEntity
  8
ELEM_01_COMPLETO
100
AcDbFaceRecord
 10
0.0
 20
0.0
 30
0.0
 70
128
 71
178
 72
183
 73
179
  0
VERTEX
  5
61C
330
17
100
AcDbEntity
  8
ELEM_01_COMPLETO
100
AcDbFaceRecord
 10
0.0
 20
0.0
 30
0.0
 70
128
 71
182
 72
183
 73
178
  0
VERTEX
  5
620
330
17
100
AcDbEntity
  8
ELEM_01_COMPLETO
100
AcDbFaceRecord
 10
0.0
 20
0.0
 30
0.0
 70
128
 71
179
 72
183
 73
184
  0
VERTEX
  5
624
330
17
100
AcDbEntity
  8
ELEM_01_COMPLETO
100
AcDbFaceRecord
 10
0.0
 20
0.0
 30
0.0
 70
128
 71
179
 72
184
 73
180
  0
VERTEX
  5
628
330
17
100
AcDbEntity
  8
ELEM_01_COMPLETO
100
AcDbFaceRecord
 10
0.0
 20
0.0
 30
0.0
 70
128
 71
184
 72
177
 73
180
  0
VERTEX
  5
62C
330
17
100
AcDbEntity
  8
ELEM_01_COMPLETO
100
AcDbFaceRecord
 10
0.0
 20
0.0
 30
0.0
 70
128
 71
184
 72
181
 73
177
  0
VERTEX
  5
630
330
17
100
AcDbEntity
  8
ELEM_01_COMPLETO
100
AcDbFaceRecord
 10
0.0
 20
0.0
 30
0.0
 70
128
 71
185
 72
182
 73
181
  0
VERTEX
  5
634
330
17
100
AcDbEntity
  8
ELEM_01_COMPLETO
100
AcDbFaceRecord
 10
0.0
 20
0.0
 30
0.0
 70
128
 71
186
 72
182
 73
185
  0
VERTEX
  5
638
330
17
100
AcDbEntity
  8
ELEM_01_COMPLETO
100
AcDbFaceRecord
 10
0.0
 20
0.0
 30
0.0
 70
128
 71
182
 72
187
 73
183
  0
VERTEX
  5
63C
330
17
100
AcDbEntity
  8
ELEM_01_COMPLETO
100
AcDbFaceRecord
 10
0.0
 20
0.0
 30
0.0
 70
128
 71
186
 72
187
 73
182
  0
VERTEX
  5
640
330
17
100
AcDbEntity
  8
ELEM_01_COMPLETO
100
AcDbFaceRecord
 10
0.0
 20
0.0
 30
0.0
 70
128
 71
183
 72
187
 73
188
  0
VERTEX
  5
644
330
17
100
AcDbEntity
  8
ELEM_01_COMPLETO
100
AcDbFaceRecord
 10
0.0
 20
0.0
 30
0.0
 70
128
 71
183
 72
188
 73
184
  0
VERTEX
  5
648
330
17
100
AcDbEntity
  8
ELEM_01_COMPLETO
100
AcDbFaceRecord
 10
0.0
 20
0.0
 30
0.0
 70
128
 71
188
 72
181
 73
184
  0
VERTEX
  5
64C
330
17
100
AcDbEntity
  8
ELEM_01_COMPLETO
100
AcDbFaceRecord
 10
0.0
 20
0.0
 30
0.0
 70
128
 71
188
 72
185
 73
181
  0
VERTEX
  5
650
330
17
100
AcDbEntity
  8
ELEM_01_COMPLETO
100
AcDbFaceRecord
 10
0.0
 20
0.0
 30
0.0
 70
128
 71
189
 72
186
 73
185
  0
VERTEX
  5
654
330
17
100
AcDbEntity
  8
ELEM_01_COMPLETO
100
AcDbFaceRecord
 10
0.0
 20
0.0
 30
0.0
 70
128
 71
190
 72
186
 73
189
  0
VERTEX
  5
658
330
17
100
AcDbEntity
  8
ELEM_01_COMPLETO
100
AcDbFaceRecord
 10
0.0
 20
0.0
 30
0.0
 70
128
 71
186
 72
191
 73
187
  0
VERTEX
  5
65C
330
17
100
AcDbEntity
  8
ELEM_01_COMPLETO
100
AcDbFaceRecord
 10
0.0
 20
0.0
 30
0.0
 70
128
 71
190
 72
191
 73
186
  0
VERTEX
  5
660
330
17
100
AcDbEntity
  8
ELEM_01_COMPLETO
100
AcDbFaceRecord
 10
0.0
 20
0.0
 30
0.0
 70
128
 71
187
 72
191
 73
192
  0
VERTEX
  5
664
330
17
100
AcDbEntity
  8
ELEM_01_COMPLETO
100
AcDbFaceRecord
 10
0.0
 20
0.0
 30
0.0
 70
128
 71
187
 72
192
 73
188
  0
VERTEX
  5
668
330
17
100
AcDbEntity
  8
ELEM_01_COMPLETO
100
AcDbFaceRecord
 10
0.0
 20
0.0
 30
0.0
 70
128
 71
192
 72
185
 73
188
  0
VERTEX
  5
66C
330
17
100
AcDbEntity
  8
ELEM_01_COMPLETO
100
AcDbFaceRecord
 10
0.0
 20
0.0
 30
0.0
 70
128
 71
192
 72
189
 73
185
  0
VERTEX
  5
670
330
17
100
AcDbEntity
  8
ELEM_01_COMPLETO
100
AcDbFaceRecord
 10
0.0
 20
0.0
 30
0.0
 70
128
 71
193
 72
190
 73
189
  0
VERTEX
  5
674
330
17
100
AcDbEntity
  8
ELEM_01_COMPLETO
100
AcDbFaceRecord
 10
0.0
 20
0.0
 30
0.0
 70
128
 71
194
 72
190
 73
193
  0
VERTEX
  5
678
330
17
100
AcDbEntity
  8
ELEM_01_COMPLETO
100
AcDbFaceRecord
 10
0.0
 20
0.0
 30
0.0
 70
128
 71
190
 72
195
 73
191
  0
VERTEX
  5
67C
330
17
100
AcDbEntity
  8
ELEM_01_COMPLETO
100
AcDbFaceRecord
 10
0.0
 20
0.0
 30
0.0
 70
128
 71
194
 72
195
 73
190
  0
VERTEX
  5
680
330
17
100
AcDbEntity
  8
ELEM_01_COMPLETO
100
AcDbFaceRecord
 10
0.0
 20
0.0
 30
0.0
 70
128
 71
191
 72
195
 73
196
  0
VERTEX
  5
684
330
17
100
AcDbEntity
  8
ELEM_01_COMPLETO
100
AcDbFaceRecord
 10
0.0
 20
0.0
 30
0.0
 70
128
 71
191
 72
196
 73
192
  0
VERTEX
  5
688
330
17
100
AcDbEntity
  8
ELEM_01_COMPLETO
100
AcDbFaceRecord
 10
0.0
 20
0.0
 30
0.0
 70
128
 71
196
 72
189
 73
192
  0
VERTEX
  5
68C
330
17
100
AcDbEntity
  8
ELEM_01_COMPLETO
100
AcDbFaceRecord
 10
0.0
 20
0.0
 30
0.0
 70
128
 71
196
 72
193
 73
189
  0
VERTEX
  5
690
330
17
100
AcDbEntity
  8
ELEM_01_COMPLETO
100
AcDbFaceRecord
 10
0.0
 20
0.0
 30
0.0
 70
128
 71
197
 72
194
 73
193
  0
VERTEX
  5
694
330
17
100
AcDbEntity
  8
ELEM_01_COMPLETO
100
AcDbFaceRecord
 10
0.0
 20
0.0
 30
0.0
 70
128
 71
198
 72
194
 73
197
  0
VERTEX
  5
698
330
17
100
AcDbEntity
  8
ELEM_01_COMPLETO
100
AcDbFaceRecord
 10
0.0
 20
0.0
 30
0.0
 70
128
 71
194
 72
199
 73
195
  0
VERTEX
  5
69C
330
17
100
AcDbEntity
  8
ELEM_01_COMPLETO
100
AcDbFaceRecord
 10
0.0
 20
0.0
 30
0.0
 70
128
 71
198
 72
199
 73
194
  0
VERTEX
  5
6A0
330
17
100
AcDbEntity
  8
ELEM_01_COMPLETO
100
AcDbFaceRecord
 10
0.0
 20
0.0
 30
0.0
 70
128
 71
195
 72
199
 73
200
  0
VERTEX
  5
6A4
330
17
100
AcDbEntity
  8
ELEM_01_COMPLETO
100
AcDbFaceRecord
 10
0.0
 20
0.0
 30
0.0
 70
128
 71
195
 72
200
 73
196
  0
VERTEX
  5
6A8
330
17
100
AcDbEntity
  8
ELEM_01_COMPLETO
100
AcDbFaceRecord
 10
0.0
 20
0.0
 30
0.0
 70
128
 71
200
 72
193
 73
196
  0
VERTEX
  5
6AC
330
17
100
AcDbEntity
  8
ELEM_01_COMPLETO
100
AcDbFaceRecord
 10
0.0
 20
0.0
 30
0.0
 70
128
 71
200
 72
197
 73
193
  0
VERTEX
  5
6B0
330
17
100
AcDbEntity
  8
ELEM_01_COMPLETO
100
AcDbFaceRecord
 10
0.0
 20
0.0
 30
0.0
 70
128
 71
201
 72
198
 73
197
  0
VERTEX
  5
6B4
330
17
100
AcDbEntity
  8
ELEM_01_COMPLETO
100
AcDbFaceRecord
 10
0.0
 20
0.0
 30
0.0
 70
128
 71
202
 72
198
 73
201
  0
VERTEX
  5
6B8
330
17
100
AcDbEntity
  8
ELEM_01_COMPLETO
100
AcDbFaceRecord
 10
0.0
 20
0.0
 30
0.0
 70
128
 71
198
 72
203
 73
199
  0
VERTEX
  5
6BC
330
17
100
AcDbEntity
  8
ELEM_01_COMPLETO
100
AcDbFaceRecord
 10
0.0
 20
0.0
 30
0.0
 70
128
 71
202
 72
203
 73
198
  0
VERTEX
  5
6C0
330
17
100
AcDbEntity
  8
ELEM_01_COMPLETO
100
AcDbFaceRecord
 10
0.0
 20
0.0
 30
0.0
 70
128
 71
199
 72
203
 73
204
  0
VERTEX
  5
6C4
330
17
100
AcDbEntity
  8
ELEM_01_COMPLETO
100
AcDbFaceRecord
 10
0.0
 20
0.0
 30
0.0
 70
128
 71
199
 72
204
 73
200
  0
VERTEX
  5
6C8
330
17
100
AcDbEntity
  8
ELEM_01_COMPLETO
100
AcDbFaceRecord
 10
0.0
 20
0.0
 30
0.0
 70
128
 71
204
 72
197
 73
200
  0
VERTEX
  5
6CC
330
17
100
AcDbEntity
  8
ELEM_01_COMPLETO
100
AcDbFaceRecord
 10
0.0
 20
0.0
 30
0.0
 70
128
 71
204
 72
201
 73
197
  0
VERTEX
  5
6D0
330
17
100
AcDbEntity
  8
ELEM_01_COMPLETO
100
AcDbFaceRecord
 10
0.0
 20
0.0
 30
0.0
 70
128
 71
205
 72
202
 73
201
  0
VERTEX
  5
6D4
330
17
100
AcDbEntity
  8
ELEM_01_COMPLETO
100
AcDbFaceRecord
 10
0.0
 20
0.0
 30
0.0
 70
128
 71
206
 72
202
 73
205
  0
VERTEX
  5
6D8
330
17
100
AcDbEntity
  8
ELEM_01_COMPLETO
100
AcDbFaceRecord
 10
0.0
 20
0.0
 30
0.0
 70
128
 71
202
 72
207
 73
203
  0
VERTEX
  5
6DC
330
17
100
AcDbEntity
  8
ELEM_01_COMPLETO
100
AcDbFaceRecord
 10
0.0
 20
0.0
 30
0.0
 70
128
 71
206
 72
207
 73
202
  0
VERTEX
  5
6E0
330
17
100
AcDbEntity
  8
ELEM_01_COMPLETO
100
AcDbFaceRecord
 10
0.0
 20
0.0
 30
0.0
 70
128
 71
203
 72
207
 73
208
  0
VERTEX
  5
6E4
330
17
100
AcDbEntity
  8
ELEM_01_COMPLETO
100
AcDbFaceRecord
 10
0.0
 20
0.0
 30
0.0
 70
128
 71
203
 72
208
 73
204
  0
VERTEX
  5
6E8
330
17
100
AcDbEntity
  8
ELEM_01_COMPLETO
100
AcDbFaceRecord
 10
0.0
 20
0.0
 30
0.0
 70
128
 71
208
 72
201
 73
204
  0
VERTEX
  5
6EC
330
17
100
AcDbEntity
  8
ELEM_01_COMPLETO
100
AcDbFaceRecord
 10
0.0
 20
0.0
 30
0.0
 70
128
 71
208
 72
205
 73
201
  0
VERTEX
  5
6F0
330
17
100
AcDbEntity
  8
ELEM_01_COMPLETO
100
AcDbFaceRecord
 10
0.0
 20
0.0
 30
0.0
 70
128
 71
168
 72
206
 73
205
  0
VERTEX
  5
6F4
330
17
100
AcDbEntity
  8
ELEM_01_COMPLETO
100
AcDbFaceRecord
 10
0.0
 20
0.0
 30
0.0
 70
128
 71
165
 72
206
 73
168
  0
VERTEX
  5
6F8
330
17
100
AcDbEntity
  8
ELEM_01_COMPLETO
100
AcDbFaceRecord
 10
0.0
 20
0.0
 30
0.0
 70
128
 71
206
 72
167
 73
207
  0
VERTEX
  5
6FC
330
17
100
AcDbEntity
  8
ELEM_01_COMPLETO
100
AcDbFaceRecord
 10
0.0
 20
0.0
 30
0.0
 70
128
 71
165
 72
167
 73
206
  0
VERTEX
  5
700
330
17
100
AcDbEntity
  8
ELEM_01_COMPLETO
100
AcDbFaceRecord
 10
0.0
 20
0.0
 30
0.0
 70
128
 71
207
 72
167
 73
166
  0
VERTEX
  5
704
330
17
100
AcDbEntity
  8
ELEM_01_COMPLETO
100
AcDbFaceRecord
 10
0.0
 20
0.0
 30
0.0
 70
128
 71
207
 72
166
 73
208
  0
VERTEX
  5
708
330
17
100
AcDbEntity
  8
ELEM_01_COMPLETO
100
AcDbFaceRecord
 10
0.0
 20
0.0
 30
0.0
 70
128
 71
166
 72
205
 73
208
  0
VERTEX
  5
70C
330
17
100
AcDbEntity
  8
ELEM_01_COMPLETO
100
AcDbFaceRecord
 10
0.0
 20
0.0
 30
0.0
 70
128
 71
166
 72
168
 73
205
  0
VERTEX
  5
710
330
17
100
AcDbEntity
  8
ELEM_01_COMPLETO
100
AcDbFaceRecord
 10
0.0
 20
0.0
 30
0.0
 70
128
 71
209
 72
165
 73
168
  0
VERTEX
  5
714
330
17
100
AcDbEntity
  8
ELEM_01_COMPLETO
100
AcDbFaceRecord
 10
0.0
 20
0.0
 30
0.0
 70
128
 71
210
 72
165
 73
209
  0
VERTEX
  5
718
330
17
100
AcDbEntity
  8
ELEM_01_COMPLETO
100
AcDbFaceRecord
 10
0.0
 20
0.0
 30
0.0
 70
128
 71
165
 72
211
 73
167
  0
VERTEX
  5
71C
330
17
100
AcDbEntity
  8
ELEM_01_COMPLETO
100
AcDbFaceRecord
 10
0.0
 20
0.0
 30
0.0
 70
128
 71
210
 72
211
 73
165
  0
VERTEX
  5
720
330
17
100
AcDbEntity
  8
ELEM_01_COMPLETO
100
AcDbFaceRecord
 10
0.0
 20
0.0
 30
0.0
 70
128
 71
167
 72
211
 73
212
  0
VERTEX
  5
724
330
17
100
AcDbEntity
  8
ELEM_01_COMPLETO
100
AcDbFaceRecord
 10
0.0
 20
0.0
 30
0.0
 70
128
 71
167
 72
212
 73
166
  0
VERTEX
  5
728
330
17
100
AcDbEntity
  8
ELEM_01_COMPLETO
100
AcDbFaceRecord
 10
0.0
 20
0.0
 30
0.0
 70
128
 71
212
 72
168
 73
166
  0
VERTEX
  5
72C
330
17
100
AcDbEntity
  8
ELEM_01_COMPLETO
100
AcDbFaceRecord
 10
0.0
 20
0.0
 30
0.0
 70
128
 71
212
 72
209
 73
168
  0
VERTEX
  5
730
330
17
100
AcDbEntity
  8
ELEM_01_COMPLETO
100
AcDbFaceRecord
 10
0.0
 20
0.0
 30
0.0
 70
128
 71
213
 72
210
 73
209
  0
VERTEX
  5
734
330
17
100
AcDbEntity
  8
ELEM_01_COMPLETO
100
AcDbFaceRecord
 10
0.0
 20
0.0
 30
0.0
 70
128
 71
214
 72
210
 73
213
  0
VERTEX
  5
738
330
17
100
AcDbEntity
  8
ELEM_01_COMPLETO
100
AcDbFaceRecord
 10
0.0
 20
0.0
 30
0.0
 70
128
 71
210
 72
215
 73
211
  0
VERTEX
  5
73C
330
17
100
AcDbEntity
  8
ELEM_01_COMPLETO
100
AcDbFaceRecord
 10
0.0
 20
0.0
 30
0.0
 70
128
 71
214
 72
215
 73
210
  0
VERTEX
  5
740
330
17
100
AcDbEntity
  8
ELEM_01_COMPLETO
100
AcDbFaceRecord
 10
0.0
 20
0.0
 30
0.0
 70
128
 71
211
 72
215
 73
216
  0
VERTEX
  5
744
330
17
100
AcDbEntity
  8
ELEM_01_COMPLETO
100
AcDbFaceRecord
 10
0.0
 20
0.0
 30
0.0
 70
128
 71
211
 72
216
 73
212
  0
VERTEX
  5
748
330
17
100
AcDbEntity
  8
ELEM_01_COMPLETO
100
AcDbFaceRecord
 10
0.0
 20
0.0
 30
0.0
 70
128
 71
216
 72
209
 73
212
  0
VERTEX
  5
74C
330
17
100
AcDbEntity
  8
ELEM_01_COMPLETO
100
AcDbFaceRecord
 10
0.0
 20
0.0
 30
0.0
 70
128
 71
216
 72
213
 73
209
  0
VERTEX
  5
750
330
17
100
AcDbEntity
  8
ELEM_01_COMPLETO
100
AcDbFaceRecord
 10
0.0
 20
0.0
 30
0.0
 70
128
 71
217
 72
214
 73
213
  0
VERTEX
  5
754
330
17
100
AcDbEntity
  8
ELEM_01_COMPLETO
100
AcDbFaceRecord
 10
0.0
 20
0.0
 30
0.0
 70
128
 71
218
 72
214
 73
217
  0
VERTEX
  5
758
330
17
100
AcDbEntity
  8
ELEM_01_COMPLETO
100
AcDbFaceRecord
 10
0.0
 20
0.0
 30
0.0
 70
128
 71
214
 72
219
 73
215
  0
VERTEX
  5
75C
330
17
100
AcDbEntity
  8
ELEM_01_COMPLETO
100
AcDbFaceRecord
 10
0.0
 20
0.0
 30
0.0
 70
128
 71
218
 72
219
 73
214
  0
VERTEX
  5
760
330
17
100
AcDbEntity
  8
ELEM_01_COMPLETO
100
AcDbFaceRecord
 10
0.0
 20
0.0
 30
0.0
 70
128
 71
215
 72
219
 73
220
  0
VERTEX
  5
764
330
17
100
AcDbEntity
  8
ELEM_01_COMPLETO
100
AcDbFaceRecord
 10
0.0
 20
0.0
 30
0.0
 70
128
 71
215
 72
220
 73
216
  0
VERTEX
  5
768
330
17
100
AcDbEntity
  8
ELEM_01_COMPLETO
100
AcDbFaceRecord
 10
0.0
 20
0.0
 30
0.0
 70
128
 71
220
 72
213
 73
216
  0
VERTEX
  5
76C
330
17
100
AcDbEntity
  8
ELEM_01_COMPLETO
100
AcDbFaceRecord
 10
0.0
 20
0.0
 30
0.0
 70
128
 71
220
 72
217
 73
213
  0
VERTEX
  5
770
330
17
100
AcDbEntity
  8
ELEM_01_COMPLETO
100
AcDbFaceRecord
 10
0.0
 20
0.0
 30
0.0
 70
128
 71
221
 72
218
 73
217
  0
VERTEX
  5
774
330
17
100
AcDbEntity
  8
ELEM_01_COMPLETO
100
AcDbFaceRecord
 10
0.0
 20
0.0
 30
0.0
 70
128
 71
222
 72
218
 73
221
  0
VERTEX
  5
778
330
17
100
AcDbEntity
  8
ELEM_01_COMPLETO
100
AcDbFaceRecord
 10
0.0
 20
0.0
 30
0.0
 70
128
 71
218
 72
223
 73
219
  0
VERTEX
  5
77C
330
17
100
AcDbEntity
  8
ELEM_01_COMPLETO
100
AcDbFaceRecord
 10
0.0
 20
0.0
 30
0.0
 70
128
 71
222
 72
223
 73
218
  0
VERTEX
  5
780
330
17
100
AcDbEntity
  8
ELEM_01_COMPLETO
100
AcDbFaceRecord
 10
0.0
 20
0.0
 30
0.0
 70
128
 71
219
 72
223
 73
224
  0
VERTEX
  5
784
330
17
100
AcDbEntity
  8
ELEM_01_COMPLETO
100
AcDbFaceRecord
 10
0.0
 20
0.0
 30
0.0
 70
128
 71
219
 72
224
 73
220
  0
VERTEX
  5
788
330
17
100
AcDbEntity
  8
ELEM_01_COMPLETO
100
AcDbFaceRecord
 10
0.0
 20
0.0
 30
0.0
 70
128
 71
224
 72
217
 73
220
  0
VERTEX
  5
78C
330
17
100
AcDbEntity
  8
ELEM_01_COMPLETO
100
AcDbFaceRecord
 10
0.0
 20
0.0
 30
0.0
 70
128
 71
224
 72
221
 73
217
  0
VERTEX
  5
790
330
17
100
AcDbEntity
  8
ELEM_01_COMPLETO
100
AcDbFaceRecord
 10
0.0
 20
0.0
 30
0.0
 70
128
 71
225
 72
222
 73
221
  0
VERTEX
  5
794
330
17
100
AcDbEntity
  8
ELEM_01_COMPLETO
100
AcDbFaceRecord
 10
0.0
 20
0.0
 30
0.0
 70
128
 71
226
 72
222
 73
225
  0
VERTEX
  5
798
330
17
100
AcDbEntity
  8
ELEM_01_COMPLETO
100
AcDbFaceRecord
 10
0.0
 20
0.0
 30
0.0
 70
128
 71
222
 72
227
 73
223
  0
VERTEX
  5
79C
330
17
100
AcDbEntity
  8
ELEM_01_COMPLETO
100
AcDbFaceRecord
 10
0.0
 20
0.0
 30
0.0
 70
128
 71
226
 72
227
 73
222
  0
VERTEX
  5
7A0
330
17
100
AcDbEntity
  8
ELEM_01_COMPLETO
100
AcDbFaceRecord
 10
0.0
 20
0.0
 30
0.0
 70
128
 71
223
 72
227
 73
228
  0
VERTEX
  5
7A4
330
17
100
AcDbEntity
  8
ELEM_01_COMPLETO
100
AcDbFaceRecord
 10
0.0
 20
0.0
 30
0.0
 70
128
 71
223
 72
228
 73
224
  0
VERTEX
  5
7A8
330
17
100
AcDbEntity
  8
ELEM_01_COMPLETO
100
AcDbFaceRecord
 10
0.0
 20
0.0
 30
0.0
 70
128
 71
228
 72
221
 73
224
  0
VERTEX
  5
7AC
330
17
100
AcDbEntity
  8
ELEM_01_COMPLETO
100
AcDbFaceRecord
 10
0.0
 20
0.0
 30
0.0
 70
128
 71
228
 72
225
 73
221
  0
VERTEX
  5
7B0
330
17
100
AcDbEntity
  8
ELEM_01_COMPLETO
100
AcDbFaceRecord
 10
0.0
 20
0.0
 30
0.0
 70
128
 71
229
 72
226
 73
225
  0
VERTEX
  5
7B4
330
17
100
AcDbEntity
  8
ELEM_01_COMPLETO
100
AcDbFaceRecord
 10
0.0
 20
0.0
 30
0.0
 70
128
 71
230
 72
226
 73
229
  0
VERTEX
  5
7B8
330
17
100
AcDbEntity
  8
ELEM_01_COMPLETO
100
AcDbFaceRecord
 10
0.0
 20
0.0
 30
0.0
 70
128
 71
226
 72
231
 73
227
  0
VERTEX
  5
7BC
330
17
100
AcDbEntity
  8
ELEM_01_COMPLETO
100
AcDbFaceRecord
 10
0.0
 20
0.0
 30
0.0
 70
128
 71
230
 72
231
 73
226
  0
VERTEX
  5
7C0
330
17
100
AcDbEntity
  8
ELEM_01_COMPLETO
100
AcDbFaceRecord
 10
0.0
 20
0.0
 30
0.0
 70
128
 71
227
 72
231
 73
232
  0
VERTEX
  5
7C4
330
17
100
AcDbEntity
  8
ELEM_01_COMPLETO
100
AcDbFaceRecord
 10
0.0
 20
0.0
 30
0.0
 70
128
 71
227
 72
232
 73
228
  0
VERTEX
  5
7C8
330
17
100
AcDbEntity
  8
ELEM_01_COMPLETO
100
AcDbFaceRecord
 10
0.0
 20
0.0
 30
0.0
 70
128
 71
232
 72
225
 73
228
  0
VERTEX
  5
7CC
330
17
100
AcDbEntity
  8
ELEM_01_COMPLETO
100
AcDbFaceRecord
 10
0.0
 20
0.0
 30
0.0
 70
128
 71
232
 72
229
 73
225
  0
VERTEX
  5
7D0
330
17
100
AcDbEntity
  8
ELEM_01_COMPLETO
100
AcDbFaceRecord
 10
0.0
 20
0.0
 30
0.0
 70
128
 71
233
 72
230
 73
229
  0
VERTEX
  5
7D4
330
17
100
AcDbEntity
  8
ELEM_01_COMPLETO
100
AcDbFaceRecord
 10
0.0
 20
0.0
 30
0.0
 70
128
 71
234
 72
230
 73
233
  0
VERTEX
  5
7D8
330
17
100
AcDbEntity
  8
ELEM_01_COMPLETO
100
AcDbFaceRecord
 10
0.0
 20
0.0
 30
0.0
 70
128
 71
230
 72
235
 73
231
  0
VERTEX
  5
7DC
330
17
100
AcDbEntity
  8
ELEM_01_COMPLETO
100
AcDbFaceRecord
 10
0.0
 20
0.0
 30
0.0
 70
128
 71
234
 72
235
 73
230
  0
VERTEX
  5
7E0
330
17
100
AcDbEntity
  8
ELEM_01_COMPLETO
100
AcDbFaceRecord
 10
0.0
 20
0.0
 30
0.0
 70
128
 71
231
 72
235
 73
236
  0
VERTEX
  5
7E4
330
17
100
AcDbEntity
  8
ELEM_01_COMPLETO
100
AcDbFaceRecord
 10
0.0
 20
0.0
 30
0.0
 70
128
 71
231
 72
236
 73
232
  0
VERTEX
  5
7E8
330
17
100
AcDbEntity
  8
ELEM_01_COMPLETO
100
AcDbFaceRecord
 10
0.0
 20
0.0
 30
0.0
 70
128
 71
236
 72
229
 73
232
  0
VERTEX
  5
7EC
330
17
100
AcDbEntity
  8
ELEM_01_COMPLETO
100
AcDbFaceRecord
 10
0.0
 20
0.0
 30
0.0
 70
128
 71
236
 72
233
 73
229
  0
VERTEX
  5
7F0
330
17
100
AcDbEntity
  8
ELEM_01_COMPLETO
100
AcDbFaceRecord
 10
0.0
 20
0.0
 30
0.0
 70
128
 71
237
 72
234
 73
233
  0
VERTEX
  5
7F4
330
17
100
AcDbEntity
  8
ELEM_01_COMPLETO
100
AcDbFaceRecord
 10
0.0
 20
0.0
 30
0.0
 70
128
 71
238
 72
234
 73
237
  0
VERTEX
  5
7F8
330
17
100
AcDbEntity
  8
ELEM_01_COMPLETO
100
AcDbFaceRecord
 10
0.0
 20
0.0
 30
0.0
 70
128
 71
234
 72
239
 73
235
  0
VERTEX
  5
7FC
330
17
100
AcDbEntity
  8
ELEM_01_COMPLETO
100
AcDbFaceRecord
 10
0.0
 20
0.0
 30
0.0
 70
128
 71
239
 72
234
 73
238
  0
VERTEX
  5
800
330
17
100
AcDbEntity
  8
ELEM_01_COMPLETO
100
AcDbFaceRecord
 10
0.0
 20
0.0
 30
0.0
 70
128
 71
235
 72
239
 73
240
  0
VERTEX
  5
804
330
17
100
AcDbEntity
  8
ELEM_01_COMPLETO
100
AcDbFaceRecord
 10
0.0
 20
0.0
 30
0.0
 70
128
 71
235
 72
240
 73
236
  0
VERTEX
  5
808
330
17
100
AcDbEntity
  8
ELEM_01_COMPLETO
100
AcDbFaceRecord
 10
0.0
 20
0.0
 30
0.0
 70
128
 71
240
 72
233
 73
236
  0
VERTEX
  5
80C
330
17
100
AcDbEntity
  8
ELEM_01_COMPLETO
100
AcDbFaceRecord
 10
0.0
 20
0.0
 30
0.0
 70
128
 71
240
 72
237
 73
233
  0
VERTEX
  5
810
330
17
100
AcDbEntity
  8
ELEM_01_COMPLETO
100
AcDbFaceRecord
 10
0.0
 20
0.0
 30
0.0
 70
128
 71
241
 72
238
 73
237
  0
VERTEX
  5
814
330
17
100
AcDbEntity
  8
ELEM_01_COMPLETO
100
AcDbFaceRecord
 10
0.0
 20
0.0
 30
0.0
 70
128
 71
242
 72
238
 73
241
  0
VERTEX
  5
818
330
17
100
AcDbEntity
  8
ELEM_01_COMPLETO
100
AcDbFaceRecord
 10
0.0
 20
0.0
 30
0.0
 70
128
 71
243
 72
239
 73
238
  0
VERTEX
  5
81C
330
17
100
AcDbEntity
  8
ELEM_01_COMPLETO
100
AcDbFaceRecord
 10
0.0
 20
0.0
 30
0.0
 70
128
 71
243
 72
238
 73
242
  0
VERTEX
  5
820
330
17
100
AcDbEntity
  8
ELEM_01_COMPLETO
100
AcDbFaceRecord
 10
0.0
 20
0.0
 30
0.0
 70
128
 71
239
 72
243
 73
244
  0
VERTEX
  5
824
330
17
100
AcDbEntity
  8
ELEM_01_COMPLETO
100
AcDbFaceRecord
 10
0.0
 20
0.0
 30
0.0
 70
128
 71
239
 72
244
 73
240
  0
VERTEX
  5
828
330
17
100
AcDbEntity
  8
ELEM_01_COMPLETO
100
AcDbFaceRecord
 10
0.0
 20
0.0
 30
0.0
 70
128
 71
244
 72
241
 73
237
  0
VERTEX
  5
82C
330
17
100
AcDbEntity
  8
ELEM_01_COMPLETO
100
AcDbFaceRecord
 10
0.0
 20
0.0
 30
0.0
 70
128
 71
240
 72
244
 73
237
  0
VERTEX
  5
830
330
17
100
AcDbEntity
  8
ELEM_01_COMPLETO
100
AcDbFaceRecord
 10
0.0
 20
0.0
 30
0.0
 70
128
 71
245
 72
242
 73
241
  0
VERTEX
  5
834
330
17
100
AcDbEntity
  8
ELEM_01_COMPLETO
100
AcDbFaceRecord
 10
0.0
 20
0.0
 30
0.0
 70
128
 71
246
 72
242
 73
245
  0
VERTEX
  5
838
330
17
100
AcDbEntity
  8
ELEM_01_COMPLETO
100
AcDbFaceRecord
 10
0.0
 20
0.0
 30
0.0
 70
128
 71
247
 72
243
 73
242
  0
VERTEX
  5
83C
330
17
100
AcDbEntity
  8
ELEM_01_COMPLETO
100
AcDbFaceRecord
 10
0.0
 20
0.0
 30
0.0
 70
128
 71
247
 72
242
 73
246
  0
VERTEX
  5
840
330
17
100
AcDbEntity
  8
ELEM_01_COMPLETO
100
AcDbFaceRecord
 10
0.0
 20
0.0
 30
0.0
 70
128
 71
243
 72
247
 73
248
  0
VERTEX
  5
844
330
17
100
AcDbEntity
  8
ELEM_01_COMPLETO
100
AcDbFaceRecord
 10
0.0
 20
0.0
 30
0.0
 70
128
 71
243
 72
248
 73
244
  0
VERTEX
  5
848
330
17
100
AcDbEntity
  8
ELEM_01_COMPLETO
100
AcDbFaceRecord
 10
0.0
 20
0.0
 30
0.0
 70
128
 71
248
 72
245
 73
241
  0
VERTEX
  5
84C
330
17
100
AcDbEntity
  8
ELEM_01_COMPLETO
100
AcDbFaceRecord
 10
0.0
 20
0.0
 30
0.0
 70
128
 71
244
 72
248
 73
241
  0
VERTEX
  5
850
330
17
100
AcDbEntity
  8
ELEM_01_COMPLETO
100
AcDbFaceRecord
 10
0.0
 20
0.0
 30
0.0
 70
128
 71
249
 72
246
 73
245
  0
VERTEX
  5
854
330
17
100
AcDbEntity
  8
ELEM_01_COMPLETO
100
AcDbFaceRecord
 10
0.0
 20
0.0
 30
0.0
 70
128
 71
250
 72
246
 73
249
  0
VERTEX
  5
858
330
17
100
AcDbEntity
  8
ELEM_01_COMPLETO
100
AcDbFaceRecord
 10
0.0
 20
0.0
 30
0.0
 70
128
 71
251
 72
247
 73
246
  0
VERTEX
  5
85C
330
17
100
AcDbEntity
  8
ELEM_01_COMPLETO
100
AcDbFaceRecord
 10
0.0
 20
0.0
 30
0.0
 70
128
 71
251
 72
246
 73
250
  0
VERTEX
  5
860
330
17
100
AcDbEntity
  8
ELEM_01_COMPLETO
100
AcDbFaceRecord
 10
0.0
 20
0.0
 30
0.0
 70
128
 71
247
 72
251
 73
252
  0
VERTEX
  5
864
330
17
100
AcDbEntity
  8
ELEM_01_COMPLETO
100
AcDbFaceRecord
 10
0.0
 20
0.0
 30
0.0
 70
128
 71
247
 72
252
 73
248
  0
VERTEX
  5
868
330
17
100
AcDbEntity
  8
ELEM_01_COMPLETO
100
AcDbFaceRecord
 10
0.0
 20
0.0
 30
0.0
 70
128
 71
252
 72
249
 73
245
  0
VERTEX
  5
86C
330
17
100
AcDbEntity
  8
ELEM_01_COMPLETO
100
AcDbFaceRecord
 10
0.0
 20
0.0
 30
0.0
 70
128
 71
248
 72
252
 73
245
  0
VERTEX
  5
870
330
17
100
AcDbEntity
  8
ELEM_01_COMPLETO
100
AcDbFaceRecord
 10
0.0
 20
0.0
 30
0.0
 70
128
 71
253
 72
250
 73
249
  0
VERTEX
  5
874
330
17
100
AcDbEntity
  8
ELEM_01_COMPLETO
100
AcDbFaceRecord
 10
0.0
 20
0.0
 30
0.0
 70
128
 71
254
 72
250
 73
253
  0
VERTEX
  5
878
330
17
100
AcDbEntity
  8
ELEM_01_COMPLETO
100
AcDbFaceRecord
 10
0.0
 20
0.0
 30
0.0
 70
128
 71
255
 72
251
 73
250
  0
VERTEX
  5
87C
330
17
100
AcDbEntity
  8
ELEM_01_COMPLETO
100
AcDbFaceRecord
 10
0.0
 20
0.0
 30
0.0
 70
128
 71
255
 72
250
 73
254
  0
VERTEX
  5
880
330
17
100
AcDbEntity
  8
ELEM_01_COMPLETO
100
AcDbFaceRecord
 10
0.0
 20
0.0
 30
0.0
 70
128
 71
251
 72
255
 73
256
  0
VERTEX
  5
884
330
17
100
AcDbEntity
  8
ELEM_01_COMPLETO
100
AcDbFaceRecord
 10
0.0
 20
0.0
 30
0.0
 70
128
 71
251
 72
256
 73
252
  0
VERTEX
  5
888
330
17
100
AcDbEntity
  8
ELEM_01_COMPLETO
100
AcDbFaceRecord
 10
0.0
 20
0.0
 30
0.0
 70
128
 71
256
 72
253
 73
249
  0
VERTEX
  5
88C
330
17
100
AcDbEntity
  8
ELEM_01_COMPLETO
100
AcDbFaceRecord
 10
0.0
 20
0.0
 30
0.0
 70
128
 71
252
 72
256
 73
249
  0
VERTEX
  5
890
330
17
100
AcDbEntity
  8
ELEM_01_COMPLETO
100
AcDbFaceRecord
 10
0.0
 20
0.0
 30
0.0
 70
128
 71
257
 72
254
 73
253
  0
VERTEX
  5
894
330
17
100
AcDbEntity
  8
ELEM_01_COMPLETO
100
AcDbFaceRecord
 10
0.0
 20
0.0
 30
0.0
 70
128
 71
258
 72
254
 73
257
  0
VERTEX
  5
898
330
17
100
AcDbEntity
  8
ELEM_01_COMPLETO
100
AcDbFaceRecord
 10
0.0
 20
0.0
 30
0.0
 70
128
 71
259
 72
255
 73
254
  0
VERTEX
  5
89C
330
17
100
AcDbEntity
  8
ELEM_01_COMPLETO
100
AcDbFaceRecord
 10
0.0
 20
0.0
 30
0.0
 70
128
 71
259
 72
254
 73
258
  0
VERTEX
  5
8A0
330
17
100
AcDbEntity
  8
ELEM_01_COMPLETO
100
AcDbFaceRecord
 10
0.0
 20
0.0
 30
0.0
 70
128
 71
255
 72
259
 73
260
  0
VERTEX
  5
8A4
330
17
100
AcDbEntity
  8
ELEM_01_COMPLETO
100
AcDbFaceRecord
 10
0.0
 20
0.0
 30
0.0
 70
128
 71
255
 72
260
 73
256
  0
VERTEX
  5
8A8
330
17
100
AcDbEntity
  8
ELEM_01_COMPLETO
100
AcDbFaceRecord
 10
0.0
 20
0.0
 30
0.0
 70
128
 71
260
 72
257
 73
253
  0
VERTEX
  5
8AC
330
17
100
AcDbEntity
  8
ELEM_01_COMPLETO
100
AcDbFaceRecord
 10
0.0
 20
0.0
 30
0.0
 70
128
 71
256
 72
260
 73
253
  0
VERTEX
  5
8B0
330
17
100
AcDbEntity
  8
ELEM_01_COMPLETO
100
AcDbFaceRecord
 10
0.0
 20
0.0
 30
0.0
 70
128
 71
261
 72
258
 73
257
  0
VERTEX
  5
8B4
330
17
100
AcDbEntity
  8
ELEM_01_COMPLETO
100
AcDbFaceRecord
 10
0.0
 20
0.0
 30
0.0
 70
128
 71
262
 72
258
 73
261
  0
VERTEX
  5
8B8
330
17
100
AcDbEntity
  8
ELEM_01_COMPLETO
100
AcDbFaceRecord
 10
0.0
 20
0.0
 30
0.0
 70
128
 71
263
 72
259
 73
258
  0
VERTEX
  5
8BC
330
17
100
AcDbEntity
  8
ELEM_01_COMPLETO
100
AcDbFaceRecord
 10
0.0
 20
0.0
 30
0.0
 70
128
 71
263
 72
258
 73
262
  0
VERTEX
  5
8C0
330
17
100
AcDbEntity
  8
ELEM_01_COMPLETO
100
AcDbFaceRecord
 10
0.0
 20
0.0
 30
0.0
 70
128
 71
259
 72
263
 73
264
  0
VERTEX
  5
8C4
330
17
100
AcDbEntity
  8
ELEM_01_COMPLETO
100
AcDbFaceRecord
 10
0.0
 20
0.0
 30
0.0
 70
128
 71
259
 72
264
 73
260
  0
VERTEX
  5
8C8
330
17
100
AcDbEntity
  8
ELEM_01_COMPLETO
100
AcDbFaceRecord
 10
0.0
 20
0.0
 30
0.0
 70
128
 71
264
 72
261
 73
257
  0
VERTEX
  5
8CC
330
17
100
AcDbEntity
  8
ELEM_01_COMPLETO
100
AcDbFaceRecord
 10
0.0
 20
0.0
 30
0.0
 70
128
 71
260
 72
264
 73
257
  0
VERTEX
  5
8D0
330
17
100
AcDbEntity
  8
ELEM_01_COMPLETO
100
AcDbFaceRecord
 10
0.0
 20
0.0
 30
0.0
 70
128
 71
265
 72
262
 73
261
  0
VERTEX
  5
8D4
330
17
100
AcDbEntity
  8
ELEM_01_COMPLETO
100
AcDbFaceRecord
 10
0.0
 20
0.0
 30
0.0
 70
128
 71
266
 72
262
 73
265
  0
VERTEX
  5
8D8
330
17
100
AcDbEntity
  8
ELEM_01_COMPLETO
100
AcDbFaceRecord
 10
0.0
 20
0.0
 30
0.0
 70
128
 71
267
 72
263
 73
262
  0
VERTEX
  5
8DC
330
17
100
AcDbEntity
  8
ELEM_01_COMPLETO
100
AcDbFaceRecord
 10
0.0
 20
0.0
 30
0.0
 70
128
 71
267
 72
262
 73
266
  0
VERTEX
  5
8E0
330
17
100
AcDbEntity
  8
ELEM_01_COMPLETO
100
AcDbFaceRecord
 10
0.0
 20
0.0
 30
0.0
 70
128
 71
263
 72
267
 73
268
  0
VERTEX
  5
8E4
330
17
100
AcDbEntity
  8
ELEM_01_COMPLETO
100
AcDbFaceRecord
 10
0.0
 20
0.0
 30
0.0
 70
128
 71
263
 72
268
 73
264
  0
VERTEX
  5
8E8
330
17
100
AcDbEntity
  8
ELEM_01_COMPLETO
100
AcDbFaceRecord
 10
0.0
 20
0.0
 30
0.0
 70
128
 71
268
 72
265
 73
261
  0
VERTEX
  5
8EC
330
17
100
AcDbEntity
  8
ELEM_01_COMPLETO
100
AcDbFaceRecord
 10
0.0
 20
0.0
 30
0.0
 70
128
 71
264
 72
268
 73
261
  0
VERTEX
  5
8F0
330
17
100
AcDbEntity
  8
ELEM_01_COMPLETO
100
AcDbFaceRecord
 10
0.0
 20
0.0
 30
0.0
 70
128
 71
269
 72
266
 73
265
  0
VERTEX
  5
8F4
330
17
100
AcDbEntity
  8
ELEM_01_COMPLETO
100
AcDbFaceRecord
 10
0.0
 20
0.0
 30
0.0
 70
128
 71
270
 72
266
 73
269
  0
VERTEX
  5
8F8
330
17
100
AcDbEntity
  8
ELEM_01_COMPLETO
100
AcDbFaceRecord
 10
0.0
 20
0.0
 30
0.0
 70
128
 71
271
 72
267
 73
266
  0
VERTEX
  5
8FC
330
17
100
AcDbEntity
  8
ELEM_01_COMPLETO
100
AcDbFaceRecord
 10
0.0
 20
0.0
 30
0.0
 70
128
 71
270
 72
271
 73
266
  0
VERTEX
  5
900
330
17
100
AcDbEntity
  8
ELEM_01_COMPLETO
100
AcDbFaceRecord
 10
0.0
 20
0.0
 30
0.0
 70
128
 71
267
 72
271
 73
272
  0
VERTEX
  5
904
330
17
100
AcDbEntity
  8
ELEM_01_COMPLETO
100
AcDbFaceRecord
 10
0.0
 20
0.0
 30
0.0
 70
128
 71
267
 72
272
 73
268
  0
VERTEX
  5
908
330
17
100
AcDbEntity
  8
ELEM_01_COMPLETO
100
AcDbFaceRecord
 10
0.0
 20
0.0
 30
0.0
 70
128
 71
272
 72
269
 73
265
  0
VERTEX
  5
90C
330
17
100
AcDbEntity
  8
ELEM_01_COMPLETO
100
AcDbFaceRecord
 10
0.0
 20
0.0
 30
0.0
 70
128
 71
268
 72
272
 73
265
  0
VERTEX
  5
910
330
17
100
AcDbEntity
  8
ELEM_01_COMPLETO
100
AcDbFaceRecord
 10
0.0
 20
0.0
 30
0.0
 70
128
 71
273
 72
270
 73
269
  0
VERTEX
  5
914
330
17
100
AcDbEntity
  8
ELEM_01_COMPLETO
100
AcDbFaceRecord
 10
0.0
 20
0.0
 30
0.0
 70
128
 71
274
 72
270
 73
273
  0
VERTEX
  5
918
330
17
100
AcDbEntity
  8
ELEM_01_COMPLETO
100
AcDbFaceRecord
 10
0.0
 20
0.0
 30
0.0
 70
128
 71
270
 72
275
 73
271
  0
VERTEX
  5
91C
330
17
100
AcDbEntity
  8
ELEM_01_COMPLETO
100
AcDbFaceRecord
 10
0.0
 20
0.0
 30
0.0
 70
128
 71
274
 72
275
 73
270
  0
VERTEX
  5
920
330
17
100
AcDbEntity
  8
ELEM_01_COMPLETO
100
AcDbFaceRecord
 10
0.0
 20
0.0
 30
0.0
 70
128
 71
271
 72
275
 73
276
  0
VERTEX
  5
924
330
17
100
AcDbEntity
  8
ELEM_01_COMPLETO
100
AcDbFaceRecord
 10
0.0
 20
0.0
 30
0.0
 70
128
 71
271
 72
276
 73
272
  0
VERTEX
  5
928
330
17
100
AcDbEntity
  8
ELEM_01_COMPLETO
100
AcDbFaceRecord
 10
0.0
 20
0.0
 30
0.0
 70
128
 71
276
 72
269
 73
272
  0
VERTEX
  5
92C
330
17
100
AcDbEntity
  8
ELEM_01_COMPLETO
100
AcDbFaceRecord
 10
0.0
 20
0.0
 30
0.0
 70
128
 71
276
 72
273
 73
269
  0
VERTEX
  5
930
330
17
100
AcDbEntity
  8
ELEM_01_COMPLETO
100
AcDbFaceRecord
 10
0.0
 20
0.0
 30
0.0
 70
128
 71
277
 72
274
 73
273
  0
VERTEX
  5
934
330
17
100
AcDbEntity
  8
ELEM_01_COMPLETO
100
AcDbFaceRecord
 10
0.0
 20
0.0
 30
0.0
 70
128
 71
278
 72
274
 73
277
  0
VERTEX
  5
938
330
17
100
AcDbEntity
  8
ELEM_01_COMPLETO
100
AcDbFaceRecord
 10
0.0
 20
0.0
 30
0.0
 70
128
 71
274
 72
279
 73
275
  0
VERTEX
  5
93C
330
17
100
AcDbEntity
  8
ELEM_01_COMPLETO
100
AcDbFaceRecord
 10
0.0
 20
0.0
 30
0.0
 70
128
 71
278
 72
279
 73
274
  0
VERTEX
  5
940
330
17
100
AcDbEntity
  8
ELEM_01_COMPLETO
100
AcDbFaceRecord
 10
0.0
 20
0.0
 30
0.0
 70
128
 71
275
 72
279
 73
280
  0
VERTEX
  5
944
330
17
100
AcDbEntity
  8
ELEM_01_COMPLETO
100
AcDbFaceRecord
 10
0.0
 20
0.0
 30
0.0
 70
128
 71
275
 72
280
 73
276
  0
VERTEX
  5
948
330
17
100
AcDbEntity
  8
ELEM_01_COMPLETO
100
AcDbFaceRecord
 10
0.0
 20
0.0
 30
0.0
 70
128
 71
280
 72
273
 73
276
  0
VERTEX
  5
94C
330
17
100
AcDbEntity
  8
ELEM_01_COMPLETO
100
AcDbFaceRecord
 10
0.0
 20
0.0
 30
0.0
 70
128
 71
280
 72
277
 73
273
  0
VERTEX
  5
950
330
17
100
AcDbEntity
  8
ELEM_01_COMPLETO
100
AcDbFaceRecord
 10
0.0
 20
0.0
 30
0.0
 70
128
 71
281
 72
278
 73
277
  0
VERTEX
  5
954
330
17
100
AcDbEntity
  8
ELEM_01_COMPLETO
100
AcDbFaceRecord
 10
0.0
 20
0.0
 30
0.0
 70
128
 71
282
 72
278
 73
281
  0
VERTEX
  5
958
330
17
100
AcDbEntity
  8
ELEM_01_COMPLETO
100
AcDbFaceRecord
 10
0.0
 20
0.0
 30
0.0
 70
128
 71
278
 72
283
 73
279
  0
VERTEX
  5
95C
330
17
100
AcDbEntity
  8
ELEM_01_COMPLETO
100
AcDbFaceRecord
 10
0.0
 20
0.0
 30
0.0
 70
128
 71
282
 72
283
 73
278
  0
VERTEX
  5
960
330
17
100
AcDbEntity
  8
ELEM_01_COMPLETO
100
AcDbFaceRecord
 10
0.0
 20
0.0
 30
0.0
 70
128
 71
279
 72
283
 73
284
  0
VERTEX
  5
964
330
17
100
AcDbEntity
  8
ELEM_01_COMPLETO
100
AcDbFaceRecord
 10
0.0
 20
0.0
 30
0.0
 70
128
 71
279
 72
284
 73
280
  0
VERTEX
  5
968
330
17
100
AcDbEntity
  8
ELEM_01_COMPLETO
100
AcDbFaceRecord
 10
0.0
 20
0.0
 30
0.0
 70
128
 71
284
 72
277
 73
280
  0
VERTEX
  5
96C
330
17
100
AcDbEntity
  8
ELEM_01_COMPLETO
100
AcDbFaceRecord
 10
0.0
 20
0.0
 30
0.0
 70
128
 71
284
 72
281
 73
277
  0
VERTEX
  5
970
330
17
100
AcDbEntity
  8
ELEM_01_COMPLETO
100
AcDbFaceRecord
 10
0.0
 20
0.0
 30
0.0
 70
128
 71
285
 72
282
 73
281
  0
VERTEX
  5
974
330
17
100
AcDbEntity
  8
ELEM_01_COMPLETO
100
AcDbFaceRecord
 10
0.0
 20
0.0
 30
0.0
 70
128
 71
286
 72
282
 73
285
  0
VERTEX
  5
978
330
17
100
AcDbEntity
  8
ELEM_01_COMPLETO
100
AcDbFaceRecord
 10
0.0
 20
0.0
 30
0.0
 70
128
 71
286
 72
283
 73
282
  0
VERTEX
  5
97C
330
17
100
AcDbEntity
  8
ELEM_01_COMPLETO
100
AcDbFaceRecord
 10
0.0
 20
0.0
 30
0.0
 70
128
 71
286
 72
287
 73
283
  0
VERTEX
  5
980
330
17
100
AcDbEntity
  8
ELEM_01_COMPLETO
100
AcDbFaceRecord
 10
0.0
 20
0.0
 30
0.0
 70
128
 71
283
 72
287
 73
288
  0
VERTEX
  5
984
330
17
100
AcDbEntity
  8
ELEM_01_COMPLETO
100
AcDbFaceRecord
 10
0.0
 20
0.0
 30
0.0
 70
128
 71
283
 72
288
 73
284
  0
VERTEX
  5
988
330
17
100
AcDbEntity
  8
ELEM_01_COMPLETO
100
AcDbFaceRecord
 10
0.0
 20
0.0
 30
0.0
 70
128
 71
285
 72
281
 73
284
  0
VERTEX
  5
98C
330
17
100
AcDbEntity
  8
ELEM_01_COMPLETO
100
AcDbFaceRecord
 10
0.0
 20
0.0
 30
0.0
 70
128
 71
288
 72
285
 73
284
  0
VERTEX
  5
990
330
17
100
AcDbEntity
  8
ELEM_01_COMPLETO
100
AcDbFaceRecord
 10
0.0
 20
0.0
 30
0.0
 70
128
 71
289
 72
286
 73
285
  0
VERTEX
  5
994
330
17
100
AcDbEntity
  8
ELEM_01_COMPLETO
100
AcDbFaceRecord
 10
0.0
 20
0.0
 30
0.0
 70
128
 71
290
 72
286
 73
289
  0
VERTEX
  5
998
330
17
100
AcDbEntity
  8
ELEM_01_COMPLETO
100
AcDbFaceRecord
 10
0.0
 20
0.0
 30
0.0
 70
128
 71
291
 72
287
 73
286
  0
VERTEX
  5
99C
330
17
100
AcDbEntity
  8
ELEM_01_COMPLETO
100
AcDbFaceRecord
 10
0.0
 20
0.0
 30
0.0
 70
128
 71
290
 72
291
 73
286
  0
VERTEX
  5
9A0
330
17
100
AcDbEntity
  8
ELEM_01_COMPLETO
100
AcDbFaceRecord
 10
0.0
 20
0.0
 30
0.0
 70
128
 71
288
 72
291
 73
292
  0
VERTEX
  5
9A4
330
17
100
AcDbEntity
  8
ELEM_01_COMPLETO
100
AcDbFaceRecord
 10
0.0
 20
0.0
 30
0.0
 70
128
 71
287
 72
291
 73
288
  0
VERTEX
  5
9A8
330
17
100
AcDbEntity
  8
ELEM_01_COMPLETO
100
AcDbFaceRecord
 10
0.0
 20
0.0
 30
0.0
 70
128
 71
292
 72
285
 73
288
  0
VERTEX
  5
9AC
330
17
100
AcDbEntity
  8
ELEM_01_COMPLETO
100
AcDbFaceRecord
 10
0.0
 20
0.0
 30
0.0
 70
128
 71
292
 72
289
 73
285
  0
VERTEX
  5
9B0
330
17
100
AcDbEntity
  8
ELEM_01_COMPLETO
100
AcDbFaceRecord
 10
0.0
 20
0.0
 30
0.0
 70
128
 71
293
 72
290
 73
289
  0
VERTEX
  5
9B4
330
17
100
AcDbEntity
  8
ELEM_01_COMPLETO
100
AcDbFaceRecord
 10
0.0
 20
0.0
 30
0.0
 70
128
 71
294
 72
290
 73
293
  0
VERTEX
  5
9B8
330
17
100
AcDbEntity
  8
ELEM_01_COMPLETO
100
AcDbFaceRecord
 10
0.0
 20
0.0
 30
0.0
 70
128
 71
295
 72
291
 73
290
  0
VERTEX
  5
9BC
330
17
100
AcDbEntity
  8
ELEM_01_COMPLETO
100
AcDbFaceRecord
 10
0.0
 20
0.0
 30
0.0
 70
128
 71
295
 72
290
 73
294
  0
VERTEX
  5
9C0
330
17
100
AcDbEntity
  8
ELEM_01_COMPLETO
100
AcDbFaceRecord
 10
0.0
 20
0.0
 30
0.0
 70
128
 71
291
 72
295
 73
296
  0
VERTEX
  5
9C4
330
17
100
AcDbEntity
  8
ELEM_01_COMPLETO
100
AcDbFaceRecord
 10
0.0
 20
0.0
 30
0.0
 70
128
 71
291
 72
296
 73
292
  0
VERTEX
  5
9C8
330
17
100
AcDbEntity
  8
ELEM_01_COMPLETO
100
AcDbFaceRecord
 10
0.0
 20
0.0
 30
0.0
 70
128
 71
289
 72
296
 73
293
  0
VERTEX
  5
9CC
330
17
100
AcDbEntity
  8
ELEM_01_COMPLETO
100
AcDbFaceRecord
 10
0.0
 20
0.0
 30
0.0
 70
128
 71
296
 72
289
 73
292
  0
VERTEX
  5
9D0
330
17
100
AcDbEntity
  8
ELEM_01_COMPLETO
100
AcDbFaceRecord
 10
0.0
 20
0.0
 30
0.0
 70
128
 71
297
 72
294
 73
293
  0
VERTEX
  5
9D4
330
17
100
AcDbEntity
  8
ELEM_01_COMPLETO
100
AcDbFaceRecord
 10
0.0
 20
0.0
 30
0.0
 70
128
 71
298
 72
294
 73
297
  0
VERTEX
  5
9D8
330
17
100
AcDbEntity
  8
ELEM_01_COMPLETO
100
AcDbFaceRecord
 10
0.0
 20
0.0
 30
0.0
 70
128
 71
294
 72
299
 73
295
  0
VERTEX
  5
9DC
330
17
100
AcDbEntity
  8
ELEM_01_COMPLETO
100
AcDbFaceRecord
 10
0.0
 20
0.0
 30
0.0
 70
128
 71
299
 72
294
 73
298
  0
VERTEX
  5
9E0
330
17
100
AcDbEntity
  8
ELEM_01_COMPLETO
100
AcDbFaceRecord
 10
0.0
 20
0.0
 30
0.0
 70
128
 71
295
 72
299
 73
300
  0
VERTEX
  5
9E4
330
17
100
AcDbEntity
  8
ELEM_01_COMPLETO
100
AcDbFaceRecord
 10
0.0
 20
0.0
 30
0.0
 70
128
 71
295
 72
300
 73
296
  0
VERTEX
  5
9E8
330
17
100
AcDbEntity
  8
ELEM_01_COMPLETO
100
AcDbFaceRecord
 10
0.0
 20
0.0
 30
0.0
 70
128
 71
300
 72
293
 73
296
  0
VERTEX
  5
9EC
330
17
100
AcDbEntity
  8
ELEM_01_COMPLETO
100
AcDbFaceRecord
 10
0.0
 20
0.0
 30
0.0
 70
128
 71
300
 72
297
 73
293
  0
VERTEX
  5
9F0
330
17
100
AcDbEntity
  8
ELEM_01_COMPLETO
100
AcDbFaceRecord
 10
0.0
 20
0.0
 30
0.0
 70
128
 71
301
 72
298
 73
297
  0
VERTEX
  5
9F4
330
17
100
AcDbEntity
  8
ELEM_01_COMPLETO
100
AcDbFaceRecord
 10
0.0
 20
0.0
 30
0.0
 70
128
 71
302
 72
298
 73
301
  0
VERTEX
  5
9F8
330
17
100
AcDbEntity
  8
ELEM_01_COMPLETO
100
AcDbFaceRecord
 10
0.0
 20
0.0
 30
0.0
 70
128
 71
303
 72
299
 73
298
  0
VERTEX
  5
9FC
330
17
100
AcDbEntity
  8
ELEM_01_COMPLETO
100
AcDbFaceRecord
 10
0.0
 20
0.0
 30
0.0
 70
128
 71
302
 72
303
 73
298
  0
VERTEX
  5
A00
330
17
100
AcDbEntity
  8
ELEM_01_COMPLETO
100
AcDbFaceRecord
 10
0.0
 20
0.0
 30
0.0
 70
128
 71
299
 72
303
 73
304
  0
VERTEX
  5
A04
330
17
100
AcDbEntity
  8
ELEM_01_COMPLETO
100
AcDbFaceRecord
 10
0.0
 20
0.0
 30
0.0
 70
128
 71
299
 72
304
 73
300
  0
VERTEX
  5
A08
330
17
100
AcDbEntity
  8
ELEM_01_COMPLETO
100
AcDbFaceRecord
 10
0.0
 20
0.0
 30
0.0
 70
128
 71
304
 72
297
 73
300
  0
VERTEX
  5
A0C
330
17
100
AcDbEntity
  8
ELEM_01_COMPLETO
100
AcDbFaceRecord
 10
0.0
 20
0.0
 30
0.0
 70
128
 71
304
 72
301
 73
297
  0
VERTEX
  5
A10
330
17
100
AcDbEntity
  8
ELEM_01_COMPLETO
100
AcDbFaceRecord
 10
0.0
 20
0.0
 30
0.0
 70
128
 71
305
 72
302
 73
301
  0
VERTEX
  5
A14
330
17
100
AcDbEntity
  8
ELEM_01_COMPLETO
100
AcDbFaceRecord
 10
0.0
 20
0.0
 30
0.0
 70
128
 71
306
 72
302
 73
305
  0
VERTEX
  5
A18
330
17
100
AcDbEntity
  8
ELEM_01_COMPLETO
100
AcDbFaceRecord
 10
0.0
 20
0.0
 30
0.0
 70
128
 71
302
 72
306
 73
307
  0
VERTEX
  5
A1C
330
17
100
AcDbEntity
  8
ELEM_01_COMPLETO
100
AcDbFaceRecord
 10
0.0
 20
0.0
 30
0.0
 70
128
 71
307
 72
303
 73
302
  0
VERTEX
  5
A20
330
17
100
AcDbEntity
  8
ELEM_01_COMPLETO
100
AcDbFaceRecord
 10
0.0
 20
0.0
 30
0.0
 70
128
 71
303
 72
307
 73
308
  0
VERTEX
  5
A24
330
17
100
AcDbEntity
  8
ELEM_01_COMPLETO
100
AcDbFaceRecord
 10
0.0
 20
0.0
 30
0.0
 70
128
 71
303
 72
308
 73
304
  0
VERTEX
  5
A28
330
17
100
AcDbEntity
  8
ELEM_01_COMPLETO
100
AcDbFaceRecord
 10
0.0
 20
0.0
 30
0.0
 70
128
 71
308
 72
301
 73
304
  0
VERTEX
  5
A2C
330
17
100
AcDbEntity
  8
ELEM_01_COMPLETO
100
AcDbFaceRecord
 10
0.0
 20
0.0
 30
0.0
 70
128
 71
305
 72
301
 73
308
  0
VERTEX
  5
A30
330
17
100
AcDbEntity
  8
ELEM_01_COMPLETO
100
AcDbFaceRecord
 10
0.0
 20
0.0
 30
0.0
 70
128
 71
309
 72
310
 73
311
  0
VERTEX
  5
A34
330
17
100
AcDbEntity
  8
ELEM_01_COMPLETO
100
AcDbFaceRecord
 10
0.0
 20
0.0
 30
0.0
 70
128
 71
312
 72
309
 73
311
  0
VERTEX
  5
A38
330
17
100
AcDbEntity
  8
ELEM_01_COMPLETO
100
AcDbFaceRecord
 10
0.0
 20
0.0
 30
0.0
 70
128
 71
309
 72
312
 73
313
  0
VERTEX
  5
A3C
330
17
100
AcDbEntity
  8
ELEM_01_COMPLETO
100
AcDbFaceRecord
 10
0.0
 20
0.0
 30
0.0
 70
128
 71
314
 72
313
 73
312
  0
VERTEX
  5
A40
330
17
100
AcDbEntity
  8
ELEM_01_COMPLETO
100
AcDbFaceRecord
 10
0.0
 20
0.0
 30
0.0
 70
128
 71
315
 72
316
 73
313
  0
VERTEX
  5
A44
330
17
100
AcDbEntity
  8
ELEM_01_COMPLETO
100
AcDbFaceRecord
 10
0.0
 20
0.0
 30
0.0
 70
128
 71
315
 72
313
 73
314
  0
VERTEX
  5
A48
330
17
100
AcDbEntity
  8
ELEM_01_COMPLETO
100
AcDbFaceRecord
 10
0.0
 20
0.0
 30
0.0
 70
128
 71
311
 72
310
 73
316
  0
VERTEX
  5
A4C
330
17
100
AcDbEntity
  8
ELEM_01_COMPLETO
100
AcDbFaceRecord
 10
0.0
 20
0.0
 30
0.0
 70
128
 71
315
 72
311
 73
316
  0
SEQEND
  5
8C
330
8B
100
AcDbEntity
  8
ELEM_01_COMPLETO
  0
POLYLINE
  5
A4E
330
17
100
AcDbEntity
  8
ELEM_01_SUPERIOR
100
AcDbPolyFaceMesh
 66
1
 10
0.0
 20
0.0
 30
0.0
 70
64
 71
152
 72
150
  0
VERTEX
  5
A50
330
17
100
AcDbEntity
  8
ELEM_01_SUPERIOR
100
AcDbVertex
100
AcDbPolyFaceMeshVertex
 10
12119814.57290593
 20
3531769.841738391
 30
11.81338844654664
 70
192
  0
VERTEX
  5
A51
330
17
100
AcDbEntity
  8
ELEM_01_SUPERIOR
100
AcDbVertex
100
AcDbPolyFaceMeshVertex
 10
12119787.98134166
 20
3531758.497535358
 30
9.84524277656664
 70
192
  0
VERTEX
  5
A52
330
17
100
AcDbEntity
  8
ELEM_01_SUPERIOR
100
AcDbVertex
100
AcDbPolyFaceMeshVertex
 10
12119814.62142617
 20
3531769.726692689
 30
11.81401180487997
 70
192
  0
VERTEX
  5
A55
330
17
100
AcDbEntity
  8
ELEM_01_SUPERIOR
100
AcDbVertex
100
AcDbPolyFaceMeshVertex
 10
12119783.67089096
 20
3531756.800970509
 30
9.675430124068363
 70
192
  0
VERTEX
  5
A58
330
17
100
AcDbEntity
  8
ELEM_01_SUPERIOR
100
AcDbVertex
100
AcDbPolyFaceMeshVertex
 10
12119814.43892654
 20
3531770.158709542
 30
11.81166928987999
 70
192
  0
VERTEX
  5
A5C
330
17
100
AcDbEntity
  8
ELEM_01_SUPERIOR
100
AcDbVertex
100
AcDbPolyFaceMeshVertex
 10
12119783.5204385
 20
3531757.069188476
 30
9.692939931568183
 70
192
  0
VERTEX
  5
A60
330
17
100
AcDbEntity
  8
ELEM_01_SUPERIOR
100
AcDbVertex
100
AcDbPolyFaceMeshVertex
 10
12119814.04753624
 20
3531771.078930798
 30
11.80666929988004
 70
192
  0
VERTEX
  5
A64
330
17
100
AcDbEntity
  8
ELEM_01_SUPERIOR
100
AcDbVertex
100
AcDbPolyFaceMeshVertex
 10
12119783.08344791
 20
3531757.848222351
 30
9.743799409901003
 70
192
  0
VERTEX
  5
A68
330
17
100
AcDbEntity
  8
ELEM_01_SUPERIOR
100
AcDbVertex
100
AcDbPolyFaceMeshVertex
 10
12119812.98728246
 20
3531773.530015136
 30
11.79331630821351
 70
192
  0
VERTEX
  5
A6C
330
17
100
AcDbEntity
  8
ELEM_01_SUPERIOR
100
AcDbVertex
100
AcDbPolyFaceMeshVertex
 10
12119781.917945
 20
3531759.926000349
 30
9.879448744899623
 70
192
  0
VERTEX
  5
A70
330
17
100
AcDbEntity
  8
ELEM_01_SUPERIOR
100
AcDbVertex
100
AcDbPolyFaceMeshVertex
 10
12119812.51309049
 20
3531774.607234109
 30
11.78743049321357
 70
192
  0
VERTEX
  5
A74
330
17
100
AcDbEntity
  8
ELEM_01_SUPERIOR
100
AcDbVertex
100
AcDbPolyFaceMeshVertex
 10
12119781.40494733
 20
3531760.84053264
 30
9.939153349899016
 70
192
  0
VERTEX
  5
A78
330
17
100
AcDbEntity
  8
ELEM_01_SUPERIOR
100
AcDbVertex
100
AcDbPolyFaceMeshVertex
 10
12119812.49020996
 20
3531774.658920357
 30
11.78714834154691
 70
192
  0
VERTEX
  5
A7C
330
17
100
AcDbEntity
  8
ELEM_01_SUPERIOR
100
AcDbVertex
100
AcDbPolyFaceMeshVertex
 10
12119781.38031811
 20
3531760.884436752
 30
9.942020798232322
 70
192
  0
VERTEX
  5
A80
330
17
100
AcDbEntity
  8
ELEM_01_SUPERIOR
100
AcDbVertex
100
AcDbPolyFaceMeshVertex
 10
12119812.04468592
 20
3531775.660201163
 30
11.7816693498803
 70
192
  0
VERTEX
  5
A84
330
17
100
AcDbEntity
  8
ELEM_01_SUPERIOR
100
AcDbVertex
100
AcDbPolyFaceMeshVertex
 10
12119780.90300936
 20
3531761.735353685
 30
9.997571868231756
 70
192
  0
VERTEX
  5
A88
330
17
100
AcDbEntity
  8
ELEM_01_SUPERIOR
100
AcDbVertex
100
AcDbPolyFaceMeshVertex
 10
12119809.96576291
 20
3531780.207452567
 30
11.75666939988055
 70
192
  0
VERTEX
  5
A8C
330
17
100
AcDbEntity
  8
ELEM_01_SUPERIOR
100
AcDbVertex
100
AcDbPolyFaceMeshVertex
 10
12119778.72917184
 20
3531765.610716669
 30
10.25057661156252
 70
192
  0
VERTEX
  5
A90
330
17
100
AcDbEntity
  8
ELEM_01_SUPERIOR
100
AcDbVertex
100
AcDbPolyFaceMeshVertex
 10
12119808.01129176
 20
3531784.308707488
 30
11.73395290988078
 70
192
  0
VERTEX
  5
A94
330
17
100
AcDbEntity
  8
ELEM_01_SUPERIOR
100
AcDbVertex
100
AcDbPolyFaceMeshVertex
 10
12119776.75862461
 20
3531769.123665679
 30
10.47991998489352
 70
192
  0
VERTEX
  5
A98
330
17
100
AcDbEntity
  8
ELEM_01_SUPERIOR
100
AcDbVertex
100
AcDbPolyFaceMeshVertex
 10
12119807.91008133
 20
3531784.516807465
 30
11.73279477571413
 70
192
  0
VERTEX
  5
A9C
330
17
100
AcDbEntity
  8
ELEM_01_SUPERIOR
100
AcDbVertex
100
AcDbPolyFaceMeshVertex
 10
12119776.65835577
 20
3531769.302415322
 30
10.49158990906007
 70
192
  0
VERTEX
  5
AA0
330
17
100
AcDbEntity
  8
ELEM_01_SUPERIOR
100
AcDbVertex
100
AcDbPolyFaceMeshVertex
 10
12119807.81134465
 20
3531784.719425171
 30
11.73166944988081
 70
192
  0
VERTEX
  5
AA4
330
17
100
AcDbEntity
  8
ELEM_01_SUPERIOR
100
AcDbVertex
100
AcDbPolyFaceMeshVertex
 10
12119776.56070177
 20
3531769.476506181
 30
10.49929658655999
 70
192
  0
VERTEX
  5
AA8
330
17
100
AcDbEntity
  8
ELEM_01_SUPERIOR
100
AcDbVertex
100
AcDbPolyFaceMeshVertex
 10
12119805.58203152
 20
3531789.194865694
 30
11.70666949988106
 70
192
  0
VERTEX
  5
AAC
330
17
100
AcDbEntity
  8
ELEM_01_SUPERIOR
100
AcDbVertex
100
AcDbPolyFaceMeshVertex
 10
12119774.39638524
 20
3531773.334897415
 30
10.6665698740583
 70
192
  0
VERTEX
  5
AB0
330
17
100
AcDbEntity
  8
ELEM_01_SUPERIOR
100
AcDbVertex
100
AcDbPolyFaceMeshVertex
 10
12119803.27844033
 20
3531793.632533984
 30
11.68166954988131
 70
192
  0
VERTEX
  5
AB4
330
17
100
AcDbEntity
  8
ELEM_01_SUPERIOR
100
AcDbVertex
100
AcDbPolyFaceMeshVertex
 10
12119772.23500504
 20
3531777.188052438
 30
10.8328982815566
 70
192
  0
VERTEX
  5
AB8
330
17
100
AcDbEntity
  8
ELEM_01_SUPERIOR
100
AcDbVertex
100
AcDbPolyFaceMeshVertex
 10
12119802.61273956
 20
3531794.882085291
 30
11.67458951154805
 70
192
  0
VERTEX
  5
ABC
330
17
100
AcDbEntity
  8
ELEM_01_SUPERIOR
100
AcDbVertex
100
AcDbPolyFaceMeshVertex
 10
12119771.62334616
 20
3531778.278470204
 30
10.87996839738946
 70
192
  0
VERTEX
  5
AC0
330
17
100
AcDbEntity
  8
ELEM_01_SUPERIOR
100
AcDbVertex
100
AcDbPolyFaceMeshVertex
 10
12119800.90121083
 20
3531798.031193166
 30
11.65666959988157
 70
192
  0
VERTEX
  5
AC4
330
17
100
AcDbEntity
  8
ELEM_01_SUPERIOR
100
AcDbVertex
100
AcDbPolyFaceMeshVertex
 10
12119770.07535713
 20
3531781.038116916
 30
10.99909217488825
 70
192
  0
VERTEX
  5
AC8
330
17
100
AcDbEntity
  8
ELEM_01_SUPERIOR
100
AcDbVertex
100
AcDbPolyFaceMeshVertex
 10
12119800.03195076
 20
3531799.596977436
 30
11.64771292488166
 70
192
  0
VERTEX
  5
ACC
330
17
100
AcDbEntity
  8
ELEM_01_SUPERIOR
100
AcDbVertex
100
AcDbPolyFaceMeshVertex
 10
12119769.30200894
 20
3531782.416785419
 30
11.05860321072097
 70
192
  0
VERTEX
  5
AD0
330
17
100
AcDbEntity
  8
ELEM_01_SUPERIOR
100
AcDbVertex
100
AcDbPolyFaceMeshVertex
 10
12119767.91624399
 20
3531784.887233233
 30
11.16313056071992
 70
192
  0
VERTEX
  5
AD4
330
17
100
AcDbEntity
  8
ELEM_01_SUPERIOR
100
AcDbVertex
100
AcDbPolyFaceMeshVertex
 10
12119798.45100248
 20
3531802.389622769
 30
11.63475691404846
 70
192
  0
VERTEX
  5
AD8
330
17
100
AcDbEntity
  8
ELEM_01_SUPERIOR
100
AcDbVertex
100
AcDbPolyFaceMeshVertex
 10
12119766.49592859
 20
3531787.419265571
 30
11.26925567655217
 70
192
  0
VERTEX
  5
ADC
330
17
100
AcDbEntity
  8
ELEM_01_SUPERIOR
100
AcDbVertex
100
AcDbPolyFaceMeshVertex
 10
12119796.8000773
 20
3531805.233593459
 30
11.62789012988186
 70
192
  0
VERTEX
  5
AE0
330
17
100
AcDbEntity
  8
ELEM_01_SUPERIOR
100
AcDbVertex
100
AcDbPolyFaceMeshVertex
 10
12119765.75645829
 20
3531788.737537213
 30
11.32450490988494
 70
192
  0
VERTEX
  5
AE4
330
17
100
AcDbEntity
  8
ELEM_01_SUPERIOR
100
AcDbVertex
100
AcDbPolyFaceMeshVertex
 10
12119795.92849768
 20
3531806.706612167
 30
11.62688619488187
 70
192
  0
VERTEX
  5
AE8
330
17
100
AcDbEntity
  8
ELEM_01_SUPERIOR
100
AcDbVertex
100
AcDbPolyFaceMeshVertex
 10
12119763.59480907
 20
3531792.5911778
 30
11.48563975821664
 70
192
  0
VERTEX
  5
AEE
330
17
100
AcDbEntity
  8
ELEM_01_SUPERIOR
100
AcDbVertex
100
AcDbPolyFaceMeshVertex
 10
12119793.33439854
 20
3531810.980960573
 30
11.63401216488179
 70
192
  0
VERTEX
  5
AF0
330
17
100
AcDbEntity
  8
ELEM_01_SUPERIOR
100
AcDbVertex
100
AcDbPolyFaceMeshVertex
 10
12119761.43008242
 20
3531796.450297378
 30
11.61950103904861
 70
192
  0
VERTEX
  5
AF6
330
17
100
AcDbEntity
  8
ELEM_01_SUPERIOR
100
AcDbVertex
100
AcDbPolyFaceMeshVertex
 10
12119790.66942355
 20
3531815.211483608
 30
11.6561413857149
 70
192
  0
VERTEX
  5
AF8
330
17
100
AcDbEntity
  8
ELEM_01_SUPERIOR
100
AcDbVertex
100
AcDbPolyFaceMeshVertex
 10
12119761.36028598
 20
3531796.574719702
 30
11.62369394404857
 70
192
  0
VERTEX
  5
AFE
330
17
100
AcDbEntity
  8
ELEM_01_SUPERIOR
100
AcDbVertex
100
AcDbPolyFaceMeshVertex
 10
12119790.58240929
 20
3531815.347014834
 30
11.65710266988156
 70
192
  0
VERTEX
  5
B00
330
17
100
AcDbEntity
  8
ELEM_01_SUPERIOR
100
AcDbVertex
100
AcDbPolyFaceMeshVertex
 10
12119759.26106773
 20
3531800.317058016
 30
11.74984854738062
 70
192
  0
VERTEX
  5
B04
330
17
100
AcDbEntity
  8
ELEM_01_SUPERIOR
100
AcDbVertex
100
AcDbPolyFaceMeshVertex
 10
12119787.93431091
 20
3531819.397003453
 30
11.69326729571452
 70
192
  0
VERTEX
  5
B08
330
17
100
AcDbEntity
  8
ELEM_01_SUPERIOR
100
AcDbVertex
100
AcDbPolyFaceMeshVertex
 10
12119757.08654781
 20
3531804.19363819
 30
11.88053070071262
 70
192
  0
VERTEX
  5
B0C
330
17
100
AcDbEntity
  8
ELEM_01_SUPERIOR
100
AcDbVertex
100
AcDbPolyFaceMeshVertex
 10
12119785.12982505
 20
3531823.536361972
 30
11.745393175714
 70
192
  0
VERTEX
  5
B10
330
17
100
AcDbEntity
  8
ELEM_01_SUPERIOR
100
AcDbVertex
100
AcDbPolyFaceMeshVertex
 10
12119756.20023396
 20
3531805.773697365
 30
11.93311261654542
 70
192
  0
VERTEX
  5
B14
330
17
100
AcDbEntity
  8
ELEM_01_SUPERIOR
100
AcDbVertex
100
AcDbPolyFaceMeshVertex
 10
12119783.96946976
 20
3531825.206516112
 30
11.77088853154707
 70
192
  0
VERTEX
  5
B18
330
17
100
AcDbEntity
  8
ELEM_01_SUPERIOR
100
AcDbVertex
100
AcDbPolyFaceMeshVertex
 10
12119754.90528248
 20
3531808.082242617
 30
12.00888018154465
 70
192
  0
VERTEX
  5
B1C
330
17
100
AcDbEntity
  8
ELEM_01_SUPERIOR
100
AcDbVertex
100
AcDbPolyFaceMeshVertex
 10
12119782.25674025
 20
3531827.628404312
 30
11.81252230654665
 70
192
  0
VERTEX
  5
B21
330
17
100
AcDbEntity
  8
ELEM_01_SUPERIOR
100
AcDbVertex
100
AcDbPolyFaceMeshVertex
 10
12119752.71602505
 20
3531811.985092424
 30
12.13525460071003
 70
192
  0
VERTEX
  5
B24
330
17
100
AcDbEntity
  8
ELEM_01_SUPERIOR
100
AcDbVertex
100
AcDbPolyFaceMeshVertex
 10
12119779.3158603
 20
3531831.671995306
 30
11.89464812654581
 70
192
  0
VERTEX
  5
B29
330
17
100
AcDbEntity
  8
ELEM_01_SUPERIOR
100
AcDbVertex
100
AcDbPolyFaceMeshVertex
 10
12119750.99926996
 20
3531815.045604675
 30
12.2336074223757
 70
192
  0
VERTEX
  5
B2C
330
17
100
AcDbEntity
  8
ELEM_01_SUPERIOR
100
AcDbVertex
100
AcDbPolyFaceMeshVertex
 10
12119776.9716163
 20
3531834.796654412
 30
11.96924771487839
 70
192
  0
VERTEX
  5
B31
330
17
100
AcDbEntity
  8
ELEM_01_SUPERIOR
100
AcDbVertex
100
AcDbPolyFaceMeshVertex
 10
12119750.51750911
 20
3531815.904451382
 30
12.2609859765421
 70
192
  0
VERTEX
  5
B34
330
17
100
AcDbEntity
  8
ELEM_01_SUPERIOR
100
AcDbVertex
100
AcDbPolyFaceMeshVertex
 10
12119776.30799559
 20
3531835.666012909
 30
11.99177719737816
 70
192
  0
VERTEX
  5
B39
330
17
100
AcDbEntity
  8
ELEM_01_SUPERIOR
100
AcDbVertex
100
AcDbPolyFaceMeshVertex
 10
12119748.308442
 20
3531819.842616078
 30
12.3852147307075
 70
192
  0
VERTEX
  5
B3C
330
17
100
AcDbEntity
  8
ELEM_01_SUPERIOR
100
AcDbVertex
100
AcDbPolyFaceMeshVertex
 10
12119773.23398598
 20
3531839.609348198
 30
12.10390295737702
 70
192
  0
VERTEX
  5
B41
330
17
100
AcDbEntity
  8
ELEM_01_SUPERIOR
100
AcDbVertex
100
AcDbPolyFaceMeshVertex
 10
12119747.51438519
 20
3531821.258203799
 30
12.42939443237371
 70
192
  0
VERTEX
  5
B44
330
17
100
AcDbEntity
  8
ELEM_01_SUPERIOR
100
AcDbVertex
100
AcDbPolyFaceMeshVertex
 10
12119772.11701315
 20
3531841.009230569
 30
12.14771520570991
 70
192
  0
VERTEX
  5
B49
330
17
100
AcDbEntity
  8
ELEM_01_SUPERIOR
100
AcDbVertex
100
AcDbPolyFaceMeshVertex
 10
12119746.08751468
 20
3531823.801925745
 30
12.50828206987291
 70
192
  0
VERTEX
  5
B4C
330
17
100
AcDbEntity
  8
ELEM_01_SUPERIOR
100
AcDbVertex
100
AcDbPolyFaceMeshVertex
 10
12119770.09468452
 20
3531843.500905376
 30
12.22794142320909
 70
192
  0
VERTEX
  5
B51
330
17
100
AcDbEntity
  8
ELEM_01_SUPERIOR
100
AcDbVertex
100
AcDbPolyFaceMeshVertex
 10
12119745.74037627
 20
3531824.420779495
 30
12.52735355403939
 70
192
  0
VERTEX
  5
B54
330
17
100
AcDbEntity
  8
ELEM_01_SUPERIOR
100
AcDbVertex
100
AcDbPolyFaceMeshVertex
 10
12119769.59981018
 20
3531844.102413359
 30
12.24741316904223
 70
192
  0
VERTEX
  5
B59
330
17
100
AcDbEntity
  8
ELEM_01_SUPERIOR
100
AcDbVertex
100
AcDbPolyFaceMeshVertex
 10
12119743.85338858
 20
3531827.784772111
 30
12.63029954237167
 70
192
  0
VERTEX
  5
B5C
330
17
100
AcDbEntity
  8
ELEM_01_SUPERIOR
100
AcDbVertex
100
AcDbPolyFaceMeshVertex
 10
12119766.89096061
 20
3531847.339598485
 30
12.35294117320783
 70
192
  0
VERTEX
  5
B61
330
17
100
AcDbEntity
  8
ELEM_01_SUPERIOR
100
AcDbVertex
100
AcDbPolyFaceMeshVertex
 10
12119743.34271046
 20
3531828.695167272
 30
12.65793728237139
 70
192
  0
VERTEX
  5
B64
330
17
100
AcDbEntity
  8
ELEM_01_SUPERIOR
100
AcDbVertex
100
AcDbPolyFaceMeshVertex
 10
12119766.15259266
 20
3531848.206132186
 30
12.3814024023742
 70
192
  0
VERTEX
  5
B69
330
17
100
AcDbEntity
  8
ELEM_01_SUPERIOR
100
AcDbVertex
100
AcDbPolyFaceMeshVertex
 10
12119741.60468572
 20
3531831.793596113
 30
12.74826846653714
 70
192
  0
VERTEX
  5
B6C
330
17
100
AcDbEntity
  8
ELEM_01_SUPERIOR
100
AcDbVertex
100
AcDbPolyFaceMeshVertex
 10
12119763.62370993
 20
3531851.124367819
 30
12.47794092320655
 70
192
  0
VERTEX
  5
B71
330
17
100
AcDbEntity
  8
ELEM_01_SUPERIOR
100
AcDbVertex
100
AcDbPolyFaceMeshVertex
 10
12119740.40579048
 20
3531833.930901549
 30
12.81057149153651
 70
192
  0
VERTEX
  5
B74
330
17
100
AcDbEntity
  8
ELEM_01_SUPERIOR
100
AcDbVertex
100
AcDbPolyFaceMeshVertex
 10
12119761.86559008
 20
3531853.109219492
 30
12.54423016070588
 70
192
  0
VERTEX
  5
B79
330
17
100
AcDbEntity
  8
ELEM_01_SUPERIOR
100
AcDbVertex
100
AcDbPolyFaceMeshVertex
 10
12119739.22898181
 20
3531836.028833705
 30
12.87172622486922
 70
192
  0
VERTEX
  5
B7C
330
17
100
AcDbEntity
  8
ELEM_01_SUPERIOR
100
AcDbVertex
100
AcDbPolyFaceMeshVertex
 10
12119760.30067196
 20
3531854.860305229
 30
12.60294067320528
 70
192
  0
VERTEX
  5
B81
330
17
100
AcDbEntity
  8
ELEM_01_SUPERIOR
100
AcDbVertex
100
AcDbPolyFaceMeshVertex
 10
12119736.72348814
 20
3531840.495445507
 30
13.00192937653456
 70
192
  0
VERTEX
  5
B84
330
17
100
AcDbEntity
  8
ELEM_01_SUPERIOR
100
AcDbVertex
100
AcDbPolyFaceMeshVertex
 10
12119756.96887416
 20
3531858.588457221
 30
12.72794042320401
 70
192
  0
VERTEX
  5
B89
330
17
100
AcDbEntity
  8
ELEM_01_SUPERIOR
100
AcDbVertex
100
AcDbPolyFaceMeshVertex
 10
12119734.21799774
 20
3531844.962057309
 30
13.13213252819991
 70
192
  0
VERTEX
  5
B8C
330
17
100
AcDbEntity
  8
ELEM_01_SUPERIOR
100
AcDbVertex
100
AcDbPolyFaceMeshVertex
 10
12119753.63707636
 20
3531862.316612494
 30
12.85294017320275
 70
192
  0
VERTEX
  5
B91
330
17
100
AcDbEntity
  8
ELEM_01_SUPERIOR
100
AcDbVertex
100
AcDbPolyFaceMeshVertex
 10
12119731.71250735
 20
3531849.42866583
 30
13.2611873881986
 70
192
  0
VERTEX
  5
B94
330
17
100
AcDbEntity
  8
ELEM_01_SUPERIOR
100
AcDbVertex
100
AcDbPolyFaceMeshVertex
 10
12119750.30527856
 20
3531866.044764486
 30
12.97794320403481
 70
192
  0
VERTEX
  5
B99
330
17
100
AcDbEntity
  8
ELEM_01_SUPERIOR
100
AcDbVertex
100
AcDbPolyFaceMeshVertex
 10
12119729.20701367
 20
3531853.895277632
 30
13.38427441236401
 70
192
  0
VERTEX
  5
B9C
330
17
100
AcDbEntity
  8
ELEM_01_SUPERIOR
100
AcDbVertex
100
AcDbPolyFaceMeshVertex
 10
12119746.97348076
 20
3531869.772916479
 30
13.10294295403354
 70
192
  0
VERTEX
  5
BA1
330
17
100
AcDbEntity
  8
ELEM_01_SUPERIOR
100
AcDbVertex
100
AcDbPolyFaceMeshVertex
 10
12119726.70152327
 20
3531858.361889433
 30
13.50256157736281
 70
192
  0
VERTEX
  5
BA4
330
17
100
AcDbEntity
  8
ELEM_01_SUPERIOR
100
AcDbVertex
100
AcDbPolyFaceMeshVertex
 10
12119743.64168297
 20
3531873.501071753
 30
13.22794270403227
 70
192
  0
VERTEX
  5
BA9
330
17
100
AcDbEntity
  8
ELEM_01_SUPERIOR
100
AcDbVertex
100
AcDbPolyFaceMeshVertex
 10
12119724.19603288
 20
3531862.828501235
 30
13.62084546152828
 70
192
  0
VERTEX
  5
BAC
330
17
100
AcDbEntity
  8
ELEM_01_SUPERIOR
100
AcDbVertex
100
AcDbPolyFaceMeshVertex
 10
12119740.30988845
 20
3531877.229223745
 30
13.352942454031
 70
192
  0
VERTEX
  5
BB1
330
17
100
AcDbEntity
  8
ELEM_01_SUPERIOR
100
AcDbVertex
100
AcDbPolyFaceMeshVertex
 10
12119721.6905392
 20
3531867.295113037
 30
13.73913262652707
 70
192
  0
VERTEX
  5
BB4
330
17
100
AcDbEntity
  8
ELEM_01_SUPERIOR
100
AcDbVertex
100
AcDbPolyFaceMeshVertex
 10
12119736.97809065
 20
3531880.957375737
 30
13.47794220402973
 70
192
  0
VERTEX
  5
BB9
330
17
100
AcDbEntity
  8
ELEM_01_SUPERIOR
100
AcDbVertex
100
AcDbPolyFaceMeshVertex
 10
12119719.18504881
 20
3531871.761721557
 30
13.8544079865259
 70
192
  0
VERTEX
  5
BBC
330
17
100
AcDbEntity
  8
ELEM_01_SUPERIOR
100
AcDbVertex
100
AcDbPolyFaceMeshVertex
 10
12119733.64629285
 20
3531884.685531011
 30
13.60294195402846
 70
192
  0
VERTEX
  5
BC1
330
17
100
AcDbEntity
  8
ELEM_01_SUPERIOR
100
AcDbVertex
100
AcDbPolyFaceMeshVertex
 10
12119716.67955841
 20
3531876.228333359
 30
13.9626754865248
 70
192
  0
VERTEX
  5
BC4
330
17
100
AcDbEntity
  8
ELEM_01_SUPERIOR
100
AcDbVertex
100
AcDbPolyFaceMeshVertex
 10
12119730.31449505
 20
3531888.413683004
 30
13.72794170402719
 70
192
  0
VERTEX
  5
BC9
330
17
100
AcDbEntity
  8
ELEM_01_SUPERIOR
100
AcDbVertex
100
AcDbPolyFaceMeshVertex
 10
12119714.17406801
 20
3531880.69494516
 30
14.0709429865237
 70
192
  0
VERTEX
  5
BCC
330
17
100
AcDbEntity
  8
ELEM_01_SUPERIOR
100
AcDbVertex
100
AcDbPolyFaceMeshVertex
 10
12119726.98269725
 20
3531892.141834997
 30
13.85294145402592
 70
192
  0
VERTEX
  5
BD1
330
17
100
AcDbEntity
  8
ELEM_01_SUPERIOR
100
AcDbVertex
100
AcDbPolyFaceMeshVertex
 10
12119711.66857434
 20
3531885.161556961
 30
14.1792104865226
 70
192
  0
VERTEX
  5
BD4
330
17
100
AcDbEntity
  8
ELEM_01_SUPERIOR
100
AcDbVertex
100
AcDbPolyFaceMeshVertex
 10
12119723.65089945
 20
3531895.869990269
 30
13.97794120402465
 70
192
  0
VERTEX
  5
BD9
330
17
100
AcDbEntity
  8
ELEM_01_SUPERIOR
100
AcDbVertex
100
AcDbPolyFaceMeshVertex
 10
12119709.16308394
 20
3531889.628168763
 30
14.28747798652151
 70
192
  0
VERTEX
  5
BDC
330
17
100
AcDbEntity
  8
ELEM_01_SUPERIOR
100
AcDbVertex
100
AcDbPolyFaceMeshVertex
 10
12119720.31910166
 20
3531899.598142262
 30
14.10294095402338
 70
192
  0
VERTEX
  5
BE1
330
17
100
AcDbEntity
  8
ELEM_01_SUPERIOR
100
AcDbVertex
100
AcDbPolyFaceMeshVertex
 10
12119706.65759354
 20
3531894.094777284
 30
14.3927796131871
 70
192
  0
VERTEX
  5
BE4
330
17
100
AcDbEntity
  8
ELEM_01_SUPERIOR
100
AcDbVertex
100
AcDbPolyFaceMeshVertex
 10
12119716.98730386
 20
3531903.326294255
 30
14.22794070402211
 70
192
  0
VERTEX
  5
BE9
330
17
100
AcDbEntity
  8
ELEM_01_SUPERIOR
100
AcDbVertex
100
AcDbPolyFaceMeshVertex
 10
12119704.15209987
 20
3531898.561389086
 30
14.49336996318608
 70
192
  0
VERTEX
  5
BEC
330
17
100
AcDbEntity
  8
ELEM_01_SUPERIOR
100
AcDbVertex
100
AcDbPolyFaceMeshVertex
 10
12119713.65550606
 20
3531907.054449527
 30
14.35294045402084
 70
192
  0
VERTEX
  5
BF1
330
17
100
AcDbEntity
  8
ELEM_01_SUPERIOR
100
AcDbVertex
100
AcDbPolyFaceMeshVertex
 10
12119701.64660947
 20
3531903.028000888
 30
14.59015126568509
 70
192
  0
VERTEX
  5
BF4
330
17
100
AcDbEntity
  8
ELEM_01_SUPERIOR
100
AcDbVertex
100
AcDbPolyFaceMeshVertex
 10
12119710.32370826
 20
3531910.78260152
 30
14.47794020401957
 70
192
  0
VERTEX
  5
BF9
330
17
100
AcDbEntity
  8
ELEM_01_SUPERIOR
100
AcDbVertex
100
AcDbPolyFaceMeshVertex
 10
12119700.84687354
 20
3531904.453709978
 30
14.62104031151811
 70
192
  0
VERTEX
  5
BFC
330
17
100
AcDbEntity
  8
ELEM_01_SUPERIOR
100
AcDbVertex
100
AcDbPolyFaceMeshVertex
 10
12119709.26022285
 20
3531911.972602422
 30
14.51784169901916
 70
192
  0
VERTEX
  5
C01
330
17
100
AcDbEntity
  8
ELEM_01_SUPERIOR
100
AcDbVertex
100
AcDbPolyFaceMeshVertex
 10
12119699.14111908
 20
3531907.494612689
 30
14.68693256818411
 70
192
  0
VERTEX
  5
C04
330
17
100
AcDbEntity
  8
ELEM_01_SUPERIOR
100
AcDbVertex
100
AcDbPolyFaceMeshVertex
 10
12119706.99191046
 20
3531914.510753513
 30
14.60153903818498
 70
192
  0
VERTEX
  5
C09
330
17
100
AcDbEntity
  8
ELEM_01_SUPERIOR
100
AcDbVertex
100
AcDbPolyFaceMeshVertex
 10
12119696.6356254
 20
3531911.96122121
 30
14.78131558151648
 70
192
  0
VERTEX
  5
C0C
330
17
100
AcDbEntity
  8
ELEM_01_SUPERIOR
100
AcDbVertex
100
AcDbPolyFaceMeshVertex
 10
12119703.66011594
 20
3531918.238908787
 30
14.71939641401712
 70
192
  0
VERTEX
  5
C11
330
17
100
AcDbEntity
  8
ELEM_01_SUPERIOR
100
AcDbVertex
100
AcDbPolyFaceMeshVertex
 10
12119694.130135
 20
3531916.427833012
 30
14.87030490484892
 70
192
  0
VERTEX
  5
C14
330
17
100
AcDbEntity
  8
ELEM_01_SUPERIOR
100
AcDbVertex
100
AcDbPolyFaceMeshVertex
 10
12119700.32831815
 20
3531921.967060778
 30
14.83120065234931
 70
192
  0
VERTEX
  5
C19
330
17
100
AcDbEntity
  8
ELEM_01_SUPERIOR
100
AcDbVertex
100
AcDbPolyFaceMeshVertex
 10
12119691.62464461
 20
3531920.894444813
 30
14.95615118984804
 70
192
  0
VERTEX
  5
C1C
330
17
100
AcDbEntity
  8
ELEM_01_SUPERIOR
100
AcDbVertex
100
AcDbPolyFaceMeshVertex
 10
12119696.99652035
 20
3531925.695212771
 30
14.93695831484824
 70
192
  0
VERTEX
  5
C21
330
17
100
AcDbEntity
  8
ELEM_01_SUPERIOR
100
AcDbVertex
100
AcDbPolyFaceMeshVertex
 10
12119689.11915421
 20
3531925.361056615
 30
15.04199747484717
 70
192
  0
VERTEX
  5
C26
330
17
100
AcDbEntity
  8
ELEM_01_SUPERIOR
100
AcDbVertex
100
AcDbPolyFaceMeshVertex
 10
12119693.66472255
 20
3531929.423368044
 30
15.03666283984722
 70
192
  0
VERTEX
  5
C28
330
17
100
AcDbEntity
  8
ELEM_01_SUPERIOR
100
AcDbVertex
100
AcDbPolyFaceMeshVertex
 10
12119686.61366053
 20
3531929.827668416
 30
15.1278437598463
 70
192
  0
VERTEX
  5
C2E
330
17
100
AcDbEntity
  8
ELEM_01_SUPERIOR
100
AcDbVertex
100
AcDbPolyFaceMeshVertex
 10
12119690.33292475
 20
3531933.151520036
 30
15.13032078901294
 70
192
  0
VERTEX
  5
C30
330
17
100
AcDbEntity
  8
ELEM_01_SUPERIOR
100
AcDbVertex
100
AcDbPolyFaceMeshVertex
 10
12119686.30943542
 20
3531930.370016413
 30
15.13826696734619
 70
192
  0
VERTEX
  5
C36
330
17
100
AcDbEntity
  8
ELEM_01_SUPERIOR
100
AcDbVertex
100
AcDbPolyFaceMeshVertex
 10
12119689.92836847
 20
3531933.604202858
 30
15.14128205317949
 70
192
  0
VERTEX
  5
C38
330
17
100
AcDbEntity
  8
ELEM_01_SUPERIOR
100
AcDbVertex
100
AcDbPolyFaceMeshVertex
 10
12119684.06531261
 20
3531934.370677703
 30
15.21515657734541
 70
192
  0
VERTEX
  5
C3E
330
17
100
AcDbEntity
  8
ELEM_01_SUPERIOR
100
AcDbVertex
100
AcDbPolyFaceMeshVertex
 10
12119687.03733423
 20
3531936.911555167
 30
15.21792560067871
 70
192
  0
VERTEX
  5
C40
330
17
100
AcDbEntity
  8
ELEM_01_SUPERIOR
100
AcDbVertex
100
AcDbPolyFaceMeshVertex
 10
12119681.87158013
 20
3531938.281509777
 30
15.28628504401136
 70
192
  0
VERTEX
  5
C46
330
17
100
AcDbEntity
  8
ELEM_01_SUPERIOR
100
AcDbVertex
100
AcDbPolyFaceMeshVertex
 10
12119684.25839293
 20
3531940.234212564
 30
15.28893267651133
 70
192
  0
VERTEX
  5
C48
330
17
100
AcDbEntity
  8
ELEM_01_SUPERIOR
100
AcDbVertex
100
AcDbPolyFaceMeshVertex
 10
12119681.53464838
 20
3531938.882171305
 30
15.29683948484458
 70
192
  0
VERTEX
  5
C4E
330
17
100
AcDbEntity
  8
ELEM_01_SUPERIOR
100
AcDbVertex
100
AcDbPolyFaceMeshVertex
 10
12119683.83606111
 20
3531940.752200373
 30
15.29948383651122
 70
192
  0
VERTEX
  5
C50
330
17
100
AcDbEntity
  8
ELEM_01_SUPERIOR
100
AcDbVertex
100
AcDbPolyFaceMeshVertex
 10
12119679.02576233
 20
3531943.354832963
 30
15.37469365984379
 70
192
  0
VERTEX
  5
C56
330
17
100
AcDbEntity
  8
ELEM_01_SUPERIOR
100
AcDbVertex
100
AcDbPolyFaceMeshVertex
 10
12119680.73179566
 20
3531944.671670881
 30
15.37498893484379
 70
192
  0
VERTEX
  5
C58
330
17
100
AcDbEntity
  8
ELEM_01_SUPERIOR
100
AcDbVertex
100
AcDbPolyFaceMeshVertex
 10
12119677.50150028
 20
3531946.072176609
 30
15.41959186401
 70
192
  0
VERTEX
  5
C5E
330
17
100
AcDbEntity
  8
ELEM_01_SUPERIOR
100
AcDbVertex
100
AcDbPolyFaceMeshVertex
 10
12119678.88294437
 20
3531947.105176512
 30
15.41816142067668
 70
192
  0
VERTEX
  5
C60
330
17
100
AcDbEntity
  8
ELEM_01_SUPERIOR
100
AcDbVertex
100
AcDbPolyFaceMeshVertex
 10
12119676.53527519
 20
3531947.794692849
 30
15.44805309317638
 70
192
  0
VERTEX
  5
C64
330
17
100
AcDbEntity
  8
ELEM_01_SUPERIOR
100
AcDbVertex
100
AcDbPolyFaceMeshVertex
 10
12119677.72647359
 20
3531948.667512627
 30
15.44444417650975
 70
192
  0
VERTEX
  5
C69
330
17
100
AcDbEntity
  8
ELEM_01_SUPERIOR
100
AcDbVertex
100
AcDbPolyFaceMeshVertex
 10
12119675.74366915
 20
3531949.205917062
 30
15.47137325650948
 70
192
  0
VERTEX
  5
C6C
330
17
100
AcDbEntity
  8
ELEM_01_SUPERIOR
100
AcDbVertex
100
AcDbPolyFaceMeshVertex
 10
12119676.78833898
 20
3531949.958632091
 30
15.46533980400954
 70
192
  0
VERTEX
  5
C71
330
17
100
AcDbEntity
  8
ELEM_01_SUPERIOR
100
AcDbVertex
100
AcDbPolyFaceMeshVertex
 10
12119674.0599094
 20
3531952.20760069
 30
15.52096961400897
 70
192
  0
VERTEX
  5
C74
330
17
100
AcDbEntity
  8
ELEM_01_SUPERIOR
100
AcDbVertex
100
AcDbPolyFaceMeshVertex
 10
12119674.82198136
 20
3531952.737228897
 30
15.50925375817575
 70
192
  0
VERTEX
  5
C79
330
17
100
AcDbEntity
  8
ELEM_01_SUPERIOR
100
AcDbVertex
100
AcDbPolyFaceMeshVertex
 10
12119673.18134816
 20
3531953.773837715
 30
15.54684882734204
 70
192
  0
VERTEX
  5
C7C
330
17
100
AcDbEntity
  8
ELEM_01_SUPERIOR
100
AcDbVertex
100
AcDbPolyFaceMeshVertex
 10
12119673.81223929
 20
3531954.204020582
 30
15.53222615317553
 70
192
  0
VERTEX
  5
C80
330
17
100
AcDbEntity
  8
ELEM_01_SUPERIOR
100
AcDbVertex
100
AcDbPolyFaceMeshVertex
 10
12119673.36233205
 20
3531954.866693141
 30
15.54255749734209
 70
192
  0
VERTEX
  5
C85
330
17
100
AcDbEntity
  8
ELEM_01_SUPERIOR
100
AcDbVertex
100
AcDbPolyFaceMeshVertex
 10
12119672.78663111
 20
3531954.477510848
 30
15.87417428817205
 70
192
  0
VERTEX
  5
C88
330
17
100
AcDbEntity
  8
ELEM_01_SUPERIOR
100
AcDbVertex
100
AcDbPolyFaceMeshVertex
 10
12119671.59644976
 20
3531956.599278258
 30
15.58177657900835
 70
192
  0
VERTEX
  5
C8C
330
17
100
AcDbEntity
  8
ELEM_01_SUPERIOR
100
AcDbVertex
100
AcDbPolyFaceMeshVertex
 10
12119672.02012673
 20
3531956.878280325
 30
15.5737516606751
 70
192
  0
VERTEX
  5
C90
330
17
100
AcDbEntity
  8
ELEM_01_SUPERIOR
100
AcDbVertex
100
AcDbPolyFaceMeshVertex
 10
12119669.14175979
 20
3531960.975325937
 30
15.63015574734119
 70
192
  0
VERTEX
  5
C96
330
17
100
AcDbEntity
  8
ELEM_01_SUPERIOR
100
AcDbVertex
100
AcDbPolyFaceMeshVertex
 10
12119669.32266165
 20
3531961.088078336
 30
15.63825284400778
 70
192
  0
VERTEX
  5
C99
330
17
100
AcDbEntity
  8
ELEM_01_SUPERIOR
100
AcDbVertex
100
AcDbPolyFaceMeshVertex
 10
12119668.89405687
 20
3531961.416912981
 30
15.63503762734115
 70
192
  0
VERTEX
  5
C9E
330
17
100
AcDbEntity
  8
ELEM_01_SUPERIOR
100
AcDbVertex
100
AcDbPolyFaceMeshVertex
 10
12119669.05593319
 20
3531961.517237583
 30
15.64477185984104
 70
192
  0
VERTEX
  5
CA0
330
17
100
AcDbEntity
  8
ELEM_01_SUPERIOR
100
AcDbVertex
100
AcDbPolyFaceMeshVertex
 10
12119666.69272925
 20
3531965.341281772
 30
15.67842336734071
 70
192
  0
VERTEX
  5
CA4
330
17
100
AcDbEntity
  8
ELEM_01_SUPERIOR
100
AcDbVertex
100
AcDbPolyFaceMeshVertex
 10
12119666.73127576
 20
3531965.363988419
 30
15.70275402734046
 70
192
  0
VERTEX
  5
A53
330
17
100
AcDbEntity
  8
ELEM_01_SUPERIOR
100
AcDbFaceRecord
 10
0.0
 20
0.0
 30
0.0
 70
128
 71
1
 72
2
 73
3
  0
VERTEX
  5
A57
330
17
100
AcDbEntity
  8
ELEM_01_SUPERIOR
100
AcDbFaceRecord
 10
0.0
 20
0.0
 30
0.0
 70
128
 71
1
 72
4
 73
2
  0
VERTEX
  5
A5B
330
17
100
AcDbEntity
  8
ELEM_01_SUPERIOR
100
AcDbFaceRecord
 10
0.0
 20
0.0
 30
0.0
 70
128
 71
5
 72
4
 73
1
  0
VERTEX
  5
A5F
330
17
100
AcDbEntity
  8
ELEM_01_SUPERIOR
100
AcDbFaceRecord
 10
0.0
 20
0.0
 30
0.0
 70
128
 71
6
 72
4
 73
5
  0
VERTEX
  5
A63
330
17
100
AcDbEntity
  8
ELEM_01_SUPERIOR
100
AcDbFaceRecord
 10
0.0
 20
0.0
 30
0.0
 70
128
 71
7
 72
6
 73
5
  0
VERTEX
  5
A67
330
17
100
AcDbEntity
  8
ELEM_01_SUPERIOR
100
AcDbFaceRecord
 10
0.0
 20
0.0
 30
0.0
 70
128
 71
8
 72
6
 73
7
  0
VERTEX
  5
A6B
330
17
100
AcDbEntity
  8
ELEM_01_SUPERIOR
100
AcDbFaceRecord
 10
0.0
 20
0.0
 30
0.0
 70
128
 71
9
 72
8
 73
7
  0
VERTEX
  5
A6F
330
17
100
AcDbEntity
  8
ELEM_01_SUPERIOR
100
AcDbFaceRecord
 10
0.0
 20
0.0
 30
0.0
 70
128
 71
10
 72
8
 73
9
  0
VERTEX
  5
A73
330
17
100
AcDbEntity
  8
ELEM_01_SUPERIOR
100
AcDbFaceRecord
 10
0.0
 20
0.0
 30
0.0
 70
128
 71
11
 72
10
 73
9
  0
VERTEX
  5
A77
330
17
100
AcDbEntity
  8
ELEM_01_SUPERIOR
100
AcDbFaceRecord
 10
0.0
 20
0.0
 30
0.0
 70
128
 71
12
 72
10
 73
11
  0
VERTEX
  5
A7B
330
17
100
AcDbEntity
  8
ELEM_01_SUPERIOR
100
AcDbFaceRecord
 10
0.0
 20
0.0
 30
0.0
 70
128
 71
13
 72
12
 73
11
  0
VERTEX
  5
A7F
330
17
100
AcDbEntity
  8
ELEM_01_SUPERIOR
100
AcDbFaceRecord
 10
0.0
 20
0.0
 30
0.0
 70
128
 71
14
 72
12
 73
13
  0
VERTEX
  5
A83
330
17
100
AcDbEntity
  8
ELEM_01_SUPERIOR
100
AcDbFaceRecord
 10
0.0
 20
0.0
 30
0.0
 70
128
 71
15
 72
14
 73
13
  0
VERTEX
  5
A87
330
17
100
AcDbEntity
  8
ELEM_01_SUPERIOR
100
AcDbFaceRecord
 10
0.0
 20
0.0
 30
0.0
 70
128
 71
16
 72
14
 73
15
  0
VERTEX
  5
A8B
330
17
100
AcDbEntity
  8
ELEM_01_SUPERIOR
100
AcDbFaceRecord
 10
0.0
 20
0.0
 30
0.0
 70
128
 71
17
 72
16
 73
15
  0
VERTEX
  5
A8F
330
17
100
AcDbEntity
  8
ELEM_01_SUPERIOR
100
AcDbFaceRecord
 10
0.0
 20
0.0
 30
0.0
 70
128
 71
18
 72
16
 73
17
  0
VERTEX
  5
A93
330
17
100
AcDbEntity
  8
ELEM_01_SUPERIOR
100
AcDbFaceRecord
 10
0.0
 20
0.0
 30
0.0
 70
128
 71
19
 72
18
 73
17
  0
VERTEX
  5
A97
330
17
100
AcDbEntity
  8
ELEM_01_SUPERIOR
100
AcDbFaceRecord
 10
0.0
 20
0.0
 30
0.0
 70
128
 71
20
 72
18
 73
19
  0
VERTEX
  5
A9B
330
17
100
AcDbEntity
  8
ELEM_01_SUPERIOR
100
AcDbFaceRecord
 10
0.0
 20
0.0
 30
0.0
 70
128
 71
21
 72
20
 73
19
  0
VERTEX
  5
A9F
330
17
100
AcDbEntity
  8
ELEM_01_SUPERIOR
100
AcDbFaceRecord
 10
0.0
 20
0.0
 30
0.0
 70
128
 71
22
 72
20
 73
21
  0
VERTEX
  5
AA3
330
17
100
AcDbEntity
  8
ELEM_01_SUPERIOR
100
AcDbFaceRecord
 10
0.0
 20
0.0
 30
0.0
 70
128
 71
23
 72
22
 73
21
  0
VERTEX
  5
AA7
330
17
100
AcDbEntity
  8
ELEM_01_SUPERIOR
100
AcDbFaceRecord
 10
0.0
 20
0.0
 30
0.0
 70
128
 71
24
 72
22
 73
23
  0
VERTEX
  5
AAB
330
17
100
AcDbEntity
  8
ELEM_01_SUPERIOR
100
AcDbFaceRecord
 10
0.0
 20
0.0
 30
0.0
 70
128
 71
25
 72
24
 73
23
  0
VERTEX
  5
AAF
330
17
100
AcDbEntity
  8
ELEM_01_SUPERIOR
100
AcDbFaceRecord
 10
0.0
 20
0.0
 30
0.0
 70
128
 71
26
 72
24
 73
25
  0
VERTEX
  5
AB3
330
17
100
AcDbEntity
  8
ELEM_01_SUPERIOR
100
AcDbFaceRecord
 10
0.0
 20
0.0
 30
0.0
 70
128
 71
27
 72
26
 73
25
  0
VERTEX
  5
AB7
330
17
100
AcDbEntity
  8
ELEM_01_SUPERIOR
100
AcDbFaceRecord
 10
0.0
 20
0.0
 30
0.0
 70
128
 71
28
 72
26
 73
27
  0
VERTEX
  5
ABB
330
17
100
AcDbEntity
  8
ELEM_01_SUPERIOR
100
AcDbFaceRecord
 10
0.0
 20
0.0
 30
0.0
 70
128
 71
29
 72
28
 73
27
  0
VERTEX
  5
ABF
330
17
100
AcDbEntity
  8
ELEM_01_SUPERIOR
100
AcDbFaceRecord
 10
0.0
 20
0.0
 30
0.0
 70
128
 71
30
 72
28
 73
29
  0
VERTEX
  5
AC3
330
17
100
AcDbEntity
  8
ELEM_01_SUPERIOR
100
AcDbFaceRecord
 10
0.0
 20
0.0
 30
0.0
 70
128
 71
31
 72
30
 73
29
  0
VERTEX
  5
AC7
330
17
100
AcDbEntity
  8
ELEM_01_SUPERIOR
100
AcDbFaceRecord
 10
0.0
 20
0.0
 30
0.0
 70
128
 71
32
 72
30
 73
31
  0
VERTEX
  5
ACB
330
17
100
AcDbEntity
  8
ELEM_01_SUPERIOR
100
AcDbFaceRecord
 10
0.0
 20
0.0
 30
0.0
 70
128
 71
33
 72
32
 73
31
  0
VERTEX
  5
ACF
330
17
100
AcDbEntity
  8
ELEM_01_SUPERIOR
100
AcDbFaceRecord
 10
0.0
 20
0.0
 30
0.0
 70
128
 71
34
 72
32
 73
33
  0
VERTEX
  5
AD3
330
17
100
AcDbEntity
  8
ELEM_01_SUPERIOR
100
AcDbFaceRecord
 10
0.0
 20
0.0
 30
0.0
 70
128
 71
35
 72
34
 73
33
  0
VERTEX
  5
AD7
330
17
100
AcDbEntity
  8
ELEM_01_SUPERIOR
100
AcDbFaceRecord
 10
0.0
 20
0.0
 30
0.0
 70
128
 71
36
 72
35
 73
33
  0
VERTEX
  5
ADB
330
17
100
AcDbEntity
  8
ELEM_01_SUPERIOR
100
AcDbFaceRecord
 10
0.0
 20
0.0
 30
0.0
 70
128
 71
37
 72
35
 73
36
  0
VERTEX
  5
ADF
330
17
100
AcDbEntity
  8
ELEM_01_SUPERIOR
100
AcDbFaceRecord
 10
0.0
 20
0.0
 30
0.0
 70
128
 71
38
 72
37
 73
36
  0
VERTEX
  5
AE3
330
17
100
AcDbEntity
  8
ELEM_01_SUPERIOR
100
AcDbFaceRecord
 10
0.0
 20
0.0
 30
0.0
 70
128
 71
39
 72
37
 73
38
  0
VERTEX
  5
AE7
330
17
100
AcDbEntity
  8
ELEM_01_SUPERIOR
100
AcDbFaceRecord
 10
0.0
 20
0.0
 30
0.0
 70
128
 71
40
 72
39
 73
38
  0
VERTEX
  5
AEB
330
17
100
AcDbEntity
  8
ELEM_01_SUPERIOR
100
AcDbFaceRecord
 10
0.0
 20
0.0
 30
0.0
 70
128
 71
41
 72
39
 73
40
  0
VERTEX
  5
AEF
330
17
100
AcDbEntity
  8
ELEM_01_SUPERIOR
100
AcDbFaceRecord
 10
0.0
 20
0.0
 30
0.0
 70
128
 71
41
 72
40
 73
42
  0
VERTEX
  5
AF3
330
17
100
AcDbEntity
  8
ELEM_01_SUPERIOR
100
AcDbFaceRecord
 10
0.0
 20
0.0
 30
0.0
 70
128
 71
43
 72
41
 73
42
  0
VERTEX
  5
AF7
330
17
100
AcDbEntity
  8
ELEM_01_SUPERIOR
100
AcDbFaceRecord
 10
0.0
 20
0.0
 30
0.0
 70
128
 71
43
 72
42
 73
44
  0
VERTEX
  5
AFB
330
17
100
AcDbEntity
  8
ELEM_01_SUPERIOR
100
AcDbFaceRecord
 10
0.0
 20
0.0
 30
0.0
 70
128
 71
45
 72
43
 73
44
  0
VERTEX
  5
AFF
330
17
100
AcDbEntity
  8
ELEM_01_SUPERIOR
100
AcDbFaceRecord
 10
0.0
 20
0.0
 30
0.0
 70
128
 71
45
 72
44
 73
46
  0
VERTEX
  5
B03
330
17
100
AcDbEntity
  8
ELEM_01_SUPERIOR
100
AcDbFaceRecord
 10
0.0
 20
0.0
 30
0.0
 70
128
 71
47
 72
45
 73
46
  0
VERTEX
  5
B07
330
17
100
AcDbEntity
  8
ELEM_01_SUPERIOR
100
AcDbFaceRecord
 10
0.0
 20
0.0
 30
0.0
 70
128
 71
48
 72
47
 73
46
  0
VERTEX
  5
B0B
330
17
100
AcDbEntity
  8
ELEM_01_SUPERIOR
100
AcDbFaceRecord
 10
0.0
 20
0.0
 30
0.0
 70
128
 71
49
 72
47
 73
48
  0
VERTEX
  5
B0F
330
17
100
AcDbEntity
  8
ELEM_01_SUPERIOR
100
AcDbFaceRecord
 10
0.0
 20
0.0
 30
0.0
 70
128
 71
50
 72
49
 73
48
  0
VERTEX
  5
B13
330
17
100
AcDbEntity
  8
ELEM_01_SUPERIOR
100
AcDbFaceRecord
 10
0.0
 20
0.0
 30
0.0
 70
128
 71
51
 72
49
 73
50
  0
VERTEX
  5
B17
330
17
100
AcDbEntity
  8
ELEM_01_SUPERIOR
100
AcDbFaceRecord
 10
0.0
 20
0.0
 30
0.0
 70
128
 71
52
 72
51
 73
50
  0
VERTEX
  5
B1B
330
17
100
AcDbEntity
  8
ELEM_01_SUPERIOR
100
AcDbFaceRecord
 10
0.0
 20
0.0
 30
0.0
 70
128
 71
53
 72
51
 73
52
  0
VERTEX
  5
B1F
330
17
100
AcDbEntity
  8
ELEM_01_SUPERIOR
100
AcDbFaceRecord
 10
0.0
 20
0.0
 30
0.0
 70
128
 71
54
 72
53
 73
52
  0
VERTEX
  5
B23
330
17
100
AcDbEntity
  8
ELEM_01_SUPERIOR
100
AcDbFaceRecord
 10
0.0
 20
0.0
 30
0.0
 70
128
 71
54
 72
55
 73
53
  0
VERTEX
  5
B27
330
17
100
AcDbEntity
  8
ELEM_01_SUPERIOR
100
AcDbFaceRecord
 10
0.0
 20
0.0
 30
0.0
 70
128
 71
56
 72
55
 73
54
  0
VERTEX
  5
B2B
330
17
100
AcDbEntity
  8
ELEM_01_SUPERIOR
100
AcDbFaceRecord
 10
0.0
 20
0.0
 30
0.0
 70
128
 71
56
 72
57
 73
55
  0
VERTEX
  5
B2F
330
17
100
AcDbEntity
  8
ELEM_01_SUPERIOR
100
AcDbFaceRecord
 10
0.0
 20
0.0
 30
0.0
 70
128
 71
58
 72
57
 73
56
  0
VERTEX
  5
B33
330
17
100
AcDbEntity
  8
ELEM_01_SUPERIOR
100
AcDbFaceRecord
 10
0.0
 20
0.0
 30
0.0
 70
128
 71
58
 72
59
 73
57
  0
VERTEX
  5
B37
330
17
100
AcDbEntity
  8
ELEM_01_SUPERIOR
100
AcDbFaceRecord
 10
0.0
 20
0.0
 30
0.0
 70
128
 71
60
 72
59
 73
58
  0
VERTEX
  5
B3B
330
17
100
AcDbEntity
  8
ELEM_01_SUPERIOR
100
AcDbFaceRecord
 10
0.0
 20
0.0
 30
0.0
 70
128
 71
60
 72
61
 73
59
  0
VERTEX
  5
B3F
330
17
100
AcDbEntity
  8
ELEM_01_SUPERIOR
100
AcDbFaceRecord
 10
0.0
 20
0.0
 30
0.0
 70
128
 71
62
 72
61
 73
60
  0
VERTEX
  5
B43
330
17
100
AcDbEntity
  8
ELEM_01_SUPERIOR
100
AcDbFaceRecord
 10
0.0
 20
0.0
 30
0.0
 70
128
 71
62
 72
63
 73
61
  0
VERTEX
  5
B47
330
17
100
AcDbEntity
  8
ELEM_01_SUPERIOR
100
AcDbFaceRecord
 10
0.0
 20
0.0
 30
0.0
 70
128
 71
64
 72
63
 73
62
  0
VERTEX
  5
B4B
330
17
100
AcDbEntity
  8
ELEM_01_SUPERIOR
100
AcDbFaceRecord
 10
0.0
 20
0.0
 30
0.0
 70
128
 71
64
 72
65
 73
63
  0
VERTEX
  5
B4F
330
17
100
AcDbEntity
  8
ELEM_01_SUPERIOR
100
AcDbFaceRecord
 10
0.0
 20
0.0
 30
0.0
 70
128
 71
66
 72
65
 73
64
  0
VERTEX
  5
B53
330
17
100
AcDbEntity
  8
ELEM_01_SUPERIOR
100
AcDbFaceRecord
 10
0.0
 20
0.0
 30
0.0
 70
128
 71
66
 72
67
 73
65
  0
VERTEX
  5
B57
330
17
100
AcDbEntity
  8
ELEM_01_SUPERIOR
100
AcDbFaceRecord
 10
0.0
 20
0.0
 30
0.0
 70
128
 71
68
 72
67
 73
66
  0
VERTEX
  5
B5B
330
17
100
AcDbEntity
  8
ELEM_01_SUPERIOR
100
AcDbFaceRecord
 10
0.0
 20
0.0
 30
0.0
 70
128
 71
68
 72
69
 73
67
  0
VERTEX
  5
B5F
330
17
100
AcDbEntity
  8
ELEM_01_SUPERIOR
100
AcDbFaceRecord
 10
0.0
 20
0.0
 30
0.0
 70
128
 71
70
 72
69
 73
68
  0
VERTEX
  5
B63
330
17
100
AcDbEntity
  8
ELEM_01_SUPERIOR
100
AcDbFaceRecord
 10
0.0
 20
0.0
 30
0.0
 70
128
 71
70
 72
71
 73
69
  0
VERTEX
  5
B67
330
17
100
AcDbEntity
  8
ELEM_01_SUPERIOR
100
AcDbFaceRecord
 10
0.0
 20
0.0
 30
0.0
 70
128
 71
72
 72
71
 73
70
  0
VERTEX
  5
B6B
330
17
100
AcDbEntity
  8
ELEM_01_SUPERIOR
100
AcDbFaceRecord
 10
0.0
 20
0.0
 30
0.0
 70
128
 71
72
 72
73
 73
71
  0
VERTEX
  5
B6F
330
17
100
AcDbEntity
  8
ELEM_01_SUPERIOR
100
AcDbFaceRecord
 10
0.0
 20
0.0
 30
0.0
 70
128
 71
74
 72
73
 73
72
  0
VERTEX
  5
B73
330
17
100
AcDbEntity
  8
ELEM_01_SUPERIOR
100
AcDbFaceRecord
 10
0.0
 20
0.0
 30
0.0
 70
128
 71
74
 72
75
 73
73
  0
VERTEX
  5
B77
330
17
100
AcDbEntity
  8
ELEM_01_SUPERIOR
100
AcDbFaceRecord
 10
0.0
 20
0.0
 30
0.0
 70
128
 71
76
 72
75
 73
74
  0
VERTEX
  5
B7B
330
17
100
AcDbEntity
  8
ELEM_01_SUPERIOR
100
AcDbFaceRecord
 10
0.0
 20
0.0
 30
0.0
 70
128
 71
76
 72
77
 73
75
  0
VERTEX
  5
B7F
330
17
100
AcDbEntity
  8
ELEM_01_SUPERIOR
100
AcDbFaceRecord
 10
0.0
 20
0.0
 30
0.0
 70
128
 71
78
 72
77
 73
76
  0
VERTEX
  5
B83
330
17
100
AcDbEntity
  8
ELEM_01_SUPERIOR
100
AcDbFaceRecord
 10
0.0
 20
0.0
 30
0.0
 70
128
 71
78
 72
79
 73
77
  0
VERTEX
  5
B87
330
17
100
AcDbEntity
  8
ELEM_01_SUPERIOR
100
AcDbFaceRecord
 10
0.0
 20
0.0
 30
0.0
 70
128
 71
80
 72
79
 73
78
  0
VERTEX
  5
B8B
330
17
100
AcDbEntity
  8
ELEM_01_SUPERIOR
100
AcDbFaceRecord
 10
0.0
 20
0.0
 30
0.0
 70
128
 71
80
 72
81
 73
79
  0
VERTEX
  5
B8F
330
17
100
AcDbEntity
  8
ELEM_01_SUPERIOR
100
AcDbFaceRecord
 10
0.0
 20
0.0
 30
0.0
 70
128
 71
82
 72
81
 73
80
  0
VERTEX
  5
B93
330
17
100
AcDbEntity
  8
ELEM_01_SUPERIOR
100
AcDbFaceRecord
 10
0.0
 20
0.0
 30
0.0
 70
128
 71
82
 72
83
 73
81
  0
VERTEX
  5
B97
330
17
100
AcDbEntity
  8
ELEM_01_SUPERIOR
100
AcDbFaceRecord
 10
0.0
 20
0.0
 30
0.0
 70
128
 71
84
 72
83
 73
82
  0
VERTEX
  5
B9B
330
17
100
AcDbEntity
  8
ELEM_01_SUPERIOR
100
AcDbFaceRecord
 10
0.0
 20
0.0
 30
0.0
 70
128
 71
84
 72
85
 73
83
  0
VERTEX
  5
B9F
330
17
100
AcDbEntity
  8
ELEM_01_SUPERIOR
100
AcDbFaceRecord
 10
0.0
 20
0.0
 30
0.0
 70
128
 71
86
 72
85
 73
84
  0
VERTEX
  5
BA3
330
17
100
AcDbEntity
  8
ELEM_01_SUPERIOR
100
AcDbFaceRecord
 10
0.0
 20
0.0
 30
0.0
 70
128
 71
86
 72
87
 73
85
  0
VERTEX
  5
BA7
330
17
100
AcDbEntity
  8
ELEM_01_SUPERIOR
100
AcDbFaceRecord
 10
0.0
 20
0.0
 30
0.0
 70
128
 71
88
 72
87
 73
86
  0
VERTEX
  5
BAB
330
17
100
AcDbEntity
  8
ELEM_01_SUPERIOR
100
AcDbFaceRecord
 10
0.0
 20
0.0
 30
0.0
 70
128
 71
88
 72
89
 73
87
  0
VERTEX
  5
BAF
330
17
100
AcDbEntity
  8
ELEM_01_SUPERIOR
100
AcDbFaceRecord
 10
0.0
 20
0.0
 30
0.0
 70
128
 71
90
 72
89
 73
88
  0
VERTEX
  5
BB3
330
17
100
AcDbEntity
  8
ELEM_01_SUPERIOR
100
AcDbFaceRecord
 10
0.0
 20
0.0
 30
0.0
 70
128
 71
90
 72
91
 73
89
  0
VERTEX
  5
BB7
330
17
100
AcDbEntity
  8
ELEM_01_SUPERIOR
100
AcDbFaceRecord
 10
0.0
 20
0.0
 30
0.0
 70
128
 71
92
 72
91
 73
90
  0
VERTEX
  5
BBB
330
17
100
AcDbEntity
  8
ELEM_01_SUPERIOR
100
AcDbFaceRecord
 10
0.0
 20
0.0
 30
0.0
 70
128
 71
92
 72
93
 73
91
  0
VERTEX
  5
BBF
330
17
100
AcDbEntity
  8
ELEM_01_SUPERIOR
100
AcDbFaceRecord
 10
0.0
 20
0.0
 30
0.0
 70
128
 71
94
 72
93
 73
92
  0
VERTEX
  5
BC3
330
17
100
AcDbEntity
  8
ELEM_01_SUPERIOR
100
AcDbFaceRecord
 10
0.0
 20
0.0
 30
0.0
 70
128
 71
94
 72
95
 73
93
  0
VERTEX
  5
BC7
330
17
100
AcDbEntity
  8
ELEM_01_SUPERIOR
100
AcDbFaceRecord
 10
0.0
 20
0.0
 30
0.0
 70
128
 71
96
 72
95
 73
94
  0
VERTEX
  5
BCB
330
17
100
AcDbEntity
  8
ELEM_01_SUPERIOR
100
AcDbFaceRecord
 10
0.0
 20
0.0
 30
0.0
 70
128
 71
96
 72
97
 73
95
  0
VERTEX
  5
BCF
330
17
100
AcDbEntity
  8
ELEM_01_SUPERIOR
100
AcDbFaceRecord
 10
0.0
 20
0.0
 30
0.0
 70
128
 71
98
 72
97
 73
96
  0
VERTEX
  5
BD3
330
17
100
AcDbEntity
  8
ELEM_01_SUPERIOR
100
AcDbFaceRecord
 10
0.0
 20
0.0
 30
0.0
 70
128
 71
98
 72
99
 73
97
  0
VERTEX
  5
BD7
330
17
100
AcDbEntity
  8
ELEM_01_SUPERIOR
100
AcDbFaceRecord
 10
0.0
 20
0.0
 30
0.0
 70
128
 71
100
 72
99
 73
98
  0
VERTEX
  5
BDB
330
17
100
AcDbEntity
  8
ELEM_01_SUPERIOR
100
AcDbFaceRecord
 10
0.0
 20
0.0
 30
0.0
 70
128
 71
100
 72
101
 73
99
  0
VERTEX
  5
BDF
330
17
100
AcDbEntity
  8
ELEM_01_SUPERIOR
100
AcDbFaceRecord
 10
0.0
 20
0.0
 30
0.0
 70
128
 71
102
 72
101
 73
100
  0
VERTEX
  5
BE3
330
17
100
AcDbEntity
  8
ELEM_01_SUPERIOR
100
AcDbFaceRecord
 10
0.0
 20
0.0
 30
0.0
 70
128
 71
102
 72
103
 73
101
  0
VERTEX
  5
BE7
330
17
100
AcDbEntity
  8
ELEM_01_SUPERIOR
100
AcDbFaceRecord
 10
0.0
 20
0.0
 30
0.0
 70
128
 71
104
 72
103
 73
102
  0
VERTEX
  5
BEB
330
17
100
AcDbEntity
  8
ELEM_01_SUPERIOR
100
AcDbFaceRecord
 10
0.0
 20
0.0
 30
0.0
 70
128
 71
104
 72
105
 73
103
  0
VERTEX
  5
BEF
330
17
100
AcDbEntity
  8
ELEM_01_SUPERIOR
100
AcDbFaceRecord
 10
0.0
 20
0.0
 30
0.0
 70
128
 71
106
 72
105
 73
104
  0
VERTEX
  5
BF3
330
17
100
AcDbEntity
  8
ELEM_01_SUPERIOR
100
AcDbFaceRecord
 10
0.0
 20
0.0
 30
0.0
 70
128
 71
106
 72
107
 73
105
  0
VERTEX
  5
BF7
330
17
100
AcDbEntity
  8
ELEM_01_SUPERIOR
100
AcDbFaceRecord
 10
0.0
 20
0.0
 30
0.0
 70
128
 71
108
 72
107
 73
106
  0
VERTEX
  5
BFB
330
17
100
AcDbEntity
  8
ELEM_01_SUPERIOR
100
AcDbFaceRecord
 10
0.0
 20
0.0
 30
0.0
 70
128
 71
108
 72
109
 73
107
  0
VERTEX
  5
BFF
330
17
100
AcDbEntity
  8
ELEM_01_SUPERIOR
100
AcDbFaceRecord
 10
0.0
 20
0.0
 30
0.0
 70
128
 71
110
 72
109
 73
108
  0
VERTEX
  5
C03
330
17
100
AcDbEntity
  8
ELEM_01_SUPERIOR
100
AcDbFaceRecord
 10
0.0
 20
0.0
 30
0.0
 70
128
 71
110
 72
111
 73
109
  0
VERTEX
  5
C07
330
17
100
AcDbEntity
  8
ELEM_01_SUPERIOR
100
AcDbFaceRecord
 10
0.0
 20
0.0
 30
0.0
 70
128
 71
112
 72
111
 73
110
  0
VERTEX
  5
C0B
330
17
100
AcDbEntity
  8
ELEM_01_SUPERIOR
100
AcDbFaceRecord
 10
0.0
 20
0.0
 30
0.0
 70
128
 71
112
 72
113
 73
111
  0
VERTEX
  5
C0F
330
17
100
AcDbEntity
  8
ELEM_01_SUPERIOR
100
AcDbFaceRecord
 10
0.0
 20
0.0
 30
0.0
 70
128
 71
114
 72
113
 73
112
  0
VERTEX
  5
C13
330
17
100
AcDbEntity
  8
ELEM_01_SUPERIOR
100
AcDbFaceRecord
 10
0.0
 20
0.0
 30
0.0
 70
128
 71
114
 72
115
 73
113
  0
VERTEX
  5
C17
330
17
100
AcDbEntity
  8
ELEM_01_SUPERIOR
100
AcDbFaceRecord
 10
0.0
 20
0.0
 30
0.0
 70
128
 71
116
 72
115
 73
114
  0
VERTEX
  5
C1B
330
17
100
AcDbEntity
  8
ELEM_01_SUPERIOR
100
AcDbFaceRecord
 10
0.0
 20
0.0
 30
0.0
 70
128
 71
116
 72
117
 73
115
  0
VERTEX
  5
C1F
330
17
100
AcDbEntity
  8
ELEM_01_SUPERIOR
100
AcDbFaceRecord
 10
0.0
 20
0.0
 30
0.0
 70
128
 71
118
 72
117
 73
116
  0
VERTEX
  5
C23
330
17
100
AcDbEntity
  8
ELEM_01_SUPERIOR
100
AcDbFaceRecord
 10
0.0
 20
0.0
 30
0.0
 70
128
 71
118
 72
119
 73
117
  0
VERTEX
  5
C27
330
17
100
AcDbEntity
  8
ELEM_01_SUPERIOR
100
AcDbFaceRecord
 10
0.0
 20
0.0
 30
0.0
 70
128
 71
119
 72
118
 73
120
  0
VERTEX
  5
C2B
330
17
100
AcDbEntity
  8
ELEM_01_SUPERIOR
100
AcDbFaceRecord
 10
0.0
 20
0.0
 30
0.0
 70
128
 71
121
 72
119
 73
120
  0
VERTEX
  5
C2F
330
17
100
AcDbEntity
  8
ELEM_01_SUPERIOR
100
AcDbFaceRecord
 10
0.0
 20
0.0
 30
0.0
 70
128
 71
121
 72
120
 73
122
  0
VERTEX
  5
C33
330
17
100
AcDbEntity
  8
ELEM_01_SUPERIOR
100
AcDbFaceRecord
 10
0.0
 20
0.0
 30
0.0
 70
128
 71
123
 72
121
 73
122
  0
VERTEX
  5
C37
330
17
100
AcDbEntity
  8
ELEM_01_SUPERIOR
100
AcDbFaceRecord
 10
0.0
 20
0.0
 30
0.0
 70
128
 71
123
 72
122
 73
124
  0
VERTEX
  5
C3B
330
17
100
AcDbEntity
  8
ELEM_01_SUPERIOR
100
AcDbFaceRecord
 10
0.0
 20
0.0
 30
0.0
 70
128
 71
125
 72
123
 73
124
  0
VERTEX
  5
C3F
330
17
100
AcDbEntity
  8
ELEM_01_SUPERIOR
100
AcDbFaceRecord
 10
0.0
 20
0.0
 30
0.0
 70
128
 71
125
 72
124
 73
126
  0
VERTEX
  5
C43
330
17
100
AcDbEntity
  8
ELEM_01_SUPERIOR
100
AcDbFaceRecord
 10
0.0
 20
0.0
 30
0.0
 70
128
 71
127
 72
125
 73
126
  0
VERTEX
  5
C47
330
17
100
AcDbEntity
  8
ELEM_01_SUPERIOR
100
AcDbFaceRecord
 10
0.0
 20
0.0
 30
0.0
 70
128
 71
127
 72
126
 73
128
  0
VERTEX
  5
C4B
330
17
100
AcDbEntity
  8
ELEM_01_SUPERIOR
100
AcDbFaceRecord
 10
0.0
 20
0.0
 30
0.0
 70
128
 71
129
 72
127
 73
128
  0
VERTEX
  5
C4F
330
17
100
AcDbEntity
  8
ELEM_01_SUPERIOR
100
AcDbFaceRecord
 10
0.0
 20
0.0
 30
0.0
 70
128
 71
129
 72
128
 73
130
  0
VERTEX
  5
C53
330
17
100
AcDbEntity
  8
ELEM_01_SUPERIOR
100
AcDbFaceRecord
 10
0.0
 20
0.0
 30
0.0
 70
128
 71
131
 72
129
 73
130
  0
VERTEX
  5
C57
330
17
100
AcDbEntity
  8
ELEM_01_SUPERIOR
100
AcDbFaceRecord
 10
0.0
 20
0.0
 30
0.0
 70
128
 71
131
 72
130
 73
132
  0
VERTEX
  5
C5B
330
17
100
AcDbEntity
  8
ELEM_01_SUPERIOR
100
AcDbFaceRecord
 10
0.0
 20
0.0
 30
0.0
 70
128
 71
133
 72
131
 73
132
  0
VERTEX
  5
C5F
330
17
100
AcDbEntity
  8
ELEM_01_SUPERIOR
100
AcDbFaceRecord
 10
0.0
 20
0.0
 30
0.0
 70
128
 71
133
 72
132
 73
134
  0
VERTEX
  5
C63
330
17
100
AcDbEntity
  8
ELEM_01_SUPERIOR
100
AcDbFaceRecord
 10
0.0
 20
0.0
 30
0.0
 70
128
 71
135
 72
133
 73
134
  0
VERTEX
  5
C67
330
17
100
AcDbEntity
  8
ELEM_01_SUPERIOR
100
AcDbFaceRecord
 10
0.0
 20
0.0
 30
0.0
 70
128
 71
136
 72
135
 73
134
  0
VERTEX
  5
C6B
330
17
100
AcDbEntity
  8
ELEM_01_SUPERIOR
100
AcDbFaceRecord
 10
0.0
 20
0.0
 30
0.0
 70
128
 71
136
 72
137
 73
135
  0
VERTEX
  5
C6F
330
17
100
AcDbEntity
  8
ELEM_01_SUPERIOR
100
AcDbFaceRecord
 10
0.0
 20
0.0
 30
0.0
 70
128
 71
138
 72
137
 73
136
  0
VERTEX
  5
C73
330
17
100
AcDbEntity
  8
ELEM_01_SUPERIOR
100
AcDbFaceRecord
 10
0.0
 20
0.0
 30
0.0
 70
128
 71
138
 72
139
 73
137
  0
VERTEX
  5
C77
330
17
100
AcDbEntity
  8
ELEM_01_SUPERIOR
100
AcDbFaceRecord
 10
0.0
 20
0.0
 30
0.0
 70
128
 71
140
 72
139
 73
138
  0
VERTEX
  5
C7B
330
17
100
AcDbEntity
  8
ELEM_01_SUPERIOR
100
AcDbFaceRecord
 10
0.0
 20
0.0
 30
0.0
 70
128
 71
140
 72
141
 73
139
  0
VERTEX
  5
C7F
330
17
100
AcDbEntity
  8
ELEM_01_SUPERIOR
100
AcDbFaceRecord
 10
0.0
 20
0.0
 30
0.0
 70
128
 71
142
 72
141
 73
140
  0
VERTEX
  5
C83
330
17
100
AcDbEntity
  8
ELEM_01_SUPERIOR
100
AcDbFaceRecord
 10
0.0
 20
0.0
 30
0.0
 70
128
 71
143
 72
141
 73
142
  0
VERTEX
  5
C87
330
17
100
AcDbEntity
  8
ELEM_01_SUPERIOR
100
AcDbFaceRecord
 10
0.0
 20
0.0
 30
0.0
 70
128
 71
143
 72
144
 73
141
  0
VERTEX
  5
C8B
330
17
100
AcDbEntity
  8
ELEM_01_SUPERIOR
100
AcDbFaceRecord
 10
0.0
 20
0.0
 30
0.0
 70
128
 71
145
 72
144
 73
143
  0
VERTEX
  5
C8F
330
17
100
AcDbEntity
  8
ELEM_01_SUPERIOR
100
AcDbFaceRecord
 10
0.0
 20
0.0
 30
0.0
 70
128
 71
146
 72
145
 73
143
  0
VERTEX
  5
C93
330
17
100
AcDbEntity
  8
ELEM_01_SUPERIOR
100
AcDbFaceRecord
 10
0.0
 20
0.0
 30
0.0
 70
128
 71
147
 72
145
 73
146
  0
VERTEX
  5
C97
330
17
100
AcDbEntity
  8
ELEM_01_SUPERIOR
100
AcDbFaceRecord
 10
0.0
 20
0.0
 30
0.0
 70
128
 71
147
 72
146
 73
148
  0
VERTEX
  5
C9B
330
17
100
AcDbEntity
  8
ELEM_01_SUPERIOR
100
AcDbFaceRecord
 10
0.0
 20
0.0
 30
0.0
 70
128
 71
148
 72
149
 73
147
  0
VERTEX
  5
C9F
330
17
100
AcDbEntity
  8
ELEM_01_SUPERIOR
100
AcDbFaceRecord
 10
0.0
 20
0.0
 30
0.0
 70
128
 71
149
 72
148
 73
150
  0
VERTEX
  5
CA3
330
17
100
AcDbEntity
  8
ELEM_01_SUPERIOR
100
AcDbFaceRecord
 10
0.0
 20
0.0
 30
0.0
 70
128
 71
151
 72
149
 73
150
  0
VERTEX
  5
CA7
330
17
100
AcDbEntity
  8
ELEM_01_SUPERIOR
100
AcDbFaceRecord
 10
0.0
 20
0.0
 30
0.0
 70
128
 71
152
 72
151
 73
150
  0
SEQEND
  5
A4F
330
A4E
100
AcDbEntity
  8
ELEM_01_SUPERIOR
  0
POLYLINE
  5
CA9
330
17
100
AcDbEntity
  8
ELEM_01_INFERIOR
100
AcDbPolyFaceMesh
 66
1
 10
0.0
 20
0.0
 30
0.0
 70
64
 71
156
 72
152
  0
VERTEX
  5
CAB
330
17
100
AcDbEntity
  8
ELEM_01_INFERIOR
100
AcDbVertex
100
AcDbPolyFaceMeshVertex
 10
12119787.98134166
 20
3531758.497535358
 30
9.675243116568367
 70
192
  0
VERTEX
  5
CAC
330
17
100
AcDbEntity
  8
ELEM_01_INFERIOR
100
AcDbVertex
100
AcDbPolyFaceMeshVertex
 10
12119814.57290593
 20
3531769.841738391
 30
11.64668930488167
 70
192
  0
VERTEX
  5
CAD
330
17
100
AcDbEntity
  8
ELEM_01_INFERIOR
100
AcDbVertex
100
AcDbPolyFaceMeshVertex
 10
12119814.62142617
 20
3531769.726692689
 30
11.64731266321499
 70
192
  0
VERTEX
  5
CAF
330
17
100
AcDbEntity
  8
ELEM_01_INFERIOR
100
AcDbVertex
100
AcDbPolyFaceMeshVertex
 10
12119783.67089096
 20
3531756.800970509
 30
9.505430464070091
 70
192
  0
VERTEX
  5
CB4
330
17
100
AcDbEntity
  8
ELEM_01_INFERIOR
100
AcDbVertex
100
AcDbPolyFaceMeshVertex
 10
12119783.5204385
 20
3531757.069188476
 30
9.522940271569912
 70
192
  0
VERTEX
  5
CB5
330
17
100
AcDbEntity
  8
ELEM_01_INFERIOR
100
AcDbVertex
100
AcDbPolyFaceMeshVertex
 10
12119814.43892654
 20
3531770.158709542
 30
11.64497014821502
 70
192
  0
VERTEX
  5
CBC
330
17
100
AcDbEntity
  8
ELEM_01_INFERIOR
100
AcDbVertex
100
AcDbPolyFaceMeshVertex
 10
12119783.08344791
 20
3531757.848222351
 30
9.57379974990273
 70
192
  0
VERTEX
  5
CBD
330
17
100
AcDbEntity
  8
ELEM_01_INFERIOR
100
AcDbVertex
100
AcDbPolyFaceMeshVertex
 10
12119814.04753624
 20
3531771.078930798
 30
11.63996687738173
 70
192
  0
VERTEX
  5
CC4
330
17
100
AcDbEntity
  8
ELEM_01_INFERIOR
100
AcDbVertex
100
AcDbPolyFaceMeshVertex
 10
12119781.917945
 20
3531759.926000349
 30
9.709449084901351
 70
192
  0
VERTEX
  5
CC5
330
17
100
AcDbEntity
  8
ELEM_01_INFERIOR
100
AcDbVertex
100
AcDbPolyFaceMeshVertex
 10
12119812.98728246
 20
3531773.530015136
 30
11.62661716654854
 70
192
  0
VERTEX
  5
CCC
330
17
100
AcDbEntity
  8
ELEM_01_INFERIOR
100
AcDbVertex
100
AcDbPolyFaceMeshVertex
 10
12119781.40494733
 20
3531760.84053264
 30
9.769153689900746
 70
192
  0
VERTEX
  5
CCD
330
17
100
AcDbEntity
  8
ELEM_01_INFERIOR
100
AcDbVertex
100
AcDbPolyFaceMeshVertex
 10
12119812.51309049
 20
3531774.607234109
 30
11.6207313515486
 70
192
  0
VERTEX
  5
CD4
330
17
100
AcDbEntity
  8
ELEM_01_INFERIOR
100
AcDbVertex
100
AcDbPolyFaceMeshVertex
 10
12119781.38031811
 20
3531760.884436752
 30
9.77202113823405
 70
192
  0
VERTEX
  5
CD5
330
17
100
AcDbEntity
  8
ELEM_01_INFERIOR
100
AcDbVertex
100
AcDbPolyFaceMeshVertex
 10
12119812.49020996
 20
3531774.658920357
 30
11.62044919988193
 70
192
  0
VERTEX
  5
CDC
330
17
100
AcDbEntity
  8
ELEM_01_INFERIOR
100
AcDbVertex
100
AcDbPolyFaceMeshVertex
 10
12119780.90300936
 20
3531761.735353685
 30
9.827572208233484
 70
192
  0
VERTEX
  5
CDD
330
17
100
AcDbEntity
  8
ELEM_01_INFERIOR
100
AcDbVertex
100
AcDbPolyFaceMeshVertex
 10
12119812.04468592
 20
3531775.660201163
 30
11.61496692738199
 70
192
  0
VERTEX
  5
CE4
330
17
100
AcDbEntity
  8
ELEM_01_INFERIOR
100
AcDbVertex
100
AcDbPolyFaceMeshVertex
 10
12119778.72917184
 20
3531765.610716669
 30
10.08057695156425
 70
192
  0
VERTEX
  5
CE5
330
17
100
AcDbEntity
  8
ELEM_01_INFERIOR
100
AcDbVertex
100
AcDbPolyFaceMeshVertex
 10
12119809.96576291
 20
3531780.207452567
 30
11.58996697738224
 70
192
  0
VERTEX
  5
CEC
330
17
100
AcDbEntity
  8
ELEM_01_INFERIOR
100
AcDbVertex
100
AcDbPolyFaceMeshVertex
 10
12119776.75862461
 20
3531769.123665679
 30
10.30992032489525
 70
192
  0
VERTEX
  5
CED
330
17
100
AcDbEntity
  8
ELEM_01_INFERIOR
100
AcDbVertex
100
AcDbPolyFaceMeshVertex
 10
12119808.01129176
 20
3531784.308707488
 30
11.56725376821581
 70
192
  0
VERTEX
  5
CF4
330
17
100
AcDbEntity
  8
ELEM_01_INFERIOR
100
AcDbVertex
100
AcDbPolyFaceMeshVertex
 10
12119776.65835577
 20
3531769.302415322
 30
10.3215902490618
 70
192
  0
VERTEX
  5
CF5
330
17
100
AcDbEntity
  8
ELEM_01_INFERIOR
100
AcDbVertex
100
AcDbPolyFaceMeshVertex
 10
12119807.91008133
 20
3531784.516807465
 30
11.56609563404915
 70
192
  0
VERTEX
  5
CFC
330
17
100
AcDbEntity
  8
ELEM_01_INFERIOR
100
AcDbVertex
100
AcDbPolyFaceMeshVertex
 10
12119776.56070177
 20
3531769.476506181
 30
10.32929692656172
 70
192
  0
VERTEX
  5
CFD
330
17
100
AcDbEntity
  8
ELEM_01_INFERIOR
100
AcDbVertex
100
AcDbPolyFaceMeshVertex
 10
12119807.81134465
 20
3531784.719425171
 30
11.5649670273825
 70
192
  0
VERTEX
  5
D04
330
17
100
AcDbEntity
  8
ELEM_01_INFERIOR
100
AcDbVertex
100
AcDbPolyFaceMeshVertex
 10
12119774.39638524
 20
3531773.334897415
 30
10.49657021406002
 70
192
  0
VERTEX
  5
D05
330
17
100
AcDbEntity
  8
ELEM_01_INFERIOR
100
AcDbVertex
100
AcDbPolyFaceMeshVertex
 10
12119805.58203152
 20
3531789.194865694
 30
11.53996707738275
 70
192
  0
VERTEX
  5
D0C
330
17
100
AcDbEntity
  8
ELEM_01_INFERIOR
100
AcDbVertex
100
AcDbPolyFaceMeshVertex
 10
12119772.23500504
 20
3531777.188052438
 30
10.66289862155833
 70
192
  0
VERTEX
  5
D0D
330
17
100
AcDbEntity
  8
ELEM_01_INFERIOR
100
AcDbVertex
100
AcDbPolyFaceMeshVertex
 10
12119803.27844033
 20
3531793.632533984
 30
11.51496712738301
 70
192
  0
VERTEX
  5
D14
330
17
100
AcDbEntity
  8
ELEM_01_INFERIOR
100
AcDbVertex
100
AcDbPolyFaceMeshVertex
 10
12119771.62334616
 20
3531778.278470204
 30
10.70996545655785
 70
192
  0
VERTEX
  5
D15
330
17
100
AcDbEntity
  8
ELEM_01_INFERIOR
100
AcDbVertex
100
AcDbPolyFaceMeshVertex
 10
12119802.61273956
 20
3531794.882085291
 30
11.50789036988308
 70
192
  0
VERTEX
  5
D1C
330
17
100
AcDbEntity
  8
ELEM_01_INFERIOR
100
AcDbVertex
100
AcDbPolyFaceMeshVertex
 10
12119770.07535713
 20
3531781.038116916
 30
10.82909251488997
 70
192
  0
VERTEX
  5
D1D
330
17
100
AcDbEntity
  8
ELEM_01_INFERIOR
100
AcDbVertex
100
AcDbPolyFaceMeshVertex
 10
12119800.90121083
 20
3531798.031193166
 30
11.48996717738326
 70
192
  0
VERTEX
  5
D24
330
17
100
AcDbEntity
  8
ELEM_01_INFERIOR
100
AcDbVertex
100
AcDbPolyFaceMeshVertex
 10
12119769.30200894
 20
3531782.416785419
 30
10.8886035507227
 70
192
  0
VERTEX
  5
D25
330
17
100
AcDbEntity
  8
ELEM_01_INFERIOR
100
AcDbVertex
100
AcDbPolyFaceMeshVertex
 10
12119800.03195076
 20
3531799.596977436
 30
11.48101378321669
 70
192
  0
VERTEX
  5
D2B
330
17
100
AcDbEntity
  8
ELEM_01_INFERIOR
100
AcDbVertex
100
AcDbPolyFaceMeshVertex
 10
12119767.91624399
 20
3531784.887233233
 30
10.99313090072164
 70
192
  0
VERTEX
  5
D2C
330
17
100
AcDbEntity
  8
ELEM_01_INFERIOR
100
AcDbVertex
100
AcDbPolyFaceMeshVertex
 10
12119798.45100248
 20
3531802.389622769
 30
11.46805777238348
 70
192
  0
VERTEX
  5
D33
330
17
100
AcDbEntity
  8
ELEM_01_INFERIOR
100
AcDbVertex
100
AcDbPolyFaceMeshVertex
 10
12119766.49592859
 20
3531787.419265571
 30
11.09925273572056
 70
192
  0
VERTEX
  5
D34
330
17
100
AcDbEntity
  8
ELEM_01_INFERIOR
100
AcDbVertex
100
AcDbPolyFaceMeshVertex
 10
12119796.8000773
 20
3531805.233593459
 30
11.46119098821688
 70
192
  0
VERTEX
  5
D3B
330
17
100
AcDbEntity
  8
ELEM_01_INFERIOR
100
AcDbVertex
100
AcDbPolyFaceMeshVertex
 10
12119765.75645829
 20
3531788.737537213
 30
11.15450524988667
 70
192
  0
VERTEX
  5
D3C
330
17
100
AcDbEntity
  8
ELEM_01_INFERIOR
100
AcDbVertex
100
AcDbPolyFaceMeshVertex
 10
12119795.92849768
 20
3531806.706612167
 30
11.46018377238356
 70
192
  0
VERTEX
  5
D43
330
17
100
AcDbEntity
  8
ELEM_01_INFERIOR
100
AcDbVertex
100
AcDbPolyFaceMeshVertex
 10
12119763.59480907
 20
3531792.5911778
 30
11.31563681738503
 70
192
  0
VERTEX
  5
D44
330
17
100
AcDbEntity
  8
ELEM_01_INFERIOR
100
AcDbVertex
100
AcDbPolyFaceMeshVertex
 10
12119793.33439854
 20
3531810.980960573
 30
11.46731302321682
 70
192
  0
VERTEX
  5
D4B
330
17
100
AcDbEntity
  8
ELEM_01_INFERIOR
100
AcDbVertex
100
AcDbPolyFaceMeshVertex
 10
12119761.43008242
 20
3531796.450297378
 30
11.44950137905034
 70
192
  0
VERTEX
  5
D4C
330
17
100
AcDbEntity
  8
ELEM_01_INFERIOR
100
AcDbVertex
100
AcDbPolyFaceMeshVertex
 10
12119790.66942355
 20
3531815.211483608
 30
11.4894389632166
 70
192
  0
VERTEX
  5
D53
330
17
100
AcDbEntity
  8
ELEM_01_INFERIOR
100
AcDbVertex
100
AcDbPolyFaceMeshVertex
 10
12119761.36028598
 20
3531796.574719702
 30
11.45369428405029
 70
192
  0
VERTEX
  5
D54
330
17
100
AcDbEntity
  8
ELEM_01_INFERIOR
100
AcDbVertex
100
AcDbPolyFaceMeshVertex
 10
12119790.58240929
 20
3531815.347014834
 30
11.49040352821659
 70
192
  0
VERTEX
  5
D5B
330
17
100
AcDbEntity
  8
ELEM_01_INFERIOR
100
AcDbVertex
100
AcDbPolyFaceMeshVertex
 10
12119759.26106773
 20
3531800.317058016
 30
11.57984888738234
 70
192
  0
VERTEX
  5
D5C
330
17
100
AcDbEntity
  8
ELEM_01_INFERIOR
100
AcDbVertex
100
AcDbPolyFaceMeshVertex
 10
12119787.93431091
 20
3531819.397003453
 30
11.52656815404955
 70
192
  0
VERTEX
  5
D63
330
17
100
AcDbEntity
  8
ELEM_01_INFERIOR
100
AcDbVertex
100
AcDbPolyFaceMeshVertex
 10
12119757.08654781
 20
3531804.19363819
 30
11.71053104071435
 70
192
  0
VERTEX
  5
D64
330
17
100
AcDbEntity
  8
ELEM_01_INFERIOR
100
AcDbVertex
100
AcDbPolyFaceMeshVertex
 10
12119785.12982505
 20
3531823.536361972
 30
11.57869403404902
 70
192
  0
VERTEX
  5
D6C
330
17
100
AcDbEntity
  8
ELEM_01_INFERIOR
100
AcDbVertex
100
AcDbPolyFaceMeshVertex
 10
12119756.20023396
 20
3531805.773697365
 30
11.76311295654715
 70
192
  0
VERTEX
  5
D70
330
17
100
AcDbEntity
  8
ELEM_01_INFERIOR
100
AcDbVertex
100
AcDbPolyFaceMeshVertex
 10
12119783.96946976
 20
3531825.206516112
 30
11.6041893898821
 70
192
  0
VERTEX
  5
D74
330
17
100
AcDbEntity
  8
ELEM_01_INFERIOR
100
AcDbVertex
100
AcDbPolyFaceMeshVertex
 10
12119754.90528248
 20
3531808.082242617
 30
11.83888052154638
 70
192
  0
VERTEX
  5
D78
330
17
100
AcDbEntity
  8
ELEM_01_INFERIOR
100
AcDbVertex
100
AcDbPolyFaceMeshVertex
 10
12119782.25674025
 20
3531827.628404312
 30
11.64582316488168
 70
192
  0
VERTEX
  5
D7B
330
17
100
AcDbEntity
  8
ELEM_01_INFERIOR
100
AcDbVertex
100
AcDbPolyFaceMeshVertex
 10
12119752.71602505
 20
3531811.985092424
 30
11.96525494071176
 70
192
  0
VERTEX
  5
D80
330
17
100
AcDbEntity
  8
ELEM_01_INFERIOR
100
AcDbVertex
100
AcDbPolyFaceMeshVertex
 10
12119779.3158603
 20
3531831.671995306
 30
11.72794898488084
 70
192
  0
VERTEX
  5
D83
330
17
100
AcDbEntity
  8
ELEM_01_INFERIOR
100
AcDbVertex
100
AcDbPolyFaceMeshVertex
 10
12119750.99926996
 20
3531815.045604675
 30
12.06360776237743
 70
192
  0
VERTEX
  5
D88
330
17
100
AcDbEntity
  8
ELEM_01_INFERIOR
100
AcDbVertex
100
AcDbPolyFaceMeshVertex
 10
12119776.9716163
 20
3531834.796654412
 30
11.80254857321342
 70
192
  0
VERTEX
  5
D8B
330
17
100
AcDbEntity
  8
ELEM_01_INFERIOR
100
AcDbVertex
100
AcDbPolyFaceMeshVertex
 10
12119750.51750911
 20
3531815.904451382
 30
12.09098631654382
 70
192
  0
VERTEX
  5
D90
330
17
100
AcDbEntity
  8
ELEM_01_INFERIOR
100
AcDbVertex
100
AcDbPolyFaceMeshVertex
 10
12119776.30799559
 20
3531835.666012909
 30
11.82507805571319
 70
192
  0
VERTEX
  5
D93
330
17
100
AcDbEntity
  8
ELEM_01_INFERIOR
100
AcDbVertex
100
AcDbPolyFaceMeshVertex
 10
12119748.308442
 20
3531819.842616078
 30
12.21521507070922
 70
192
  0
VERTEX
  5
D98
330
17
100
AcDbEntity
  8
ELEM_01_INFERIOR
100
AcDbVertex
100
AcDbPolyFaceMeshVertex
 10
12119773.23398598
 20
3531839.609348198
 30
11.93720381571205
 70
192
  0
VERTEX
  5
D9B
330
17
100
AcDbEntity
  8
ELEM_01_INFERIOR
100
AcDbVertex
100
AcDbPolyFaceMeshVertex
 10
12119747.51438519
 20
3531821.258203799
 30
12.25939477237544
 70
192
  0
VERTEX
  5
DA0
330
17
100
AcDbEntity
  8
ELEM_01_INFERIOR
100
AcDbVertex
100
AcDbPolyFaceMeshVertex
 10
12119772.11701315
 20
3531841.009230569
 30
11.9810127832116
 70
192
  0
VERTEX
  5
DA3
330
17
100
AcDbEntity
  8
ELEM_01_INFERIOR
100
AcDbVertex
100
AcDbPolyFaceMeshVertex
 10
12119746.08751468
 20
3531823.801925745
 30
12.33828240987464
 70
192
  0
VERTEX
  5
DA8
330
17
100
AcDbEntity
  8
ELEM_01_INFERIOR
100
AcDbVertex
100
AcDbPolyFaceMeshVertex
 10
12119770.09468452
 20
3531843.500905376
 30
12.06124228154412
 70
192
  0
VERTEX
  5
DAB
330
17
100
AcDbEntity
  8
ELEM_01_INFERIOR
100
AcDbVertex
100
AcDbPolyFaceMeshVertex
 10
12119745.74037627
 20
3531824.420779495
 30
12.35735389404111
 70
192
  0
VERTEX
  5
DB0
330
17
100
AcDbEntity
  8
ELEM_01_INFERIOR
100
AcDbVertex
100
AcDbPolyFaceMeshVertex
 10
12119769.59981018
 20
3531844.102413359
 30
12.08071402737726
 70
192
  0
VERTEX
  5
DB3
330
17
100
AcDbEntity
  8
ELEM_01_INFERIOR
100
AcDbVertex
100
AcDbPolyFaceMeshVertex
 10
12119743.85338858
 20
3531827.784772111
 30
12.46029660154007
 70
192
  0
VERTEX
  5
DB8
330
17
100
AcDbEntity
  8
ELEM_01_INFERIOR
100
AcDbVertex
100
AcDbPolyFaceMeshVertex
 10
12119766.89096061
 20
3531847.339598485
 30
12.18624203154285
 70
192
  0
VERTEX
  5
DBB
330
17
100
AcDbEntity
  8
ELEM_01_INFERIOR
100
AcDbVertex
100
AcDbPolyFaceMeshVertex
 10
12119743.34271046
 20
3531828.695167272
 30
12.48793762237312
 70
192
  0
VERTEX
  5
DC0
330
17
100
AcDbEntity
  8
ELEM_01_INFERIOR
100
AcDbVertex
100
AcDbPolyFaceMeshVertex
 10
12119766.15259266
 20
3531848.206132186
 30
12.21470326070923
 70
192
  0
VERTEX
  5
DC3
330
17
100
AcDbEntity
  8
ELEM_01_INFERIOR
100
AcDbVertex
100
AcDbPolyFaceMeshVertex
 10
12119741.60468572
 20
3531831.793596113
 30
12.57826880653887
 70
192
  0
VERTEX
  5
DC8
330
17
100
AcDbEntity
  8
ELEM_01_INFERIOR
100
AcDbVertex
100
AcDbPolyFaceMeshVertex
 10
12119763.62370993
 20
3531851.124367819
 30
12.31124178154158
 70
192
  0
VERTEX
  5
DCB
330
17
100
AcDbEntity
  8
ELEM_01_INFERIOR
100
AcDbVertex
100
AcDbPolyFaceMeshVertex
 10
12119740.40579048
 20
3531833.930901549
 30
12.64057183153823
 70
192
  0
VERTEX
  5
DD0
330
17
100
AcDbEntity
  8
ELEM_01_INFERIOR
100
AcDbVertex
100
AcDbPolyFaceMeshVertex
 10
12119761.86559008
 20
3531853.109219492
 30
12.37753101904091
 70
192
  0
VERTEX
  5
DD3
330
17
100
AcDbEntity
  8
ELEM_01_INFERIOR
100
AcDbVertex
100
AcDbPolyFaceMeshVertex
 10
12119739.22898181
 20
3531836.028833705
 30
12.70172656487095
 70
192
  0
VERTEX
  5
DD8
330
17
100
AcDbEntity
  8
ELEM_01_INFERIOR
100
AcDbVertex
100
AcDbPolyFaceMeshVertex
 10
12119760.30067196
 20
3531854.860305229
 30
12.43624153154031
 70
192
  0
VERTEX
  5
DDB
330
17
100
AcDbEntity
  8
ELEM_01_INFERIOR
100
AcDbVertex
100
AcDbPolyFaceMeshVertex
 10
12119736.72348814
 20
3531840.495445507
 30
12.83192971653629
 70
192
  0
VERTEX
  5
DE0
330
17
100
AcDbEntity
  8
ELEM_01_INFERIOR
100
AcDbVertex
100
AcDbPolyFaceMeshVertex
 10
12119756.96887416
 20
3531858.588457221
 30
12.56124128153904
 70
192
  0
VERTEX
  5
DE3
330
17
100
AcDbEntity
  8
ELEM_01_INFERIOR
100
AcDbVertex
100
AcDbPolyFaceMeshVertex
 10
12119734.21799774
 20
3531844.962057309
 30
12.96213286820163
 70
192
  0
VERTEX
  5
DE8
330
17
100
AcDbEntity
  8
ELEM_01_INFERIOR
100
AcDbVertex
100
AcDbPolyFaceMeshVertex
 10
12119753.63707636
 20
3531862.316612494
 30
12.68624103153777
 70
192
  0
VERTEX
  5
DEB
330
17
100
AcDbEntity
  8
ELEM_01_INFERIOR
100
AcDbVertex
100
AcDbPolyFaceMeshVertex
 10
12119731.71250735
 20
3531849.42866583
 30
13.09118772820032
 70
192
  0
VERTEX
  5
DF0
330
17
100
AcDbEntity
  8
ELEM_01_INFERIOR
100
AcDbVertex
100
AcDbPolyFaceMeshVertex
 10
12119750.30527856
 20
3531866.044764486
 30
12.8112407815365
 70
192
  0
VERTEX
  5
DF3
330
17
100
AcDbEntity
  8
ELEM_01_INFERIOR
100
AcDbVertex
100
AcDbPolyFaceMeshVertex
 10
12119729.20701367
 20
3531853.895277632
 30
13.21427475236574
 70
192
  0
VERTEX
  5
DF8
330
17
100
AcDbEntity
  8
ELEM_01_INFERIOR
100
AcDbVertex
100
AcDbPolyFaceMeshVertex
 10
12119746.97348076
 20
3531869.772916479
 30
12.93624053153523
 70
192
  0
VERTEX
  5
DFB
330
17
100
AcDbEntity
  8
ELEM_01_INFERIOR
100
AcDbVertex
100
AcDbPolyFaceMeshVertex
 10
12119726.70152327
 20
3531858.361889433
 30
13.33256191736454
 70
192
  0
VERTEX
  5
E00
330
17
100
AcDbEntity
  8
ELEM_01_INFERIOR
100
AcDbVertex
100
AcDbPolyFaceMeshVertex
 10
12119743.64168297
 20
3531873.501071753
 30
13.06124028153396
 70
192
  0
VERTEX
  5
E03
330
17
100
AcDbEntity
  8
ELEM_01_INFERIOR
100
AcDbVertex
100
AcDbPolyFaceMeshVertex
 10
12119724.19603288
 20
3531862.828501235
 30
13.45084580153
 70
192
  0
VERTEX
  5
E08
330
17
100
AcDbEntity
  8
ELEM_01_INFERIOR
100
AcDbVertex
100
AcDbPolyFaceMeshVertex
 10
12119740.30988845
 20
3531877.229223745
 30
13.18624331236602
 70
192
  0
VERTEX
  5
E0B
330
17
100
AcDbEntity
  8
ELEM_01_INFERIOR
100
AcDbVertex
100
AcDbPolyFaceMeshVertex
 10
12119721.6905392
 20
3531867.295113037
 30
13.5691329665288
 70
192
  0
VERTEX
  5
E10
330
17
100
AcDbEntity
  8
ELEM_01_INFERIOR
100
AcDbVertex
100
AcDbPolyFaceMeshVertex
 10
12119736.97809065
 20
3531880.957375737
 30
13.31124306236475
 70
192
  0
VERTEX
  5
E13
330
17
100
AcDbEntity
  8
ELEM_01_INFERIOR
100
AcDbVertex
100
AcDbPolyFaceMeshVertex
 10
12119719.18504881
 20
3531871.761721557
 30
13.68440832652763
 70
192
  0
VERTEX
  5
E18
330
17
100
AcDbEntity
  8
ELEM_01_INFERIOR
100
AcDbVertex
100
AcDbPolyFaceMeshVertex
 10
12119733.64629285
 20
3531884.685531011
 30
13.43624281236349
 70
192
  0
VERTEX
  5
E1B
330
17
100
AcDbEntity
  8
ELEM_01_INFERIOR
100
AcDbVertex
100
AcDbPolyFaceMeshVertex
 10
12119716.67955841
 20
3531876.228333359
 30
13.79267582652653
 70
192
  0
VERTEX
  5
E20
330
17
100
AcDbEntity
  8
ELEM_01_INFERIOR
100
AcDbVertex
100
AcDbPolyFaceMeshVertex
 10
12119730.31449505
 20
3531888.413683004
 30
13.56124256236221
 70
192
  0
VERTEX
  5
E23
330
17
100
AcDbEntity
  8
ELEM_01_INFERIOR
100
AcDbVertex
100
AcDbPolyFaceMeshVertex
 10
12119714.17406801
 20
3531880.69494516
 30
13.90094332652543
 70
192
  0
VERTEX
  5
E28
330
17
100
AcDbEntity
  8
ELEM_01_INFERIOR
100
AcDbVertex
100
AcDbPolyFaceMeshVertex
 10
12119726.98269725
 20
3531892.141834997
 30
13.68624231236094
 70
192
  0
VERTEX
  5
E2B
330
17
100
AcDbEntity
  8
ELEM_01_INFERIOR
100
AcDbVertex
100
AcDbPolyFaceMeshVertex
 10
12119711.66857434
 20
3531885.161556961
 30
14.00921082652433
 70
192
  0
VERTEX
  5
E30
330
17
100
AcDbEntity
  8
ELEM_01_INFERIOR
100
AcDbVertex
100
AcDbPolyFaceMeshVertex
 10
12119723.65089945
 20
3531895.869990269
 30
13.81124206235967
 70
192
  0
VERTEX
  5
E33
330
17
100
AcDbEntity
  8
ELEM_01_INFERIOR
100
AcDbVertex
100
AcDbPolyFaceMeshVertex
 10
12119709.16308394
 20
3531889.628168763
 30
14.11747832652323
 70
192
  0
VERTEX
  5
E38
330
17
100
AcDbEntity
  8
ELEM_01_INFERIOR
100
AcDbVertex
100
AcDbPolyFaceMeshVertex
 10
12119720.31910166
 20
3531899.598142262
 30
13.9362418123584
 70
192
  0
VERTEX
  5
E3B
330
17
100
AcDbEntity
  8
ELEM_01_INFERIOR
100
AcDbVertex
100
AcDbPolyFaceMeshVertex
 10
12119706.65759354
 20
3531894.094777284
 30
14.22277995318882
 70
192
  0
VERTEX
  5
E40
330
17
100
AcDbEntity
  8
ELEM_01_INFERIOR
100
AcDbVertex
100
AcDbPolyFaceMeshVertex
 10
12119716.98730386
 20
3531903.326294255
 30
14.06124156235714
 70
192
  0
VERTEX
  5
E43
330
17
100
AcDbEntity
  8
ELEM_01_INFERIOR
100
AcDbVertex
100
AcDbPolyFaceMeshVertex
 10
12119704.15209987
 20
3531898.561389086
 30
14.3233703031878
 70
192
  0
VERTEX
  5
E48
330
17
100
AcDbEntity
  8
ELEM_01_INFERIOR
100
AcDbVertex
100
AcDbPolyFaceMeshVertex
 10
12119713.65550606
 20
3531907.054449527
 30
14.18294079402256
 70
192
  0
VERTEX
  5
E4B
330
17
100
AcDbEntity
  8
ELEM_01_INFERIOR
100
AcDbVertex
100
AcDbPolyFaceMeshVertex
 10
12119701.64660947
 20
3531903.028000888
 30
14.42015160568682
 70
192
  0
VERTEX
  5
E50
330
17
100
AcDbEntity
  8
ELEM_01_INFERIOR
100
AcDbVertex
100
AcDbPolyFaceMeshVertex
 10
12119710.32370826
 20
3531910.78260152
 30
14.30794054402129
 70
192
  0
VERTEX
  5
E53
330
17
100
AcDbEntity
  8
ELEM_01_INFERIOR
100
AcDbVertex
100
AcDbPolyFaceMeshVertex
 10
12119700.84687354
 20
3531904.453709978
 30
14.45104065151984
 70
192
  0
VERTEX
  5
E58
330
17
100
AcDbEntity
  8
ELEM_01_INFERIOR
100
AcDbVertex
100
AcDbPolyFaceMeshVertex
 10
12119709.26022285
 20
3531911.972602422
 30
14.34784203902089
 70
192
  0
VERTEX
  5
E5B
330
17
100
AcDbEntity
  8
ELEM_01_INFERIOR
100
AcDbVertex
100
AcDbPolyFaceMeshVertex
 10
12119699.14111908
 20
3531907.494612689
 30
14.51692962735251
 70
192
  0
VERTEX
  5
E60
330
17
100
AcDbEntity
  8
ELEM_01_INFERIOR
100
AcDbVertex
100
AcDbPolyFaceMeshVertex
 10
12119706.99191046
 20
3531914.510753513
 30
14.43153937818671
 70
192
  0
VERTEX
  5
E63
330
17
100
AcDbEntity
  8
ELEM_01_INFERIOR
100
AcDbVertex
100
AcDbPolyFaceMeshVertex
 10
12119696.6356254
 20
3531911.96122121
 30
14.61131592151821
 70
192
  0
VERTEX
  5
E68
330
17
100
AcDbEntity
  8
ELEM_01_INFERIOR
100
AcDbVertex
100
AcDbPolyFaceMeshVertex
 10
12119703.66011594
 20
3531918.238908787
 30
14.54939675401884
 70
192
  0
VERTEX
  5
E6B
330
17
100
AcDbEntity
  8
ELEM_01_INFERIOR
100
AcDbVertex
100
AcDbPolyFaceMeshVertex
 10
12119694.130135
 20
3531916.427833012
 30
14.70030524485064
 70
192
  0
VERTEX
  5
E70
330
17
100
AcDbEntity
  8
ELEM_01_INFERIOR
100
AcDbVertex
100
AcDbPolyFaceMeshVertex
 10
12119700.32831815
 20
3531921.967060778
 30
14.66120099235103
 70
192
  0
VERTEX
  5
E73
330
17
100
AcDbEntity
  8
ELEM_01_INFERIOR
100
AcDbVertex
100
AcDbPolyFaceMeshVertex
 10
12119691.62464461
 20
3531920.894444813
 30
14.78615152984977
 70
192
  0
VERTEX
  5
E78
330
17
100
AcDbEntity
  8
ELEM_01_INFERIOR
100
AcDbVertex
100
AcDbPolyFaceMeshVertex
 10
12119696.99652035
 20
3531925.695212771
 30
14.76695865484997
 70
192
  0
VERTEX
  5
E7B
330
17
100
AcDbEntity
  8
ELEM_01_INFERIOR
100
AcDbVertex
100
AcDbPolyFaceMeshVertex
 10
12119689.11915421
 20
3531925.361056615
 30
14.8719978148489
 70
192
  0
VERTEX
  5
E80
330
17
100
AcDbEntity
  8
ELEM_01_INFERIOR
100
AcDbVertex
100
AcDbPolyFaceMeshVertex
 10
12119693.66472255
 20
3531929.423368044
 30
14.86666317984895
 70
192
  0
VERTEX
  5
E83
330
17
100
AcDbEntity
  8
ELEM_01_INFERIOR
100
AcDbVertex
100
AcDbPolyFaceMeshVertex
 10
12119686.61366053
 20
3531929.827668416
 30
14.95784409984802
 70
192
  0
VERTEX
  5
E84
330
17
100
AcDbEntity
  8
ELEM_01_INFERIOR
100
AcDbVertex
100
AcDbPolyFaceMeshVertex
 10
12119690.33292475
 20
3531933.151520036
 30
14.96032112901467
 70
192
  0
VERTEX
  5
E8B
330
17
100
AcDbEntity
  8
ELEM_01_INFERIOR
100
AcDbVertex
100
AcDbPolyFaceMeshVertex
 10
12119686.30943542
 20
3531930.370016413
 30
14.96826730734792
 70
192
  0
VERTEX
  5
E8C
330
17
100
AcDbEntity
  8
ELEM_01_INFERIOR
100
AcDbVertex
100
AcDbPolyFaceMeshVertex
 10
12119689.92836847
 20
3531933.604202858
 30
14.97127911234789
 70
192
  0
VERTEX
  5
E93
330
17
100
AcDbEntity
  8
ELEM_01_INFERIOR
100
AcDbVertex
100
AcDbPolyFaceMeshVertex
 10
12119684.06531261
 20
3531934.370677703
 30
15.04515691734714
 70
192
  0
VERTEX
  5
E94
330
17
100
AcDbEntity
  8
ELEM_01_INFERIOR
100
AcDbVertex
100
AcDbPolyFaceMeshVertex
 10
12119687.03733423
 20
3531936.911555167
 30
15.04792594068044
 70
192
  0
VERTEX
  5
E9B
330
17
100
AcDbEntity
  8
ELEM_01_INFERIOR
100
AcDbVertex
100
AcDbPolyFaceMeshVertex
 10
12119681.87158013
 20
3531938.281509777
 30
15.11628538401308
 70
192
  0
VERTEX
  5
E9C
330
17
100
AcDbEntity
  8
ELEM_01_INFERIOR
100
AcDbVertex
100
AcDbPolyFaceMeshVertex
 10
12119684.25839293
 20
3531940.234212564
 30
15.11893301651305
 70
192
  0
VERTEX
  5
EA3
330
17
100
AcDbEntity
  8
ELEM_01_INFERIOR
100
AcDbVertex
100
AcDbPolyFaceMeshVertex
 10
12119681.53464838
 20
3531938.882171305
 30
15.12683982484631
 70
192
  0
VERTEX
  5
EA4
330
17
100
AcDbEntity
  8
ELEM_01_INFERIOR
100
AcDbVertex
100
AcDbPolyFaceMeshVertex
 10
12119683.83606111
 20
3531940.752200373
 30
15.12948417651295
 70
192
  0
VERTEX
  5
EAB
330
17
100
AcDbEntity
  8
ELEM_01_INFERIOR
100
AcDbVertex
100
AcDbPolyFaceMeshVertex
 10
12119679.02576233
 20
3531943.354832963
 30
15.20469399984552
 70
192
  0
VERTEX
  5
EAC
330
17
100
AcDbEntity
  8
ELEM_01_INFERIOR
100
AcDbVertex
100
AcDbPolyFaceMeshVertex
 10
12119680.73179566
 20
3531944.671670881
 30
15.20498927484551
 70
192
  0
VERTEX
  5
EB3
330
17
100
AcDbEntity
  8
ELEM_01_INFERIOR
100
AcDbVertex
100
AcDbPolyFaceMeshVertex
 10
12119677.50150028
 20
3531946.072176609
 30
15.24959220401173
 70
192
  0
VERTEX
  5
EB4
330
17
100
AcDbEntity
  8
ELEM_01_INFERIOR
100
AcDbVertex
100
AcDbPolyFaceMeshVertex
 10
12119678.88294437
 20
3531947.105176512
 30
15.24816176067841
 70
192
  0
VERTEX
  5
EBB
330
17
100
AcDbEntity
  8
ELEM_01_INFERIOR
100
AcDbVertex
100
AcDbPolyFaceMeshVertex
 10
12119676.53527519
 20
3531947.794692849
 30
15.27805343317811
 70
192
  0
VERTEX
  5
EBC
330
17
100
AcDbEntity
  8
ELEM_01_INFERIOR
100
AcDbVertex
100
AcDbPolyFaceMeshVertex
 10
12119677.72647359
 20
3531948.667512627
 30
15.27444451651147
 70
192
  0
VERTEX
  5
EC3
330
17
100
AcDbEntity
  8
ELEM_01_INFERIOR
100
AcDbVertex
100
AcDbPolyFaceMeshVertex
 10
12119675.74366915
 20
3531949.205917062
 30
15.3013735965112
 70
192
  0
VERTEX
  5
EC8
330
17
100
AcDbEntity
  8
ELEM_01_INFERIOR
100
AcDbVertex
100
AcDbPolyFaceMeshVertex
 10
12119676.78833898
 20
3531949.958632091
 30
15.29534014401126
 70
192
  0
VERTEX
  5
ECB
330
17
100
AcDbEntity
  8
ELEM_01_INFERIOR
100
AcDbVertex
100
AcDbPolyFaceMeshVertex
 10
12119674.0599094
 20
3531952.20760069
 30
15.3509699540107
 70
192
  0
VERTEX
  5
ED0
330
17
100
AcDbEntity
  8
ELEM_01_INFERIOR
100
AcDbVertex
100
AcDbPolyFaceMeshVertex
 10
12119674.82198136
 20
3531952.737228897
 30
15.33925409817748
 70
192
  0
VERTEX
  5
ED3
330
17
100
AcDbEntity
  8
ELEM_01_INFERIOR
100
AcDbVertex
100
AcDbPolyFaceMeshVertex
 10
12119673.18134816
 20
3531953.773837715
 30
15.37684916734377
 70
192
  0
VERTEX
  5
ED8
330
17
100
AcDbEntity
  8
ELEM_01_INFERIOR
100
AcDbVertex
100
AcDbPolyFaceMeshVertex
 10
12119673.81223929
 20
3531954.204020582
 30
15.36222321234392
 70
192
  0
VERTEX
  5
EDB
330
17
100
AcDbEntity
  8
ELEM_01_INFERIOR
100
AcDbVertex
100
AcDbPolyFaceMeshVertex
 10
12119673.36233205
 20
3531954.866693141
 30
15.37255783734381
 70
192
  0
VERTEX
  5
EDF
330
17
100
AcDbEntity
  8
ELEM_01_INFERIOR
100
AcDbVertex
100
AcDbPolyFaceMeshVertex
 10
12119672.78663111
 20
3531954.477510848
 30
15.70417462817377
 70
192
  0
VERTEX
  5
EE3
330
17
100
AcDbEntity
  8
ELEM_01_INFERIOR
100
AcDbVertex
100
AcDbPolyFaceMeshVertex
 10
12119671.59644976
 20
3531956.599278258
 30
15.41177691901008
 70
192
  0
VERTEX
  5
EE8
330
17
100
AcDbEntity
  8
ELEM_01_INFERIOR
100
AcDbVertex
100
AcDbPolyFaceMeshVertex
 10
12119672.02012673
 20
3531956.878280325
 30
15.40375200067683
 70
192
  0
VERTEX
  5
EEC
330
17
100
AcDbEntity
  8
ELEM_01_INFERIOR
100
AcDbVertex
100
AcDbPolyFaceMeshVertex
 10
12119669.14175979
 20
3531960.975325937
 30
15.46015608734292
 70
192
  0
VERTEX
  5
EED
330
17
100
AcDbEntity
  8
ELEM_01_INFERIOR
100
AcDbVertex
100
AcDbPolyFaceMeshVertex
 10
12119669.32266165
 20
3531961.088078336
 30
15.46825318400951
 70
192
  0
VERTEX
  5
EF3
330
17
100
AcDbEntity
  8
ELEM_01_INFERIOR
100
AcDbVertex
100
AcDbPolyFaceMeshVertex
 10
12119668.89405687
 20
3531961.416912981
 30
15.46503796734287
 70
192
  0
VERTEX
  5
EF8
330
17
100
AcDbEntity
  8
ELEM_01_INFERIOR
100
AcDbVertex
100
AcDbPolyFaceMeshVertex
 10
12119669.05593319
 20
3531961.517237583
 30
15.47477219984277
 70
192
  0
VERTEX
  5
EFB
330
17
100
AcDbEntity
  8
ELEM_01_INFERIOR
100
AcDbVertex
100
AcDbPolyFaceMeshVertex
 10
12119666.69272925
 20
3531965.341281772
 30
15.50842370734243
 70
192
  0
VERTEX
  5
F00
330
17
100
AcDbEntity
  8
ELEM_01_INFERIOR
100
AcDbVertex
100
AcDbPolyFaceMeshVertex
 10
12119666.73127576
 20
3531965.363988419
 30
15.53275436734218
 70
192
  0
VERTEX
  5
F03
330
17
100
AcDbEntity
  8
ELEM_01_INFERIOR
100
AcDbVertex
100
AcDbPolyFaceMeshVertex
 10
12119664.62307459
 20
3531969.0309135
 30
15.54921430817535
 70
192
  0
VERTEX
  5
F07
330
17
100
AcDbEntity
  8
ELEM_01_INFERIOR
100
AcDbVertex
100
AcDbPolyFaceMeshVertex
 10
12119653.42074464
 20
3531980.825450278
 30
15.71071332900704
 70
192
  0
VERTEX
  5
F08
330
17
100
AcDbEntity
  8
ELEM_01_INFERIOR
100
AcDbVertex
100
AcDbPolyFaceMeshVertex
 10
12119656.90937283
 20
3531982.782352533
 30
15.79071316900623
 70
192
  0
VERTEX
  5
F09
330
17
100
AcDbEntity
  8
ELEM_01_INFERIOR
100
AcDbVertex
100
AcDbPolyFaceMeshVertex
 10
12119656.95626578
 20
3531982.698750337
 30
15.70031964900715
 70
192
  0
VERTEX
  5
CAE
330
17
100
AcDbEntity
  8
ELEM_01_INFERIOR
100
AcDbFaceRecord
 10
0.0
 20
0.0
 30
0.0
 70
128
 71
1
 72
2
 73
3
  0
VERTEX
  5
CB2
330
17
100
AcDbEntity
  8
ELEM_01_INFERIOR
100
AcDbFaceRecord
 10
0.0
 20
0.0
 30
0.0
 70
128
 71
4
 72
2
 73
1
  0
VERTEX
  5
CB6
330
17
100
AcDbEntity
  8
ELEM_01_INFERIOR
100
AcDbFaceRecord
 10
0.0
 20
0.0
 30
0.0
 70
128
 71
4
 72
5
 73
6
  0
VERTEX
  5
CBA
330
17
100
AcDbEntity
  8
ELEM_01_INFERIOR
100
AcDbFaceRecord
 10
0.0
 20
0.0
 30
0.0
 70
128
 71
4
 72
6
 73
2
  0
VERTEX
  5
CBE
330
17
100
AcDbEntity
  8
ELEM_01_INFERIOR
100
AcDbFaceRecord
 10
0.0
 20
0.0
 30
0.0
 70
128
 71
5
 72
7
 73
8
  0
VERTEX
  5
CC2
330
17
100
AcDbEntity
  8
ELEM_01_INFERIOR
100
AcDbFaceRecord
 10
0.0
 20
0.0
 30
0.0
 70
128
 71
5
 72
8
 73
6
  0
VERTEX
  5
CC6
330
17
100
AcDbEntity
  8
ELEM_01_INFERIOR
100
AcDbFaceRecord
 10
0.0
 20
0.0
 30
0.0
 70
128
 71
7
 72
9
 73
10
  0
VERTEX
  5
CCA
330
17
100
AcDbEntity
  8
ELEM_01_INFERIOR
100
AcDbFaceRecord
 10
0.0
 20
0.0
 30
0.0
 70
128
 71
7
 72
10
 73
8
  0
VERTEX
  5
CCE
330
17
100
AcDbEntity
  8
ELEM_01_INFERIOR
100
AcDbFaceRecord
 10
0.0
 20
0.0
 30
0.0
 70
128
 71
9
 72
11
 73
12
  0
VERTEX
  5
CD2
330
17
100
AcDbEntity
  8
ELEM_01_INFERIOR
100
AcDbFaceRecord
 10
0.0
 20
0.0
 30
0.0
 70
128
 71
9
 72
12
 73
10
  0
VERTEX
  5
CD6
330
17
100
AcDbEntity
  8
ELEM_01_INFERIOR
100
AcDbFaceRecord
 10
0.0
 20
0.0
 30
0.0
 70
128
 71
11
 72
13
 73
14
  0
VERTEX
  5
CDA
330
17
100
AcDbEntity
  8
ELEM_01_INFERIOR
100
AcDbFaceRecord
 10
0.0
 20
0.0
 30
0.0
 70
128
 71
11
 72
14
 73
12
  0
VERTEX
  5
CDE
330
17
100
AcDbEntity
  8
ELEM_01_INFERIOR
100
AcDbFaceRecord
 10
0.0
 20
0.0
 30
0.0
 70
128
 71
13
 72
15
 73
16
  0
VERTEX
  5
CE2
330
17
100
AcDbEntity
  8
ELEM_01_INFERIOR
100
AcDbFaceRecord
 10
0.0
 20
0.0
 30
0.0
 70
128
 71
13
 72
16
 73
14
  0
VERTEX
  5
CE6
330
17
100
AcDbEntity
  8
ELEM_01_INFERIOR
100
AcDbFaceRecord
 10
0.0
 20
0.0
 30
0.0
 70
128
 71
15
 72
17
 73
18
  0
VERTEX
  5
CEA
330
17
100
AcDbEntity
  8
ELEM_01_INFERIOR
100
AcDbFaceRecord
 10
0.0
 20
0.0
 30
0.0
 70
128
 71
15
 72
18
 73
16
  0
VERTEX
  5
CEE
330
17
100
AcDbEntity
  8
ELEM_01_INFERIOR
100
AcDbFaceRecord
 10
0.0
 20
0.0
 30
0.0
 70
128
 71
17
 72
19
 73
20
  0
VERTEX
  5
CF2
330
17
100
AcDbEntity
  8
ELEM_01_INFERIOR
100
AcDbFaceRecord
 10
0.0
 20
0.0
 30
0.0
 70
128
 71
17
 72
20
 73
18
  0
VERTEX
  5
CF6
330
17
100
AcDbEntity
  8
ELEM_01_INFERIOR
100
AcDbFaceRecord
 10
0.0
 20
0.0
 30
0.0
 70
128
 71
19
 72
21
 73
22
  0
VERTEX
  5
CFA
330
17
100
AcDbEntity
  8
ELEM_01_INFERIOR
100
AcDbFaceRecord
 10
0.0
 20
0.0
 30
0.0
 70
128
 71
19
 72
22
 73
20
  0
VERTEX
  5
CFE
330
17
100
AcDbEntity
  8
ELEM_01_INFERIOR
100
AcDbFaceRecord
 10
0.0
 20
0.0
 30
0.0
 70
128
 71
21
 72
23
 73
24
  0
VERTEX
  5
D02
330
17
100
AcDbEntity
  8
ELEM_01_INFERIOR
100
AcDbFaceRecord
 10
0.0
 20
0.0
 30
0.0
 70
128
 71
21
 72
24
 73
22
  0
VERTEX
  5
D06
330
17
100
AcDbEntity
  8
ELEM_01_INFERIOR
100
AcDbFaceRecord
 10
0.0
 20
0.0
 30
0.0
 70
128
 71
23
 72
25
 73
26
  0
VERTEX
  5
D0A
330
17
100
AcDbEntity
  8
ELEM_01_INFERIOR
100
AcDbFaceRecord
 10
0.0
 20
0.0
 30
0.0
 70
128
 71
23
 72
26
 73
24
  0
VERTEX
  5
D0E
330
17
100
AcDbEntity
  8
ELEM_01_INFERIOR
100
AcDbFaceRecord
 10
0.0
 20
0.0
 30
0.0
 70
128
 71
25
 72
27
 73
28
  0
VERTEX
  5
D12
330
17
100
AcDbEntity
  8
ELEM_01_INFERIOR
100
AcDbFaceRecord
 10
0.0
 20
0.0
 30
0.0
 70
128
 71
25
 72
28
 73
26
  0
VERTEX
  5
D16
330
17
100
AcDbEntity
  8
ELEM_01_INFERIOR
100
AcDbFaceRecord
 10
0.0
 20
0.0
 30
0.0
 70
128
 71
27
 72
29
 73
30
  0
VERTEX
  5
D1A
330
17
100
AcDbEntity
  8
ELEM_01_INFERIOR
100
AcDbFaceRecord
 10
0.0
 20
0.0
 30
0.0
 70
128
 71
27
 72
30
 73
28
  0
VERTEX
  5
D1E
330
17
100
AcDbEntity
  8
ELEM_01_INFERIOR
100
AcDbFaceRecord
 10
0.0
 20
0.0
 30
0.0
 70
128
 71
29
 72
31
 73
32
  0
VERTEX
  5
D22
330
17
100
AcDbEntity
  8
ELEM_01_INFERIOR
100
AcDbFaceRecord
 10
0.0
 20
0.0
 30
0.0
 70
128
 71
29
 72
32
 73
30
  0
VERTEX
  5
D26
330
17
100
AcDbEntity
  8
ELEM_01_INFERIOR
100
AcDbFaceRecord
 10
0.0
 20
0.0
 30
0.0
 70
128
 71
31
 72
33
 73
34
  0
VERTEX
  5
D2A
330
17
100
AcDbEntity
  8
ELEM_01_INFERIOR
100
AcDbFaceRecord
 10
0.0
 20
0.0
 30
0.0
 70
128
 71
31
 72
34
 73
32
  0
VERTEX
  5
D2E
330
17
100
AcDbEntity
  8
ELEM_01_INFERIOR
100
AcDbFaceRecord
 10
0.0
 20
0.0
 30
0.0
 70
128
 71
35
 72
36
 73
34
  0
VERTEX
  5
D32
330
17
100
AcDbEntity
  8
ELEM_01_INFERIOR
100
AcDbFaceRecord
 10
0.0
 20
0.0
 30
0.0
 70
128
 71
33
 72
35
 73
34
  0
VERTEX
  5
D36
330
17
100
AcDbEntity
  8
ELEM_01_INFERIOR
100
AcDbFaceRecord
 10
0.0
 20
0.0
 30
0.0
 70
128
 71
37
 72
38
 73
36
  0
VERTEX
  5
D3A
330
17
100
AcDbEntity
  8
ELEM_01_INFERIOR
100
AcDbFaceRecord
 10
0.0
 20
0.0
 30
0.0
 70
128
 71
35
 72
37
 73
36
  0
VERTEX
  5
D3E
330
17
100
AcDbEntity
  8
ELEM_01_INFERIOR
100
AcDbFaceRecord
 10
0.0
 20
0.0
 30
0.0
 70
128
 71
39
 72
40
 73
38
  0
VERTEX
  5
D42
330
17
100
AcDbEntity
  8
ELEM_01_INFERIOR
100
AcDbFaceRecord
 10
0.0
 20
0.0
 30
0.0
 70
128
 71
37
 72
39
 73
38
  0
VERTEX
  5
D46
330
17
100
AcDbEntity
  8
ELEM_01_INFERIOR
100
AcDbFaceRecord
 10
0.0
 20
0.0
 30
0.0
 70
128
 71
41
 72
42
 73
40
  0
VERTEX
  5
D4A
330
17
100
AcDbEntity
  8
ELEM_01_INFERIOR
100
AcDbFaceRecord
 10
0.0
 20
0.0
 30
0.0
 70
128
 71
39
 72
41
 73
40
  0
VERTEX
  5
D4E
330
17
100
AcDbEntity
  8
ELEM_01_INFERIOR
100
AcDbFaceRecord
 10
0.0
 20
0.0
 30
0.0
 70
128
 71
43
 72
44
 73
42
  0
VERTEX
  5
D52
330
17
100
AcDbEntity
  8
ELEM_01_INFERIOR
100
AcDbFaceRecord
 10
0.0
 20
0.0
 30
0.0
 70
128
 71
41
 72
43
 73
42
  0
VERTEX
  5
D56
330
17
100
AcDbEntity
  8
ELEM_01_INFERIOR
100
AcDbFaceRecord
 10
0.0
 20
0.0
 30
0.0
 70
128
 71
45
 72
46
 73
44
  0
VERTEX
  5
D5A
330
17
100
AcDbEntity
  8
ELEM_01_INFERIOR
100
AcDbFaceRecord
 10
0.0
 20
0.0
 30
0.0
 70
128
 71
43
 72
45
 73
44
  0
VERTEX
  5
D5E
330
17
100
AcDbEntity
  8
ELEM_01_INFERIOR
100
AcDbFaceRecord
 10
0.0
 20
0.0
 30
0.0
 70
128
 71
47
 72
48
 73
46
  0
VERTEX
  5
D62
330
17
100
AcDbEntity
  8
ELEM_01_INFERIOR
100
AcDbFaceRecord
 10
0.0
 20
0.0
 30
0.0
 70
128
 71
45
 72
47
 73
46
  0
VERTEX
  5
D66
330
17
100
AcDbEntity
  8
ELEM_01_INFERIOR
100
AcDbFaceRecord
 10
0.0
 20
0.0
 30
0.0
 70
128
 71
49
 72
50
 73
48
  0
VERTEX
  5
D6A
330
17
100
AcDbEntity
  8
ELEM_01_INFERIOR
100
AcDbFaceRecord
 10
0.0
 20
0.0
 30
0.0
 70
128
 71
47
 72
49
 73
48
  0
VERTEX
  5
D6E
330
17
100
AcDbEntity
  8
ELEM_01_INFERIOR
100
AcDbFaceRecord
 10
0.0
 20
0.0
 30
0.0
 70
128
 71
49
 72
51
 73
50
  0
VERTEX
  5
D72
330
17
100
AcDbEntity
  8
ELEM_01_INFERIOR
100
AcDbFaceRecord
 10
0.0
 20
0.0
 30
0.0
 70
128
 71
51
 72
52
 73
50
  0
VERTEX
  5
D76
330
17
100
AcDbEntity
  8
ELEM_01_INFERIOR
100
AcDbFaceRecord
 10
0.0
 20
0.0
 30
0.0
 70
128
 71
51
 72
53
 73
52
  0
VERTEX
  5
D7A
330
17
100
AcDbEntity
  8
ELEM_01_INFERIOR
100
AcDbFaceRecord
 10
0.0
 20
0.0
 30
0.0
 70
128
 71
53
 72
54
 73
52
  0
VERTEX
  5
D7E
330
17
100
AcDbEntity
  8
ELEM_01_INFERIOR
100
AcDbFaceRecord
 10
0.0
 20
0.0
 30
0.0
 70
128
 71
55
 72
54
 73
53
  0
VERTEX
  5
D82
330
17
100
AcDbEntity
  8
ELEM_01_INFERIOR
100
AcDbFaceRecord
 10
0.0
 20
0.0
 30
0.0
 70
128
 71
55
 72
56
 73
54
  0
VERTEX
  5
D86
330
17
100
AcDbEntity
  8
ELEM_01_INFERIOR
100
AcDbFaceRecord
 10
0.0
 20
0.0
 30
0.0
 70
128
 71
57
 72
56
 73
55
  0
VERTEX
  5
D8A
330
17
100
AcDbEntity
  8
ELEM_01_INFERIOR
100
AcDbFaceRecord
 10
0.0
 20
0.0
 30
0.0
 70
128
 71
57
 72
58
 73
56
  0
VERTEX
  5
D8E
330
17
100
AcDbEntity
  8
ELEM_01_INFERIOR
100
AcDbFaceRecord
 10
0.0
 20
0.0
 30
0.0
 70
128
 71
59
 72
58
 73
57
  0
VERTEX
  5
D92
330
17
100
AcDbEntity
  8
ELEM_01_INFERIOR
100
AcDbFaceRecord
 10
0.0
 20
0.0
 30
0.0
 70
128
 71
59
 72
60
 73
58
  0
VERTEX
  5
D96
330
17
100
AcDbEntity
  8
ELEM_01_INFERIOR
100
AcDbFaceRecord
 10
0.0
 20
0.0
 30
0.0
 70
128
 71
61
 72
60
 73
59
  0
VERTEX
  5
D9A
330
17
100
AcDbEntity
  8
ELEM_01_INFERIOR
100
AcDbFaceRecord
 10
0.0
 20
0.0
 30
0.0
 70
128
 71
61
 72
62
 73
60
  0
VERTEX
  5
D9E
330
17
100
AcDbEntity
  8
ELEM_01_INFERIOR
100
AcDbFaceRecord
 10
0.0
 20
0.0
 30
0.0
 70
128
 71
63
 72
62
 73
61
  0
VERTEX
  5
DA2
330
17
100
AcDbEntity
  8
ELEM_01_INFERIOR
100
AcDbFaceRecord
 10
0.0
 20
0.0
 30
0.0
 70
128
 71
63
 72
64
 73
62
  0
VERTEX
  5
DA6
330
17
100
AcDbEntity
  8
ELEM_01_INFERIOR
100
AcDbFaceRecord
 10
0.0
 20
0.0
 30
0.0
 70
128
 71
65
 72
64
 73
63
  0
VERTEX
  5
DAA
330
17
100
AcDbEntity
  8
ELEM_01_INFERIOR
100
AcDbFaceRecord
 10
0.0
 20
0.0
 30
0.0
 70
128
 71
65
 72
66
 73
64
  0
VERTEX
  5
DAE
330
17
100
AcDbEntity
  8
ELEM_01_INFERIOR
100
AcDbFaceRecord
 10
0.0
 20
0.0
 30
0.0
 70
128
 71
67
 72
66
 73
65
  0
VERTEX
  5
DB2
330
17
100
AcDbEntity
  8
ELEM_01_INFERIOR
100
AcDbFaceRecord
 10
0.0
 20
0.0
 30
0.0
 70
128
 71
67
 72
68
 73
66
  0
VERTEX
  5
DB6
330
17
100
AcDbEntity
  8
ELEM_01_INFERIOR
100
AcDbFaceRecord
 10
0.0
 20
0.0
 30
0.0
 70
128
 71
69
 72
68
 73
67
  0
VERTEX
  5
DBA
330
17
100
AcDbEntity
  8
ELEM_01_INFERIOR
100
AcDbFaceRecord
 10
0.0
 20
0.0
 30
0.0
 70
128
 71
69
 72
70
 73
68
  0
VERTEX
  5
DBE
330
17
100
AcDbEntity
  8
ELEM_01_INFERIOR
100
AcDbFaceRecord
 10
0.0
 20
0.0
 30
0.0
 70
128
 71
71
 72
70
 73
69
  0
VERTEX
  5
DC2
330
17
100
AcDbEntity
  8
ELEM_01_INFERIOR
100
AcDbFaceRecord
 10
0.0
 20
0.0
 30
0.0
 70
128
 71
71
 72
72
 73
70
  0
VERTEX
  5
DC6
330
17
100
AcDbEntity
  8
ELEM_01_INFERIOR
100
AcDbFaceRecord
 10
0.0
 20
0.0
 30
0.0
 70
128
 71
73
 72
72
 73
71
  0
VERTEX
  5
DCA
330
17
100
AcDbEntity
  8
ELEM_01_INFERIOR
100
AcDbFaceRecord
 10
0.0
 20
0.0
 30
0.0
 70
128
 71
73
 72
74
 73
72
  0
VERTEX
  5
DCE
330
17
100
AcDbEntity
  8
ELEM_01_INFERIOR
100
AcDbFaceRecord
 10
0.0
 20
0.0
 30
0.0
 70
128
 71
75
 72
74
 73
73
  0
VERTEX
  5
DD2
330
17
100
AcDbEntity
  8
ELEM_01_INFERIOR
100
AcDbFaceRecord
 10
0.0
 20
0.0
 30
0.0
 70
128
 71
75
 72
76
 73
74
  0
VERTEX
  5
DD6
330
17
100
AcDbEntity
  8
ELEM_01_INFERIOR
100
AcDbFaceRecord
 10
0.0
 20
0.0
 30
0.0
 70
128
 71
77
 72
76
 73
75
  0
VERTEX
  5
DDA
330
17
100
AcDbEntity
  8
ELEM_01_INFERIOR
100
AcDbFaceRecord
 10
0.0
 20
0.0
 30
0.0
 70
128
 71
77
 72
78
 73
76
  0
VERTEX
  5
DDE
330
17
100
AcDbEntity
  8
ELEM_01_INFERIOR
100
AcDbFaceRecord
 10
0.0
 20
0.0
 30
0.0
 70
128
 71
79
 72
78
 73
77
  0
VERTEX
  5
DE2
330
17
100
AcDbEntity
  8
ELEM_01_INFERIOR
100
AcDbFaceRecord
 10
0.0
 20
0.0
 30
0.0
 70
128
 71
79
 72
80
 73
78
  0
VERTEX
  5
DE6
330
17
100
AcDbEntity
  8
ELEM_01_INFERIOR
100
AcDbFaceRecord
 10
0.0
 20
0.0
 30
0.0
 70
128
 71
81
 72
80
 73
79
  0
VERTEX
  5
DEA
330
17
100
AcDbEntity
  8
ELEM_01_INFERIOR
100
AcDbFaceRecord
 10
0.0
 20
0.0
 30
0.0
 70
128
 71
81
 72
82
 73
80
  0
VERTEX
  5
DEE
330
17
100
AcDbEntity
  8
ELEM_01_INFERIOR
100
AcDbFaceRecord
 10
0.0
 20
0.0
 30
0.0
 70
128
 71
83
 72
82
 73
81
  0
VERTEX
  5
DF2
330
17
100
AcDbEntity
  8
ELEM_01_INFERIOR
100
AcDbFaceRecord
 10
0.0
 20
0.0
 30
0.0
 70
128
 71
83
 72
84
 73
82
  0
VERTEX
  5
DF6
330
17
100
AcDbEntity
  8
ELEM_01_INFERIOR
100
AcDbFaceRecord
 10
0.0
 20
0.0
 30
0.0
 70
128
 71
85
 72
84
 73
83
  0
VERTEX
  5
DFA
330
17
100
AcDbEntity
  8
ELEM_01_INFERIOR
100
AcDbFaceRecord
 10
0.0
 20
0.0
 30
0.0
 70
128
 71
85
 72
86
 73
84
  0
VERTEX
  5
DFE
330
17
100
AcDbEntity
  8
ELEM_01_INFERIOR
100
AcDbFaceRecord
 10
0.0
 20
0.0
 30
0.0
 70
128
 71
87
 72
86
 73
85
  0
VERTEX
  5
E02
330
17
100
AcDbEntity
  8
ELEM_01_INFERIOR
100
AcDbFaceRecord
 10
0.0
 20
0.0
 30
0.0
 70
128
 71
87
 72
88
 73
86
  0
VERTEX
  5
E06
330
17
100
AcDbEntity
  8
ELEM_01_INFERIOR
100
AcDbFaceRecord
 10
0.0
 20
0.0
 30
0.0
 70
128
 71
89
 72
88
 73
87
  0
VERTEX
  5
E0A
330
17
100
AcDbEntity
  8
ELEM_01_INFERIOR
100
AcDbFaceRecord
 10
0.0
 20
0.0
 30
0.0
 70
128
 71
89
 72
90
 73
88
  0
VERTEX
  5
E0E
330
17
100
AcDbEntity
  8
ELEM_01_INFERIOR
100
AcDbFaceRecord
 10
0.0
 20
0.0
 30
0.0
 70
128
 71
91
 72
90
 73
89
  0
VERTEX
  5
E12
330
17
100
AcDbEntity
  8
ELEM_01_INFERIOR
100
AcDbFaceRecord
 10
0.0
 20
0.0
 30
0.0
 70
128
 71
91
 72
92
 73
90
  0
VERTEX
  5
E16
330
17
100
AcDbEntity
  8
ELEM_01_INFERIOR
100
AcDbFaceRecord
 10
0.0
 20
0.0
 30
0.0
 70
128
 71
93
 72
92
 73
91
  0
VERTEX
  5
E1A
330
17
100
AcDbEntity
  8
ELEM_01_INFERIOR
100
AcDbFaceRecord
 10
0.0
 20
0.0
 30
0.0
 70
128
 71
93
 72
94
 73
92
  0
VERTEX
  5
E1E
330
17
100
AcDbEntity
  8
ELEM_01_INFERIOR
100
AcDbFaceRecord
 10
0.0
 20
0.0
 30
0.0
 70
128
 71
95
 72
94
 73
93
  0
VERTEX
  5
E22
330
17
100
AcDbEntity
  8
ELEM_01_INFERIOR
100
AcDbFaceRecord
 10
0.0
 20
0.0
 30
0.0
 70
128
 71
95
 72
96
 73
94
  0
VERTEX
  5
E26
330
17
100
AcDbEntity
  8
ELEM_01_INFERIOR
100
AcDbFaceRecord
 10
0.0
 20
0.0
 30
0.0
 70
128
 71
97
 72
96
 73
95
  0
VERTEX
  5
E2A
330
17
100
AcDbEntity
  8
ELEM_01_INFERIOR
100
AcDbFaceRecord
 10
0.0
 20
0.0
 30
0.0
 70
128
 71
97
 72
98
 73
96
  0
VERTEX
  5
E2E
330
17
100
AcDbEntity
  8
ELEM_01_INFERIOR
100
AcDbFaceRecord
 10
0.0
 20
0.0
 30
0.0
 70
128
 71
99
 72
98
 73
97
  0
VERTEX
  5
E32
330
17
100
AcDbEntity
  8
ELEM_01_INFERIOR
100
AcDbFaceRecord
 10
0.0
 20
0.0
 30
0.0
 70
128
 71
99
 72
100
 73
98
  0
VERTEX
  5
E36
330
17
100
AcDbEntity
  8
ELEM_01_INFERIOR
100
AcDbFaceRecord
 10
0.0
 20
0.0
 30
0.0
 70
128
 71
101
 72
100
 73
99
  0
VERTEX
  5
E3A
330
17
100
AcDbEntity
  8
ELEM_01_INFERIOR
100
AcDbFaceRecord
 10
0.0
 20
0.0
 30
0.0
 70
128
 71
101
 72
102
 73
100
  0
VERTEX
  5
E3E
330
17
100
AcDbEntity
  8
ELEM_01_INFERIOR
100
AcDbFaceRecord
 10
0.0
 20
0.0
 30
0.0
 70
128
 71
103
 72
102
 73
101
  0
VERTEX
  5
E42
330
17
100
AcDbEntity
  8
ELEM_01_INFERIOR
100
AcDbFaceRecord
 10
0.0
 20
0.0
 30
0.0
 70
128
 71
103
 72
104
 73
102
  0
VERTEX
  5
E46
330
17
100
AcDbEntity
  8
ELEM_01_INFERIOR
100
AcDbFaceRecord
 10
0.0
 20
0.0
 30
0.0
 70
128
 71
105
 72
104
 73
103
  0
VERTEX
  5
E4A
330
17
100
AcDbEntity
  8
ELEM_01_INFERIOR
100
AcDbFaceRecord
 10
0.0
 20
0.0
 30
0.0
 70
128
 71
105
 72
106
 73
104
  0
VERTEX
  5
E4E
330
17
100
AcDbEntity
  8
ELEM_01_INFERIOR
100
AcDbFaceRecord
 10
0.0
 20
0.0
 30
0.0
 70
128
 71
107
 72
106
 73
105
  0
VERTEX
  5
E52
330
17
100
AcDbEntity
  8
ELEM_01_INFERIOR
100
AcDbFaceRecord
 10
0.0
 20
0.0
 30
0.0
 70
128
 71
107
 72
108
 73
106
  0
VERTEX
  5
E56
330
17
100
AcDbEntity
  8
ELEM_01_INFERIOR
100
AcDbFaceRecord
 10
0.0
 20
0.0
 30
0.0
 70
128
 71
109
 72
108
 73
107
  0
VERTEX
  5
E5A
330
17
100
AcDbEntity
  8
ELEM_01_INFERIOR
100
AcDbFaceRecord
 10
0.0
 20
0.0
 30
0.0
 70
128
 71
109
 72
110
 73
108
  0
VERTEX
  5
E5E
330
17
100
AcDbEntity
  8
ELEM_01_INFERIOR
100
AcDbFaceRecord
 10
0.0
 20
0.0
 30
0.0
 70
128
 71
111
 72
110
 73
109
  0
VERTEX
  5
E62
330
17
100
AcDbEntity
  8
ELEM_01_INFERIOR
100
AcDbFaceRecord
 10
0.0
 20
0.0
 30
0.0
 70
128
 71
111
 72
112
 73
110
  0
VERTEX
  5
E66
330
17
100
AcDbEntity
  8
ELEM_01_INFERIOR
100
AcDbFaceRecord
 10
0.0
 20
0.0
 30
0.0
 70
128
 71
113
 72
112
 73
111
  0
VERTEX
  5
E6A
330
17
100
AcDbEntity
  8
ELEM_01_INFERIOR
100
AcDbFaceRecord
 10
0.0
 20
0.0
 30
0.0
 70
128
 71
113
 72
114
 73
112
  0
VERTEX
  5
E6E
330
17
100
AcDbEntity
  8
ELEM_01_INFERIOR
100
AcDbFaceRecord
 10
0.0
 20
0.0
 30
0.0
 70
128
 71
115
 72
114
 73
113
  0
VERTEX
  5
E72
330
17
100
AcDbEntity
  8
ELEM_01_INFERIOR
100
AcDbFaceRecord
 10
0.0
 20
0.0
 30
0.0
 70
128
 71
115
 72
116
 73
114
  0
VERTEX
  5
E76
330
17
100
AcDbEntity
  8
ELEM_01_INFERIOR
100
AcDbFaceRecord
 10
0.0
 20
0.0
 30
0.0
 70
128
 71
117
 72
116
 73
115
  0
VERTEX
  5
E7A
330
17
100
AcDbEntity
  8
ELEM_01_INFERIOR
100
AcDbFaceRecord
 10
0.0
 20
0.0
 30
0.0
 70
128
 71
117
 72
118
 73
116
  0
VERTEX
  5
E7E
330
17
100
AcDbEntity
  8
ELEM_01_INFERIOR
100
AcDbFaceRecord
 10
0.0
 20
0.0
 30
0.0
 70
128
 71
119
 72
118
 73
117
  0
VERTEX
  5
E82
330
17
100
AcDbEntity
  8
ELEM_01_INFERIOR
100
AcDbFaceRecord
 10
0.0
 20
0.0
 30
0.0
 70
128
 71
119
 72
120
 73
118
  0
VERTEX
  5
E86
330
17
100
AcDbEntity
  8
ELEM_01_INFERIOR
100
AcDbFaceRecord
 10
0.0
 20
0.0
 30
0.0
 70
128
 71
121
 72
122
 73
120
  0
VERTEX
  5
E8A
330
17
100
AcDbEntity
  8
ELEM_01_INFERIOR
100
AcDbFaceRecord
 10
0.0
 20
0.0
 30
0.0
 70
128
 71
119
 72
121
 73
120
  0
VERTEX
  5
E8E
330
17
100
AcDbEntity
  8
ELEM_01_INFERIOR
100
AcDbFaceRecord
 10
0.0
 20
0.0
 30
0.0
 70
128
 71
123
 72
124
 73
122
  0
VERTEX
  5
E92
330
17
100
AcDbEntity
  8
ELEM_01_INFERIOR
100
AcDbFaceRecord
 10
0.0
 20
0.0
 30
0.0
 70
128
 71
121
 72
123
 73
122
  0
VERTEX
  5
E96
330
17
100
AcDbEntity
  8
ELEM_01_INFERIOR
100
AcDbFaceRecord
 10
0.0
 20
0.0
 30
0.0
 70
128
 71
125
 72
126
 73
124
  0
VERTEX
  5
E9A
330
17
100
AcDbEntity
  8
ELEM_01_INFERIOR
100
AcDbFaceRecord
 10
0.0
 20
0.0
 30
0.0
 70
128
 71
123
 72
125
 73
124
  0
VERTEX
  5
E9E
330
17
100
AcDbEntity
  8
ELEM_01_INFERIOR
100
AcDbFaceRecord
 10
0.0
 20
0.0
 30
0.0
 70
128
 71
127
 72
128
 73
126
  0
VERTEX
  5
EA2
330
17
100
AcDbEntity
  8
ELEM_01_INFERIOR
100
AcDbFaceRecord
 10
0.0
 20
0.0
 30
0.0
 70
128
 71
125
 72
127
 73
126
  0
VERTEX
  5
EA6
330
17
100
AcDbEntity
  8
ELEM_01_INFERIOR
100
AcDbFaceRecord
 10
0.0
 20
0.0
 30
0.0
 70
128
 71
129
 72
130
 73
128
  0
VERTEX
  5
EAA
330
17
100
AcDbEntity
  8
ELEM_01_INFERIOR
100
AcDbFaceRecord
 10
0.0
 20
0.0
 30
0.0
 70
128
 71
127
 72
129
 73
128
  0
VERTEX
  5
EAE
330
17
100
AcDbEntity
  8
ELEM_01_INFERIOR
100
AcDbFaceRecord
 10
0.0
 20
0.0
 30
0.0
 70
128
 71
131
 72
132
 73
130
  0
VERTEX
  5
EB2
330
17
100
AcDbEntity
  8
ELEM_01_INFERIOR
100
AcDbFaceRecord
 10
0.0
 20
0.0
 30
0.0
 70
128
 71
129
 72
131
 73
130
  0
VERTEX
  5
EB6
330
17
100
AcDbEntity
  8
ELEM_01_INFERIOR
100
AcDbFaceRecord
 10
0.0
 20
0.0
 30
0.0
 70
128
 71
133
 72
134
 73
132
  0
VERTEX
  5
EBA
330
17
100
AcDbEntity
  8
ELEM_01_INFERIOR
100
AcDbFaceRecord
 10
0.0
 20
0.0
 30
0.0
 70
128
 71
131
 72
133
 73
132
  0
VERTEX
  5
EBE
330
17
100
AcDbEntity
  8
ELEM_01_INFERIOR
100
AcDbFaceRecord
 10
0.0
 20
0.0
 30
0.0
 70
128
 71
135
 72
136
 73
134
  0
VERTEX
  5
EC2
330
17
100
AcDbEntity
  8
ELEM_01_INFERIOR
100
AcDbFaceRecord
 10
0.0
 20
0.0
 30
0.0
 70
128
 71
133
 72
135
 73
134
  0
VERTEX
  5
EC6
330
17
100
AcDbEntity
  8
ELEM_01_INFERIOR
100
AcDbFaceRecord
 10
0.0
 20
0.0
 30
0.0
 70
128
 71
137
 72
136
 73
135
  0
VERTEX
  5
ECA
330
17
100
AcDbEntity
  8
ELEM_01_INFERIOR
100
AcDbFaceRecord
 10
0.0
 20
0.0
 30
0.0
 70
128
 71
137
 72
138
 73
136
  0
VERTEX
  5
ECE
330
17
100
AcDbEntity
  8
ELEM_01_INFERIOR
100
AcDbFaceRecord
 10
0.0
 20
0.0
 30
0.0
 70
128
 71
139
 72
138
 73
137
  0
VERTEX
  5
ED2
330
17
100
AcDbEntity
  8
ELEM_01_INFERIOR
100
AcDbFaceRecord
 10
0.0
 20
0.0
 30
0.0
 70
128
 71
139
 72
140
 73
138
  0
VERTEX
  5
ED6
330
17
100
AcDbEntity
  8
ELEM_01_INFERIOR
100
AcDbFaceRecord
 10
0.0
 20
0.0
 30
0.0
 70
128
 71
141
 72
140
 73
139
  0
VERTEX
  5
EDA
330
17
100
AcDbEntity
  8
ELEM_01_INFERIOR
100
AcDbFaceRecord
 10
0.0
 20
0.0
 30
0.0
 70
128
 71
141
 72
142
 73
140
  0
VERTEX
  5
EDE
330
17
100
AcDbEntity
  8
ELEM_01_INFERIOR
100
AcDbFaceRecord
 10
0.0
 20
0.0
 30
0.0
 70
128
 71
143
 72
142
 73
141
  0
VERTEX
  5
EE2
330
17
100
AcDbEntity
  8
ELEM_01_INFERIOR
100
AcDbFaceRecord
 10
0.0
 20
0.0
 30
0.0
 70
128
 71
144
 72
143
 73
141
  0
VERTEX
  5
EE6
330
17
100
AcDbEntity
  8
ELEM_01_INFERIOR
100
AcDbFaceRecord
 10
0.0
 20
0.0
 30
0.0
 70
128
 71
145
 72
143
 73
144
  0
VERTEX
  5
EEA
330
17
100
AcDbEntity
  8
ELEM_01_INFERIOR
100
AcDbFaceRecord
 10
0.0
 20
0.0
 30
0.0
 70
128
 71
145
 72
146
 73
143
  0
VERTEX
  5
EEE
330
17
100
AcDbEntity
  8
ELEM_01_INFERIOR
100
AcDbFaceRecord
 10
0.0
 20
0.0
 30
0.0
 70
128
 71
146
 72
147
 73
148
  0
VERTEX
  5
EF2
330
17
100
AcDbEntity
  8
ELEM_01_INFERIOR
100
AcDbFaceRecord
 10
0.0
 20
0.0
 30
0.0
 70
128
 71
147
 72
146
 73
145
  0
VERTEX
  5
EF6
330
17
100
AcDbEntity
  8
ELEM_01_INFERIOR
100
AcDbFaceRecord
 10
0.0
 20
0.0
 30
0.0
 70
128
 71
149
 72
148
 73
147
  0
VERTEX
  5
EFA
330
17
100
AcDbEntity
  8
ELEM_01_INFERIOR
100
AcDbFaceRecord
 10
0.0
 20
0.0
 30
0.0
 70
128
 71
149
 72
150
 73
148
  0
VERTEX
  5
EFE
330
17
100
AcDbEntity
  8
ELEM_01_INFERIOR
100
AcDbFaceRecord
 10
0.0
 20
0.0
 30
0.0
 70
128
 71
151
 72
150
 73
149
  0
VERTEX
  5
F02
330
17
100
AcDbEntity
  8
ELEM_01_INFERIOR
100
AcDbFaceRecord
 10
0.0
 20
0.0
 30
0.0
 70
128
 71
151
 72
152
 73
150
  0
VERTEX
  5
F06
330
17
100
AcDbEntity
  8
ELEM_01_INFERIOR
100
AcDbFaceRecord
 10
0.0
 20
0.0
 30
0.0
 70
128
 71
153
 72
152
 73
151
  0
VERTEX
  5
F0A
330
17
100
AcDbEntity
  8
ELEM_01_INFERIOR
100
AcDbFaceRecord
 10
0.0
 20
0.0
 30
0.0
 70
128
 71
154
 72
155
 73
156
  0
SEQEND
  5
CAA
330
CA9
100
AcDbEntity
  8
ELEM_01_INFERIOR
  0
CIRCLE
  5
F0C
330
17
100
AcDbEntity
  8
ELEM_01_ESPESOR_RARO
100
AcDbCircle
 10
12119664.623
 20
3531969.031
 30
15.75731756650657
 40
1.0
  0
CIRCLE
  5
F0D
330
17
100
AcDbEntity
  8
ELEM_01_ESPESOR_RARO
100
AcDbCircle
 10
12119656.956
 20
3531982.699
 30
15.95947595483785
 40
1.0
  0
POLYLINE
  5
F0F
330
17
100
AcDbEntity
  8
ELEM_04_COMPLETO
100
AcDbPolyFaceMesh
 66
1
 10
0.0
 20
0.0
 30
0.0
 70
64
 71
862
 72
1714
  0
VERTEX
  5
F11
330
17
100
AcDbEntity
  8
ELEM_04_COMPLETO
100
AcDbVertex
100
AcDbPolyFaceMeshVertex
 10
12120122.28164418
 20
3531296.422225918
 30
10.07557696156429
 70
192
  0
VERTEX
  5
F12
330
17
100
AcDbEntity
  8
ELEM_04_COMPLETO
100
AcDbVertex
100
AcDbPolyFaceMeshVertex
 10
12120110.49413823
 20
3531287.145656545
 30
9.32557846157192
 70
192
  0
VERTEX
  5
F13
330
17
100
AcDbEntity
  8
ELEM_04_COMPLETO
100
AcDbVertex
100
AcDbPolyFaceMeshVertex
 10
12120110.49413823
 20
3531287.145656545
 30
9.825577461566835
 70
192
  0
VERTEX
  5
F17
330
17
100
AcDbEntity
  8
ELEM_04_COMPLETO
100
AcDbVertex
100
AcDbPolyFaceMeshVertex
 10
12120122.28164418
 20
3531296.422225918
 30
10.57557596155922
 70
192
  0
VERTEX
  5
F19
330
17
100
AcDbEntity
  8
ELEM_04_COMPLETO
100
AcDbVertex
100
AcDbPolyFaceMeshVertex
 10
12119791.6969379
 20
3531760.062696269
 30
10.13003879489708
 70
192
  0
VERTEX
  5
F1A
330
17
100
AcDbEntity
  8
ELEM_04_COMPLETO
100
AcDbVertex
100
AcDbPolyFaceMeshVertex
 10
12119809.09291361
 20
3531767.395266905
 30
11.01401996655476
 70
192
  0
VERTEX
  5
F1B
330
17
100
AcDbEntity
  8
ELEM_04_COMPLETO
100
AcDbVertex
100
AcDbPolyFaceMeshVertex
 10
12119809.09291361
 20
3531767.395266905
 30
11.51401896654968
 70
192
  0
VERTEX
  5
F1D
330
17
100
AcDbEntity
  8
ELEM_04_COMPLETO
100
AcDbVertex
100
AcDbPolyFaceMeshVertex
 10
12119791.6969379
 20
3531760.062696269
 30
9.630039794902158
 70
192
  0
VERTEX
  5
F21
330
17
100
AcDbEntity
  8
ELEM_04_COMPLETO
100
AcDbVertex
100
AcDbPolyFaceMeshVertex
 10
12120122.12849489
 20
3531296.616828548
 30
10.5743226832259
 70
192
  0
VERTEX
  5
F22
330
17
100
AcDbEntity
  8
ELEM_04_COMPLETO
100
AcDbVertex
100
AcDbPolyFaceMeshVertex
 10
12120122.12849489
 20
3531296.616828548
 30
10.07432040239764
 70
192
  0
VERTEX
  5
F29
330
17
100
AcDbEntity
  8
ELEM_04_COMPLETO
100
AcDbVertex
100
AcDbPolyFaceMeshVertex
 10
12120116.61514305
 20
3531292.277913341
 30
11.10000076572055
 70
192
  0
VERTEX
  5
F32
330
17
100
AcDbEntity
  8
ELEM_04_COMPLETO
100
AcDbVertex
100
AcDbPolyFaceMeshVertex
 10
12120116.61514305
 20
3531292.277913341
 30
10.5999984848923
 70
192
  0
VERTEX
  5
F42
330
17
100
AcDbEntity
  8
ELEM_04_COMPLETO
100
AcDbVertex
100
AcDbPolyFaceMeshVertex
 10
12120120.31501097
 20
3531298.921177613
 30
10.55944738489271
 70
192
  0
VERTEX
  5
F43
330
17
100
AcDbEntity
  8
ELEM_04_COMPLETO
100
AcDbVertex
100
AcDbPolyFaceMeshVertex
 10
12120120.31501097
 20
3531298.921177613
 30
10.0594483848978
 70
192
  0
VERTEX
  5
F4D
330
17
100
AcDbEntity
  8
ELEM_04_COMPLETO
100
AcDbVertex
100
AcDbPolyFaceMeshVertex
 10
12120114.79611453
 20
3531294.577898898
 30
11.10000076572055
 70
192
  0
VERTEX
  5
F57
330
17
100
AcDbEntity
  8
ELEM_04_COMPLETO
100
AcDbVertex
100
AcDbPolyFaceMeshVertex
 10
12120114.79611453
 20
3531294.577898898
 30
10.5999984848923
 70
192
  0
VERTEX
  5
F62
330
17
100
AcDbEntity
  8
ELEM_04_COMPLETO
100
AcDbVertex
100
AcDbPolyFaceMeshVertex
 10
12120117.22282228
 20
3531302.850346264
 30
10.53408982405964
 70
192
  0
VERTEX
  5
F63
330
17
100
AcDbEntity
  8
ELEM_04_COMPLETO
100
AcDbVertex
100
AcDbPolyFaceMeshVertex
 10
12120117.22282228
 20
3531302.850346264
 30
10.03408754323138
 70
192
  0
VERTEX
  5
F6D
330
17
100
AcDbEntity
  8
ELEM_04_COMPLETO
100
AcDbVertex
100
AcDbPolyFaceMeshVertex
 10
12120111.69447047
 20
3531298.499623338
 30
11.10000076572055
 70
192
  0
VERTEX
  5
F77
330
17
100
AcDbEntity
  8
ELEM_04_COMPLETO
100
AcDbVertex
100
AcDbPolyFaceMeshVertex
 10
12120111.69447047
 20
3531298.499623338
 30
10.5999984848923
 70
192
  0
VERTEX
  5
F82
330
17
100
AcDbEntity
  8
ELEM_04_COMPLETO
100
AcDbVertex
100
AcDbPolyFaceMeshVertex
 10
12120115.94413389
 20
3531304.475142883
 30
10.52360099989308
 70
192
  0
VERTEX
  5
F83
330
17
100
AcDbEntity
  8
ELEM_04_COMPLETO
100
AcDbVertex
100
AcDbPolyFaceMeshVertex
 10
12120115.94413389
 20
3531304.475142883
 30
10.02360199989816
 70
192
  0
VERTEX
  5
F8D
330
17
100
AcDbEntity
  8
ELEM_04_COMPLETO
100
AcDbVertex
100
AcDbPolyFaceMeshVertex
 10
12120110.41187133
 20
3531300.121345817
 30
11.10000076572055
 70
192
  0
VERTEX
  5
F97
330
17
100
AcDbEntity
  8
ELEM_04_COMPLETO
100
AcDbVertex
100
AcDbPolyFaceMeshVertex
 10
12120110.41187133
 20
3531300.121345817
 30
10.5999984848923
 70
192
  0
VERTEX
  5
FA2
330
17
100
AcDbEntity
  8
ELEM_04_COMPLETO
100
AcDbVertex
100
AcDbPolyFaceMeshVertex
 10
12120115.0472656
 20
3531305.614769869
 30
10.51624537155982
 70
192
  0
VERTEX
  5
FA3
330
17
100
AcDbEntity
  8
ELEM_04_COMPLETO
100
AcDbVertex
100
AcDbPolyFaceMeshVertex
 10
12120115.0472656
 20
3531305.614769869
 30
10.0162463715649
 70
192
  0
VERTEX
  5
FAD
330
17
100
AcDbEntity
  8
ELEM_04_COMPLETO
100
AcDbVertex
100
AcDbPolyFaceMeshVertex
 10
12120109.51226027
 20
3531301.258814014
 30
11.10000076572055
 70
192
  0
VERTEX
  5
FB7
330
17
100
AcDbEntity
  8
ELEM_04_COMPLETO
100
AcDbVertex
100
AcDbPolyFaceMeshVertex
 10
12120109.51226027
 20
3531301.258814014
 30
10.5999984848923
 70
192
  0
VERTEX
  5
FC2
330
17
100
AcDbEntity
  8
ELEM_04_COMPLETO
100
AcDbVertex
100
AcDbPolyFaceMeshVertex
 10
12120114.13063358
 20
3531306.779511634
 30
10.50895207905989
 70
192
  0
VERTEX
  5
FC3
330
17
100
AcDbEntity
  8
ELEM_04_COMPLETO
100
AcDbVertex
100
AcDbPolyFaceMeshVertex
 10
12120114.13063358
 20
3531306.779511634
 30
10.00894979823164
 70
192
  0
VERTEX
  5
FCD
330
17
100
AcDbEntity
  8
ELEM_04_COMPLETO
100
AcDbVertex
100
AcDbPolyFaceMeshVertex
 10
12120108.59282641
 20
3531302.421351059
 30
11.10000076572055
 70
192
  0
VERTEX
  5
FD7
330
17
100
AcDbEntity
  8
ELEM_04_COMPLETO
100
AcDbVertex
100
AcDbPolyFaceMeshVertex
 10
12120108.59282641
 20
3531302.421351059
 30
10.5999984848923
 70
192
  0
VERTEX
  5
FE2
330
17
100
AcDbEntity
  8
ELEM_04_COMPLETO
100
AcDbVertex
100
AcDbPolyFaceMeshVertex
 10
12120111.26032764
 20
3531310.426738592
 30
10.48896524239343
 70
192
  0
VERTEX
  5
FE3
330
17
100
AcDbEntity
  8
ELEM_04_COMPLETO
100
AcDbVertex
100
AcDbPolyFaceMeshVertex
 10
12120111.26032764
 20
3531310.426738592
 30
9.988966242398511
 70
192
  0
VERTEX
  5
FED
330
17
100
AcDbEntity
  8
ELEM_04_COMPLETO
100
AcDbVertex
100
AcDbPolyFaceMeshVertex
 10
12120105.71374425
 20
3531306.061668582
 30
11.10000076572055
 70
192
  0
VERTEX
  5
FF7
330
17
100
AcDbEntity
  8
ELEM_04_COMPLETO
100
AcDbVertex
100
AcDbPolyFaceMeshVertex
 10
12120105.71374425
 20
3531306.061668582
 30
10.5999984848923
 70
192
  0
VERTEX
  5
1001
330
17
100
AcDbEntity
  8
ELEM_04_COMPLETO
100
AcDbVertex
100
AcDbPolyFaceMeshVertex
 10
12120111.0384416
 20
3531310.708680285
 30
10.48760369656011
 70
192
  0
VERTEX
  5
1002
330
17
100
AcDbEntity
  8
ELEM_04_COMPLETO
100
AcDbVertex
100
AcDbPolyFaceMeshVertex
 10
12120111.0384416
 20
3531310.708680285
 30
9.987601415731858
 70
192
  0
VERTEX
  5
100D
330
17
100
AcDbEntity
  8
ELEM_04_COMPLETO
100
AcDbVertex
100
AcDbPolyFaceMeshVertex
 10
12120105.30266895
 20
3531306.194722778
 30
11.06268784822093
 70
192
  0
VERTEX
  5
1012
330
17
100
AcDbEntity
  8
ELEM_04_COMPLETO
100
AcDbVertex
100
AcDbPolyFaceMeshVertex
 10
12120105.30266895
 20
3531306.194722778
 30
10.56268884822601
 70
192
  0
VERTEX
  5
1022
330
17
100
AcDbEntity
  8
ELEM_04_COMPLETO
100
AcDbVertex
100
AcDbPolyFaceMeshVertex
 10
12120110.01429667
 20
3531312.010039231
 30
10.4816424223935
 70
192
  0
VERTEX
  5
1023
330
17
100
AcDbEntity
  8
ELEM_04_COMPLETO
100
AcDbVertex
100
AcDbPolyFaceMeshVertex
 10
12120110.01429667
 20
3531312.010039231
 30
9.981643422398584
 70
192
  0
VERTEX
  5
102D
330
17
100
AcDbEntity
  8
ELEM_04_COMPLETO
100
AcDbVertex
100
AcDbPolyFaceMeshVertex
 10
12120103.40528101
 20
3531306.808855408
 30
10.89046378322268
 70
192
  0
VERTEX
  5
1032
330
17
100
AcDbEntity
  8
ELEM_04_COMPLETO
100
AcDbVertex
100
AcDbPolyFaceMeshVertex
 10
12120103.40528101
 20
3531306.808855408
 30
10.39046478322776
 70
192
  0
VERTEX
  5
1042
330
17
100
AcDbEntity
  8
ELEM_04_COMPLETO
100
AcDbVertex
100
AcDbPolyFaceMeshVertex
 10
12120107.94625291
 20
3531314.637848936
 30
10.47129139322694
 70
192
  0
VERTEX
  5
1043
330
17
100
AcDbEntity
  8
ELEM_04_COMPLETO
100
AcDbVertex
100
AcDbPolyFaceMeshVertex
 10
12120107.94625291
 20
3531314.637848936
 30
9.971292393232021
 70
192
  0
VERTEX
  5
104D
330
17
100
AcDbEntity
  8
ELEM_04_COMPLETO
100
AcDbVertex
100
AcDbPolyFaceMeshVertex
 10
12120099.57391729
 20
3531308.048964476
 30
10.54269873072622
 70
192
  0
VERTEX
  5
1052
330
17
100
AcDbEntity
  8
ELEM_04_COMPLETO
100
AcDbVertex
100
AcDbPolyFaceMeshVertex
 10
12120099.57391729
 20
3531308.048964476
 30
10.04269644989796
 70
192
  0
VERTEX
  5
1062
330
17
100
AcDbEntity
  8
ELEM_04_COMPLETO
100
AcDbVertex
100
AcDbPolyFaceMeshVertex
 10
12120107.32508289
 20
3531315.4271551
 30
10.46862079489364
 70
192
  0
VERTEX
  5
1063
330
17
100
AcDbEntity
  8
ELEM_04_COMPLETO
100
AcDbVertex
100
AcDbPolyFaceMeshVertex
 10
12120107.32508289
 20
3531315.4271551
 30
9.968621794898716
 70
192
  0
VERTEX
  5
106D
330
17
100
AcDbEntity
  8
ELEM_04_COMPLETO
100
AcDbVertex
100
AcDbPolyFaceMeshVertex
 10
12120098.42310594
 20
3531308.421450608
 30
10.43824027822728
 70
192
  0
VERTEX
  5
1072
330
17
100
AcDbEntity
  8
ELEM_04_COMPLETO
100
AcDbVertex
100
AcDbPolyFaceMeshVertex
 10
12120098.42310594
 20
3531308.421450608
 30
9.93824127823236
 70
192
  0
VERTEX
  5
1082
330
17
100
AcDbEntity
  8
ELEM_04_COMPLETO
100
AcDbVertex
100
AcDbPolyFaceMeshVertex
 10
12120104.85406421
 20
3531318.567017587
 30
10.46001516906039
 70
192
  0
VERTEX
  5
1083
330
17
100
AcDbEntity
  8
ELEM_04_COMPLETO
100
AcDbVertex
100
AcDbPolyFaceMeshVertex
 10
12120104.85406421
 20
3531318.567017587
 30
9.960016169065472
 70
192
  0
VERTEX
  5
108D
330
17
100
AcDbEntity
  8
ELEM_04_COMPLETO
100
AcDbVertex
100
AcDbPolyFaceMeshVertex
 10
12120095.94751706
 20
3531311.557717302
 30
10.42236432572744
 70
192
  0
VERTEX
  5
1097
330
17
100
AcDbEntity
  8
ELEM_04_COMPLETO
100
AcDbVertex
100
AcDbPolyFaceMeshVertex
 10
12120095.94751706
 20
3531311.557717302
 30
9.92236532573252
 70
192
  0
VERTEX
  5
10A2
330
17
100
AcDbEntity
  8
ELEM_04_COMPLETO
100
AcDbVertex
100
AcDbPolyFaceMeshVertex
 10
12120104.37925217
 20
3531319.170349713
 30
10.45873236322707
 70
192
  0
VERTEX
  5
10A3
330
17
100
AcDbEntity
  8
ELEM_04_COMPLETO
100
AcDbVertex
100
AcDbPolyFaceMeshVertex
 10
12120104.37925217
 20
3531319.170349713
 30
9.95873008239882
 70
192
  0
VERTEX
  5
10AD
330
17
100
AcDbEntity
  8
ELEM_04_COMPLETO
100
AcDbVertex
100
AcDbPolyFaceMeshVertex
 10
12120095.47182903
 20
3531312.160357172
 30
10.41931315072747
 70
192
  0
VERTEX
  5
10B7
330
17
100
AcDbEntity
  8
ELEM_04_COMPLETO
100
AcDbVertex
100
AcDbPolyFaceMeshVertex
 10
12120095.47182903
 20
3531312.160357172
 30
9.919314150732554
 70
192
  0
VERTEX
  5
10C2
330
17
100
AcDbEntity
  8
ELEM_04_COMPLETO
100
AcDbVertex
100
AcDbPolyFaceMeshVertex
 10
12120101.76187551
 20
3531322.496186239
 30
10.45377830489379
 70
192
  0
VERTEX
  5
10C3
330
17
100
AcDbEntity
  8
ELEM_04_COMPLETO
100
AcDbVertex
100
AcDbPolyFaceMeshVertex
 10
12120101.76187551
 20
3531322.496186239
 30
9.95377930489887
 70
192
  0
VERTEX
  5
10CD
330
17
100
AcDbEntity
  8
ELEM_04_COMPLETO
100
AcDbVertex
100
AcDbPolyFaceMeshVertex
 10
12120092.84960987
 20
3531315.482384649
 30
10.40249887989431
 70
192
  0
VERTEX
  5
10D7
330
17
100
AcDbEntity
  8
ELEM_04_COMPLETO
100
AcDbVertex
100
AcDbPolyFaceMeshVertex
 10
12120092.84960987
 20
3531315.482384649
 30
9.902499879899391
 70
192
  0
VERTEX
  5
10E2
330
17
100
AcDbEntity
  8
ELEM_04_COMPLETO
100
AcDbVertex
100
AcDbPolyFaceMeshVertex
 10
12120098.66968353
 20
3531326.425354889
 30
10.4525775198938
 70
192
  0
VERTEX
  5
10E3
330
17
100
AcDbEntity
  8
ELEM_04_COMPLETO
100
AcDbVertex
100
AcDbPolyFaceMeshVertex
 10
12120098.66968353
 20
3531326.425354889
 30
9.952575239065547
 70
192
  0
VERTEX
  5
10ED
330
17
100
AcDbEntity
  8
ELEM_04_COMPLETO
100
AcDbVertex
100
AcDbPolyFaceMeshVertex
 10
12120089.75170268
 20
3531319.407051997
 30
10.38263343406118
 70
192
  0
VERTEX
  5
10F7
330
17
100
AcDbEntity
  8
ELEM_04_COMPLETO
100
AcDbVertex
100
AcDbPolyFaceMeshVertex
 10
12120089.75170268
 20
3531319.407051997
 30
9.882631153232923
 70
192
  0
VERTEX
  5
1102
330
17
100
AcDbEntity
  8
ELEM_04_COMPLETO
100
AcDbVertex
100
AcDbPolyFaceMeshVertex
 10
12120098.19487805
 20
3531327.028677173
 30
10.45283670572713
 70
192
  0
VERTEX
  5
1103
330
17
100
AcDbEntity
  8
ELEM_04_COMPLETO
100
AcDbVertex
100
AcDbPolyFaceMeshVertex
 10
12120098.19487805
 20
3531327.028677173
 30
9.952837705732213
 70
192
  0
VERTEX
  5
110D
330
17
100
AcDbEntity
  8
ELEM_04_COMPLETO
100
AcDbVertex
100
AcDbPolyFaceMeshVertex
 10
12120089.27602122
 20
3531320.009685305
 30
10.37958225906121
 70
192
  0
VERTEX
  5
1117
330
17
100
AcDbEntity
  8
ELEM_04_COMPLETO
100
AcDbVertex
100
AcDbPolyFaceMeshVertex
 10
12120089.27602122
 20
3531320.009685305
 30
9.879583259066287
 70
192
  0
VERTEX
  5
1122
330
17
100
AcDbEntity
  8
ELEM_04_COMPLETO
100
AcDbVertex
100
AcDbPolyFaceMeshVertex
 10
12120095.57749483
 20
3531330.354523539
 30
10.45641281406043
 70
192
  0
VERTEX
  5
1123
330
17
100
AcDbEntity
  8
ELEM_04_COMPLETO
100
AcDbVertex
100
AcDbPolyFaceMeshVertex
 10
12120095.57749483
 20
3531330.354523539
 30
9.956410533232177
 70
192
  0
VERTEX
  5
112D
330
17
100
AcDbEntity
  8
ELEM_04_COMPLETO
100
AcDbVertex
100
AcDbPolyFaceMeshVertex
 10
12120086.65379549
 20
3531323.331722624
 30
10.36276470739471
 70
192
  0
VERTEX
  5
1137
330
17
100
AcDbEntity
  8
ELEM_04_COMPLETO
100
AcDbVertex
100
AcDbPolyFaceMeshVertex
 10
12120086.65379549
 20
3531323.331722624
 30
9.862765707399793
 70
192
  0
VERTEX
  5
1142
330
17
100
AcDbEntity
  8
ELEM_04_COMPLETO
100
AcDbVertex
100
AcDbPolyFaceMeshVertex
 10
12120092.48530614
 20
3531334.28369219
 30
10.46528418739367
 70
192
  0
VERTEX
  5
1143
330
17
100
AcDbEntity
  8
ELEM_04_COMPLETO
100
AcDbVertex
100
AcDbPolyFaceMeshVertex
 10
12120092.48530614
 20
3531334.28369219
 30
9.96528190656542
 70
192
  0
VERTEX
  5
114D
330
17
100
AcDbEntity
  8
ELEM_04_COMPLETO
100
AcDbVertex
100
AcDbPolyFaceMeshVertex
 10
12120083.5558883
 20
3531327.256389972
 30
10.34289926156158
 70
192
  0
VERTEX
  5
1157
330
17
100
AcDbEntity
  8
ELEM_04_COMPLETO
100
AcDbVertex
100
AcDbPolyFaceMeshVertex
 10
12120083.5558883
 20
3531327.256389972
 30
9.842900261566664
 70
192
  0
VERTEX
  5
1162
330
17
100
AcDbEntity
  8
ELEM_04_COMPLETO
100
AcDbVertex
100
AcDbPolyFaceMeshVertex
 10
12120092.01050722
 20
3531334.887007913
 30
10.46709192656032
 70
192
  0
VERTEX
  5
1163
330
17
100
AcDbEntity
  8
ELEM_04_COMPLETO
100
AcDbVertex
100
AcDbPolyFaceMeshVertex
 10
12120092.01050722
 20
3531334.887007913
 30
9.9670929265654
 70
192
  0
VERTEX
  5
116D
330
17
100
AcDbEntity
  8
ELEM_04_COMPLETO
100
AcDbVertex
100
AcDbPolyFaceMeshVertex
 10
12120083.08021012
 20
3531327.859013438
 30
10.33984808656161
 70
192
  0
VERTEX
  5
1177
330
17
100
AcDbEntity
  8
ELEM_04_COMPLETO
100
AcDbVertex
100
AcDbPolyFaceMeshVertex
 10
12120083.08021012
 20
3531327.859013438
 30
9.839849086566694
 70
192
  0
VERTEX
  5
1182
330
17
100
AcDbEntity
  8
ELEM_04_COMPLETO
100
AcDbVertex
100
AcDbPolyFaceMeshVertex
 10
12120089.39311744
 20
3531338.212860841
 30
10.47919163989353
 70
192
  0
VERTEX
  5
1183
330
17
100
AcDbEntity
  8
ELEM_04_COMPLETO
100
AcDbVertex
100
AcDbPolyFaceMeshVertex
 10
12120089.39311744
 20
3531338.212860841
 30
9.979192639898608
 70
192
  0
VERTEX
  5
118D
330
17
100
AcDbEntity
  8
ELEM_04_COMPLETO
100
AcDbVertex
100
AcDbPolyFaceMeshVertex
 10
12120080.45798111
 20
3531331.181057319
 30
10.32303381572845
 70
192
  0
VERTEX
  5
1197
330
17
100
AcDbEntity
  8
ELEM_04_COMPLETO
100
AcDbVertex
100
AcDbPolyFaceMeshVertex
 10
12120080.45798111
 20
3531331.181057319
 30
9.823031534900196
 70
192
  0
VERTEX
  5
11A2
330
17
100
AcDbEntity
  8
ELEM_04_COMPLETO
100
AcDbVertex
100
AcDbPolyFaceMeshVertex
 10
12120087.71198235
 20
3531340.349037671
 30
10.48886681739343
 70
192
  0
VERTEX
  5
11A3
330
17
100
AcDbEntity
  8
ELEM_04_COMPLETO
100
AcDbVertex
100
AcDbPolyFaceMeshVertex
 10
12120087.71198235
 20
3531340.349037671
 30
9.98886781739851
 70
192
  0
VERTEX
  5
11AD
330
17
100
AcDbEntity
  8
ELEM_04_COMPLETO
100
AcDbVertex
100
AcDbPolyFaceMeshVertex
 10
12120078.77373579
 20
3531333.314789928
 30
10.31223331239522
 70
192
  0
VERTEX
  5
11B7
330
17
100
AcDbEntity
  8
ELEM_04_COMPLETO
100
AcDbVertex
100
AcDbPolyFaceMeshVertex
 10
12120078.77373579
 20
3531333.314789928
 30
9.812231031566975
 70
192
  0
VERTEX
  5
11C2
330
17
100
AcDbEntity
  8
ELEM_04_COMPLETO
100
AcDbVertex
100
AcDbPolyFaceMeshVertex
 10
12120086.30092546
 20
3531342.142029492
 30
10.49813517156001
 70
192
  0
VERTEX
  5
11C3
330
17
100
AcDbEntity
  8
ELEM_04_COMPLETO
100
AcDbVertex
100
AcDbPolyFaceMeshVertex
 10
12120086.30092546
 20
3531342.142029492
 30
9.998136171565086
 70
192
  0
VERTEX
  5
11CD
330
17
100
AcDbEntity
  8
ELEM_04_COMPLETO
100
AcDbVertex
100
AcDbPolyFaceMeshVertex
 10
12120077.36007392
 20
3531335.105727947
 30
10.30926415822859
 70
192
  0
VERTEX
  5
11D7
330
17
100
AcDbEntity
  8
ELEM_04_COMPLETO
100
AcDbVertex
100
AcDbPolyFaceMeshVertex
 10
12120077.36007392
 20
3531335.105727947
 30
9.80926515823367
 70
192
  0
VERTEX
  5
11E2
330
17
100
AcDbEntity
  8
ELEM_04_COMPLETO
100
AcDbVertex
100
AcDbPolyFaceMeshVertex
 10
12120085.8261331
 20
3531342.745335372
 30
10.50149146405997
 70
192
  0
VERTEX
  5
11E3
330
17
100
AcDbEntity
  8
ELEM_04_COMPLETO
100
AcDbVertex
100
AcDbPolyFaceMeshVertex
 10
12120085.8261331
 20
3531342.745335372
 30
10.00149246406505
 70
192
  0
VERTEX
  5
11ED
330
17
100
AcDbEntity
  8
ELEM_04_COMPLETO
100
AcDbVertex
100
AcDbPolyFaceMeshVertex
 10
12120076.8844023
 20
3531335.708341571
 30
10.30826678489527
 70
192
  0
VERTEX
  5
11F7
330
17
100
AcDbEntity
  8
ELEM_04_COMPLETO
100
AcDbVertex
100
AcDbPolyFaceMeshVertex
 10
12120076.8844023
 20
3531335.708341571
 30
9.808264504067012
 70
192
  0
VERTEX
  5
1202
330
17
100
AcDbEntity
  8
ELEM_04_COMPLETO
100
AcDbVertex
100
AcDbPolyFaceMeshVertex
 10
12120084.12536879
 20
3531344.906453096
 30
10.51448356405984
 70
192
  0
VERTEX
  5
1203
330
17
100
AcDbEntity
  8
ELEM_04_COMPLETO
100
AcDbVertex
100
AcDbPolyFaceMeshVertex
 10
12120084.12536879
 20
3531344.906453096
 30
10.01448456406492
 70
192
  0
VERTEX
  5
120D
330
17
100
AcDbEntity
  8
ELEM_04_COMPLETO
100
AcDbVertex
100
AcDbPolyFaceMeshVertex
 10
12120075.18049495
 20
3531337.866985548
 30
10.30468739572864
 70
192
  0
VERTEX
  5
1217
330
17
100
AcDbEntity
  8
ELEM_04_COMPLETO
100
AcDbVertex
100
AcDbPolyFaceMeshVertex
 10
12120075.18049495
 20
3531337.866985548
 30
9.804688395733717
 70
192
  0
VERTEX
  5
1222
330
17
100
AcDbEntity
  8
ELEM_04_COMPLETO
100
AcDbVertex
100
AcDbPolyFaceMeshVertex
 10
12120083.20873676
 20
3531346.071198142
 30
10.52189824739309
 70
192
  0
VERTEX
  5
1223
330
17
100
AcDbEntity
  8
ELEM_04_COMPLETO
100
AcDbVertex
100
AcDbPolyFaceMeshVertex
 10
12120083.20873676
 20
3531346.071198142
 30
10.02189596656484
 70
192
  0
VERTEX
  5
122D
330
17
100
AcDbEntity
  8
ELEM_04_COMPLETO
100
AcDbVertex
100
AcDbPolyFaceMeshVertex
 10
12120074.26216673
 20
3531339.030395295
 30
10.30276154656199
 70
192
  0
VERTEX
  5
1237
330
17
100
AcDbEntity
  8
ELEM_04_COMPLETO
100
AcDbVertex
100
AcDbPolyFaceMeshVertex
 10
12120074.26216673
 20
3531339.030395295
 30
9.802759265733737
 70
192
  0
VERTEX
  5
1242
330
17
100
AcDbEntity
  8
ELEM_04_COMPLETO
100
AcDbVertex
100
AcDbPolyFaceMeshVertex
 10
12120080.11654807
 20
3531350.000363512
 30
10.54690475905951
 70
192
  0
VERTEX
  5
1243
330
17
100
AcDbEntity
  8
ELEM_04_COMPLETO
100
AcDbVertex
100
AcDbPolyFaceMeshVertex
 10
12120080.11654807
 20
3531350.000363512
 30
10.04690247823125
 70
192
  0
VERTEX
  5
124D
330
17
100
AcDbEntity
  8
ELEM_04_COMPLETO
100
AcDbVertex
100
AcDbPolyFaceMeshVertex
 10
12120071.16425954
 20
3531342.955062643
 30
10.29625565406205
 70
192
  0
VERTEX
  5
1257
330
17
100
AcDbEntity
  8
ELEM_04_COMPLETO
100
AcDbVertex
100
AcDbPolyFaceMeshVertex
 10
12120071.16425954
 20
3531342.955062643
 30
9.796256654067138
 70
192
  0
VERTEX
  5
1262
330
17
100
AcDbEntity
  8
ELEM_04_COMPLETO
100
AcDbVertex
100
AcDbPolyFaceMeshVertex
 10
12120079.64176227
 20
3531350.603662831
 30
10.55074333405947
 70
192
  0
VERTEX
  5
1263
330
17
100
AcDbEntity
  8
ELEM_04_COMPLETO
100
AcDbVertex
100
AcDbPolyFaceMeshVertex
 10
12120079.64176227
 20
3531350.603662831
 30
10.05074433406455
 70
192
  0
VERTEX
  5
126D
330
17
100
AcDbEntity
  8
ELEM_04_COMPLETO
100
AcDbVertex
100
AcDbPolyFaceMeshVertex
 10
12120070.68859448
 20
3531343.557672987
 30
10.29525828072873
 70
192
  0
VERTEX
  5
1277
330
17
100
AcDbEntity
  8
ELEM_04_COMPLETO
100
AcDbVertex
100
AcDbPolyFaceMeshVertex
 10
12120070.68859448
 20
3531343.557672987
 30
9.795259280733813
 70
192
  0
VERTEX
  5
1282
330
17
100
AcDbEntity
  8
ELEM_04_COMPLETO
100
AcDbVertex
100
AcDbPolyFaceMeshVertex
 10
12120077.02435937
 20
3531353.929532163
 30
10.57191127072592
 70
192
  0
VERTEX
  5
1283
330
17
100
AcDbEntity
  8
ELEM_04_COMPLETO
100
AcDbVertex
100
AcDbPolyFaceMeshVertex
 10
12120077.02435937
 20
3531353.929532163
 30
10.071912270731
 70
192
  0
VERTEX
  5
128D
330
17
100
AcDbEntity
  8
ELEM_04_COMPLETO
100
AcDbVertex
100
AcDbPolyFaceMeshVertex
 10
12120068.06635235
 20
3531346.879733271
 30
10.28975304239545
 70
192
  0
VERTEX
  5
1297
330
17
100
AcDbEntity
  8
ELEM_04_COMPLETO
100
AcDbVertex
100
AcDbPolyFaceMeshVertex
 10
12120068.06635235
 20
3531346.879733271
 30
9.789754042400537
 70
192
  0
VERTEX
  5
12A2
330
17
100
AcDbEntity
  8
ELEM_04_COMPLETO
100
AcDbVertex
100
AcDbPolyFaceMeshVertex
 10
12120073.93216739
 20
3531357.858700814
 30
10.59691778239233
 70
192
  0
VERTEX
  5
12A3
330
17
100
AcDbEntity
  8
ELEM_04_COMPLETO
100
AcDbVertex
100
AcDbPolyFaceMeshVertex
 10
12120073.93216739
 20
3531357.858700814
 30
10.09691878239741
 70
192
  0
VERTEX
  5
12AD
330
17
100
AcDbEntity
  8
ELEM_04_COMPLETO
100
AcDbVertex
100
AcDbPolyFaceMeshVertex
 10
12120064.96844516
 20
3531350.804400618
 30
10.28325043072885
 70
192
  0
VERTEX
  5
12B7
330
17
100
AcDbEntity
  8
ELEM_04_COMPLETO
100
AcDbVertex
100
AcDbPolyFaceMeshVertex
 10
12120064.96844516
 20
3531350.804400618
 30
9.783248149900597
 70
192
  0
VERTEX
  5
12C2
330
17
100
AcDbEntity
  8
ELEM_04_COMPLETO
100
AcDbVertex
100
AcDbPolyFaceMeshVertex
 10
12120073.45738815
 20
3531358.46199029
 30
10.6007563573923
 70
192
  0
VERTEX
  5
12C3
330
17
100
AcDbEntity
  8
ELEM_04_COMPLETO
100
AcDbVertex
100
AcDbPolyFaceMeshVertex
 10
12120073.45738815
 20
3531358.46199029
 30
10.10075735739738
 70
192
  0
VERTEX
  5
12CD
330
17
100
AcDbEntity
  8
ELEM_04_COMPLETO
100
AcDbVertex
100
AcDbPolyFaceMeshVertex
 10
12120064.49278666
 20
3531351.407001118
 30
10.2822497765622
 70
192
  0
VERTEX
  5
12D7
330
17
100
AcDbEntity
  8
ELEM_04_COMPLETO
100
AcDbVertex
100
AcDbPolyFaceMeshVertex
 10
12120064.49278666
 20
3531351.407001118
 30
9.78225077656728
 70
192
  0
VERTEX
  5
12E2
330
17
100
AcDbEntity
  8
ELEM_04_COMPLETO
100
AcDbVertex
100
AcDbPolyFaceMeshVertex
 10
12120070.8399787
 20
3531361.787869464
 30
10.62192429405875
 70
192
  0
VERTEX
  5
12E3
330
17
100
AcDbEntity
  8
ELEM_04_COMPLETO
100
AcDbVertex
100
AcDbPolyFaceMeshVertex
 10
12120070.8399787
 20
3531361.787869464
 30
10.12192529406383
 70
192
  0
VERTEX
  5
12ED
330
17
100
AcDbEntity
  8
ELEM_04_COMPLETO
100
AcDbVertex
100
AcDbPolyFaceMeshVertex
 10
12120061.87053797
 20
3531354.729067965
 30
10.27674453822892
 70
192
  0
VERTEX
  5
12F7
330
17
100
AcDbEntity
  8
ELEM_04_COMPLETO
100
AcDbVertex
100
AcDbPolyFaceMeshVertex
 10
12120061.87053797
 20
3531354.729067965
 30
9.776745538234
 70
192
  0
VERTEX
  5
1302
330
17
100
AcDbEntity
  8
ELEM_04_COMPLETO
100
AcDbVertex
100
AcDbPolyFaceMeshVertex
 10
12120067.74778999
 20
3531365.717038116
 30
10.64693080572516
 70
192
  0
VERTEX
  5
1303
330
17
100
AcDbEntity
  8
ELEM_04_COMPLETO
100
AcDbVertex
100
AcDbPolyFaceMeshVertex
 10
12120067.74778999
 20
3531365.717038116
 30
10.14693180573024
 70
192
  0
VERTEX
  5
130D
330
17
100
AcDbEntity
  8
ELEM_04_COMPLETO
100
AcDbVertex
100
AcDbPolyFaceMeshVertex
 10
12120058.7726275
 20
3531358.653738593
 30
10.27024192656232
 70
192
  0
VERTEX
  5
1317
330
17
100
AcDbEntity
  8
ELEM_04_COMPLETO
100
AcDbVertex
100
AcDbPolyFaceMeshVertex
 10
12120058.7726275
 20
3531358.653738593
 30
9.7702429265674
 70
192
  0
VERTEX
  5
1322
330
17
100
AcDbEntity
  8
ELEM_04_COMPLETO
100
AcDbVertex
100
AcDbPolyFaceMeshVertex
 10
12120067.27301732
 20
3531366.32032103
 30
10.65077266155845
 70
192
  0
VERTEX
  5
1323
330
17
100
AcDbEntity
  8
ELEM_04_COMPLETO
100
AcDbVertex
100
AcDbPolyFaceMeshVertex
 10
12120067.27301732
 20
3531366.32032103
 30
10.1507703807302
 70
192
  0
VERTEX
  5
132D
330
17
100
AcDbEntity
  8
ELEM_04_COMPLETO
100
AcDbVertex
100
AcDbPolyFaceMeshVertex
 10
12120058.29697884
 20
3531359.256329252
 30
10.26924455322899
 70
192
  0
VERTEX
  5
1337
330
17
100
AcDbEntity
  8
ELEM_04_COMPLETO
100
AcDbVertex
100
AcDbPolyFaceMeshVertex
 10
12120058.29697884
 20
3531359.256329252
 30
9.769242272400742
 70
192
  0
VERTEX
  5
1342
330
17
100
AcDbEntity
  8
ELEM_04_COMPLETO
100
AcDbVertex
100
AcDbPolyFaceMeshVertex
 10
12120064.65560129
 20
3531369.646206767
 30
10.6719405982249
 70
192
  0
VERTEX
  5
1343
330
17
100
AcDbEntity
  8
ELEM_04_COMPLETO
100
AcDbVertex
100
AcDbPolyFaceMeshVertex
 10
12120064.65560129
 20
3531369.646206767
 30
10.17193831739665
 70
192
  0
VERTEX
  5
134D
330
17
100
AcDbEntity
  8
ELEM_04_COMPLETO
100
AcDbVertex
100
AcDbPolyFaceMeshVertex
 10
12120055.67472031
 20
3531362.578405942
 30
10.26373931489572
 70
192
  0
VERTEX
  5
1357
330
17
100
AcDbEntity
  8
ELEM_04_COMPLETO
100
AcDbVertex
100
AcDbPolyFaceMeshVertex
 10
12120055.67472031
 20
3531362.578405942
 30
9.763737034067466
 70
192
  0
VERTEX
  5
1362
330
17
100
AcDbEntity
  8
ELEM_04_COMPLETO
100
AcDbVertex
100
AcDbPolyFaceMeshVertex
 10
12120061.56340932
 20
3531373.575375417
 30
10.69694710989132
 70
192
  0
VERTEX
  5
1363
330
17
100
AcDbEntity
  8
ELEM_04_COMPLETO
100
AcDbVertex
100
AcDbPolyFaceMeshVertex
 10
12120061.56340932
 20
3531373.575375417
 30
10.19694482906306
 70
192
  0
VERTEX
  5
136D
330
17
100
AcDbEntity
  8
ELEM_04_COMPLETO
100
AcDbVertex
100
AcDbPolyFaceMeshVertex
 10
12120052.57681312
 20
3531366.503073289
 30
10.25723342239579
 70
192
  0
VERTEX
  5
1377
330
17
100
AcDbEntity
  8
ELEM_04_COMPLETO
100
AcDbVertex
100
AcDbPolyFaceMeshVertex
 10
12120052.57681312
 20
3531366.503073289
 30
9.757234422400867
 70
192
  0
VERTEX
  5
1382
330
17
100
AcDbEntity
  8
ELEM_04_COMPLETO
100
AcDbVertex
100
AcDbPolyFaceMeshVertex
 10
12120061.08864321
 20
3531374.178648489
 30
10.70078568489128
 70
192
  0
VERTEX
  5
1383
330
17
100
AcDbEntity
  8
ELEM_04_COMPLETO
100
AcDbVertex
100
AcDbPolyFaceMeshVertex
 10
12120061.08864321
 20
3531374.178648489
 30
10.20078668489636
 70
192
  0
VERTEX
  5
138D
330
17
100
AcDbEntity
  8
ELEM_04_COMPLETO
100
AcDbVertex
100
AcDbPolyFaceMeshVertex
 10
12120052.10117103
 20
3531367.105657386
 30
10.25623604906246
 70
192
  0
VERTEX
  5
1397
330
17
100
AcDbEntity
  8
ELEM_04_COMPLETO
100
AcDbVertex
100
AcDbPolyFaceMeshVertex
 10
12120052.10117103
 20
3531367.105657386
 30
9.756237049067543
 70
192
  0
VERTEX
  5
13A2
330
17
100
AcDbEntity
  8
ELEM_04_COMPLETO
100
AcDbVertex
100
AcDbPolyFaceMeshVertex
 10
12120058.47122062
 20
3531377.504544068
 30
10.72195362155773
 70
192
  0
VERTEX
  5
13A3
330
17
100
AcDbEntity
  8
ELEM_04_COMPLETO
100
AcDbVertex
100
AcDbPolyFaceMeshVertex
 10
12120058.47122062
 20
3531377.504544068
 30
10.22195134072948
 70
192
  0
VERTEX
  5
13AD
330
17
100
AcDbEntity
  8
ELEM_04_COMPLETO
100
AcDbVertex
100
AcDbPolyFaceMeshVertex
 10
12120049.47890593
 20
3531370.427743918
 30
10.25073081072918
 70
192
  0
VERTEX
  5
13B7
330
17
100
AcDbEntity
  8
ELEM_04_COMPLETO
100
AcDbVertex
100
AcDbPolyFaceMeshVertex
 10
12120049.47890593
 20
3531370.427743918
 30
9.750731810734266
 70
192
  0
VERTEX
  5
13C2
330
17
100
AcDbEntity
  8
ELEM_04_COMPLETO
100
AcDbVertex
100
AcDbPolyFaceMeshVertex
 10
12120057.83650732
 20
3531378.311058202
 30
10.72708484489101
 70
192
  0
VERTEX
  5
13C3
330
17
100
AcDbEntity
  8
ELEM_04_COMPLETO
100
AcDbVertex
100
AcDbPolyFaceMeshVertex
 10
12120057.83650732
 20
3531378.311058202
 30
10.22708584489609
 70
192
  0
VERTEX
  5
13CD
330
17
100
AcDbEntity
  8
ELEM_04_COMPLETO
100
AcDbVertex
100
AcDbPolyFaceMeshVertex
 10
12120048.84302137
 20
3531371.233332857
 30
10.24939551156253
 70
192
  0
VERTEX
  5
13D7
330
17
100
AcDbEntity
  8
ELEM_04_COMPLETO
100
AcDbVertex
100
AcDbPolyFaceMeshVertex
 10
12120048.84302137
 20
3531371.233332857
 30
9.749396511567612
 70
192
  0
VERTEX
  5
13E2
330
17
100
AcDbEntity
  8
ELEM_04_COMPLETO
100
AcDbVertex
100
AcDbPolyFaceMeshVertex
 10
12120055.37903192
 20
3531381.433712718
 30
10.74696013322414
 70
192
  0
VERTEX
  5
13E3
330
17
100
AcDbEntity
  8
ELEM_04_COMPLETO
100
AcDbVertex
100
AcDbPolyFaceMeshVertex
 10
12120055.37903192
 20
3531381.433712718
 30
10.24696113322922
 70
192
  0
VERTEX
  5
13E9
330
17
100
AcDbEntity
  8
ELEM_04_COMPLETO
100
AcDbVertex
100
AcDbPolyFaceMeshVertex
 10
12120046.39226184
 20
3531374.361276077
 30
10.24422819906258
 70
192
  0
VERTEX
  5
13F7
330
17
100
AcDbEntity
  8
ELEM_04_COMPLETO
100
AcDbVertex
100
AcDbPolyFaceMeshVertex
 10
12120046.39226184
 20
3531374.361276077
 30
9.744225918234331
 70
192
  0
VERTEX
  5
1402
330
17
100
AcDbEntity
  8
ELEM_04_COMPLETO
100
AcDbVertex
100
AcDbPolyFaceMeshVertex
 10
12120054.90427566
 20
3531382.036972666
 30
10.7507987082241
 70
192
  0
VERTEX
  5
1403
330
17
100
AcDbEntity
  8
ELEM_04_COMPLETO
100
AcDbVertex
100
AcDbPolyFaceMeshVertex
 10
12120054.90427566
 20
3531382.036972666
 30
10.25079970822918
 70
192
  0
VERTEX
  5
1409
330
17
100
AcDbEntity
  8
ELEM_04_COMPLETO
100
AcDbVertex
100
AcDbPolyFaceMeshVertex
 10
12120045.91880478
 20
3531374.965556363
 30
10.24322754489593
 70
192
  0
VERTEX
  5
1417
330
17
100
AcDbEntity
  8
ELEM_04_COMPLETO
100
AcDbVertex
100
AcDbPolyFaceMeshVertex
 10
12120045.91880478
 20
3531374.965556363
 30
9.743228544901008
 70
192
  0
VERTEX
  5
1422
330
17
100
AcDbEntity
  8
ELEM_04_COMPLETO
100
AcDbVertex
100
AcDbPolyFaceMeshVertex
 10
12120053.22264516
 20
3531384.173776136
 30
10.76439776239063
 70
192
  0
VERTEX
  5
1423
330
17
100
AcDbEntity
  8
ELEM_04_COMPLETO
100
AcDbVertex
100
AcDbPolyFaceMeshVertex
 10
12120053.22264516
 20
3531384.173776136
 30
10.26439876239571
 70
192
  0
VERTEX
  5
1429
330
17
100
AcDbEntity
  8
ELEM_04_COMPLETO
100
AcDbVertex
100
AcDbPolyFaceMeshVertex
 10
12120044.24177073
 20
3531377.105978593
 30
10.23969080656263
 70
192
  0
VERTEX
  5
1437
330
17
100
AcDbEntity
  8
ELEM_04_COMPLETO
100
AcDbVertex
100
AcDbPolyFaceMeshVertex
 10
12120044.24177073
 20
3531377.105978593
 30
9.739691806567713
 70
192
  0
VERTEX
  5
1442
330
17
100
AcDbEntity
  8
ELEM_04_COMPLETO
100
AcDbVertex
100
AcDbPolyFaceMeshVertex
 10
12120052.28684323
 20
3531385.36288137
 30
10.77173698655722
 70
192
  0
VERTEX
  5
1443
330
17
100
AcDbEntity
  8
ELEM_04_COMPLETO
100
AcDbVertex
100
AcDbPolyFaceMeshVertex
 10
12120052.28684323
 20
3531385.36288137
 30
10.27173798656231
 70
192
  0
VERTEX
  5
1449
330
17
100
AcDbEntity
  8
ELEM_04_COMPLETO
100
AcDbVertex
100
AcDbPolyFaceMeshVertex
 10
12120043.30852457
 20
3531378.297094976
 30
10.23772230656265
 70
192
  0
VERTEX
  5
1457
330
17
100
AcDbEntity
  8
ELEM_04_COMPLETO
100
AcDbVertex
100
AcDbPolyFaceMeshVertex
 10
12120043.30852457
 20
3531378.297094976
 30
9.73772330656773
 70
192
  0
VERTEX
  5
1462
330
17
100
AcDbEntity
  8
ELEM_04_COMPLETO
100
AcDbVertex
100
AcDbPolyFaceMeshVertex
 10
12120049.19465125
 20
3531389.29205002
 30
10.79273103905701
 70
192
  0
VERTEX
  5
1463
330
17
100
AcDbEntity
  8
ELEM_04_COMPLETO
100
AcDbVertex
100
AcDbPolyFaceMeshVertex
 10
12120049.19465125
 20
3531389.29205002
 30
10.29273203906209
 70
192
  0
VERTEX
  5
1469
330
17
100
AcDbEntity
  8
ELEM_04_COMPLETO
100
AcDbVertex
100
AcDbPolyFaceMeshVertex
 10
12120040.22479058
 20
3531382.232917156
 30
10.23121969489605
 70
192
  0
VERTEX
  5
1477
330
17
100
AcDbEntity
  8
ELEM_04_COMPLETO
100
AcDbVertex
100
AcDbPolyFaceMeshVertex
 10
12120040.22479058
 20
3531382.232917156
 30
9.73122069490113
 70
192
  0
VERTEX
  5
1482
330
17
100
AcDbEntity
  8
ELEM_04_COMPLETO
100
AcDbVertex
100
AcDbPolyFaceMeshVertex
 10
12120048.71991138
 20
3531389.895290284
 30
10.79551318572365
 70
192
  0
VERTEX
  5
1483
330
17
100
AcDbEntity
  8
ELEM_04_COMPLETO
100
AcDbVertex
100
AcDbPolyFaceMeshVertex
 10
12120048.71991138
 20
3531389.895290284
 30
10.29551418572873
 70
192
  0
VERTEX
  5
1489
330
17
100
AcDbEntity
  8
ELEM_04_COMPLETO
100
AcDbVertex
100
AcDbPolyFaceMeshVertex
 10
12120039.75134664
 20
3531382.837181041
 30
10.23022232156272
 70
192
  0
VERTEX
  5
1497
330
17
100
AcDbEntity
  8
ELEM_04_COMPLETO
100
AcDbVertex
100
AcDbPolyFaceMeshVertex
 10
12120039.75134664
 20
3531382.837181041
 30
9.730220040734476
 70
192
  0
VERTEX
  5
14A2
330
17
100
AcDbEntity
  8
ELEM_04_COMPLETO
100
AcDbVertex
100
AcDbPolyFaceMeshVertex
 10
12120046.10246255
 20
3531393.22121539
 30
10.80872838239018
 70
192
  0
VERTEX
  5
14A3
330
17
100
AcDbEntity
  8
ELEM_04_COMPLETO
100
AcDbVertex
100
AcDbPolyFaceMeshVertex
 10
12120046.10246255
 20
3531393.22121539
 30
10.30872610156193
 70
192
  0
VERTEX
  5
14A9
330
17
100
AcDbEntity
  8
ELEM_04_COMPLETO
100
AcDbVertex
100
AcDbPolyFaceMeshVertex
 10
12120037.14105331
 20
3531386.168739337
 30
10.22471708322945
 70
192
  0
VERTEX
  5
14B7
330
17
100
AcDbEntity
  8
ELEM_04_COMPLETO
100
AcDbVertex
100
AcDbPolyFaceMeshVertex
 10
12120037.14105331
 20
3531386.168739337
 30
9.724714802401193
 70
192
  0
VERTEX
  5
14C2
330
17
100
AcDbEntity
  8
ELEM_04_COMPLETO
100
AcDbVertex
100
AcDbPolyFaceMeshVertex
 10
12120043.01027385
 20
3531397.150384042
 30
10.81972245489007
 70
192
  0
VERTEX
  5
14C3
330
17
100
AcDbEntity
  8
ELEM_04_COMPLETO
100
AcDbVertex
100
AcDbPolyFaceMeshVertex
 10
12120043.01027385
 20
3531397.150384042
 30
10.31972345489515
 70
192
  0
VERTEX
  5
14C9
330
17
100
AcDbEntity
  8
ELEM_04_COMPLETO
100
AcDbVertex
100
AcDbPolyFaceMeshVertex
 10
12120034.05731932
 20
3531390.104558238
 30
10.21821119072951
 70
192
  0
VERTEX
  5
14D7
330
17
100
AcDbEntity
  8
ELEM_04_COMPLETO
100
AcDbVertex
100
AcDbPolyFaceMeshVertex
 10
12120034.05731932
 20
3531390.104558238
 30
9.718212190734596
 70
192
  0
VERTEX
  5
14E2
330
17
100
AcDbEntity
  8
ELEM_04_COMPLETO
100
AcDbVertex
100
AcDbPolyFaceMeshVertex
 10
12120042.53554711
 20
3531397.753607901
 30
10.82096917155672
 70
192
  0
VERTEX
  5
14E3
330
17
100
AcDbEntity
  8
ELEM_04_COMPLETO
100
AcDbVertex
100
AcDbPolyFaceMeshVertex
 10
12120042.53554711
 20
3531397.753607901
 30
10.32096689072847
 70
192
  0
VERTEX
  5
14E9
330
17
100
AcDbEntity
  8
ELEM_04_COMPLETO
100
AcDbVertex
100
AcDbPolyFaceMeshVertex
 10
12120033.58388851
 20
3531390.708805718
 30
10.21721381739619
 70
192
  0
VERTEX
  5
14F7
330
17
100
AcDbEntity
  8
ELEM_04_COMPLETO
100
AcDbVertex
100
AcDbPolyFaceMeshVertex
 10
12120033.58388851
 20
3531390.708805718
 30
9.717214817401274
 70
192
  0
VERTEX
  5
1502
330
17
100
AcDbEntity
  8
ELEM_04_COMPLETO
100
AcDbVertex
100
AcDbPolyFaceMeshVertex
 10
12120039.91808516
 20
3531401.079552692
 30
10.82571653739001
 70
192
  0
VERTEX
  5
1503
330
17
100
AcDbEntity
  8
ELEM_04_COMPLETO
100
AcDbVertex
100
AcDbPolyFaceMeshVertex
 10
12120039.91808516
 20
3531401.079552692
 30
10.32571753739509
 70
192
  0
VERTEX
  5
1509
330
17
100
AcDbEntity
  8
ELEM_04_COMPLETO
100
AcDbVertex
100
AcDbPolyFaceMeshVertex
 10
12120030.97358205
 20
3531394.040380419
 30
10.21170857906291
 70
192
  0
VERTEX
  5
1517
330
17
100
AcDbEntity
  8
ELEM_04_COMPLETO
100
AcDbVertex
100
AcDbPolyFaceMeshVertex
 10
12120030.97358205
 20
3531394.040380419
 30
9.711709579067996
 70
192
  0
VERTEX
  5
1522
330
17
100
AcDbEntity
  8
ELEM_04_COMPLETO
100
AcDbVertex
100
AcDbPolyFaceMeshVertex
 10
12120039.86490941
 20
3531401.147121455
 30
10.82577887322334
 70
192
  0
VERTEX
  5
1523
330
17
100
AcDbEntity
  8
ELEM_04_COMPLETO
100
AcDbVertex
100
AcDbPolyFaceMeshVertex
 10
12120039.86490941
 20
3531401.147121455
 30
10.32577659239509
 70
192
  0
VERTEX
  5
1529
330
17
100
AcDbEntity
  8
ELEM_04_COMPLETO
100
AcDbVertex
100
AcDbPolyFaceMeshVertex
 10
12120030.92055394
 20
3531394.108060729
 30
10.21159703072958
 70
192
  0
VERTEX
  5
1537
330
17
100
AcDbEntity
  8
ELEM_04_COMPLETO
100
AcDbVertex
100
AcDbPolyFaceMeshVertex
 10
12120030.92055394
 20
3531394.108060729
 30
9.711598030734663
 70
192
  0
VERTEX
  5
1542
330
17
100
AcDbEntity
  8
ELEM_04_COMPLETO
100
AcDbVertex
100
AcDbPolyFaceMeshVertex
 10
12120036.82589318
 20
3531405.008721342
 30
10.82671391072333
 70
192
  0
VERTEX
  5
1543
330
17
100
AcDbEntity
  8
ELEM_04_COMPLETO
100
AcDbVertex
100
AcDbPolyFaceMeshVertex
 10
12120036.82589318
 20
3531405.008721342
 30
10.32671491072841
 70
192
  0
VERTEX
  5
1549
330
17
100
AcDbEntity
  8
ELEM_04_COMPLETO
100
AcDbVertex
100
AcDbPolyFaceMeshVertex
 10
12120027.88984806
 20
3531397.976202599
 30
10.20523877572965
 70
192
  0
VERTEX
  5
1557
330
17
100
AcDbEntity
  8
ELEM_04_COMPLETO
100
AcDbVertex
100
AcDbPolyFaceMeshVertex
 10
12120027.88984806
 20
3531397.976202599
 30
9.705239775734727
 70
192
  0
VERTEX
  5
1562
330
17
100
AcDbEntity
  8
ELEM_04_COMPLETO
100
AcDbVertex
100
AcDbPolyFaceMeshVertex
 10
12120036.35118285
 20
3531405.611928798
 30
10.82642519739
 70
192
  0
VERTEX
  5
1563
330
17
100
AcDbEntity
  8
ELEM_04_COMPLETO
100
AcDbVertex
100
AcDbPolyFaceMeshVertex
 10
12120036.35118285
 20
3531405.611928798
 30
10.32642619739508
 70
192
  0
VERTEX
  5
1569
330
17
100
AcDbEntity
  8
ELEM_04_COMPLETO
100
AcDbVertex
100
AcDbPolyFaceMeshVertex
 10
12120027.41643037
 20
3531398.580430394
 30
10.20424468322965
 70
192
  0
VERTEX
  5
1577
330
17
100
AcDbEntity
  8
ELEM_04_COMPLETO
100
AcDbVertex
100
AcDbPolyFaceMeshVertex
 10
12120027.41643037
 20
3531398.580430394
 30
9.704245683234738
 70
192
  0
VERTEX
  5
1582
330
17
100
AcDbEntity
  8
ELEM_04_COMPLETO
100
AcDbVertex
100
AcDbPolyFaceMeshVertex
 10
12120033.73370448
 20
3531408.937889994
 30
10.8227112940567
 70
192
  0
VERTEX
  5
1583
330
17
100
AcDbEntity
  8
ELEM_04_COMPLETO
100
AcDbVertex
100
AcDbPolyFaceMeshVertex
 10
12120033.73370448
 20
3531408.937889994
 30
10.32271229406179
 70
192
  0
VERTEX
  5
1589
330
17
100
AcDbEntity
  8
ELEM_04_COMPLETO
100
AcDbVertex
100
AcDbPolyFaceMeshVertex
 10
12120024.80611079
 20
3531401.91202478
 30
10.19876897239638
 70
192
  0
VERTEX
  5
1597
330
17
100
AcDbEntity
  8
ELEM_04_COMPLETO
100
AcDbVertex
100
AcDbPolyFaceMeshVertex
 10
12120024.80611079
 20
3531401.91202478
 30
9.698769972401461
 70
192
  0
VERTEX
  5
15A2
330
17
100
AcDbEntity
  8
ELEM_04_COMPLETO
100
AcDbVertex
100
AcDbPolyFaceMeshVertex
 10
12120030.64151578
 20
3531412.867058644
 30
10.81370868739013
 70
192
  0
VERTEX
  5
15A3
330
17
100
AcDbEntity
  8
ELEM_04_COMPLETO
100
AcDbVertex
100
AcDbPolyFaceMeshVertex
 10
12120030.64151578
 20
3531412.867058644
 30
10.31370968739521
 70
192
  0
VERTEX
  5
15A9
330
17
100
AcDbEntity
  8
ELEM_04_COMPLETO
100
AcDbVertex
100
AcDbPolyFaceMeshVertex
 10
12120021.72237351
 20
3531405.84784368
 30
10.19230244989644
 70
192
  0
VERTEX
  5
15B7
330
17
100
AcDbEntity
  8
ELEM_04_COMPLETO
100
AcDbVertex
100
AcDbPolyFaceMeshVertex
 10
12120021.72237351
 20
3531405.84784368
 30
9.692303449901523
 70
192
  0
VERTEX
  5
15C2
330
17
100
AcDbEntity
  8
ELEM_04_COMPLETO
100
AcDbVertex
100
AcDbPolyFaceMeshVertex
 10
12120030.16681529
 20
3531413.470246414
 30
10.81188454405682
 70
192
  0
VERTEX
  5
15C3
330
17
100
AcDbEntity
  8
ELEM_04_COMPLETO
100
AcDbVertex
100
AcDbPolyFaceMeshVertex
 10
12120030.16681529
 20
3531413.470246414
 30
10.31188226322856
 70
192
  0
VERTEX
  5
15C9
330
17
100
AcDbEntity
  8
ELEM_04_COMPLETO
100
AcDbVertex
100
AcDbPolyFaceMeshVertex
 10
12120021.24897223
 20
3531406.45205507
 30
10.19130835739646
 70
192
  0
VERTEX
  5
15D7
330
17
100
AcDbEntity
  8
ELEM_04_COMPLETO
100
AcDbVertex
100
AcDbPolyFaceMeshVertex
 10
12120021.24897223
 20
3531406.45205507
 30
9.691309357401536
 70
192
  0
VERTEX
  5
15E2
330
17
100
AcDbEntity
  8
ELEM_04_COMPLETO
100
AcDbVertex
100
AcDbPolyFaceMeshVertex
 10
12120027.54932709
 20
3531416.796227294
 30
10.7997060907236
 70
192
  0
VERTEX
  5
15E3
330
17
100
AcDbEntity
  8
ELEM_04_COMPLETO
100
AcDbVertex
100
AcDbPolyFaceMeshVertex
 10
12120027.54932709
 20
3531416.796227294
 30
10.29970709072868
 70
192
  0
VERTEX
  5
15E9
330
17
100
AcDbEntity
  8
ELEM_04_COMPLETO
100
AcDbVertex
100
AcDbPolyFaceMeshVertex
 10
12120018.63863952
 20
3531409.783665862
 30
10.18583264656317
 70
192
  0
VERTEX
  5
15F7
330
17
100
AcDbEntity
  8
ELEM_04_COMPLETO
100
AcDbVertex
100
AcDbPolyFaceMeshVertex
 10
12120018.63863952
 20
3531409.783665862
 30
9.685833646568256
 70
192
  0
VERTEX
  5
1602
330
17
100
AcDbEntity
  8
ELEM_04_COMPLETO
100
AcDbVertex
100
AcDbPolyFaceMeshVertex
 10
12120024.45713511
 20
3531420.725395945
 30
10.78070350405713
 70
192
  0
VERTEX
  5
1603
330
17
100
AcDbEntity
  8
ELEM_04_COMPLETO
100
AcDbVertex
100
AcDbPolyFaceMeshVertex
 10
12120024.45713511
 20
3531420.725395945
 30
10.28070450406221
 70
192
  0
VERTEX
  5
1609
330
17
100
AcDbEntity
  8
ELEM_04_COMPLETO
100
AcDbVertex
100
AcDbPolyFaceMeshVertex
 10
12120015.55490225
 20
3531413.719488042
 30
10.17936612406324
 70
192
  0
VERTEX
  5
1617
330
17
100
AcDbEntity
  8
ELEM_04_COMPLETO
100
AcDbVertex
100
AcDbPolyFaceMeshVertex
 10
12120015.55490225
 20
3531413.719488042
 30
9.679363843234992
 70
192
  0
VERTEX
  5
1622
330
17
100
AcDbEntity
  8
ELEM_04_COMPLETO
100
AcDbVertex
100
AcDbPolyFaceMeshVertex
 10
12120023.98245102
 20
3531421.328564031
 30
10.77734393072383
 70
192
  0
VERTEX
  5
1623
330
17
100
AcDbEntity
  8
ELEM_04_COMPLETO
100
AcDbVertex
100
AcDbPolyFaceMeshVertex
 10
12120023.98245102
 20
3531421.328564031
 30
10.27734493072891
 70
192
  0
VERTEX
  5
1629
330
17
100
AcDbEntity
  8
ELEM_04_COMPLETO
100
AcDbVertex
100
AcDbPolyFaceMeshVertex
 10
12120015.08151737
 20
3531414.323676465
 30
10.17837203156325
 70
192
  0
VERTEX
  5
1637
330
17
100
AcDbEntity
  8
ELEM_04_COMPLETO
100
AcDbVertex
100
AcDbPolyFaceMeshVertex
 10
12120015.08151737
 20
3531414.323676465
 30
9.678373031568334
 70
192
  0
VERTEX
  5
1642
330
17
100
AcDbEntity
  8
ELEM_04_COMPLETO
100
AcDbVertex
100
AcDbPolyFaceMeshVertex
 10
12120022.30075162
 20
3531423.465459363
 30
10.7644929065573
 70
192
  0
VERTEX
  5
1643
330
17
100
AcDbEntity
  8
ELEM_04_COMPLETO
100
AcDbVertex
100
AcDbPolyFaceMeshVertex
 10
12120022.30075162
 20
3531423.465459363
 30
10.26449390656238
 70
192
  0
VERTEX
  5
1649
330
17
100
AcDbEntity
  8
ELEM_04_COMPLETO
100
AcDbVertex
100
AcDbPolyFaceMeshVertex
 10
12120013.40441115
 20
3531416.464190557
 30
10.17485497822995
 70
192
  0
VERTEX
  5
1657
330
17
100
AcDbEntity
  8
ELEM_04_COMPLETO
100
AcDbVertex
100
AcDbPolyFaceMeshVertex
 10
12120013.40441115
 20
3531416.464190557
 30
9.674852697401702
 70
192
  0
VERTEX
  5
1662
330
17
100
AcDbEntity
  8
ELEM_04_COMPLETO
100
AcDbVertex
100
AcDbPolyFaceMeshVertex
 10
12120021.36494641
 20
3531424.654564597
 30
10.75693058572404
 70
192
  0
VERTEX
  5
1663
330
17
100
AcDbEntity
  8
ELEM_04_COMPLETO
100
AcDbVertex
100
AcDbPolyFaceMeshVertex
 10
12120021.36494641
 20
3531424.654564597
 30
10.25693158572912
 70
192
  0
VERTEX
  5
1669
330
17
100
AcDbEntity
  8
ELEM_04_COMPLETO
100
AcDbVertex
100
AcDbPolyFaceMeshVertex
 10
12120012.47116827
 20
3531417.655306942
 30
10.17289632072998
 70
192
  0
VERTEX
  5
1677
330
17
100
AcDbEntity
  8
ELEM_04_COMPLETO
100
AcDbVertex
100
AcDbPolyFaceMeshVertex
 10
12120012.47116827
 20
3531417.655306942
 30
9.672897320735057
 70
192
  0
VERTEX
  5
1682
330
17
100
AcDbEntity
  8
ELEM_04_COMPLETO
100
AcDbVertex
100
AcDbPolyFaceMeshVertex
 10
12120018.27275771
 20
3531428.583733247
 30
10.73194375905763
 70
192
  0
VERTEX
  5
1683
330
17
100
AcDbEntity
  8
ELEM_04_COMPLETO
100
AcDbVertex
100
AcDbPolyFaceMeshVertex
 10
12120018.27275771
 20
3531428.583733247
 30
10.23194475906271
 70
192
  0
VERTEX
  5
1689
330
17
100
AcDbEntity
  8
ELEM_04_COMPLETO
100
AcDbVertex
100
AcDbPolyFaceMeshVertex
 10
12120009.387431
 20
3531421.591129122
 30
10.16642651739671
 70
192
  0
VERTEX
  5
1697
330
17
100
AcDbEntity
  8
ELEM_04_COMPLETO
100
AcDbVertex
100
AcDbPolyFaceMeshVertex
 10
12120009.387431
 20
3531421.591129122
 30
9.66642751740179
 70
192
  0
VERTEX
  5
16A2
330
17
100
AcDbEntity
  8
ELEM_04_COMPLETO
100
AcDbVertex
100
AcDbPolyFaceMeshVertex
 10
12120017.79808675
 20
3531429.186884929
 30
10.728108464891
 70
192
  0
VERTEX
  5
16A3
330
17
100
AcDbEntity
  8
ELEM_04_COMPLETO
100
AcDbVertex
100
AcDbPolyFaceMeshVertex
 10
12120017.79808675
 20
3531429.186884929
 30
10.22810946489608
 70
192
  0
VERTEX
  5
16A9
330
17
100
AcDbEntity
  8
ELEM_04_COMPLETO
100
AcDbVertex
100
AcDbPolyFaceMeshVertex
 10
12120008.91405924
 20
3531422.195301142
 30
10.16543570573005
 70
192
  0
VERTEX
  5
16B7
330
17
100
AcDbEntity
  8
ELEM_04_COMPLETO
100
AcDbVertex
100
AcDbPolyFaceMeshVertex
 10
12120008.91405924
 20
3531422.195301142
 30
9.665433424901801
 70
192
  0
VERTEX
  5
16C2
330
17
100
AcDbEntity
  8
ELEM_04_COMPLETO
100
AcDbVertex
100
AcDbPolyFaceMeshVertex
 10
12120015.18056901
 20
3531432.512901898
 30
10.70695693239121
 70
192
  0
VERTEX
  5
16C3
330
17
100
AcDbEntity
  8
ELEM_04_COMPLETO
100
AcDbVertex
100
AcDbPolyFaceMeshVertex
 10
12120015.18056901
 20
3531432.512901898
 30
10.2069579323963
 70
192
  0
VERTEX
  5
16C9
330
17
100
AcDbEntity
  8
ELEM_04_COMPLETO
100
AcDbVertex
100
AcDbPolyFaceMeshVertex
 10
12120006.30369372
 20
3531425.526951303
 30
10.15995999489677
 70
192
  0
VERTEX
  5
16D7
330
17
100
AcDbEntity
  8
ELEM_04_COMPLETO
100
AcDbVertex
100
AcDbPolyFaceMeshVertex
 10
12120006.30369372
 20
3531425.526951303
 30
9.65995771406852
 70
192
  0
VERTEX
  5
16E1
330
17
100
AcDbEntity
  8
ELEM_04_COMPLETO
100
AcDbVertex
100
AcDbPolyFaceMeshVertex
 10
12120014.97686535
 20
3531432.771739963
 30
10.7053099540579
 70
192
  0
VERTEX
  5
16E2
330
17
100
AcDbEntity
  8
ELEM_04_COMPLETO
100
AcDbVertex
100
AcDbPolyFaceMeshVertex
 10
12120014.97686535
 20
3531432.771739963
 30
10.20531095406298
 70
192
  0
VERTEX
  5
16E9
330
17
100
AcDbEntity
  8
ELEM_04_COMPLETO
100
AcDbVertex
100
AcDbPolyFaceMeshVertex
 10
12120006.10055109
 20
3531425.786225719
 30
10.15953348656344
 70
192
  0
VERTEX
  5
16F7
330
17
100
AcDbEntity
  8
ELEM_04_COMPLETO
100
AcDbVertex
100
AcDbPolyFaceMeshVertex
 10
12120006.10055109
 20
3531425.786225719
 30
9.659531205735194
 70
192
  0
VERTEX
  5
1702
330
17
100
AcDbEntity
  8
ELEM_04_COMPLETO
100
AcDbVertex
100
AcDbPolyFaceMeshVertex
 10
12120012.08837704
 20
3531436.442067268
 30
10.6819701057248
 70
192
  0
VERTEX
  5
1703
330
17
100
AcDbEntity
  8
ELEM_04_COMPLETO
100
AcDbVertex
100
AcDbPolyFaceMeshVertex
 10
12120012.08837704
 20
3531436.442067268
 30
10.18196782489655
 70
192
  0
VERTEX
  5
1709
330
17
100
AcDbEntity
  8
ELEM_04_COMPLETO
100
AcDbVertex
100
AcDbPolyFaceMeshVertex
 10
12120003.21995973
 20
3531429.462770203
 30
10.15848690073012
 70
192
  0
VERTEX
  5
1717
330
17
100
AcDbEntity
  8
ELEM_04_COMPLETO
100
AcDbVertex
100
AcDbPolyFaceMeshVertex
 10
12120003.21995973
 20
3531429.462770203
 30
9.6584879007352
 70
192
  0
VERTEX
  5
1722
330
17
100
AcDbEntity
  8
ELEM_04_COMPLETO
100
AcDbVertex
100
AcDbPolyFaceMeshVertex
 10
12120011.61372248
 20
3531437.045202545
 30
10.67813153072484
 70
192
  0
VERTEX
  5
1723
330
17
100
AcDbEntity
  8
ELEM_04_COMPLETO
100
AcDbVertex
100
AcDbPolyFaceMeshVertex
 10
12120011.61372248
 20
3531437.045202545
 30
10.17813253072992
 70
192
  0
VERTEX
  5
1729
330
17
100
AcDbEntity
  8
ELEM_04_COMPLETO
100
AcDbVertex
100
AcDbPolyFaceMeshVertex
 10
12120002.7466011
 20
3531430.066925818
 30
10.15831629739679
 70
192
  0
VERTEX
  5
1737
330
17
100
AcDbEntity
  8
ELEM_04_COMPLETO
100
AcDbVertex
100
AcDbPolyFaceMeshVertex
 10
12120002.7466011
 20
3531430.066925818
 30
9.658317297401869
 70
192
  0
VERTEX
  5
1742
330
17
100
AcDbEntity
  8
ELEM_04_COMPLETO
100
AcDbVertex
100
AcDbPolyFaceMeshVertex
 10
12120008.99618834
 20
3531440.371235919
 30
10.65697999822506
 70
192
  0
VERTEX
  5
1743
330
17
100
AcDbEntity
  8
ELEM_04_COMPLETO
100
AcDbVertex
100
AcDbPolyFaceMeshVertex
 10
12120008.99618834
 20
3531440.371235919
 30
10.15698099823013
 70
192
  0
VERTEX
  5
1749
330
17
100
AcDbEntity
  8
ELEM_04_COMPLETO
100
AcDbVertex
100
AcDbPolyFaceMeshVertex
 10
12120000.13622246
 20
3531433.398592384
 30
10.15736813656346
 70
192
  0
VERTEX
  5
1757
330
17
100
AcDbEntity
  8
ELEM_04_COMPLETO
100
AcDbVertex
100
AcDbPolyFaceMeshVertex
 10
12120000.13622246
 20
3531433.398592384
 30
9.657369136568544
 70
192
  0
VERTEX
  5
1762
330
17
100
AcDbEntity
  8
ELEM_04_COMPLETO
100
AcDbVertex
100
AcDbPolyFaceMeshVertex
 10
12120005.90399964
 20
3531444.30040457
 30
10.63199317155864
 70
192
  0
VERTEX
  5
1763
330
17
100
AcDbEntity
  8
ELEM_04_COMPLETO
100
AcDbVertex
100
AcDbPolyFaceMeshVertex
 10
12120005.90399964
 20
3531444.30040457
 30
10.13199417156372
 70
192
  0
VERTEX
  5
1769
330
17
100
AcDbEntity
  8
ELEM_04_COMPLETO
100
AcDbVertex
100
AcDbPolyFaceMeshVertex
 10
12119997.05248847
 20
3531437.334414564
 30
10.15624937239681
 70
192
  0
VERTEX
  5
1777
330
17
100
AcDbEntity
  8
ELEM_04_COMPLETO
100
AcDbVertex
100
AcDbPolyFaceMeshVertex
 10
12119997.05248847
 20
3531437.334414564
 30
9.656250372401892
 70
192
  0
VERTEX
  5
1782
330
17
100
AcDbEntity
  8
ELEM_04_COMPLETO
100
AcDbVertex
100
AcDbPolyFaceMeshVertex
 10
12120005.4293582
 20
3531444.903520161
 30
10.62815787739202
 70
192
  0
VERTEX
  5
1783
330
17
100
AcDbEntity
  8
ELEM_04_COMPLETO
100
AcDbVertex
100
AcDbPolyFaceMeshVertex
 10
12120005.4293582
 20
3531444.903520161
 30
10.12815559656376
 70
192
  0
VERTEX
  5
1789
330
17
100
AcDbEntity
  8
ELEM_04_COMPLETO
100
AcDbVertex
100
AcDbPolyFaceMeshVertex
 10
12119996.57914297
 20
3531437.938550495
 30
10.15607876906348
 70
192
  0
VERTEX
  5
1797
330
17
100
AcDbEntity
  8
ELEM_04_COMPLETO
100
AcDbVertex
100
AcDbPolyFaceMeshVertex
 10
12119996.57914297
 20
3531437.938550495
 30
9.656079769068564
 70
192
  0
VERTEX
  5
17A2
330
17
100
AcDbEntity
  8
ELEM_04_COMPLETO
100
AcDbVertex
100
AcDbPolyFaceMeshVertex
 10
12120002.81181095
 20
3531448.22957322
 30
10.60700634489223
 70
192
  0
VERTEX
  5
17A3
330
17
100
AcDbEntity
  8
ELEM_04_COMPLETO
100
AcDbVertex
100
AcDbPolyFaceMeshVertex
 10
12120002.81181095
 20
3531448.22957322
 30
10.10700406406398
 70
192
  0
VERTEX
  5
17A9
330
17
100
AcDbEntity
  8
ELEM_04_COMPLETO
100
AcDbVertex
100
AcDbPolyFaceMeshVertex
 10
12119993.9687512
 20
3531441.270236745
 30
10.15513060823015
 70
192
  0
VERTEX
  5
17B7
330
17
100
AcDbEntity
  8
ELEM_04_COMPLETO
100
AcDbVertex
100
AcDbPolyFaceMeshVertex
 10
12119993.9687512
 20
3531441.270236745
 30
9.655131608235237
 70
192
  0
VERTEX
  5
17C2
330
17
100
AcDbEntity
  8
ELEM_04_COMPLETO
100
AcDbVertex
100
AcDbPolyFaceMeshVertex
 10
12119999.71961897
 20
3531452.158741872
 30
10.58201623739248
 70
192
  0
VERTEX
  5
17C3
330
17
100
AcDbEntity
  8
ELEM_04_COMPLETO
100
AcDbVertex
100
AcDbPolyFaceMeshVertex
 10
12119999.71961897
 20
3531452.158741872
 30
10.08201723739757
 70
192
  0
VERTEX
  5
17C9
330
17
100
AcDbEntity
  8
ELEM_04_COMPLETO
100
AcDbVertex
100
AcDbPolyFaceMeshVertex
 10
12119990.88501393
 20
3531445.206055645
 30
10.1540118440635
 70
192
  0
VERTEX
  5
17D7
330
17
100
AcDbEntity
  8
ELEM_04_COMPLETO
100
AcDbVertex
100
AcDbPolyFaceMeshVertex
 10
12119990.88501393
 20
3531445.206055645
 30
9.65401284406858
 70
192
  0
VERTEX
  5
17E2
330
17
100
AcDbEntity
  8
ELEM_04_COMPLETO
100
AcDbVertex
100
AcDbPolyFaceMeshVertex
 10
12119999.24499393
 20
3531452.761837778
 30
10.57818094322585
 70
192
  0
VERTEX
  5
17E3
330
17
100
AcDbEntity
  8
ELEM_04_COMPLETO
100
AcDbVertex
100
AcDbPolyFaceMeshVertex
 10
12119999.24499393
 20
3531452.761837778
 30
10.07818194323093
 70
192
  0
VERTEX
  5
17E9
330
17
100
AcDbEntity
  8
ELEM_04_COMPLETO
100
AcDbVertex
100
AcDbPolyFaceMeshVertex
 10
12119990.41168483
 20
3531445.810175172
 30
10.15384124073017
 70
192
  0
VERTEX
  5
17F7
330
17
100
AcDbEntity
  8
ELEM_04_COMPLETO
100
AcDbVertex
100
AcDbPolyFaceMeshVertex
 10
12119990.41168483
 20
3531445.810175172
 30
9.65384224073525
 70
192
  0
VERTEX
  5
1802
330
17
100
AcDbEntity
  8
ELEM_04_COMPLETO
100
AcDbVertex
100
AcDbPolyFaceMeshVertex
 10
12119996.62743027
 20
3531456.087910522
 30
10.55702941072607
 70
192
  0
VERTEX
  5
1803
330
17
100
AcDbEntity
  8
ELEM_04_COMPLETO
100
AcDbVertex
100
AcDbPolyFaceMeshVertex
 10
12119996.62743027
 20
3531456.087910522
 30
10.05703041073115
 70
192
  0
VERTEX
  5
1809
330
17
100
AcDbEntity
  8
ELEM_04_COMPLETO
100
AcDbVertex
100
AcDbPolyFaceMeshVertex
 10
12119987.80127995
 20
3531449.141877827
 30
10.15289636073018
 70
192
  0
VERTEX
  5
1817
330
17
100
AcDbEntity
  8
ELEM_04_COMPLETO
100
AcDbVertex
100
AcDbPolyFaceMeshVertex
 10
12119987.80127995
 20
3531449.141877827
 30
9.652894079901928
 70
192
  0
VERTEX
  5
1822
330
17
100
AcDbEntity
  8
ELEM_04_COMPLETO
100
AcDbVertex
100
AcDbPolyFaceMeshVertex
 10
12119993.53524157
 20
3531460.017079173
 30
10.53204258405966
 70
192
  0
VERTEX
  5
1823
330
17
100
AcDbEntity
  8
ELEM_04_COMPLETO
100
AcDbVertex
100
AcDbPolyFaceMeshVertex
 10
12119993.53524157
 20
3531460.017079173
 30
10.0320403032314
 70
192
  0
VERTEX
  5
1829
330
17
100
AcDbEntity
  8
ELEM_04_COMPLETO
100
AcDbVertex
100
AcDbPolyFaceMeshVertex
 10
12119984.71754267
 20
3531453.077700007
 30
10.15177759656352
 70
192
  0
VERTEX
  5
1837
330
17
100
AcDbEntity
  8
ELEM_04_COMPLETO
100
AcDbVertex
100
AcDbPolyFaceMeshVertex
 10
12119984.71754267
 20
3531453.077700007
 30
9.65177531573527
 70
192
  0
VERTEX
  5
1842
330
17
100
AcDbEntity
  8
ELEM_04_COMPLETO
100
AcDbVertex
100
AcDbPolyFaceMeshVertex
 10
12119993.06062966
 20
3531460.620158676
 30
10.5282040090597
 70
192
  0
VERTEX
  5
1843
330
17
100
AcDbEntity
  8
ELEM_04_COMPLETO
100
AcDbVertex
100
AcDbPolyFaceMeshVertex
 10
12119993.06062966
 20
3531460.620158676
 30
10.02820500906478
 70
192
  0
VERTEX
  5
1849
330
17
100
AcDbEntity
  8
ELEM_04_COMPLETO
100
AcDbVertex
100
AcDbPolyFaceMeshVertex
 10
12119984.24422669
 20
3531453.681799848
 30
10.15160371239686
 70
192
  0
VERTEX
  5
1857
330
17
100
AcDbEntity
  8
ELEM_04_COMPLETO
100
AcDbVertex
100
AcDbPolyFaceMeshVertex
 10
12119984.24422669
 20
3531453.681799848
 30
9.651604712401939
 70
192
  0
VERTEX
  5
1862
330
17
100
AcDbEntity
  8
ELEM_04_COMPLETO
100
AcDbVertex
100
AcDbPolyFaceMeshVertex
 10
12119991.35525578
 20
3531462.787129407
 30
10.51442450905984
 70
192
  0
VERTEX
  5
1863
330
17
100
AcDbEntity
  8
ELEM_04_COMPLETO
100
AcDbVertex
100
AcDbPolyFaceMeshVertex
 10
12119991.35525578
 20
3531462.787129407
 30
10.01442550906492
 70
192
  0
VERTEX
  5
1869
330
17
100
AcDbEntity
  8
ELEM_04_COMPLETO
100
AcDbVertex
100
AcDbPolyFaceMeshVertex
 10
12119982.54351815
 20
3531455.852438552
 30
10.1509869157302
 70
192
  0
VERTEX
  5
1877
330
17
100
AcDbEntity
  8
ELEM_04_COMPLETO
100
AcDbVertex
100
AcDbPolyFaceMeshVertex
 10
12119982.54351815
 20
3531455.852438552
 30
9.650987915735277
 70
192
  0
VERTEX
  5
1882
330
17
100
AcDbEntity
  8
ELEM_04_COMPLETO
100
AcDbVertex
100
AcDbPolyFaceMeshVertex
 10
12119990.44305287
 20
3531463.946247823
 30
10.50726901155991
 70
192
  0
VERTEX
  5
1883
330
17
100
AcDbEntity
  8
ELEM_04_COMPLETO
100
AcDbVertex
100
AcDbPolyFaceMeshVertex
 10
12119990.44305287
 20
3531463.946247823
 30
10.00727001156499
 70
192
  0
VERTEX
  5
1889
330
17
100
AcDbEntity
  8
ELEM_04_COMPLETO
100
AcDbVertex
100
AcDbPolyFaceMeshVertex
 10
12119981.63380868
 20
3531457.013518907
 30
10.15065883239687
 70
192
  0
VERTEX
  5
1897
330
17
100
AcDbEntity
  8
ELEM_04_COMPLETO
100
AcDbVertex
100
AcDbPolyFaceMeshVertex
 10
12119981.63380868
 20
3531457.013518907
 30
9.650656551568616
 70
192
  0
VERTEX
  5
18A2
330
17
100
AcDbEntity
  8
ELEM_04_COMPLETO
100
AcDbVertex
100
AcDbPolyFaceMeshVertex
 10
12119989.43651289
 20
3531465.225231486
 30
10.49988057489332
 70
192
  0
VERTEX
  5
18A3
330
17
100
AcDbEntity
  8
ELEM_04_COMPLETO
100
AcDbVertex
100
AcDbPolyFaceMeshVertex
 10
12119989.43651289
 20
3531465.225231486
 30
9.999881574898401
 70
192
  0
VERTEX
  5
18A9
330
17
100
AcDbEntity
  8
ELEM_04_COMPLETO
100
AcDbVertex
100
AcDbPolyFaceMeshVertex
 10
12119980.63002132
 20
3531458.29466792
 30
10.15029465989687
 70
192
  0
VERTEX
  5
18B7
330
17
100
AcDbEntity
  8
ELEM_04_COMPLETO
100
AcDbVertex
100
AcDbPolyFaceMeshVertex
 10
12119980.63002132
 20
3531458.29466792
 30
9.650292379068619
 70
192
  0
VERTEX
  5
18C2
330
17
100
AcDbEntity
  8
ELEM_04_COMPLETO
100
AcDbVertex
100
AcDbPolyFaceMeshVertex
 10
12119987.3508609
 20
3531467.875416475
 30
10.48625527406013
 70
192
  0
VERTEX
  5
18C3
330
17
100
AcDbEntity
  8
ELEM_04_COMPLETO
100
AcDbVertex
100
AcDbPolyFaceMeshVertex
 10
12119987.3508609
 20
3531467.875416475
 30
9.986256274065205
 70
192
  0
VERTEX
  5
18C9
330
17
100
AcDbEntity
  8
ELEM_04_COMPLETO
100
AcDbVertex
100
AcDbPolyFaceMeshVertex
 10
12119978.61676747
 20
3531461.001831141
 30
10.14954006823021
 70
192
  0
VERTEX
  5
18D7
330
17
100
AcDbEntity
  8
ELEM_04_COMPLETO
100
AcDbVertex
100
AcDbPolyFaceMeshVertex
 10
12119978.61676747
 20
3531461.001831141
 30
9.64953778740196
 70
192
  0
VERTEX
  5
18E2
330
17
100
AcDbEntity
  8
ELEM_04_COMPLETO
100
AcDbVertex
100
AcDbPolyFaceMeshVertex
 10
12119986.87721355
 20
3531468.477268945
 30
10.48347968906015
 70
192
  0
VERTEX
  5
18E3
330
17
100
AcDbEntity
  8
ELEM_04_COMPLETO
100
AcDbVertex
100
AcDbPolyFaceMeshVertex
 10
12119986.87721355
 20
3531468.477268945
 30
9.983480689065235
 70
192
  0
VERTEX
  5
18E9
330
17
100
AcDbEntity
  8
ELEM_04_COMPLETO
100
AcDbVertex
100
AcDbPolyFaceMeshVertex
 10
12119978.15956038
 20
3531461.616626499
 30
10.14936618406355
 70
192
  0
VERTEX
  5
18F7
330
17
100
AcDbEntity
  8
ELEM_04_COMPLETO
100
AcDbVertex
100
AcDbPolyFaceMeshVertex
 10
12119978.15956038
 20
3531461.616626499
 30
9.649367184068627
 70
192
  0
VERTEX
  5
1902
330
17
100
AcDbEntity
  8
ELEM_04_COMPLETO
100
AcDbVertex
100
AcDbPolyFaceMeshVertex
 10
12119984.2586722
 20
3531471.804585125
 30
10.47024152656028
 70
192
  0
VERTEX
  5
1903
330
17
100
AcDbEntity
  8
ELEM_04_COMPLETO
100
AcDbVertex
100
AcDbPolyFaceMeshVertex
 10
12119984.2586722
 20
3531471.804585125
 30
9.970242526565366
 70
192
  0
VERTEX
  5
1909
330
17
100
AcDbEntity
  8
ELEM_04_COMPLETO
100
AcDbVertex
100
AcDbPolyFaceMeshVertex
 10
12119975.6319178
 20
3531465.015471407
 30
10.14842130406356
 70
192
  0
VERTEX
  5
1917
330
17
100
AcDbEntity
  8
ELEM_04_COMPLETO
100
AcDbVertex
100
AcDbPolyFaceMeshVertex
 10
12119975.6319178
 20
3531465.015471407
 30
9.648419023235302
 70
192
  0
VERTEX
  5
1922
330
17
100
AcDbEntity
  8
ELEM_04_COMPLETO
100
AcDbVertex
100
AcDbPolyFaceMeshVertex
 10
12119981.1664835
 20
3531475.733753776
 30
10.45922448822707
 70
192
  0
VERTEX
  5
1923
330
17
100
AcDbEntity
  8
ELEM_04_COMPLETO
100
AcDbVertex
100
AcDbPolyFaceMeshVertex
 10
12119981.1664835
 20
3531475.733753776
 30
9.959225488232148
 70
192
  0
VERTEX
  5
1929
330
17
100
AcDbEntity
  8
ELEM_04_COMPLETO
100
AcDbVertex
100
AcDbPolyFaceMeshVertex
 10
12119972.64706812
 20
3531469.029114954
 30
10.1473025398969
 70
192
  0
VERTEX
  5
1937
330
17
100
AcDbEntity
  8
ELEM_04_COMPLETO
100
AcDbVertex
100
AcDbPolyFaceMeshVertex
 10
12119972.64706812
 20
3531469.029114954
 30
9.64730025906865
 70
192
  0
VERTEX
  5
1942
330
17
100
AcDbEntity
  8
ELEM_04_COMPLETO
100
AcDbVertex
100
AcDbPolyFaceMeshVertex
 10
12119980.6951393
 20
3531476.332676462
 30
10.45798433322708
 70
192
  0
VERTEX
  5
1943
330
17
100
AcDbEntity
  8
ELEM_04_COMPLETO
100
AcDbVertex
100
AcDbPolyFaceMeshVertex
 10
12119980.6951393
 20
3531476.332676462
 30
9.957985333232159
 70
192
  0
VERTEX
  5
1949
330
17
100
AcDbEntity
  8
ELEM_04_COMPLETO
100
AcDbVertex
100
AcDbPolyFaceMeshVertex
 10
12119972.19208544
 20
3531469.640914912
 30
10.14713193656357
 70
192
  0
VERTEX
  5
1957
330
17
100
AcDbEntity
  8
ELEM_04_COMPLETO
100
AcDbVertex
100
AcDbPolyFaceMeshVertex
 10
12119972.19208544
 20
3531469.640914912
 30
9.647129655735318
 70
192
  0
VERTEX
  5
1962
330
17
100
AcDbEntity
  8
ELEM_04_COMPLETO
100
AcDbVertex
100
AcDbPolyFaceMeshVertex
 10
12119978.07429481
 20
3531479.662919147
 30
10.45320743989379
 70
192
  0
VERTEX
  5
1963
330
17
100
AcDbEntity
  8
ELEM_04_COMPLETO
100
AcDbVertex
100
AcDbPolyFaceMeshVertex
 10
12119978.07429481
 20
3531479.662919147
 30
9.953208439898876
 70
192
  0
VERTEX
  5
1969
330
17
100
AcDbEntity
  8
ELEM_04_COMPLETO
100
AcDbVertex
100
AcDbPolyFaceMeshVertex
 10
12119969.66221517
 20
3531473.042758502
 30
10.14618049489691
 70
192
  0
VERTEX
  5
1977
330
17
100
AcDbEntity
  8
ELEM_04_COMPLETO
100
AcDbVertex
100
AcDbPolyFaceMeshVertex
 10
12119969.66221517
 20
3531473.042758502
 30
9.646181494901995
 70
192
  0
VERTEX
  5
1982
330
17
100
AcDbEntity
  8
ELEM_04_COMPLETO
100
AcDbVertex
100
AcDbPolyFaceMeshVertex
 10
12119974.98210282
 20
3531483.592087797
 30
10.45219038156047
 70
192
  0
VERTEX
  5
1983
330
17
100
AcDbEntity
  8
ELEM_04_COMPLETO
100
AcDbVertex
100
AcDbPolyFaceMeshVertex
 10
12119974.98210282
 20
3531483.592087797
 30
9.95218810073222
 70
192
  0
VERTEX
  5
1989
330
17
100
AcDbEntity
  8
ELEM_04_COMPLETO
100
AcDbVertex
100
AcDbPolyFaceMeshVertex
 10
12119966.6773655
 20
3531477.056398768
 30
10.14506173073026
 70
192
  0
VERTEX
  5
1997
330
17
100
AcDbEntity
  8
ELEM_04_COMPLETO
100
AcDbVertex
100
AcDbPolyFaceMeshVertex
 10
12119966.6773655
 20
3531477.056398768
 30
9.645062730735338
 70
192
  0
VERTEX
  5
19A2
330
17
100
AcDbEntity
  8
ELEM_04_COMPLETO
100
AcDbVertex
100
AcDbPolyFaceMeshVertex
 10
12119974.51306833
 20
3531484.188083981
 30
10.45247253322713
 70
192
  0
VERTEX
  5
19A3
330
17
100
AcDbEntity
  8
ELEM_04_COMPLETO
100
AcDbVertex
100
AcDbPolyFaceMeshVertex
 10
12119974.51306833
 20
3531484.188083981
 30
9.952470252398882
 70
192
  0
VERTEX
  5
19A9
330
17
100
AcDbEntity
  8
ELEM_04_COMPLETO
100
AcDbVertex
100
AcDbPolyFaceMeshVertex
 10
12119966.2246105
 20
3531477.665206606
 30
10.14489440823026
 70
192
  0
VERTEX
  5
19B7
330
17
100
AcDbEntity
  8
ELEM_04_COMPLETO
100
AcDbVertex
100
AcDbPolyFaceMeshVertex
 10
12119966.2246105
 20
3531477.665206606
 30
9.644892127402008
 70
192
  0
VERTEX
  5
19C2
330
17
100
AcDbEntity
  8
ELEM_04_COMPLETO
100
AcDbVertex
100
AcDbPolyFaceMeshVertex
 10
12119971.88991413
 20
3531487.521256448
 30
10.45617003239376
 70
192
  0
VERTEX
  5
19C3
330
17
100
AcDbEntity
  8
ELEM_04_COMPLETO
100
AcDbVertex
100
AcDbPolyFaceMeshVertex
 10
12119971.88991413
 20
3531487.521256448
 30
9.95616775156551
 70
192
  0
VERTEX
  5
19C9
330
17
100
AcDbEntity
  8
ELEM_04_COMPLETO
100
AcDbVertex
100
AcDbPolyFaceMeshVertex
 10
12119963.69251582
 20
3531481.070042316
 30
10.1439429665636
 70
192
  0
VERTEX
  5
19D7
330
17
100
AcDbEntity
  8
ELEM_04_COMPLETO
100
AcDbVertex
100
AcDbPolyFaceMeshVertex
 10
12119963.69251582
 20
3531481.070042316
 30
9.643943966568683
 70
192
  0
VERTEX
  5
19E2
330
17
100
AcDbEntity
  8
ELEM_04_COMPLETO
100
AcDbVertex
100
AcDbPolyFaceMeshVertex
 10
12119968.79772543
 20
3531491.450425098
 30
10.465149673227
 70
192
  0
VERTEX
  5
19E3
330
17
100
AcDbEntity
  8
ELEM_04_COMPLETO
100
AcDbVertex
100
AcDbPolyFaceMeshVertex
 10
12119968.79772543
 20
3531491.450425098
 30
9.965147392398752
 70
192
  0
VERTEX
  5
19E9
330
17
100
AcDbEntity
  8
ELEM_04_COMPLETO
100
AcDbVertex
100
AcDbPolyFaceMeshVertex
 10
12119960.70766615
 20
3531485.083682583
 30
10.14282420239694
 70
192
  0
VERTEX
  5
19F7
330
17
100
AcDbEntity
  8
ELEM_04_COMPLETO
100
AcDbVertex
100
AcDbPolyFaceMeshVertex
 10
12119960.70766615
 20
3531485.083682583
 30
9.642825202402028
 70
192
  0
VERTEX
  5
1A02
330
17
100
AcDbEntity
  8
ELEM_04_COMPLETO
100
AcDbVertex
100
AcDbPolyFaceMeshVertex
 10
12119968.33099408
 20
3531492.043488217
 30
10.46693772739365
 70
192
  0
VERTEX
  5
1A03
330
17
100
AcDbEntity
  8
ELEM_04_COMPLETO
100
AcDbVertex
100
AcDbPolyFaceMeshVertex
 10
12119968.33099408
 20
3531492.043488217
 30
9.966938727398736
 70
192
  0
VERTEX
  5
1A09
330
17
100
AcDbEntity
  8
ELEM_04_COMPLETO
100
AcDbVertex
100
AcDbPolyFaceMeshVertex
 10
12119960.25713556
 20
3531485.689498301
 30
10.14265687989695
 70
192
  0
VERTEX
  5
1A17
330
17
100
AcDbEntity
  8
ELEM_04_COMPLETO
100
AcDbVertex
100
AcDbPolyFaceMeshVertex
 10
12119960.25713556
 20
3531485.689498301
 30
9.642654599068695
 70
192
  0
VERTEX
  5
1A22
330
17
100
AcDbEntity
  8
ELEM_04_COMPLETO
100
AcDbVertex
100
AcDbPolyFaceMeshVertex
 10
12119965.70553673
 20
3531495.37959375
 30
10.47912602322686
 70
192
  0
VERTEX
  5
1A23
330
17
100
AcDbEntity
  8
ELEM_04_COMPLETO
100
AcDbVertex
100
AcDbPolyFaceMeshVertex
 10
12119965.70553673
 20
3531495.37959375
 30
9.979127023231944
 70
192
  0
VERTEX
  5
1A29
330
17
100
AcDbEntity
  8
ELEM_04_COMPLETO
100
AcDbVertex
100
AcDbPolyFaceMeshVertex
 10
12119957.7228132
 20
3531489.097326129
 30
10.14170543823029
 70
192
  0
VERTEX
  5
1A37
330
17
100
AcDbEntity
  8
ELEM_04_COMPLETO
100
AcDbVertex
100
AcDbPolyFaceMeshVertex
 10
12119957.7228132
 20
3531489.097326129
 30
9.641706438235374
 70
192
  0
VERTEX
  5
1A42
330
17
100
AcDbEntity
  8
ELEM_04_COMPLETO
100
AcDbVertex
100
AcDbPolyFaceMeshVertex
 10
12119962.61334475
 20
3531499.3087624
 30
10.49810236322667
 70
192
  0
VERTEX
  5
1A43
330
17
100
AcDbEntity
  8
ELEM_04_COMPLETO
100
AcDbVertex
100
AcDbPolyFaceMeshVertex
 10
12119962.61334475
 20
3531499.3087624
 30
9.998103363231753
 70
192
  0
VERTEX
  5
1A49
330
17
100
AcDbEntity
  8
ELEM_04_COMPLETO
100
AcDbVertex
100
AcDbPolyFaceMeshVertex
 10
12119954.73796352
 20
3531493.110969678
 30
10.14058667406364
 70
192
  0
VERTEX
  5
1A57
330
17
100
AcDbEntity
  8
ELEM_04_COMPLETO
100
AcDbVertex
100
AcDbPolyFaceMeshVertex
 10
12119954.73796352
 20
3531493.110969678
 30
9.64058767406872
 70
192
  0
VERTEX
  5
1A62
330
17
100
AcDbEntity
  8
ELEM_04_COMPLETO
100
AcDbVertex
100
AcDbPolyFaceMeshVertex
 10
12119962.14892311
 20
3531499.898895734
 30
10.50138319655997
 70
192
  0
VERTEX
  5
1A63
330
17
100
AcDbEntity
  8
ELEM_04_COMPLETO
100
AcDbVertex
100
AcDbPolyFaceMeshVertex
 10
12119962.14892311
 20
3531499.898895734
 30
10.00138419656505
 70
192
  0
VERTEX
  5
1A69
330
17
100
AcDbEntity
  8
ELEM_04_COMPLETO
100
AcDbVertex
100
AcDbPolyFaceMeshVertex
 10
12119954.28966061
 20
3531493.713786713
 30
10.14041935156364
 70
192
  0
VERTEX
  5
1A77
330
17
100
AcDbEntity
  8
ELEM_04_COMPLETO
100
AcDbVertex
100
AcDbPolyFaceMeshVertex
 10
12119954.28966061
 20
3531493.713786713
 30
9.64042035156872
 70
192
  0
VERTEX
  5
1A82
330
17
100
AcDbEntity
  8
ELEM_04_COMPLETO
100
AcDbVertex
100
AcDbPolyFaceMeshVertex
 10
12119960.43336224
 20
3531502.078812634
 30
10.51448356405984
 70
192
  0
VERTEX
  5
1A83
330
17
100
AcDbEntity
  8
ELEM_04_COMPLETO
100
AcDbVertex
100
AcDbPolyFaceMeshVertex
 10
12119960.43336224
 20
3531502.078812634
 30
10.01448456406492
 70
192
  0
VERTEX
  5
1A89
330
17
100
AcDbEntity
  8
ELEM_04_COMPLETO
100
AcDbVertex
100
AcDbPolyFaceMeshVertex
 10
12119952.63365343
 20
3531495.940573598
 30
10.13979927406365
 70
192
  0
VERTEX
  5
1A97
330
17
100
AcDbEntity
  8
ELEM_04_COMPLETO
100
AcDbVertex
100
AcDbPolyFaceMeshVertex
 10
12119952.63365343
 20
3531495.940573598
 30
9.639796993235393
 70
192
  0
VERTEX
  5
1AA2
330
17
100
AcDbEntity
  8
ELEM_04_COMPLETO
100
AcDbVertex
100
AcDbPolyFaceMeshVertex
 10
12119959.52115606
 20
3531503.237931051
 30
10.5218588773931
 70
192
  0
VERTEX
  5
1AA3
330
17
100
AcDbEntity
  8
ELEM_04_COMPLETO
100
AcDbVertex
100
AcDbPolyFaceMeshVertex
 10
12119959.52115606
 20
3531503.237931051
 30
10.02185987739818
 70
192
  0
VERTEX
  5
1AA9
330
17
100
AcDbEntity
  8
ELEM_04_COMPLETO
100
AcDbVertex
100
AcDbPolyFaceMeshVertex
 10
12119951.75311385
 20
3531497.124609944
 30
10.13946790989698
 70
192
  0
VERTEX
  5
1AB7
330
17
100
AcDbEntity
  8
ELEM_04_COMPLETO
100
AcDbVertex
100
AcDbPolyFaceMeshVertex
 10
12119951.75311385
 20
3531497.124609944
 30
9.639468909902062
 70
192
  0
VERTEX
  5
1AC2
330
17
100
AcDbEntity
  8
ELEM_04_COMPLETO
100
AcDbVertex
100
AcDbPolyFaceMeshVertex
 10
12119958.17356689
 20
3531504.950279988
 30
10.53275452489299
 70
192
  0
VERTEX
  5
1AC3
330
17
100
AcDbEntity
  8
ELEM_04_COMPLETO
100
AcDbVertex
100
AcDbPolyFaceMeshVertex
 10
12119958.17356689
 20
3531504.950279988
 30
10.03275552489807
 70
192
  0
VERTEX
  5
1AC9
330
17
100
AcDbEntity
  8
ELEM_04_COMPLETO
100
AcDbVertex
100
AcDbPolyFaceMeshVertex
 10
12119950.45230281
 20
3531498.873773113
 30
10.13897906573032
 70
192
  0
VERTEX
  5
1AD7
330
17
100
AcDbEntity
  8
ELEM_04_COMPLETO
100
AcDbVertex
100
AcDbPolyFaceMeshVertex
 10
12119950.45230281
 20
3531498.873773113
 30
9.638980065735401
 70
192
  0
VERTEX
  5
1AE2
330
17
100
AcDbEntity
  8
ELEM_04_COMPLETO
100
AcDbVertex
100
AcDbPolyFaceMeshVertex
 10
12119956.42164782
 20
3531507.182873948
 30
10.54685882739284
 70
192
  0
VERTEX
  5
1AE3
330
17
100
AcDbEntity
  8
ELEM_04_COMPLETO
100
AcDbVertex
100
AcDbPolyFaceMeshVertex
 10
12119956.42164782
 20
3531507.182873948
 30
10.04685982739792
 70
192
  0
VERTEX
  5
1AE9
330
17
100
AcDbEntity
  8
ELEM_04_COMPLETO
100
AcDbVertex
100
AcDbPolyFaceMeshVertex
 10
12119948.74173864
 20
3531501.173919432
 30
10.13833930323032
 70
192
  0
VERTEX
  5
1AF7
330
17
100
AcDbEntity
  8
ELEM_04_COMPLETO
100
AcDbVertex
100
AcDbPolyFaceMeshVertex
 10
12119948.74173864
 20
3531501.173919432
 30
9.638340303235406
 70
192
  0
VERTEX
  5
1B02
330
17
100
AcDbEntity
  8
ELEM_04_COMPLETO
100
AcDbVertex
100
AcDbPolyFaceMeshVertex
 10
12119955.99287571
 20
3531507.73126524
 30
10.55032010655947
 70
192
  0
VERTEX
  5
1B03
330
17
100
AcDbEntity
  8
ELEM_04_COMPLETO
100
AcDbVertex
100
AcDbPolyFaceMeshVertex
 10
12119955.99287571
 20
3531507.73126524
 30
10.05032110656455
 70
192
  0
VERTEX
  5
1B09
330
17
100
AcDbEntity
  8
ELEM_04_COMPLETO
100
AcDbVertex
100
AcDbPolyFaceMeshVertex
 10
12119948.32218567
 20
3531501.738078408
 30
10.13818182323033
 70
192
  0
VERTEX
  5
1B17
330
17
100
AcDbEntity
  8
ELEM_04_COMPLETO
100
AcDbVertex
100
AcDbPolyFaceMeshVertex
 10
12119948.32218567
 20
3531501.738078408
 30
9.638182823235407
 70
192
  0
VERTEX
  5
1B22
330
17
100
AcDbEntity
  8
ELEM_04_COMPLETO
100
AcDbVertex
100
AcDbPolyFaceMeshVertex
 10
12119953.33198536
 20
3531511.152108136
 30
10.57185877739259
 70
192
  0
VERTEX
  5
1B23
330
17
100
AcDbEntity
  8
ELEM_04_COMPLETO
100
AcDbVertex
100
AcDbPolyFaceMeshVertex
 10
12119953.33198536
 20
3531511.152108136
 30
10.07185977739767
 70
192
  0
VERTEX
  5
1B29
330
17
100
AcDbEntity
  8
ELEM_04_COMPLETO
100
AcDbVertex
100
AcDbPolyFaceMeshVertex
 10
12119945.71043893
 20
3531505.250016921
 30
10.137204134897
 70
192
  0
VERTEX
  5
1B37
330
17
100
AcDbEntity
  8
ELEM_04_COMPLETO
100
AcDbVertex
100
AcDbPolyFaceMeshVertex
 10
12119945.71043893
 20
3531505.250016921
 30
9.637201854068753
 70
192
  0
VERTEX
  5
1B42
330
17
100
AcDbEntity
  8
ELEM_04_COMPLETO
100
AcDbVertex
100
AcDbPolyFaceMeshVertex
 10
12119950.94671782
 20
3531514.244654444
 30
10.59127146822572
 70
192
  0
VERTEX
  5
1B43
330
17
100
AcDbEntity
  8
ELEM_04_COMPLETO
100
AcDbVertex
100
AcDbPolyFaceMeshVertex
 10
12119950.94671782
 20
3531514.244654444
 30
10.0912724682308
 70
192
  0
VERTEX
  5
1B49
330
17
100
AcDbEntity
  8
ELEM_04_COMPLETO
100
AcDbVertex
100
AcDbPolyFaceMeshVertex
 10
12119943.3571956
 20
3531508.414357706
 30
10.13632159073035
 70
192
  0
VERTEX
  5
1B57
330
17
100
AcDbEntity
  8
ELEM_04_COMPLETO
100
AcDbVertex
100
AcDbPolyFaceMeshVertex
 10
12119943.3571956
 20
3531508.414357706
 30
9.636319309902094
 70
192
  0
VERTEX
  5
1B62
330
17
100
AcDbEntity
  8
ELEM_04_COMPLETO
100
AcDbVertex
100
AcDbPolyFaceMeshVertex
 10
12119950.26220476
 20
3531515.136742554
 30
10.59685872739233
 70
192
  0
VERTEX
  5
1B63
330
17
100
AcDbEntity
  8
ELEM_04_COMPLETO
100
AcDbVertex
100
AcDbPolyFaceMeshVertex
 10
12119950.26220476
 20
3531515.136742554
 30
10.09685972739741
 70
192
  0
VERTEX
  5
1B69
330
17
100
AcDbEntity
  8
ELEM_04_COMPLETO
100
AcDbVertex
100
AcDbPolyFaceMeshVertex
 10
12119942.7119049
 20
3531509.349979194
 30
10.13606568573035
 70
192
  0
VERTEX
  5
1B77
330
17
100
AcDbEntity
  8
ELEM_04_COMPLETO
100
AcDbVertex
100
AcDbPolyFaceMeshVertex
 10
12119942.7119049
 20
3531509.349979194
 30
9.636066685735427
 70
192
  0
VERTEX
  5
1B82
330
17
100
AcDbEntity
  8
ELEM_04_COMPLETO
100
AcDbVertex
100
AcDbPolyFaceMeshVertex
 10
12119949.93529596
 20
3531515.563516635
 30
10.59953260655897
 70
192
  0
VERTEX
  5
1B83
330
17
100
AcDbEntity
  8
ELEM_04_COMPLETO
100
AcDbVertex
100
AcDbPolyFaceMeshVertex
 10
12119949.93529596
 20
3531515.563516635
 30
10.09953032573072
 70
192
  0
VERTEX
  5
1B89
330
17
100
AcDbEntity
  8
ELEM_04_COMPLETO
100
AcDbVertex
100
AcDbPolyFaceMeshVertex
 10
12119942.40341798
 20
3531509.797261764
 30
10.13594429489702
 70
192
  0
VERTEX
  5
1B97
330
17
100
AcDbEntity
  8
ELEM_04_COMPLETO
100
AcDbVertex
100
AcDbPolyFaceMeshVertex
 10
12119942.40341798
 20
3531509.797261764
 30
9.635945294902099
 70
192
  0
VERTEX
  5
1BA2
330
17
100
AcDbEntity
  8
ELEM_04_COMPLETO
100
AcDbVertex
100
AcDbPolyFaceMeshVertex
 10
12119947.21238802
 20
3531519.136675499
 30
10.62185867739208
 70
192
  0
VERTEX
  5
1BA3
330
17
100
AcDbEntity
  8
ELEM_04_COMPLETO
100
AcDbVertex
100
AcDbPolyFaceMeshVertex
 10
12119947.21238802
 20
3531519.136675499
 30
10.12185967739716
 70
192
  0
VERTEX
  5
1BA9
330
17
100
AcDbEntity
  8
ELEM_04_COMPLETO
100
AcDbVertex
100
AcDbPolyFaceMeshVertex
 10
12119939.82617248
 20
3531513.534075157
 30
10.13493051739702
 70
192
  0
VERTEX
  5
1BB7
330
17
100
AcDbEntity
  8
ELEM_04_COMPLETO
100
AcDbVertex
100
AcDbPolyFaceMeshVertex
 10
12119939.82617248
 20
3531513.534075157
 30
9.634928236568776
 70
192
  0
VERTEX
  5
1BC2
330
17
100
AcDbEntity
  8
ELEM_04_COMPLETO
100
AcDbVertex
100
AcDbPolyFaceMeshVertex
 10
12119944.32462477
 20
3531522.962668504
 30
10.6456840890585
 70
192
  0
VERTEX
  5
1BC3
330
17
100
AcDbEntity
  8
ELEM_04_COMPLETO
100
AcDbVertex
100
AcDbPolyFaceMeshVertex
 10
12119944.32462477
 20
3531522.962668504
 30
10.14568508906358
 70
192
  0
VERTEX
  5
1BC9
330
17
100
AcDbEntity
  8
ELEM_04_COMPLETO
100
AcDbVertex
100
AcDbPolyFaceMeshVertex
 10
12119937.07734924
 20
3531517.519664299
 30
10.1338445615637
 70
192
  0
VERTEX
  5
1BD7
330
17
100
AcDbEntity
  8
ELEM_04_COMPLETO
100
AcDbVertex
100
AcDbPolyFaceMeshVertex
 10
12119937.07734924
 20
3531517.519664299
 30
9.633845561568787
 70
192
  0
VERTEX
  5
1BE2
330
17
100
AcDbEntity
  8
ELEM_04_COMPLETO
100
AcDbVertex
100
AcDbPolyFaceMeshVertex
 10
12119944.18261062
 20
3531523.151808547
 30
10.64685862739183
 70
192
  0
VERTEX
  5
1BE3
330
17
100
AcDbEntity
  8
ELEM_04_COMPLETO
100
AcDbVertex
100
AcDbPolyFaceMeshVertex
 10
12119944.18261062
 20
3531523.151808547
 30
10.1468596273969
 70
192
  0
VERTEX
  5
1BE9
330
17
100
AcDbEntity
  8
ELEM_04_COMPLETO
100
AcDbVertex
100
AcDbPolyFaceMeshVertex
 10
12119936.94174583
 20
3531517.716278078
 30
10.13379206823037
 70
192
  0
VERTEX
  5
1BF7
330
17
100
AcDbEntity
  8
ELEM_04_COMPLETO
100
AcDbVertex
100
AcDbPolyFaceMeshVertex
 10
12119936.94174583
 20
3531517.716278078
 30
9.633793068235454
 70
192
  0
VERTEX
  5
1C02
330
17
100
AcDbEntity
  8
ELEM_04_COMPLETO
100
AcDbVertex
100
AcDbPolyFaceMeshVertex
 10
12119943.95663338
 20
3531523.452952957
 30
10.64873198322514
 70
192
  0
VERTEX
  5
1C03
330
17
100
AcDbEntity
  8
ELEM_04_COMPLETO
100
AcDbVertex
100
AcDbPolyFaceMeshVertex
 10
12119943.95663338
 20
3531523.452952957
 30
10.14872970239689
 70
192
  0
VERTEX
  5
1C09
330
17
100
AcDbEntity
  8
ELEM_04_COMPLETO
100
AcDbVertex
100
AcDbPolyFaceMeshVertex
 10
12119936.72588997
 20
3531518.029253174
 30
10.13370676656371
 70
192
  0
VERTEX
  5
1C17
330
17
100
AcDbEntity
  8
ELEM_04_COMPLETO
100
AcDbVertex
100
AcDbPolyFaceMeshVertex
 10
12119936.72588997
 20
3531518.029253174
 30
9.633707766568786
 70
192
  0
VERTEX
  5
1C22
330
17
100
AcDbEntity
  8
ELEM_04_COMPLETO
100
AcDbVertex
100
AcDbPolyFaceMeshVertex
 10
12119941.17294472
 20
3531527.182036705
 30
10.67185857739157
 70
192
  0
VERTEX
  5
1C23
330
17
100
AcDbEntity
  8
ELEM_04_COMPLETO
100
AcDbVertex
100
AcDbPolyFaceMeshVertex
 10
12119941.17294472
 20
3531527.182036705
 30
10.17185957739665
 70
192
  0
VERTEX
  5
1C29
330
17
100
AcDbEntity
  8
ELEM_04_COMPLETO
100
AcDbVertex
100
AcDbPolyFaceMeshVertex
 10
12119934.05847733
 20
3531521.896801213
 30
10.13265689989705
 70
192
  0
VERTEX
  5
1C37
330
17
100
AcDbEntity
  8
ELEM_04_COMPLETO
100
AcDbVertex
100
AcDbPolyFaceMeshVertex
 10
12119934.05847733
 20
3531521.896801213
 30
9.632657899902133
 70
192
  0
VERTEX
  5
1C42
330
17
100
AcDbEntity
  8
ELEM_04_COMPLETO
100
AcDbVertex
100
AcDbPolyFaceMeshVertex
 10
12119938.18346579
 20
3531531.227264836
 30
10.69685852739132
 70
192
  0
VERTEX
  5
1C43
330
17
100
AcDbEntity
  8
ELEM_04_COMPLETO
100
AcDbVertex
100
AcDbPolyFaceMeshVertex
 10
12119938.18346579
 20
3531531.227264836
 30
10.1968595273964
 70
192
  0
VERTEX
  5
1C49
330
17
100
AcDbEntity
  8
ELEM_04_COMPLETO
100
AcDbVertex
100
AcDbPolyFaceMeshVertex
 10
12119931.17622259
 20
3531526.075854535
 30
10.13152173156373
 70
192
  0
VERTEX
  5
1C57
330
17
100
AcDbEntity
  8
ELEM_04_COMPLETO
100
AcDbVertex
100
AcDbPolyFaceMeshVertex
 10
12119931.17622259
 20
3531526.075854535
 30
9.631519450735476
 70
192
  0
VERTEX
  5
1C62
330
17
100
AcDbEntity
  8
ELEM_04_COMPLETO
100
AcDbVertex
100
AcDbPolyFaceMeshVertex
 10
12119938.05129742
 20
3531531.407090591
 30
10.6979707298913
 70
192
  0
VERTEX
  5
1C63
330
17
100
AcDbEntity
  8
ELEM_04_COMPLETO
100
AcDbVertex
100
AcDbPolyFaceMeshVertex
 10
12119938.05129742
 20
3531531.407090591
 30
10.19796844906305
 70
192
  0
VERTEX
  5
1C69
330
17
100
AcDbEntity
  8
ELEM_04_COMPLETO
100
AcDbVertex
100
AcDbPolyFaceMeshVertex
 10
12119931.04836195
 20
3531526.261241304
 30
10.13146923823039
 70
192
  0
VERTEX
  5
1C77
330
17
100
AcDbEntity
  8
ELEM_04_COMPLETO
100
AcDbVertex
100
AcDbPolyFaceMeshVertex
 10
12119931.04836195
 20
3531526.261241304
 30
9.631470238235474
 70
192
  0
VERTEX
  5
1C82
330
17
100
AcDbEntity
  8
ELEM_04_COMPLETO
100
AcDbVertex
100
AcDbPolyFaceMeshVertex
 10
12119936.73337683
 20
3531533.204810093
 30
10.70904682322453
 70
192
  0
VERTEX
  5
1C83
330
17
100
AcDbEntity
  8
ELEM_04_COMPLETO
100
AcDbVertex
100
AcDbPolyFaceMeshVertex
 10
12119936.73337683
 20
3531533.204810093
 30
10.2090478232296
 70
192
  0
VERTEX
  5
1C89
330
17
100
AcDbEntity
  8
ELEM_04_COMPLETO
100
AcDbVertex
100
AcDbPolyFaceMeshVertex
 10
12119929.77138616
 20
3531528.112763191
 30
10.1309672707304
 70
192
  0
VERTEX
  5
1C97
330
17
100
AcDbEntity
  8
ELEM_04_COMPLETO
100
AcDbVertex
100
AcDbPolyFaceMeshVertex
 10
12119929.77138616
 20
3531528.112763191
 30
9.630968270735483
 70
192
  0
VERTEX
  5
1CA2
330
17
100
AcDbEntity
  8
ELEM_04_COMPLETO
100
AcDbVertex
100
AcDbPolyFaceMeshVertex
 10
12119935.21425257
 20
3531535.28739123
 30
10.72185847739106
 70
192
  0
VERTEX
  5
1CA3
330
17
100
AcDbEntity
  8
ELEM_04_COMPLETO
100
AcDbVertex
100
AcDbPolyFaceMeshVertex
 10
12119935.21425257
 20
3531535.28739123
 30
10.22185947739614
 70
192
  0
VERTEX
  5
1CA9
330
17
100
AcDbEntity
  8
ELEM_04_COMPLETO
100
AcDbVertex
100
AcDbPolyFaceMeshVertex
 10
12119928.29483727
 20
3531530.253648016
 30
10.15293244989684
 70
192
  0
VERTEX
  5
1CB1
330
17
100
AcDbEntity
  8
ELEM_04_COMPLETO
100
AcDbVertex
100
AcDbPolyFaceMeshVertex
 10
12119928.29483727
 20
3531530.253648016
 30
9.652933449901925
 70
192
  0
VERTEX
  5
1CC2
330
17
100
AcDbEntity
  8
ELEM_04_COMPLETO
100
AcDbVertex
100
AcDbPolyFaceMeshVertex
 10
12119932.26537723
 20
3531539.362310902
 30
10.74685842739081
 70
192
  0
VERTEX
  5
1CC3
330
17
100
AcDbEntity
  8
ELEM_04_COMPLETO
100
AcDbVertex
100
AcDbPolyFaceMeshVertex
 10
12119932.26537723
 20
3531539.362310902
 30
10.24685942739589
 70
192
  0
VERTEX
  5
1CC9
330
17
100
AcDbEntity
  8
ELEM_04_COMPLETO
100
AcDbVertex
100
AcDbPolyFaceMeshVertex
 10
12119925.41417703
 20
3531534.430391631
 30
10.19578669489641
 70
192
  0
VERTEX
  5
1CD1
330
17
100
AcDbEntity
  8
ELEM_04_COMPLETO
100
AcDbVertex
100
AcDbPolyFaceMeshVertex
 10
12119925.41417703
 20
3531534.430391631
 30
9.69578769490149
 70
192
  0
VERTEX
  5
1CE2
330
17
100
AcDbEntity
  8
ELEM_04_COMPLETO
100
AcDbVertex
100
AcDbPolyFaceMeshVertex
 10
12119932.22116144
 20
3531539.423741226
 30
10.74723572322414
 70
192
  0
VERTEX
  5
1CE3
330
17
100
AcDbEntity
  8
ELEM_04_COMPLETO
100
AcDbVertex
100
AcDbPolyFaceMeshVertex
 10
12119932.22116144
 20
3531539.423741226
 30
10.24723672322922
 70
192
  0
VERTEX
  5
1CE9
330
17
100
AcDbEntity
  8
ELEM_04_COMPLETO
100
AcDbVertex
100
AcDbPolyFaceMeshVertex
 10
12119925.37083394
 20
3531534.493232713
 30
10.19643301906307
 70
192
  0
VERTEX
  5
1CF3
330
17
100
AcDbEntity
  8
ELEM_04_COMPLETO
100
AcDbVertex
100
AcDbPolyFaceMeshVertex
 10
12119925.37083394
 20
3531534.493232713
 30
9.696430738234817
 70
192
  0
VERTEX
  5
1D02
330
17
100
AcDbEntity
  8
ELEM_04_COMPLETO
100
AcDbVertex
100
AcDbPolyFaceMeshVertex
 10
12119930.88600663
 20
3531541.283228976
 30
10.75861365322402
 70
192
  0
VERTEX
  5
1D03
330
17
100
AcDbEntity
  8
ELEM_04_COMPLETO
100
AcDbVertex
100
AcDbPolyFaceMeshVertex
 10
12119930.88600663
 20
3531541.283228976
 30
10.2586146532291
 70
192
  0
VERTEX
  5
1D09
330
17
100
AcDbEntity
  8
ELEM_04_COMPLETO
100
AcDbVertex
100
AcDbPolyFaceMeshVertex
 10
12119924.06003603
 20
3531536.393789936
 30
10.21593101156287
 70
192
  0
VERTEX
  5
1D11
330
17
100
AcDbEntity
  8
ELEM_04_COMPLETO
100
AcDbVertex
100
AcDbPolyFaceMeshVertex
 10
12119924.06003603
 20
3531536.393789936
 30
9.715932011567952
 70
192
  0
VERTEX
  5
1D22
330
17
100
AcDbEntity
  8
ELEM_04_COMPLETO
100
AcDbVertex
100
AcDbPolyFaceMeshVertex
 10
12119929.33691196
 20
3531543.451925425
 30
10.77185837739055
 70
192
  0
VERTEX
  5
1D23
330
17
100
AcDbEntity
  8
ELEM_04_COMPLETO
100
AcDbVertex
100
AcDbPolyFaceMeshVertex
 10
12119929.33691196
 20
3531543.451925425
 30
10.27185937739564
 70
192
  0
VERTEX
  5
1D29
330
17
100
AcDbEntity
  8
ELEM_04_COMPLETO
100
AcDbVertex
100
AcDbPolyFaceMeshVertex
 10
12119922.5340942
 20
3531538.606288791
 30
10.23863109739598
 70
192
  0
VERTEX
  5
1D31
330
17
100
AcDbEntity
  8
ELEM_04_COMPLETO
100
AcDbVertex
100
AcDbPolyFaceMeshVertex
 10
12119922.5340942
 20
3531538.606288791
 30
9.738632097401055
 70
192
  0
VERTEX
  5
1D42
330
17
100
AcDbEntity
  8
ELEM_04_COMPLETO
100
AcDbVertex
100
AcDbPolyFaceMeshVertex
 10
12119926.46803319
 20
3531547.500657485
 30
10.7965236823903
 70
192
  0
VERTEX
  5
1D43
330
17
100
AcDbEntity
  8
ELEM_04_COMPLETO
100
AcDbVertex
100
AcDbPolyFaceMeshVertex
 10
12119926.46803319
 20
3531547.500657485
 30
10.29652140156205
 70
192
  0
VERTEX
  5
1D49
330
17
100
AcDbEntity
  8
ELEM_04_COMPLETO
100
AcDbVertex
100
AcDbPolyFaceMeshVertex
 10
12119919.69330592
 20
3531542.725224123
 30
10.28089151156221
 70
192
  0
VERTEX
  5
1D51
330
17
100
AcDbEntity
  8
ELEM_04_COMPLETO
100
AcDbVertex
100
AcDbPolyFaceMeshVertex
 10
12119919.69330592
 20
3531542.725224123
 30
9.780892511567293
 70
192
  0
VERTEX
  5
1D62
330
17
100
AcDbEntity
  8
ELEM_04_COMPLETO
100
AcDbVertex
100
AcDbPolyFaceMeshVertex
 10
12119926.42893221
 20
3531547.556133097
 30
10.7968583273903
 70
192
  0
VERTEX
  5
1D63
330
17
100
AcDbEntity
  8
ELEM_04_COMPLETO
100
AcDbVertex
100
AcDbPolyFaceMeshVertex
 10
12119926.42893221
 20
3531547.556133097
 30
10.29685932739538
 70
192
  0
VERTEX
  5
1D69
330
17
100
AcDbEntity
  8
ELEM_04_COMPLETO
100
AcDbVertex
100
AcDbPolyFaceMeshVertex
 10
12119919.65445101
 20
3531542.781556031
 30
10.28147221906221
 70
192
  0
VERTEX
  5
1D73
330
17
100
AcDbEntity
  8
ELEM_04_COMPLETO
100
AcDbVertex
100
AcDbPolyFaceMeshVertex
 10
12119919.65445101
 20
3531542.781556031
 30
9.781469938233954
 70
192
  0
VERTEX
  5
1D82
330
17
100
AcDbEntity
  8
ELEM_04_COMPLETO
100
AcDbVertex
100
AcDbPolyFaceMeshVertex
 10
12119923.54151017
 20
3531551.674825645
 30
10.82185827739005
 70
192
  0
VERTEX
  5
1D83
330
17
100
AcDbEntity
  8
ELEM_04_COMPLETO
100
AcDbVertex
100
AcDbPolyFaceMeshVertex
 10
12119923.54151017
 20
3531551.674825645
 30
10.32185927739512
 70
192
  0
VERTEX
  5
1D89
330
17
100
AcDbEntity
  8
ELEM_04_COMPLETO
100
AcDbVertex
100
AcDbPolyFaceMeshVertex
 10
12119916.7751031
 20
3531546.956400044
 30
10.32430677906177
 70
192
  0
VERTEX
  5
1D91
330
17
100
AcDbEntity
  8
ELEM_04_COMPLETO
100
AcDbVertex
100
AcDbPolyFaceMeshVertex
 10
12119916.7751031
 20
3531546.956400044
 30
9.824304498233518
 70
192
  0
VERTEX
  5
1DA2
330
17
100
AcDbEntity
  8
ELEM_04_COMPLETO
100
AcDbVertex
100
AcDbPolyFaceMeshVertex
 10
12119920.79366462
 20
3531555.635532948
 30
10.84581820322314
 70
192
  0
VERTEX
  5
1DA3
330
17
100
AcDbEntity
  8
ELEM_04_COMPLETO
100
AcDbVertex
100
AcDbPolyFaceMeshVertex
 10
12119920.79366462
 20
3531555.635532948
 30
10.34581920322822
 70
192
  0
VERTEX
  5
1DA9
330
17
100
AcDbEntity
  8
ELEM_04_COMPLETO
100
AcDbVertex
100
AcDbPolyFaceMeshVertex
 10
12119914.01577791
 20
3531550.957215533
 30
10.36535328489468
 70
192
  0
VERTEX
  5
1DB1
330
17
100
AcDbEntity
  8
ELEM_04_COMPLETO
100
AcDbVertex
100
AcDbPolyFaceMeshVertex
 10
12119914.01577791
 20
3531550.957215533
 30
9.865354284899768
 70
192
  0
VERTEX
  5
1DC2
330
17
100
AcDbEntity
  8
ELEM_04_COMPLETO
100
AcDbVertex
100
AcDbPolyFaceMeshVertex
 10
12119920.674718
 20
3531555.80790465
 30
10.84685822738979
 70
192
  0
VERTEX
  5
1DC3
330
17
100
AcDbEntity
  8
ELEM_04_COMPLETO
100
AcDbVertex
100
AcDbPolyFaceMeshVertex
 10
12119920.674718
 20
3531555.80790465
 30
10.34685922739488
 70
192
  0
VERTEX
  5
1DC9
330
17
100
AcDbEntity
  8
ELEM_04_COMPLETO
100
AcDbVertex
100
AcDbPolyFaceMeshVertex
 10
12119913.89589954
 20
3531551.131027521
 30
10.367138058228
 70
192
  0
VERTEX
  5
1DD3
330
17
100
AcDbEntity
  8
ELEM_04_COMPLETO
100
AcDbVertex
100
AcDbPolyFaceMeshVertex
 10
12119913.89589954
 20
3531551.131027521
 30
9.867139058233082
 70
192
  0
VERTEX
  5
1DE2
330
17
100
AcDbEntity
  8
ELEM_04_COMPLETO
100
AcDbVertex
100
AcDbPolyFaceMeshVertex
 10
12119917.86456614
 20
3531559.902614308
 30
10.87154321738954
 70
192
  0
VERTEX
  5
1DE3
330
17
100
AcDbEntity
  8
ELEM_04_COMPLETO
100
AcDbVertex
100
AcDbPolyFaceMeshVertex
 10
12119917.86456614
 20
3531559.902614308
 30
10.37154421739462
 70
192
  0
VERTEX
  5
1DED
330
17
100
AcDbEntity
  8
ELEM_04_COMPLETO
100
AcDbVertex
100
AcDbPolyFaceMeshVertex
 10
12119911.05319197
 20
3531555.252738438
 30
10.40942799989424
 70
192
  0
VERTEX
  5
1DF1
330
17
100
AcDbEntity
  8
ELEM_04_COMPLETO
100
AcDbVertex
100
AcDbPolyFaceMeshVertex
 10
12119911.05319197
 20
3531555.252738438
 30
9.909425719065986
 70
192
  0
VERTEX
  5
1E02
330
17
100
AcDbEntity
  8
ELEM_04_COMPLETO
100
AcDbVertex
100
AcDbPolyFaceMeshVertex
 10
12119917.82862462
 20
3531559.955265121
 30
10.87185817738954
 70
192
  0
VERTEX
  5
1E03
330
17
100
AcDbEntity
  8
ELEM_04_COMPLETO
100
AcDbVertex
100
AcDbPolyFaceMeshVertex
 10
12119917.82862462
 20
3531559.955265121
 30
10.37185917739462
 70
192
  0
VERTEX
  5
1E0D
330
17
100
AcDbEntity
  8
ELEM_04_COMPLETO
100
AcDbVertex
100
AcDbPolyFaceMeshVertex
 10
12119911.01670254
 20
3531555.305648437
 30
10.40996933739423
 70
192
  0
VERTEX
  5
1E13
330
17
100
AcDbEntity
  8
ELEM_04_COMPLETO
100
AcDbVertex
100
AcDbPolyFaceMeshVertex
 10
12119911.01670254
 20
3531555.305648437
 30
9.909970337399312
 70
192
  0
VERTEX
  5
1E22
330
17
100
AcDbEntity
  8
ELEM_04_COMPLETO
100
AcDbVertex
100
AcDbPolyFaceMeshVertex
 10
12119915.19973551
 20
3531563.826021816
 30
10.8951160048893
 70
192
  0
VERTEX
  5
1E23
330
17
100
AcDbEntity
  8
ELEM_04_COMPLETO
100
AcDbVertex
100
AcDbPolyFaceMeshVertex
 10
12119915.19973551
 20
3531563.826021816
 30
10.39511700489438
 70
192
  0
VERTEX
  5
1E2D
330
17
100
AcDbEntity
  8
ELEM_04_COMPLETO
100
AcDbVertex
100
AcDbPolyFaceMeshVertex
 10
12119908.33824661
 20
3531559.189203662
 30
10.44981505822716
 70
192
  0
VERTEX
  5
1E31
330
17
100
AcDbEntity
  8
ELEM_04_COMPLETO
100
AcDbVertex
100
AcDbPolyFaceMeshVertex
 10
12119908.33824661
 20
3531559.189203662
 30
9.949816058232242
 70
192
  0
VERTEX
  5
1E42
330
17
100
AcDbEntity
  8
ELEM_04_COMPLETO
100
AcDbVertex
100
AcDbPolyFaceMeshVertex
 10
12119915.00330546
 20
3531564.116805355
 30
10.89686140822261
 70
192
  0
VERTEX
  5
1E43
330
17
100
AcDbEntity
  8
ELEM_04_COMPLETO
100
AcDbVertex
100
AcDbPolyFaceMeshVertex
 10
12119915.00330546
 20
3531564.116805355
 30
10.39685912739437
 70
192
  0
VERTEX
  5
1E4D
330
17
100
AcDbEntity
  8
ELEM_04_COMPLETO
100
AcDbVertex
100
AcDbPolyFaceMeshVertex
 10
12119908.13736447
 20
3531559.480469483
 30
10.4528038973938
 70
192
  0
VERTEX
  5
1E53
330
17
100
AcDbEntity
  8
ELEM_04_COMPLETO
100
AcDbVertex
100
AcDbPolyFaceMeshVertex
 10
12119908.13736447
 20
3531559.480469483
 30
9.95280489739888
 70
192
  0
VERTEX
  5
1E62
330
17
100
AcDbEntity
  8
ELEM_04_COMPLETO
100
AcDbVertex
100
AcDbPolyFaceMeshVertex
 10
12119912.19882944
 20
3531568.292420363
 30
10.92186135822236
 70
192
  0
VERTEX
  5
1E63
330
17
100
AcDbEntity
  8
ELEM_04_COMPLETO
100
AcDbVertex
100
AcDbPolyFaceMeshVertex
 10
12119912.19882944
 20
3531568.292420363
 30
10.42185907739411
 70
192
  0
VERTEX
  5
1E6D
330
17
100
AcDbEntity
  8
ELEM_04_COMPLETO
100
AcDbVertex
100
AcDbPolyFaceMeshVertex
 10
12119905.25774425
 20
3531563.655703916
 30
10.49564173822669
 70
192
  0
VERTEX
  5
1E71
330
17
100
AcDbEntity
  8
ELEM_04_COMPLETO
100
AcDbVertex
100
AcDbPolyFaceMeshVertex
 10
12119905.25774425
 20
3531563.655703916
 30
9.995642738231776
 70
192
  0
VERTEX
  5
1E82
330
17
100
AcDbEntity
  8
ELEM_04_COMPLETO
100
AcDbVertex
100
AcDbPolyFaceMeshVertex
 10
12119912.06285859
 20
3531568.496022318
 30
10.92307526655569
 70
192
  0
VERTEX
  5
1E83
330
17
100
AcDbEntity
  8
ELEM_04_COMPLETO
100
AcDbVertex
100
AcDbPolyFaceMeshVertex
 10
12119912.06285859
 20
3531568.496022318
 30
10.42307626656076
 70
192
  0
VERTEX
  5
1E8D
330
17
100
AcDbEntity
  8
ELEM_04_COMPLETO
100
AcDbVertex
100
AcDbPolyFaceMeshVertex
 10
12119905.11757392
 20
3531563.858941698
 30
10.49772834822667
 70
192
  0
VERTEX
  5
1E93
330
17
100
AcDbEntity
  8
ELEM_04_COMPLETO
100
AcDbVertex
100
AcDbPolyFaceMeshVertex
 10
12119905.11757392
 20
3531563.858941698
 30
9.997726067398425
 70
192
  0
VERTEX
  5
1EA2
330
17
100
AcDbEntity
  8
ELEM_04_COMPLETO
100
AcDbVertex
100
AcDbPolyFaceMeshVertex
 10
12119909.68762383
 20
3531572.070060446
 30
10.94440396405547
 70
192
  0
VERTEX
  5
1EA3
330
17
100
AcDbEntity
  8
ELEM_04_COMPLETO
100
AcDbVertex
100
AcDbPolyFaceMeshVertex
 10
12119909.68762383
 20
3531572.070060446
 30
10.44440496406055
 70
192
  0
VERTEX
  5
1EA9
330
17
100
AcDbEntity
  8
ELEM_04_COMPLETO
100
AcDbVertex
100
AcDbPolyFaceMeshVertex
 10
12119902.77878923
 20
3531567.499803838
 30
10.53427683155963
 70
192
  0
VERTEX
  5
1EB1
330
17
100
AcDbEntity
  8
ELEM_04_COMPLETO
100
AcDbVertex
100
AcDbPolyFaceMeshVertex
 10
12119902.77878923
 20
3531567.499803838
 30
10.03427783156471
 70
192
  0
VERTEX
  5
1EC2
330
17
100
AcDbEntity
  8
ELEM_04_COMPLETO
100
AcDbVertex
100
AcDbPolyFaceMeshVertex
 10
12119909.41526545
 20
3531572.48200516
 30
10.94686130822211
 70
192
  0
VERTEX
  5
1EC3
330
17
100
AcDbEntity
  8
ELEM_04_COMPLETO
100
AcDbVertex
100
AcDbPolyFaceMeshVertex
 10
12119909.41526545
 20
3531572.48200516
 30
10.44685902739386
 70
192
  0
VERTEX
  5
1EC9
330
17
100
AcDbEntity
  8
ELEM_04_COMPLETO
100
AcDbVertex
100
AcDbPolyFaceMeshVertex
 10
12119902.50966247
 20
3531567.918762974
 30
10.53848285989293
 70
192
  0
VERTEX
  5
1ED1
330
17
100
AcDbEntity
  8
ELEM_04_COMPLETO
100
AcDbVertex
100
AcDbPolyFaceMeshVertex
 10
12119902.50966247
 20
3531567.918762974
 30
10.03848385989801
 70
192
  0
VERTEX
  5
1EE2
330
17
100
AcDbEntity
  8
ELEM_04_COMPLETO
100
AcDbVertex
100
AcDbPolyFaceMeshVertex
 10
12119906.6526824
 20
3531576.685454759
 30
10.97186125822186
 70
192
  0
VERTEX
  5
1EE3
330
17
100
AcDbEntity
  8
ELEM_04_COMPLETO
100
AcDbVertex
100
AcDbPolyFaceMeshVertex
 10
12119906.6526824
 20
3531576.685454759
 30
10.4718589773936
 70
192
  0
VERTEX
  5
1EE9
330
17
100
AcDbEntity
  8
ELEM_04_COMPLETO
100
AcDbVertex
100
AcDbPolyFaceMeshVertex
 10
12119899.76866729
 20
3531572.185762314
 30
10.58131741989249
 70
192
  0
VERTEX
  5
1EF1
330
17
100
AcDbEntity
  8
ELEM_04_COMPLETO
100
AcDbVertex
100
AcDbPolyFaceMeshVertex
 10
12119899.76866729
 20
3531572.185762314
 30
10.08131841989757
 70
192
  0
VERTEX
  5
1F02
330
17
100
AcDbEntity
  8
ELEM_04_COMPLETO
100
AcDbVertex
100
AcDbPolyFaceMeshVertex
 10
12119905.26694698
 20
3531578.81132321
 30
10.98447278155506
 70
192
  0
VERTEX
  5
1F03
330
17
100
AcDbEntity
  8
ELEM_04_COMPLETO
100
AcDbVertex
100
AcDbPolyFaceMeshVertex
 10
12119905.26694698
 20
3531578.81132321
 30
10.48447378156014
 70
192
  0
VERTEX
  5
1F09
330
17
100
AcDbEntity
  8
ELEM_04_COMPLETO
100
AcDbVertex
100
AcDbPolyFaceMeshVertex
 10
12119898.38592728
 20
3531574.338323626
 30
10.6029249882256
 70
192
  0
VERTEX
  5
1F11
330
17
100
AcDbEntity
  8
ELEM_04_COMPLETO
100
AcDbVertex
100
AcDbPolyFaceMeshVertex
 10
12119898.38592728
 20
3531574.338323626
 30
10.10292598823069
 70
192
  0
VERTEX
  5
1F22
330
17
100
AcDbEntity
  8
ELEM_04_COMPLETO
100
AcDbVertex
100
AcDbPolyFaceMeshVertex
 10
12119904.25631252
 20
3531580.369171145
 30
10.99370176572163
 70
192
  0
VERTEX
  5
1F23
330
17
100
AcDbEntity
  8
ELEM_04_COMPLETO
100
AcDbVertex
100
AcDbPolyFaceMeshVertex
 10
12119904.25631252
 20
3531580.369171145
 30
10.49370276572672
 70
192
  0
VERTEX
  5
1F29
330
17
100
AcDbEntity
  8
ELEM_04_COMPLETO
100
AcDbVertex
100
AcDbPolyFaceMeshVertex
 10
12119897.37411172
 20
3531575.913448429
 30
10.61873860489211
 70
192
  0
VERTEX
  5
1F31
330
17
100
AcDbEntity
  8
ELEM_04_COMPLETO
100
AcDbVertex
100
AcDbPolyFaceMeshVertex
 10
12119897.37411172
 20
3531575.913448429
 30
10.11873632406386
 70
192
  0
VERTEX
  5
1F42
330
17
100
AcDbEntity
  8
ELEM_04_COMPLETO
100
AcDbVertex
100
AcDbPolyFaceMeshVertex
 10
12119903.91115244
 20
3531580.902664172
 30
10.9968612082216
 70
192
  0
VERTEX
  5
1F43
330
17
100
AcDbEntity
  8
ELEM_04_COMPLETO
100
AcDbVertex
100
AcDbPolyFaceMeshVertex
 10
12119903.91115244
 20
3531580.902664172
 30
10.49685892739335
 70
192
  0
VERTEX
  5
1F49
330
17
100
AcDbEntity
  8
ELEM_04_COMPLETO
100
AcDbVertex
100
AcDbPolyFaceMeshVertex
 10
12119897.02788865
 20
3531576.452423728
 30
10.62414869905872
 70
192
  0
VERTEX
  5
1F51
330
17
100
AcDbEntity
  8
ELEM_04_COMPLETO
100
AcDbVertex
100
AcDbPolyFaceMeshVertex
 10
12119897.02788865
 20
3531576.452423728
 30
10.1241496990638
 70
192
  0
VERTEX
  5
1F62
330
17
100
AcDbEntity
  8
ELEM_04_COMPLETO
100
AcDbVertex
100
AcDbPolyFaceMeshVertex
 10
12119901.98245552
 20
3531583.897435085
 30
11.01456458488809
 70
192
  0
VERTEX
  5
1F63
330
17
100
AcDbEntity
  8
ELEM_04_COMPLETO
100
AcDbVertex
100
AcDbPolyFaceMeshVertex
 10
12119901.98245552
 20
3531583.897435085
 30
10.51456558489317
 70
192
  0
VERTEX
  5
1F69
330
17
100
AcDbEntity
  8
ELEM_04_COMPLETO
100
AcDbVertex
100
AcDbPolyFaceMeshVertex
 10
12119895.08700671
 20
3531579.473861256
 30
10.65448000322508
 70
192
  0
VERTEX
  5
1F71
330
17
100
AcDbEntity
  8
ELEM_04_COMPLETO
100
AcDbVertex
100
AcDbPolyFaceMeshVertex
 10
12119895.08700671
 20
3531579.473861256
 30
10.15447772239683
 70
192
  0
VERTEX
  5
1F82
330
17
100
AcDbEntity
  8
ELEM_04_COMPLETO
100
AcDbVertex
100
AcDbPolyFaceMeshVertex
 10
12119901.1907445
 20
3531585.133531694
 30
11.02915445072127
 70
192
  0
VERTEX
  5
1F83
330
17
100
AcDbEntity
  8
ELEM_04_COMPLETO
100
AcDbVertex
100
AcDbPolyFaceMeshVertex
 10
12119901.1907445
 20
3531585.133531694
 30
10.52915545072635
 70
192
  0
VERTEX
  5
1F8D
330
17
100
AcDbEntity
  8
ELEM_04_COMPLETO
100
AcDbVertex
100
AcDbPolyFaceMeshVertex
 10
12119894.28718875
 20
3531580.718960471
 30
10.66697997822495
 70
192
  0
VERTEX
  5
1F91
330
17
100
AcDbEntity
  8
ELEM_04_COMPLETO
100
AcDbVertex
100
AcDbPolyFaceMeshVertex
 10
12119894.28718875
 20
3531580.718960471
 30
10.1669776973967
 70
192
  0
VERTEX
  5
1FA2
330
17
100
AcDbEntity
  8
ELEM_04_COMPLETO
100
AcDbVertex
100
AcDbPolyFaceMeshVertex
 10
12119898.90671364
 20
3531588.722018613
 30
11.07143783072084
 70
192
  0
VERTEX
  5
1FA3
330
17
100
AcDbEntity
  8
ELEM_04_COMPLETO
100
AcDbVertex
100
AcDbPolyFaceMeshVertex
 10
12119898.90671364
 20
3531588.722018613
 30
10.57143883072592
 70
192
  0
VERTEX
  5
1FAD
330
17
100
AcDbEntity
  8
ELEM_04_COMPLETO
100
AcDbVertex
100
AcDbPolyFaceMeshVertex
 10
12119891.96943092
 20
3531584.327096299
 30
10.70320037822458
 70
192
  0
VERTEX
  5
1FB1
330
17
100
AcDbEntity
  8
ELEM_04_COMPLETO
100
AcDbVertex
100
AcDbPolyFaceMeshVertex
 10
12119891.96943092
 20
3531584.327096299
 30
10.20319809739633
 70
192
  0
VERTEX
  5
1FC2
330
17
100
AcDbEntity
  8
ELEM_04_COMPLETO
100
AcDbVertex
100
AcDbPolyFaceMeshVertex
 10
12119898.49152418
 20
3531589.377945777
 30
11.07915435072077
 70
192
  0
VERTEX
  5
1FC3
330
17
100
AcDbEntity
  8
ELEM_04_COMPLETO
100
AcDbVertex
100
AcDbPolyFaceMeshVertex
 10
12119898.49152418
 20
3531589.377945777
 30
10.57915535072584
 70
192
  0
VERTEX
  5
1FCD
330
17
100
AcDbEntity
  8
ELEM_04_COMPLETO
100
AcDbVertex
100
AcDbPolyFaceMeshVertex
 10
12119891.54643636
 20
3531584.985585795
 30
10.70980797655785
 70
192
  0
VERTEX
  5
1FD1
330
17
100
AcDbEntity
  8
ELEM_04_COMPLETO
100
AcDbVertex
100
AcDbPolyFaceMeshVertex
 10
12119891.54643636
 20
3531584.985585795
 30
10.20980897656293
 70
192
  0
VERTEX
  5
1FE2
330
17
100
AcDbEntity
  8
ELEM_04_COMPLETO
100
AcDbVertex
100
AcDbPolyFaceMeshVertex
 10
12119895.81355709
 20
3531593.635801435
 30
11.12915425072026
 70
192
  0
VERTEX
  5
1FE3
330
17
100
AcDbEntity
  8
ELEM_04_COMPLETO
100
AcDbVertex
100
AcDbPolyFaceMeshVertex
 10
12119895.81355709
 20
3531593.635801435
 30
10.62915525072534
 70
192
  0
VERTEX
  5
1FED
330
17
100
AcDbEntity
  8
ELEM_04_COMPLETO
100
AcDbVertex
100
AcDbPolyFaceMeshVertex
 10
12119888.80548712
 20
3531589.252512958
 30
10.75264253655742
 70
192
  0
VERTEX
  5
1FF1
330
17
100
AcDbEntity
  8
ELEM_04_COMPLETO
100
AcDbVertex
100
AcDbPolyFaceMeshVertex
 10
12119888.80548712
 20
3531589.252512958
 30
10.2526435365625
 70
192
  0
VERTEX
  5
2002
330
17
100
AcDbEntity
  8
ELEM_04_COMPLETO
100
AcDbVertex
100
AcDbPolyFaceMeshVertex
 10
12119893.64037903
 20
3531597.126158628
 30
11.17002687238651
 70
192
  0
VERTEX
  5
2003
330
17
100
AcDbEntity
  8
ELEM_04_COMPLETO
100
AcDbVertex
100
AcDbPolyFaceMeshVertex
 10
12119893.64037903
 20
3531597.126158628
 30
10.67002787239159
 70
192
  0
VERTEX
  5
200D
330
17
100
AcDbEntity
  8
ELEM_04_COMPLETO
100
AcDbVertex
100
AcDbPolyFaceMeshVertex
 10
12119886.56475013
 20
3531592.740740889
 30
10.78765887072373
 70
192
  0
VERTEX
  5
2011
330
17
100
AcDbEntity
  8
ELEM_04_COMPLETO
100
AcDbVertex
100
AcDbPolyFaceMeshVertex
 10
12119886.56475013
 20
3531592.740740889
 30
10.28765987072881
 70
192
  0
VERTEX
  5
2022
330
17
100
AcDbEntity
  8
ELEM_04_COMPLETO
100
AcDbVertex
100
AcDbPolyFaceMeshVertex
 10
12119893.15691543
 20
3531597.906996961
 30
11.17915415071975
 70
192
  0
VERTEX
  5
2023
330
17
100
AcDbEntity
  8
ELEM_04_COMPLETO
100
AcDbVertex
100
AcDbPolyFaceMeshVertex
 10
12119893.15691543
 20
3531597.906996961
 30
10.67915515072483
 70
192
  0
VERTEX
  5
202D
330
17
100
AcDbEntity
  8
ELEM_04_COMPLETO
100
AcDbVertex
100
AcDbPolyFaceMeshVertex
 10
12119886.06420651
 20
3531593.519951929
 30
10.79548365822365
 70
192
  0
VERTEX
  5
2031
330
17
100
AcDbEntity
  8
ELEM_04_COMPLETO
100
AcDbVertex
100
AcDbPolyFaceMeshVertex
 10
12119886.06420651
 20
3531593.519951929
 30
10.2954813773954
 70
192
  0
VERTEX
  5
2042
330
17
100
AcDbEntity
  8
ELEM_04_COMPLETO
100
AcDbVertex
100
AcDbPolyFaceMeshVertex
 10
12119893.09957302
 20
3531597.999716592
 30
11.18024010655307
 70
192
  0
VERTEX
  5
2043
330
17
100
AcDbEntity
  8
ELEM_04_COMPLETO
100
AcDbVertex
100
AcDbPolyFaceMeshVertex
 10
12119893.09957302
 20
3531597.999716592
 30
10.68023782572482
 70
192
  0
VERTEX
  5
204D
330
17
100
AcDbEntity
  8
ELEM_04_COMPLETO
100
AcDbVertex
100
AcDbPolyFaceMeshVertex
 10
12119886.00479062
 20
3531593.612451744
 30
10.79641213405697
 70
192
  0
VERTEX
  5
2053
330
17
100
AcDbEntity
  8
ELEM_04_COMPLETO
100
AcDbVertex
100
AcDbPolyFaceMeshVertex
 10
12119886.00479062
 20
3531593.612451744
 30
10.29640985322872
 70
192
  0
VERTEX
  5
2062
330
17
100
AcDbEntity
  8
ELEM_04_COMPLETO
100
AcDbVertex
100
AcDbPolyFaceMeshVertex
 10
12119890.52166151
 20
3531602.191420806
 30
11.22915405071924
 70
192
  0
VERTEX
  5
2063
330
17
100
AcDbEntity
  8
ELEM_04_COMPLETO
100
AcDbVertex
100
AcDbPolyFaceMeshVertex
 10
12119890.52166151
 20
3531602.191420806
 30
10.72915505072432
 70
192
  0
VERTEX
  5
206D
330
17
100
AcDbEntity
  8
ELEM_04_COMPLETO
100
AcDbVertex
100
AcDbPolyFaceMeshVertex
 10
12119883.32246003
 20
3531597.788122527
 30
10.83832806072321
 70
192
  0
VERTEX
  5
2071
330
17
100
AcDbEntity
  8
ELEM_04_COMPLETO
100
AcDbVertex
100
AcDbPolyFaceMeshVertex
 10
12119883.32246003
 20
3531597.788122527
 30
10.33832906072829
 70
192
  0
VERTEX
  5
2082
330
17
100
AcDbEntity
  8
ELEM_04_COMPLETO
100
AcDbVertex
100
AcDbPolyFaceMeshVertex
 10
12119888.45879162
 20
3531605.579107601
 30
11.26858310571885
 70
192
  0
VERTEX
  5
2083
330
17
100
AcDbEntity
  8
ELEM_04_COMPLETO
100
AcDbVertex
100
AcDbPolyFaceMeshVertex
 10
12119888.45879162
 20
3531605.579107601
 30
10.76858082489059
 70
192
  0
VERTEX
  5
208D
330
17
100
AcDbEntity
  8
ELEM_04_COMPLETO
100
AcDbVertex
100
AcDbPolyFaceMeshVertex
 10
12119881.16006934
 20
3531601.154385479
 30
10.87212064405621
 70
192
  0
VERTEX
  5
2091
330
17
100
AcDbEntity
  8
ELEM_04_COMPLETO
100
AcDbVertex
100
AcDbPolyFaceMeshVertex
 10
12119881.16006934
 20
3531601.154385479
 30
10.37212164406128
 70
192
  0
VERTEX
  5
20A2
330
17
100
AcDbEntity
  8
ELEM_04_COMPLETO
100
AcDbVertex
100
AcDbPolyFaceMeshVertex
 10
12119887.90786425
 20
3531606.488967985
 30
11.27915395071873
 70
192
  0
VERTEX
  5
20A3
330
17
100
AcDbEntity
  8
ELEM_04_COMPLETO
100
AcDbVertex
100
AcDbPolyFaceMeshVertex
 10
12119887.90786425
 20
3531606.488967985
 30
10.77915495072382
 70
192
  0
VERTEX
  5
20AD
330
17
100
AcDbEntity
  8
ELEM_04_COMPLETO
100
AcDbVertex
100
AcDbPolyFaceMeshVertex
 10
12119880.58010987
 20
3531602.057231443
 30
10.88118558655611
 70
192
  0
VERTEX
  5
20B1
330
17
100
AcDbEntity
  8
ELEM_04_COMPLETO
100
AcDbVertex
100
AcDbPolyFaceMeshVertex
 10
12119880.58010987
 20
3531602.057231443
 30
10.38118330572786
 70
192
  0
VERTEX
  5
20C2
330
17
100
AcDbEntity
  8
ELEM_04_COMPLETO
100
AcDbVertex
100
AcDbPolyFaceMeshVertex
 10
12119885.31558596
 20
3531610.79952695
 30
11.32915713155156
 70
192
  0
VERTEX
  5
20C3
330
17
100
AcDbEntity
  8
ELEM_04_COMPLETO
100
AcDbVertex
100
AcDbPolyFaceMeshVertex
 10
12119885.31558596
 20
3531610.79952695
 30
10.82915485072331
 70
192
  0
VERTEX
  5
20CD
330
17
100
AcDbEntity
  8
ELEM_04_COMPLETO
100
AcDbVertex
100
AcDbPolyFaceMeshVertex
 10
12119877.83701497
 20
3531606.327498492
 30
10.92405295488901
 70
192
  0
VERTEX
  5
20D1
330
17
100
AcDbEntity
  8
ELEM_04_COMPLETO
100
AcDbVertex
100
AcDbPolyFaceMeshVertex
 10
12119877.83701497
 20
3531606.327498492
 30
10.42405067406076
 70
192
  0
VERTEX
  5
20E2
330
17
100
AcDbEntity
  8
ELEM_04_COMPLETO
100
AcDbVertex
100
AcDbPolyFaceMeshVertex
 10
12119883.36335234
 20
3531614.078345852
 30
11.36708684571784
 70
192
  0
VERTEX
  5
20E3
330
17
100
AcDbEntity
  8
ELEM_04_COMPLETO
100
AcDbVertex
100
AcDbPolyFaceMeshVertex
 10
12119883.36335234
 20
3531614.078345852
 30
10.86708784572292
 70
192
  0
VERTEX
  5
20ED
330
17
100
AcDbEntity
  8
ELEM_04_COMPLETO
100
AcDbVertex
100
AcDbPolyFaceMeshVertex
 10
12119875.75539183
 20
3531609.568033349
 30
10.95658241738868
 70
192
  0
VERTEX
  5
20F1
330
17
100
AcDbEntity
  8
ELEM_04_COMPLETO
100
AcDbVertex
100
AcDbPolyFaceMeshVertex
 10
12119875.75539183
 20
3531609.568033349
 30
10.45658341739376
 70
192
  0
VERTEX
  5
2102
330
17
100
AcDbEntity
  8
ELEM_04_COMPLETO
100
AcDbVertex
100
AcDbPolyFaceMeshVertex
 10
12119882.74489229
 20
3531615.122995993
 30
11.37915703155105
 70
192
  0
VERTEX
  5
2103
330
17
100
AcDbEntity
  8
ELEM_04_COMPLETO
100
AcDbVertex
100
AcDbPolyFaceMeshVertex
 10
12119882.74489229
 20
3531615.122995993
 30
10.8791547507228
 70
192
  0
VERTEX
  5
210D
330
17
100
AcDbEntity
  8
ELEM_04_COMPLETO
100
AcDbVertex
100
AcDbPolyFaceMeshVertex
 10
12119875.09304079
 20
3531610.59913365
 30
10.96693344655524
 70
192
  0
VERTEX
  5
2111
330
17
100
AcDbEntity
  8
ELEM_04_COMPLETO
100
AcDbVertex
100
AcDbPolyFaceMeshVertex
 10
12119875.09304079
 20
3531610.59913365
 30
10.46693444656032
 70
192
  0
VERTEX
  5
2122
330
17
100
AcDbEntity
  8
ELEM_04_COMPLETO
100
AcDbVertex
100
AcDbPolyFaceMeshVertex
 10
12119882.72045336
 20
3531615.164337774
 30
11.37963275238438
 70
192
  0
VERTEX
  5
2123
330
17
100
AcDbEntity
  8
ELEM_04_COMPLETO
100
AcDbVertex
100
AcDbPolyFaceMeshVertex
 10
12119882.72045336
 20
3531615.164337774
 30
10.87963375238946
 70
192
  0
VERTEX
  5
212D
330
17
100
AcDbEntity
  8
ELEM_04_COMPLETO
100
AcDbVertex
100
AcDbPolyFaceMeshVertex
 10
12119875.06683678
 20
3531610.639927532
 30
10.9673435507219
 70
192
  0
VERTEX
  5
2133
330
17
100
AcDbEntity
  8
ELEM_04_COMPLETO
100
AcDbVertex
100
AcDbPolyFaceMeshVertex
 10
12119875.06683678
 20
3531610.639927532
 30
10.46734455072698
 70
192
  0
VERTEX
  5
2142
330
17
100
AcDbEntity
  8
ELEM_04_COMPLETO
100
AcDbVertex
100
AcDbPolyFaceMeshVertex
 10
12119881.3686516
 20
3531617.458001166
 30
11.40609923488411
 70
192
  0
VERTEX
  5
2143
330
17
100
AcDbEntity
  8
ELEM_04_COMPLETO
100
AcDbVertex
100
AcDbPolyFaceMeshVertex
 10
12119881.3686516
 20
3531617.458001166
 30
10.90609695405586
 70
192
  0
VERTEX
  5
214D
330
17
100
AcDbEntity
  8
ELEM_04_COMPLETO
100
AcDbVertex
100
AcDbPolyFaceMeshVertex
 10
12119873.67137369
 20
3531612.935224778
 30
10.99003051322167
 70
192
  0
VERTEX
  5
2151
330
17
100
AcDbEntity
  8
ELEM_04_COMPLETO
100
AcDbVertex
100
AcDbPolyFaceMeshVertex
 10
12119873.67137369
 20
3531612.935224778
 30
10.49003151322675
 70
192
  0
VERTEX
  5
2162
330
17
100
AcDbEntity
  8
ELEM_04_COMPLETO
100
AcDbVertex
100
AcDbPolyFaceMeshVertex
 10
12119880.19584883
 20
3531619.459266849
 30
11.42915693155054
 70
192
  0
VERTEX
  5
2163
330
17
100
AcDbEntity
  8
ELEM_04_COMPLETO
100
AcDbVertex
100
AcDbPolyFaceMeshVertex
 10
12119880.19584883
 20
3531619.459266849
 30
10.92915465072229
 70
192
  0
VERTEX
  5
216D
330
17
100
AcDbEntity
  8
ELEM_04_COMPLETO
100
AcDbVertex
100
AcDbPolyFaceMeshVertex
 10
12119872.45548701
 20
3531614.9351486
 30
11.00980081488814
 70
192
  0
VERTEX
  5
2171
330
17
100
AcDbEntity
  8
ELEM_04_COMPLETO
100
AcDbVertex
100
AcDbPolyFaceMeshVertex
 10
12119872.45548701
 20
3531614.9351486
 30
10.50979853405988
 70
192
  0
VERTEX
  5
2182
330
17
100
AcDbEntity
  8
ELEM_04_COMPLETO
100
AcDbVertex
100
AcDbPolyFaceMeshVertex
 10
12119878.96680601
 20
3531621.567917486
 30
11.45341541321696
 70
192
  0
VERTEX
  5
2183
330
17
100
AcDbEntity
  8
ELEM_04_COMPLETO
100
AcDbVertex
100
AcDbPolyFaceMeshVertex
 10
12119878.96680601
 20
3531621.567917486
 30
10.95341641322204
 70
192
  0
VERTEX
  5
218D
330
17
100
AcDbEntity
  8
ELEM_04_COMPLETO
100
AcDbVertex
100
AcDbPolyFaceMeshVertex
 10
12119871.17602107
 20
3531617.039655545
 30
11.03060129822126
 70
192
  0
VERTEX
  5
2191
330
17
100
AcDbEntity
  8
ELEM_04_COMPLETO
100
AcDbVertex
100
AcDbPolyFaceMeshVertex
 10
12119871.17602107
 20
3531617.039655545
 30
10.53060229822634
 70
192
  0
VERTEX
  5
21A2
330
17
100
AcDbEntity
  8
ELEM_04_COMPLETO
100
AcDbVertex
100
AcDbPolyFaceMeshVertex
 10
12119877.71948567
 20
3531623.720026043
 30
11.47814305405004
 70
192
  0
VERTEX
  5
21A3
330
17
100
AcDbEntity
  8
ELEM_04_COMPLETO
100
AcDbVertex
100
AcDbPolyFaceMeshVertex
 10
12119877.71948567
 20
3531623.720026043
 30
10.97814405405513
 70
192
  0
VERTEX
  5
21AD
330
17
100
AcDbEntity
  8
ELEM_04_COMPLETO
100
AcDbVertex
100
AcDbPolyFaceMeshVertex
 10
12119869.87191935
 20
3531619.184680783
 30
11.04026007155449
 70
192
  0
VERTEX
  5
21B1
330
17
100
AcDbEntity
  8
ELEM_04_COMPLETO
100
AcDbVertex
100
AcDbPolyFaceMeshVertex
 10
12119869.87191935
 20
3531619.184680783
 30
10.54026107155957
 70
192
  0
VERTEX
  5
21C2
330
17
100
AcDbEntity
  8
ELEM_04_COMPLETO
100
AcDbVertex
100
AcDbPolyFaceMeshVertex
 10
12119877.66851793
 20
3531623.808224685
 30
11.47915683155004
 70
192
  0
VERTEX
  5
21C3
330
17
100
AcDbEntity
  8
ELEM_04_COMPLETO
100
AcDbVertex
100
AcDbPolyFaceMeshVertex
 10
12119877.66851793
 20
3531623.808224685
 30
10.97915455072178
 70
192
  0
VERTEX
  5
21CD
330
17
100
AcDbEntity
  8
ELEM_04_COMPLETO
100
AcDbVertex
100
AcDbPolyFaceMeshVertex
 10
12119869.81851066
 20
3531619.272528376
 30
11.04065705238783
 70
192
  0
VERTEX
  5
21D3
330
17
100
AcDbEntity
  8
ELEM_04_COMPLETO
100
AcDbVertex
100
AcDbPolyFaceMeshVertex
 10
12119869.81851066
 20
3531619.272528376
 30
10.54065805239291
 70
192
  0
VERTEX
  5
21E2
330
17
100
AcDbEntity
  8
ELEM_04_COMPLETO
100
AcDbVertex
100
AcDbPolyFaceMeshVertex
 10
12119875.16296519
 20
3531628.169767801
 30
11.52915673154953
 70
192
  0
VERTEX
  5
21E3
330
17
100
AcDbEntity
  8
ELEM_04_COMPLETO
100
AcDbVertex
100
AcDbPolyFaceMeshVertex
 10
12119875.16296519
 20
3531628.169767801
 30
11.02915445072127
 70
192
  0
VERTEX
  5
21ED
330
17
100
AcDbEntity
  8
ELEM_04_COMPLETO
100
AcDbVertex
100
AcDbPolyFaceMeshVertex
 10
12119867.18094048
 20
3531623.610872718
 30
11.06019441488763
 70
192
  0
VERTEX
  5
21F1
330
17
100
AcDbEntity
  8
ELEM_04_COMPLETO
100
AcDbVertex
100
AcDbPolyFaceMeshVertex
 10
12119867.18094048
 20
3531623.610872718
 30
10.56019213405937
 70
192
  0
VERTEX
  5
2202
330
17
100
AcDbEntity
  8
ELEM_04_COMPLETO
100
AcDbVertex
100
AcDbPolyFaceMeshVertex
 10
12119872.80517464
 20
3531632.320783121
 30
11.57661070488238
 70
192
  0
VERTEX
  5
2203
330
17
100
AcDbEntity
  8
ELEM_04_COMPLETO
100
AcDbVertex
100
AcDbPolyFaceMeshVertex
 10
12119872.80517464
 20
3531632.320783121
 30
11.07660842405413
 70
192
  0
VERTEX
  5
220D
330
17
100
AcDbEntity
  8
ELEM_04_COMPLETO
100
AcDbVertex
100
AcDbPolyFaceMeshVertex
 10
12119864.67699863
 20
3531627.729434035
 30
11.07874096572077
 70
192
  0
VERTEX
  5
2211
330
17
100
AcDbEntity
  8
ELEM_04_COMPLETO
100
AcDbVertex
100
AcDbPolyFaceMeshVertex
 10
12119864.67699863
 20
3531627.729434035
 30
10.57873868489252
 70
192
  0
VERTEX
  5
2222
330
17
100
AcDbEntity
  8
ELEM_04_COMPLETO
100
AcDbVertex
100
AcDbPolyFaceMeshVertex
 10
12119872.67924969
 20
3531632.543781361
 30
11.57915663154902
 70
192
  0
VERTEX
  5
2223
330
17
100
AcDbEntity
  8
ELEM_04_COMPLETO
100
AcDbVertex
100
AcDbPolyFaceMeshVertex
 10
12119872.67924969
 20
3531632.543781361
 30
11.07915435072077
 70
192
  0
VERTEX
  5
222D
330
17
100
AcDbEntity
  8
ELEM_04_COMPLETO
100
AcDbVertex
100
AcDbPolyFaceMeshVertex
 10
12119864.54265507
 20
3531627.950404721
 30
11.07973505822076
 70
192
  0
VERTEX
  5
2233
330
17
100
AcDbEntity
  8
ELEM_04_COMPLETO
100
AcDbVertex
100
AcDbPolyFaceMeshVertex
 10
12119864.54265507
 20
3531627.950404721
 30
10.57973605822584
 70
192
  0
VERTEX
  5
2242
330
17
100
AcDbEntity
  8
ELEM_04_COMPLETO
100
AcDbVertex
100
AcDbPolyFaceMeshVertex
 10
12119870.21743375
 20
3531636.930160384
 30
11.62915653154851
 70
192
  0
VERTEX
  5
2243
330
17
100
AcDbEntity
  8
ELEM_04_COMPLETO
100
AcDbVertex
100
AcDbPolyFaceMeshVertex
 10
12119870.21743375
 20
3531636.930160384
 30
11.12915425072026
 70
192
  0
VERTEX
  5
224D
330
17
100
AcDbEntity
  8
ELEM_04_COMPLETO
100
AcDbVertex
100
AcDbPolyFaceMeshVertex
 10
12119861.90351337
 20
3531632.291340922
 30
11.09928226322056
 70
192
  0
VERTEX
  5
2251
330
17
100
AcDbEntity
  8
ELEM_04_COMPLETO
100
AcDbVertex
100
AcDbPolyFaceMeshVertex
 10
12119861.90351337
 20
3531632.291340922
 30
10.59928326322564
 70
192
  0
VERTEX
  5
2262
330
17
100
AcDbEntity
  8
ELEM_04_COMPLETO
100
AcDbVertex
100
AcDbPolyFaceMeshVertex
 10
12119870.08016696
 20
3531637.176255692
 30
11.63195836321515
 70
192
  0
VERTEX
  5
2263
330
17
100
AcDbEntity
  8
ELEM_04_COMPLETO
100
AcDbVertex
100
AcDbPolyFaceMeshVertex
 10
12119870.08016696
 20
3531637.176255692
 30
11.1319560823869
 70
192
  0
VERTEX
  5
226D
330
17
100
AcDbEntity
  8
ELEM_04_COMPLETO
100
AcDbVertex
100
AcDbPolyFaceMeshVertex
 10
12119861.75563636
 20
3531632.534575342
 30
11.10037806155388
 70
192
  0
VERTEX
  5
2273
330
17
100
AcDbEntity
  8
ELEM_04_COMPLETO
100
AcDbVertex
100
AcDbPolyFaceMeshVertex
 10
12119861.75563636
 20
3531632.534575342
 30
10.60037906155896
 70
192
  0
VERTEX
  5
2282
330
17
100
AcDbEntity
  8
ELEM_04_COMPLETO
100
AcDbVertex
100
AcDbPolyFaceMeshVertex
 10
12119867.97881289
 20
3531640.964040112
 30
11.67501601988138
 70
192
  0
VERTEX
  5
2283
330
17
100
AcDbEntity
  8
ELEM_04_COMPLETO
100
AcDbVertex
100
AcDbPolyFaceMeshVertex
 10
12119867.97881289
 20
3531640.964040112
 30
11.17501373905313
 70
192
  0
VERTEX
  5
228D
330
17
100
AcDbEntity
  8
ELEM_04_COMPLETO
100
AcDbVertex
100
AcDbPolyFaceMeshVertex
 10
12119859.48207792
 20
3531636.274187286
 30
11.11721857905371
 70
192
  0
VERTEX
  5
2291
330
17
100
AcDbEntity
  8
ELEM_04_COMPLETO
100
AcDbVertex
100
AcDbPolyFaceMeshVertex
 10
12119859.48207792
 20
3531636.274187286
 30
10.6172195790588
 70
192
  0
VERTEX
  5
22A2
330
17
100
AcDbEntity
  8
ELEM_04_COMPLETO
100
AcDbVertex
100
AcDbPolyFaceMeshVertex
 10
12119867.77758298
 20
3531641.328793318
 30
11.67915643154801
 70
192
  0
VERTEX
  5
22A3
330
17
100
AcDbEntity
  8
ELEM_04_COMPLETO
100
AcDbVertex
100
AcDbPolyFaceMeshVertex
 10
12119867.77758298
 20
3531641.328793318
 30
11.17915415071975
 70
192
  0
VERTEX
  5
22AD
330
17
100
AcDbEntity
  8
ELEM_04_COMPLETO
100
AcDbVertex
100
AcDbPolyFaceMeshVertex
 10
12119859.26338413
 20
3531636.633897853
 30
11.11883931072036
 70
192
  0
VERTEX
  5
22B3
330
17
100
AcDbEntity
  8
ELEM_04_COMPLETO
100
AcDbVertex
100
AcDbPolyFaceMeshVertex
 10
12119859.26338413
 20
3531636.633897853
 30
10.61883702989211
 70
192
  0
VERTEX
  5
22C2
330
17
100
AcDbEntity
  8
ELEM_04_COMPLETO
100
AcDbVertex
100
AcDbPolyFaceMeshVertex
 10
12119865.35975317
 20
3531645.739568617
 30
11.7291563315475
 70
192
  0
VERTEX
  5
22C3
330
17
100
AcDbEntity
  8
ELEM_04_COMPLETO
100
AcDbVertex
100
AcDbPolyFaceMeshVertex
 10
12119865.35975317
 20
3531645.739568617
 30
11.22915733155257
 70
192
  0
VERTEX
  5
22CD
330
17
100
AcDbEntity
  8
ELEM_04_COMPLETO
100
AcDbVertex
100
AcDbPolyFaceMeshVertex
 10
12119856.62213941
 20
3531640.978295332
 30
11.13840291988683
 70
192
  0
VERTEX
  5
22D1
330
17
100
AcDbEntity
  8
ELEM_04_COMPLETO
100
AcDbVertex
100
AcDbPolyFaceMeshVertex
 10
12119856.62213941
 20
3531640.978295332
 30
10.63840063905858
 70
192
  0
VERTEX
  5
22E2
330
17
100
AcDbEntity
  8
ELEM_04_COMPLETO
100
AcDbVertex
100
AcDbPolyFaceMeshVertex
 10
12119863.24161108
 20
3531649.647185474
 30
11.77333931404705
 70
192
  0
VERTEX
  5
22E3
330
17
100
AcDbEntity
  8
ELEM_04_COMPLETO
100
AcDbVertex
100
AcDbPolyFaceMeshVertex
 10
12119863.24161108
 20
3531649.647185474
 30
11.27333703321879
 70
192
  0
VERTEX
  5
22ED
330
17
100
AcDbEntity
  8
ELEM_04_COMPLETO
100
AcDbVertex
100
AcDbPolyFaceMeshVertex
 10
12119854.28715721
 20
3531644.818940537
 30
11.15569619238665
 70
192
  0
VERTEX
  5
22F1
330
17
100
AcDbEntity
  8
ELEM_04_COMPLETO
100
AcDbVertex
100
AcDbPolyFaceMeshVertex
 10
12119854.28715721
 20
3531644.818940537
 30
10.65569719239173
 70
192
  0
VERTEX
  5
2302
330
17
100
AcDbEntity
  8
ELEM_04_COMPLETO
100
AcDbVertex
100
AcDbPolyFaceMeshVertex
 10
12119862.96400993
 20
3531650.162381294
 30
11.77915623154699
 70
192
  0
VERTEX
  5
2303
330
17
100
AcDbEntity
  8
ELEM_04_COMPLETO
100
AcDbVertex
100
AcDbPolyFaceMeshVertex
 10
12119862.96400993
 20
3531650.162381294
 30
11.27915723155207
 70
192
  0
VERTEX
  5
230D
330
17
100
AcDbEntity
  8
ELEM_04_COMPLETO
100
AcDbVertex
100
AcDbPolyFaceMeshVertex
 10
12119853.97964142
 20
3531645.324749893
 30
11.15797309071997
 70
192
  0
VERTEX
  5
2311
330
17
100
AcDbEntity
  8
ELEM_04_COMPLETO
100
AcDbVertex
100
AcDbPolyFaceMeshVertex
 10
12119853.97964142
 20
3531645.324749893
 30
10.65797409072504
 70
192
  0
VERTEX
  5
2322
330
17
100
AcDbEntity
  8
ELEM_04_COMPLETO
100
AcDbVertex
100
AcDbPolyFaceMeshVertex
 10
12119862.8841282
 20
3531650.310770106
 30
11.78082945654697
 70
192
  0
VERTEX
  5
2323
330
17
100
AcDbEntity
  8
ELEM_04_COMPLETO
100
AcDbVertex
100
AcDbPolyFaceMeshVertex
 10
12119862.8841282
 20
3531650.310770106
 30
11.28083045655205
 70
192
  0
VERTEX
  5
232D
330
17
100
AcDbEntity
  8
ELEM_04_COMPLETO
100
AcDbVertex
100
AcDbPolyFaceMeshVertex
 10
12119853.89108516
 20
3531645.47040905
 30
11.15862925738662
 70
192
  0
VERTEX
  5
2333
330
17
100
AcDbEntity
  8
ELEM_04_COMPLETO
100
AcDbVertex
100
AcDbPolyFaceMeshVertex
 10
12119853.89108516
 20
3531645.47040905
 30
10.65863025739171
 70
192
  0
VERTEX
  5
2342
330
17
100
AcDbEntity
  8
ELEM_04_COMPLETO
100
AcDbVertex
100
AcDbPolyFaceMeshVertex
 10
12119862.74520131
 20
3531650.568971688
 30
11.78373299404694
 70
192
  0
VERTEX
  5
2343
330
17
100
AcDbEntity
  8
ELEM_04_COMPLETO
100
AcDbVertex
100
AcDbPolyFaceMeshVertex
 10
12119862.74520131
 20
3531650.568971688
 30
11.28373399405202
 70
192
  0
VERTEX
  5
234D
330
17
100
AcDbEntity
  8
ELEM_04_COMPLETO
100
AcDbVertex
100
AcDbPolyFaceMeshVertex
 10
12119853.73700739
 20
3531645.723843584
 30
11.15977098738661
 70
192
  0
VERTEX
  5
2353
330
17
100
AcDbEntity
  8
ELEM_04_COMPLETO
100
AcDbVertex
100
AcDbPolyFaceMeshVertex
 10
12119853.73700739
 20
3531645.723843584
 30
10.65977198739169
 70
192
  0
VERTEX
  5
2362
330
17
100
AcDbEntity
  8
ELEM_04_COMPLETO
100
AcDbVertex
100
AcDbPolyFaceMeshVertex
 10
12119860.59040904
 20
3531654.597116519
 30
11.82565220154651
 70
192
  0
VERTEX
  5
2363
330
17
100
AcDbEntity
  8
ELEM_04_COMPLETO
100
AcDbVertex
100
AcDbPolyFaceMeshVertex
 10
12119860.59040904
 20
3531654.597116519
 30
11.32565320155159
 70
192
  0
VERTEX
  5
236D
330
17
100
AcDbEntity
  8
ELEM_04_COMPLETO
100
AcDbVertex
100
AcDbPolyFaceMeshVertex
 10
12119851.45654935
 20
3531649.737739756
 30
11.17753669988643
 70
192
  0
VERTEX
  5
2371
330
17
100
AcDbEntity
  8
ELEM_04_COMPLETO
100
AcDbVertex
100
AcDbPolyFaceMeshVertex
 10
12119851.45654935
 20
3531649.737739756
 30
10.67753441905818
 70
192
  0
VERTEX
  5
2382
330
17
100
AcDbEntity
  8
ELEM_04_COMPLETO
100
AcDbVertex
100
AcDbPolyFaceMeshVertex
 10
12119859.23988024
 20
3531657.144417855
 30
11.84892643321295
 70
192
  0
VERTEX
  5
2383
330
17
100
AcDbEntity
  8
ELEM_04_COMPLETO
100
AcDbVertex
100
AcDbPolyFaceMeshVertex
 10
12119859.23988024
 20
3531657.144417855
 30
11.34892415238469
 70
192
  0
VERTEX
  5
238D
330
17
100
AcDbEntity
  8
ELEM_04_COMPLETO
100
AcDbVertex
100
AcDbPolyFaceMeshVertex
 10
12119850.01699186
 20
3531652.271543742
 30
11.18874730738632
 70
192
  0
VERTEX
  5
2391
330
17
100
AcDbEntity
  8
ELEM_04_COMPLETO
100
AcDbVertex
100
AcDbPolyFaceMeshVertex
 10
12119850.01699186
 20
3531652.271543742
 30
10.6887483073914
 70
192
  0
VERTEX
  5
23A2
330
17
100
AcDbEntity
  8
ELEM_04_COMPLETO
100
AcDbVertex
100
AcDbPolyFaceMeshVertex
 10
12119858.58899571
 20
3531658.378414732
 30
11.85930370904617
 70
192
  0
VERTEX
  5
23A3
330
17
100
AcDbEntity
  8
ELEM_04_COMPLETO
100
AcDbVertex
100
AcDbPolyFaceMeshVertex
 10
12119858.58899571
 20
3531658.378414732
 30
11.35930142821792
 70
192
  0
VERTEX
  5
23AD
330
17
100
AcDbEntity
  8
ELEM_04_COMPLETO
100
AcDbVertex
100
AcDbPolyFaceMeshVertex
 10
12119849.32031675
 20
3531653.497774885
 30
11.1941738057196
 70
192
  0
VERTEX
  5
23B1
330
17
100
AcDbEntity
  8
ELEM_04_COMPLETO
100
AcDbVertex
100
AcDbPolyFaceMeshVertex
 10
12119849.32031675
 20
3531653.497774885
 30
10.69417480572468
 70
192
  0
VERTEX
  5
23C2
330
17
100
AcDbEntity
  8
ELEM_04_COMPLETO
100
AcDbVertex
100
AcDbPolyFaceMeshVertex
 10
12119858.23901282
 20
3531659.043662745
 30
11.86465474821279
 70
192
  0
VERTEX
  5
23C3
330
17
100
AcDbEntity
  8
ELEM_04_COMPLETO
100
AcDbVertex
100
AcDbPolyFaceMeshVertex
 10
12119858.23901282
 20
3531659.043662745
 30
11.36465246738453
 70
192
  0
VERTEX
  5
23CD
330
17
100
AcDbEntity
  8
ELEM_04_COMPLETO
100
AcDbVertex
100
AcDbPolyFaceMeshVertex
 10
12119848.94492708
 20
3531654.158511754
 30
11.1971003090529
 70
192
  0
VERTEX
  5
23D1
330
17
100
AcDbEntity
  8
ELEM_04_COMPLETO
100
AcDbVertex
100
AcDbPolyFaceMeshVertex
 10
12119848.94492708
 20
3531654.158511754
 30
10.69709802822465
 70
192
  0
VERTEX
  5
23E2
330
17
100
AcDbEntity
  8
ELEM_04_COMPLETO
100
AcDbVertex
100
AcDbPolyFaceMeshVertex
 10
12119855.90987706
 20
3531663.501911702
 30
11.8961540290458
 70
192
  0
VERTEX
  5
23E3
330
17
100
AcDbEntity
  8
ELEM_04_COMPLETO
100
AcDbVertex
100
AcDbPolyFaceMeshVertex
 10
12119855.90987706
 20
3531663.501911702
 30
11.39615502905088
 70
192
  0
VERTEX
  5
23ED
330
17
100
AcDbEntity
  8
ELEM_04_COMPLETO
100
AcDbVertex
100
AcDbPolyFaceMeshVertex
 10
12119846.4324846
 20
3531658.580730599
 30
11.21667047988604
 70
192
  0
VERTEX
  5
23F1
330
17
100
AcDbEntity
  8
ELEM_04_COMPLETO
100
AcDbVertex
100
AcDbPolyFaceMeshVertex
 10
12119846.4324846
 20
3531658.580730599
 30
10.71667147989112
 70
192
  0
VERTEX
  5
2402
330
17
100
AcDbEntity
  8
ELEM_04_COMPLETO
100
AcDbVertex
100
AcDbPolyFaceMeshVertex
 10
12119854.02479553
 20
3531667.150460834
 30
11.91631474987893
 70
192
  0
VERTEX
  5
2403
330
17
100
AcDbEntity
  8
ELEM_04_COMPLETO
100
AcDbVertex
100
AcDbPolyFaceMeshVertex
 10
12119854.02479553
 20
3531667.150460834
 30
11.41631246905068
 70
192
  0
VERTEX
  5
240D
330
17
100
AcDbEntity
  8
ELEM_04_COMPLETO
100
AcDbVertex
100
AcDbPolyFaceMeshVertex
 10
12119844.38049395
 20
3531662.192495029
 30
11.23265469988587
 70
192
  0
VERTEX
  5
2411
330
17
100
AcDbEntity
  8
ELEM_04_COMPLETO
100
AcDbVertex
100
AcDbPolyFaceMeshVertex
 10
12119844.38049395
 20
3531662.192495029
 30
10.73265241905762
 70
192
  0
VERTEX
  5
2422
330
17
100
AcDbEntity
  8
ELEM_04_COMPLETO
100
AcDbVertex
100
AcDbPolyFaceMeshVertex
 10
12119853.60306409
 20
3531667.971748563
 30
11.92015660571222
 70
192
  0
VERTEX
  5
2423
330
17
100
AcDbEntity
  8
ELEM_04_COMPLETO
100
AcDbVertex
100
AcDbPolyFaceMeshVertex
 10
12119853.60306409
 20
3531667.971748563
 30
11.4201576057173
 70
192
  0
VERTEX
  5
242D
330
17
100
AcDbEntity
  8
ELEM_04_COMPLETO
100
AcDbVertex
100
AcDbPolyFaceMeshVertex
 10
12119843.91909068
 20
3531663.004619389
 30
11.23624721238584
 70
192
  0
VERTEX
  5
2431
330
17
100
AcDbEntity
  8
ELEM_04_COMPLETO
100
AcDbVertex
100
AcDbPolyFaceMeshVertex
 10
12119843.91909068
 20
3531663.004619389
 30
10.73624821239092
 70
192
  0
VERTEX
  5
2442
330
17
100
AcDbEntity
  8
ELEM_04_COMPLETO
100
AcDbVertex
100
AcDbPolyFaceMeshVertex
 10
12119851.3186264
 20
3531672.453065059
 30
11.93665919737872
 70
192
  0
VERTEX
  5
2443
330
17
100
AcDbEntity
  8
ELEM_04_COMPLETO
100
AcDbVertex
100
AcDbPolyFaceMeshVertex
 10
12119851.3186264
 20
3531672.453065059
 30
11.43665691655047
 70
192
  0
VERTEX
  5
244D
330
17
100
AcDbEntity
  8
ELEM_04_COMPLETO
100
AcDbVertex
100
AcDbPolyFaceMeshVertex
 10
12119841.40462392
 20
3531667.430397939
 30
11.25583378738564
 70
192
  0
VERTEX
  5
2451
330
17
100
AcDbEntity
  8
ELEM_04_COMPLETO
100
AcDbVertex
100
AcDbPolyFaceMeshVertex
 10
12119841.40462392
 20
3531667.430397939
 30
10.75583478739072
 70
192
  0
VERTEX
  5
2462
330
17
100
AcDbEntity
  8
ELEM_04_COMPLETO
100
AcDbVertex
100
AcDbPolyFaceMeshVertex
 10
12119849.55068374
 20
3531675.959685342
 30
11.94432650487864
 70
192
  0
VERTEX
  5
2463
330
17
100
AcDbEntity
  8
ELEM_04_COMPLETO
100
AcDbVertex
100
AcDbPolyFaceMeshVertex
 10
12119849.55068374
 20
3531675.959685342
 30
11.44432750488372
 70
192
  0
VERTEX
  5
246D
330
17
100
AcDbEntity
  8
ELEM_04_COMPLETO
100
AcDbVertex
100
AcDbPolyFaceMeshVertex
 10
12119839.44066787
 20
3531670.887211892
 30
11.27113231321882
 70
192
  0
VERTEX
  5
2471
330
17
100
AcDbEntity
  8
ELEM_04_COMPLETO
100
AcDbVertex
100
AcDbPolyFaceMeshVertex
 10
12119839.44066787
 20
3531670.887211892
 30
10.77113331322389
 70
192
  0
VERTEX
  5
2482
330
17
100
AcDbEntity
  8
ELEM_04_COMPLETO
100
AcDbVertex
100
AcDbPolyFaceMeshVertex
 10
12119849.05662305
 20
3531676.945746362
 30
11.94565852321196
 70
192
  0
VERTEX
  5
2483
330
17
100
AcDbEntity
  8
ELEM_04_COMPLETO
100
AcDbVertex
100
AcDbPolyFaceMeshVertex
 10
12119849.05662305
 20
3531676.945746362
 30
11.44565952321704
 70
192
  0
VERTEX
  5
248D
330
17
100
AcDbEntity
  8
ELEM_04_COMPLETO
100
AcDbVertex
100
AcDbPolyFaceMeshVertex
 10
12119838.88895638
 20
3531671.858292627
 30
11.27543020488544
 70
192
  0
VERTEX
  5
2491
330
17
100
AcDbEntity
  8
ELEM_04_COMPLETO
100
AcDbVertex
100
AcDbPolyFaceMeshVertex
 10
12119838.88895638
 20
3531671.858292627
 30
10.77543120489052
 70
192
  0
VERTEX
  5
24A2
330
17
100
AcDbEntity
  8
ELEM_04_COMPLETO
100
AcDbVertex
100
AcDbPolyFaceMeshVertex
 10
12119848.85331637
 20
3531677.352303948
 30
11.94610471654529
 70
192
  0
VERTEX
  5
24A3
330
17
100
AcDbEntity
  8
ELEM_04_COMPLETO
100
AcDbVertex
100
AcDbPolyFaceMeshVertex
 10
12119848.85331637
 20
3531677.352303948
 30
11.44610243571704
 70
192
  0
VERTEX
  5
24AD
330
17
100
AcDbEntity
  8
ELEM_04_COMPLETO
100
AcDbVertex
100
AcDbPolyFaceMeshVertex
 10
12119838.66155197
 20
3531672.258551012
 30
11.27720185488542
 70
192
  0
VERTEX
  5
24B3
330
17
100
AcDbEntity
  8
ELEM_04_COMPLETO
100
AcDbVertex
100
AcDbPolyFaceMeshVertex
 10
12119838.66155197
 20
3531672.258551012
 30
10.77719957405717
 70
192
  0
VERTEX
  5
24C2
330
17
100
AcDbEntity
  8
ELEM_04_COMPLETO
100
AcDbVertex
100
AcDbPolyFaceMeshVertex
 10
12119846.8171131
 20
3531681.449684204
 30
11.94716114487861
 70
192
  0
VERTEX
  5
24C3
330
17
100
AcDbEntity
  8
ELEM_04_COMPLETO
100
AcDbVertex
100
AcDbPolyFaceMeshVertex
 10
12119846.8171131
 20
3531681.449684204
 30
11.44716214488369
 70
192
  0
VERTEX
  5
24CD
330
17
100
AcDbEntity
  8
ELEM_04_COMPLETO
100
AcDbVertex
100
AcDbPolyFaceMeshVertex
 10
12119836.3719601
 20
3531676.288526548
 30
11.29503646488524
 70
192
  0
VERTEX
  5
24D1
330
17
100
AcDbEntity
  8
ELEM_04_COMPLETO
100
AcDbVertex
100
AcDbPolyFaceMeshVertex
 10
12119836.3719601
 20
3531676.288526548
 30
10.79503746489032
 70
192
  0
VERTEX
  5
24E2
330
17
100
AcDbEntity
  8
ELEM_04_COMPLETO
100
AcDbVertex
100
AcDbPolyFaceMeshVertex
 10
12119845.16770695
 20
3531684.803424217
 30
11.94342099487865
 70
192
  0
VERTEX
  5
24E3
330
17
100
AcDbEntity
  8
ELEM_04_COMPLETO
100
AcDbVertex
100
AcDbPolyFaceMeshVertex
 10
12119845.16770695
 20
3531684.803424217
 30
11.4434187140504
 70
192
  0
VERTEX
  5
24ED
330
17
100
AcDbEntity
  8
ELEM_04_COMPLETO
100
AcDbVertex
100
AcDbPolyFaceMeshVertex
 10
12119834.50084179
 20
3531679.581928754
 30
11.30960992655176
 70
192
  0
VERTEX
  5
24F1
330
17
100
AcDbEntity
  8
ELEM_04_COMPLETO
100
AcDbVertex
100
AcDbPolyFaceMeshVertex
 10
12119834.50084179
 20
3531679.581928754
 30
10.80961092655684
 70
192
  0
VERTEX
  5
2502
330
17
100
AcDbEntity
  8
ELEM_04_COMPLETO
100
AcDbVertex
100
AcDbPolyFaceMeshVertex
 10
12119844.6001523
 20
3531685.964760477
 30
11.94116050071201
 70
192
  0
VERTEX
  5
2503
330
17
100
AcDbEntity
  8
ELEM_04_COMPLETO
100
AcDbVertex
100
AcDbPolyFaceMeshVertex
 10
12119844.6001523
 20
3531685.964760477
 30
11.44116150071709
 70
192
  0
VERTEX
  5
250D
330
17
100
AcDbEntity
  8
ELEM_04_COMPLETO
100
AcDbVertex
100
AcDbPolyFaceMeshVertex
 10
12119833.85350713
 20
3531680.72131952
 30
11.31465256738504
 70
192
  0
VERTEX
  5
2511
330
17
100
AcDbEntity
  8
ELEM_04_COMPLETO
100
AcDbVertex
100
AcDbPolyFaceMeshVertex
 10
12119833.85350713
 20
3531680.72131952
 30
10.81465356739012
 70
192
  0
VERTEX
  5
2522
330
17
100
AcDbEntity
  8
ELEM_04_COMPLETO
100
AcDbVertex
100
AcDbPolyFaceMeshVertex
 10
12119842.91072983
 20
3531689.444261392
 30
11.93144923404544
 70
192
  0
VERTEX
  5
2523
330
17
100
AcDbEntity
  8
ELEM_04_COMPLETO
100
AcDbVertex
100
AcDbPolyFaceMeshVertex
 10
12119842.91072983
 20
3531689.444261392
 30
11.43144695321719
 70
192
  0
VERTEX
  5
252D
330
17
100
AcDbEntity
  8
ELEM_04_COMPLETO
100
AcDbVertex
100
AcDbPolyFaceMeshVertex
 10
12119831.91580431
 20
3531684.131919654
 30
11.32974768155155
 70
192
  0
VERTEX
  5
2531
330
17
100
AcDbEntity
  8
ELEM_04_COMPLETO
100
AcDbVertex
100
AcDbPolyFaceMeshVertex
 10
12119831.91580431
 20
3531684.131919654
 30
10.8297454007233
 70
192
  0
VERTEX
  5
2542
330
17
100
AcDbEntity
  8
ELEM_04_COMPLETO
100
AcDbVertex
100
AcDbPolyFaceMeshVertex
 10
12119842.40579317
 20
3531690.49086691
 30
11.92766315237881
 70
192
  0
VERTEX
  5
2543
330
17
100
AcDbEntity
  8
ELEM_04_COMPLETO
100
AcDbVertex
100
AcDbPolyFaceMeshVertex
 10
12119842.40579317
 20
3531690.49086691
 30
11.42766415238389
 70
192
  0
VERTEX
  5
254D
330
17
100
AcDbEntity
  8
ELEM_04_COMPLETO
100
AcDbVertex
100
AcDbPolyFaceMeshVertex
 10
12119831.3334728
 20
3531685.156897919
 30
11.34429161571807
 70
192
  0
VERTEX
  5
2551
330
17
100
AcDbEntity
  8
ELEM_04_COMPLETO
100
AcDbVertex
100
AcDbPolyFaceMeshVertex
 10
12119831.3334728
 20
3531685.156897919
 30
10.84429261572315
 70
192
  0
VERTEX
  5
2562
330
17
100
AcDbEntity
  8
ELEM_04_COMPLETO
100
AcDbVertex
100
AcDbPolyFaceMeshVertex
 10
12119840.87683954
 20
3531693.679003578
 30
11.91368680237895
 70
192
  0
VERTEX
  5
2563
330
17
100
AcDbEntity
  8
ELEM_04_COMPLETO
100
AcDbVertex
100
AcDbPolyFaceMeshVertex
 10
12119840.87683954
 20
3531693.679003578
 30
11.4136845215507
 70
192
  0
VERTEX
  5
256E
330
17
100
AcDbEntity
  8
ELEM_04_COMPLETO
100
AcDbVertex
100
AcDbPolyFaceMeshVertex
 10
12119829.56101572
 20
3531688.276648897
 30
11.38856318071762
 70
192
  0
VERTEX
  5
2571
330
17
100
AcDbEntity
  8
ELEM_04_COMPLETO
100
AcDbVertex
100
AcDbPolyFaceMeshVertex
 10
12119829.56101572
 20
3531688.276648897
 30
10.8885641807227
 70
192
  0
VERTEX
  5
2582
330
17
100
AcDbEntity
  8
ELEM_04_COMPLETO
100
AcDbVertex
100
AcDbPolyFaceMeshVertex
 10
12119840.28660122
 20
3531694.917491914
 30
11.90726293071235
 70
192
  0
VERTEX
  5
2583
330
17
100
AcDbEntity
  8
ELEM_04_COMPLETO
100
AcDbVertex
100
AcDbPolyFaceMeshVertex
 10
12119840.28660122
 20
3531694.917491914
 30
11.40726393071743
 70
192
  0
VERTEX
  5
258E
330
17
100
AcDbEntity
  8
ELEM_04_COMPLETO
100
AcDbVertex
100
AcDbPolyFaceMeshVertex
 10
12119828.87303809
 20
3531689.487578234
 30
11.40574818571745
 70
192
  0
VERTEX
  5
2591
330
17
100
AcDbEntity
  8
ELEM_04_COMPLETO
100
AcDbVertex
100
AcDbPolyFaceMeshVertex
 10
12119828.87303809
 20
3531689.487578234
 30
10.90574918572253
 70
192
  0
VERTEX
  5
25A1
330
17
100
AcDbEntity
  8
ELEM_04_COMPLETO
100
AcDbVertex
100
AcDbPolyFaceMeshVertex
 10
12119840.23409148
 20
3531695.027888677
 30
11.90666581904569
 70
192
  0
VERTEX
  5
25A2
330
17
100
AcDbEntity
  8
ELEM_04_COMPLETO
100
AcDbVertex
100
AcDbPolyFaceMeshVertex
 10
12119840.23409148
 20
3531695.027888677
 30
11.40666353821744
 70
192
  0
VERTEX
  5
25AE
330
17
100
AcDbEntity
  8
ELEM_04_COMPLETO
100
AcDbVertex
100
AcDbPolyFaceMeshVertex
 10
12119828.81295619
 20
3531689.596072112
 30
11.40727705405077
 70
192
  0
VERTEX
  5
25B3
330
17
100
AcDbEntity
  8
ELEM_04_COMPLETO
100
AcDbVertex
100
AcDbPolyFaceMeshVertex
 10
12119828.81295619
 20
3531689.596072112
 30
10.90727805405585
 70
192
  0
VERTEX
  5
25C1
330
17
100
AcDbEntity
  8
ELEM_04_COMPLETO
100
AcDbVertex
100
AcDbPolyFaceMeshVertex
 10
12119840.16172287
 20
3531695.180083253
 30
11.90583248737903
 70
192
  0
VERTEX
  5
25C2
330
17
100
AcDbEntity
  8
ELEM_04_COMPLETO
100
AcDbVertex
100
AcDbPolyFaceMeshVertex
 10
12119840.16172287
 20
3531695.180083253
 30
11.40583020655078
 70
192
  0
VERTEX
  5
25CE
330
17
100
AcDbEntity
  8
ELEM_04_COMPLETO
100
AcDbVertex
100
AcDbPolyFaceMeshVertex
 10
12119828.73013155
 20
3531689.745642022
 30
11.40938662988408
 70
192
  0
VERTEX
  5
25D3
330
17
100
AcDbEntity
  8
ELEM_04_COMPLETO
100
AcDbVertex
100
AcDbPolyFaceMeshVertex
 10
12119828.73013155
 20
3531689.745642022
 30
10.90938762988916
 70
192
  0
VERTEX
  5
25E2
330
17
100
AcDbEntity
  8
ELEM_04_COMPLETO
100
AcDbVertex
100
AcDbPolyFaceMeshVertex
 10
12119838.92577389
 20
3531697.789605593
 30
11.89147884154585
 70
192
  0
VERTEX
  5
25E3
330
17
100
AcDbEntity
  8
ELEM_04_COMPLETO
100
AcDbVertex
100
AcDbPolyFaceMeshVertex
 10
12119838.92577389
 20
3531697.789605593
 30
11.39147984155092
 70
192
  0
VERTEX
  5
25EE
330
17
100
AcDbEntity
  8
ELEM_04_COMPLETO
100
AcDbVertex
100
AcDbPolyFaceMeshVertex
 10
12119827.31076759
 20
3531692.308786502
 30
11.44553813238371
 70
192
  0
VERTEX
  5
25F1
330
17
100
AcDbEntity
  8
ELEM_04_COMPLETO
100
AcDbVertex
100
AcDbPolyFaceMeshVertex
 10
12119827.31076759
 20
3531692.308786502
 30
10.94553913238879
 70
192
  0
VERTEX
  5
2602
330
17
100
AcDbEntity
  8
ELEM_04_COMPLETO
100
AcDbVertex
100
AcDbPolyFaceMeshVertex
 10
12119838.08509972
 20
3531699.575710945
 30
11.88166914987928
 70
192
  0
VERTEX
  5
2603
330
17
100
AcDbEntity
  8
ELEM_04_COMPLETO
100
AcDbVertex
100
AcDbPolyFaceMeshVertex
 10
12119838.08509972
 20
3531699.575710945
 30
11.38167014988436
 70
192
  0
VERTEX
  5
260E
330
17
100
AcDbEntity
  8
ELEM_04_COMPLETO
100
AcDbVertex
100
AcDbPolyFaceMeshVertex
 10
12119826.34007728
 20
3531694.061693102
 30
11.47026249238346
 70
192
  0
VERTEX
  5
2611
330
17
100
AcDbEntity
  8
ELEM_04_COMPLETO
100
AcDbVertex
100
AcDbPolyFaceMeshVertex
 10
12119826.34007728
 20
3531694.061693102
 30
10.97026349238854
 70
192
  0
VERTEX
  5
2622
330
17
100
AcDbEntity
  8
ELEM_04_COMPLETO
100
AcDbVertex
100
AcDbPolyFaceMeshVertex
 10
12119836.67600477
 20
3531702.590078276
 30
11.86513046904611
 70
192
  0
VERTEX
  5
2623
330
17
100
AcDbEntity
  8
ELEM_04_COMPLETO
100
AcDbVertex
100
AcDbPolyFaceMeshVertex
 10
12119836.67600477
 20
3531702.590078276
 30
11.36513146905119
 70
192
  0
VERTEX
  5
262E
330
17
100
AcDbEntity
  8
ELEM_04_COMPLETO
100
AcDbVertex
100
AcDbPolyFaceMeshVertex
 10
12119824.70331217
 20
3531697.01743194
 30
11.51194876071637
 70
192
  0
VERTEX
  5
2631
330
17
100
AcDbEntity
  8
ELEM_04_COMPLETO
100
AcDbVertex
100
AcDbPolyFaceMeshVertex
 10
12119824.70331217
 20
3531697.01743194
 30
11.01194976072145
 70
192
  0
VERTEX
  5
2642
330
17
100
AcDbEntity
  8
ELEM_04_COMPLETO
100
AcDbVertex
100
AcDbPolyFaceMeshVertex
 10
12119835.95887694
 20
3531704.134222168
 30
11.85666919987953
 70
192
  0
VERTEX
  5
2643
330
17
100
AcDbEntity
  8
ELEM_04_COMPLETO
100
AcDbVertex
100
AcDbPolyFaceMeshVertex
 10
12119835.95887694
 20
3531704.134222168
 30
11.35667019988461
 70
192
  0
VERTEX
  5
264E
330
17
100
AcDbEntity
  8
ELEM_04_COMPLETO
100
AcDbVertex
100
AcDbPolyFaceMeshVertex
 10
12119823.86554482
 20
3531698.530302931
 30
11.53328730071615
 70
192
  0
VERTEX
  5
2651
330
17
100
AcDbEntity
  8
ELEM_04_COMPLETO
100
AcDbVertex
100
AcDbPolyFaceMeshVertex
 10
12119823.86554482
 20
3531698.530302931
 30
11.03328830072123
 70
192
  0
VERTEX
  5
2662
330
17
100
AcDbEntity
  8
ELEM_04_COMPLETO
100
AcDbVertex
100
AcDbPolyFaceMeshVertex
 10
12119833.85547235
 20
3531708.703304237
 30
11.83166924987979
 70
192
  0
VERTEX
  5
2663
330
17
100
AcDbEntity
  8
ELEM_04_COMPLETO
100
AcDbVertex
100
AcDbPolyFaceMeshVertex
 10
12119833.85547235
 20
3531708.703304237
 30
11.33166696905153
 70
192
  0
VERTEX
  5
266E
330
17
100
AcDbEntity
  8
ELEM_04_COMPLETO
100
AcDbVertex
100
AcDbPolyFaceMeshVertex
 10
12119821.38923088
 20
3531703.002127977
 30
11.59635804071551
 70
192
  0
VERTEX
  5
2671
330
17
100
AcDbEntity
  8
ELEM_04_COMPLETO
100
AcDbVertex
100
AcDbPolyFaceMeshVertex
 10
12119821.38923088
 20
3531703.002127977
 30
11.09635904072059
 70
192
  0
VERTEX
  5
2682
330
17
100
AcDbEntity
  8
ELEM_04_COMPLETO
100
AcDbVertex
100
AcDbPolyFaceMeshVertex
 10
12119832.56781417
 20
3531711.530440972
 30
11.81622964821328
 70
192
  0
VERTEX
  5
2683
330
17
100
AcDbEntity
  8
ELEM_04_COMPLETO
100
AcDbVertex
100
AcDbPolyFaceMeshVertex
 10
12119832.56781417
 20
3531711.530440972
 30
11.31622736738502
 70
192
  0
VERTEX
  5
268E
330
17
100
AcDbEntity
  8
ELEM_04_COMPLETO
100
AcDbVertex
100
AcDbPolyFaceMeshVertex
 10
12119819.85889601
 20
3531705.765665756
 30
11.63533434071512
 70
192
  0
VERTEX
  5
2691
330
17
100
AcDbEntity
  8
ELEM_04_COMPLETO
100
AcDbVertex
100
AcDbPolyFaceMeshVertex
 10
12119819.85889601
 20
3531705.765665756
 30
11.1353353407202
 70
192
  0
VERTEX
  5
26A2
330
17
100
AcDbEntity
  8
ELEM_04_COMPLETO
100
AcDbVertex
100
AcDbPolyFaceMeshVertex
 10
12119831.77493845
 20
3531713.282852166
 30
11.80666929988004
 70
192
  0
VERTEX
  5
26A3
330
17
100
AcDbEntity
  8
ELEM_04_COMPLETO
100
AcDbVertex
100
AcDbPolyFaceMeshVertex
 10
12119831.77493845
 20
3531713.282852166
 30
11.30666701905179
 70
192
  0
VERTEX
  5
26AE
330
17
100
AcDbEntity
  8
ELEM_04_COMPLETO
100
AcDbVertex
100
AcDbPolyFaceMeshVertex
 10
12119818.91101077
 20
3531707.477391336
 30
11.65947799321487
 70
192
  0
VERTEX
  5
26B1
330
17
100
AcDbEntity
  8
ELEM_04_COMPLETO
100
AcDbVertex
100
AcDbPolyFaceMeshVertex
 10
12119818.91101077
 20
3531707.477391336
 30
11.15947899321995
 70
192
  0
VERTEX
  5
26C2
330
17
100
AcDbEntity
  8
ELEM_04_COMPLETO
100
AcDbVertex
100
AcDbPolyFaceMeshVertex
 10
12119829.71733102
 20
3531717.87274128
 30
11.7816693498803
 70
192
  0
VERTEX
  5
26C3
330
17
100
AcDbEntity
  8
ELEM_04_COMPLETO
100
AcDbVertex
100
AcDbPolyFaceMeshVertex
 10
12119829.71733102
 20
3531717.87274128
 30
11.28166706905204
 70
192
  0
VERTEX
  5
26CA
330
17
100
AcDbEntity
  8
ELEM_04_COMPLETO
100
AcDbVertex
100
AcDbPolyFaceMeshVertex
 10
12119816.43075982
 20
3531711.956329228
 30
11.72265043904756
 70
192
  0
VERTEX
  5
26D1
330
17
100
AcDbEntity
  8
ELEM_04_COMPLETO
100
AcDbVertex
100
AcDbPolyFaceMeshVertex
 10
12119816.43075982
 20
3531711.956329228
 30
11.22264815821931
 70
192
  0
VERTEX
  5
26E2
330
17
100
AcDbEntity
  8
ELEM_04_COMPLETO
100
AcDbVertex
100
AcDbPolyFaceMeshVertex
 10
12119829.46232169
 20
3531718.445899581
 30
11.77854927738033
 70
192
  0
VERTEX
  5
26E3
330
17
100
AcDbEntity
  8
ELEM_04_COMPLETO
100
AcDbVertex
100
AcDbPolyFaceMeshVertex
 10
12119829.46232169
 20
3531718.445899581
 30
11.27855027738541
 70
192
  0
VERTEX
  5
26EA
330
17
100
AcDbEntity
  8
ELEM_04_COMPLETO
100
AcDbVertex
100
AcDbPolyFaceMeshVertex
 10
12119816.12128209
 20
3531712.515199501
 30
11.73053100071415
 70
192
  0
VERTEX
  5
26F1
330
17
100
AcDbEntity
  8
ELEM_04_COMPLETO
100
AcDbVertex
100
AcDbPolyFaceMeshVertex
 10
12119816.12128209
 20
3531712.515199501
 30
11.23053200071923
 70
192
  0
VERTEX
  5
2702
330
17
100
AcDbEntity
  8
ELEM_04_COMPLETO
100
AcDbVertex
100
AcDbPolyFaceMeshVertex
 10
12119829.04388748
 20
3531719.388460033
 30
11.77342461571371
 70
192
  0
VERTEX
  5
2703
330
17
100
AcDbEntity
  8
ELEM_04_COMPLETO
100
AcDbVertex
100
AcDbPolyFaceMeshVertex
 10
12119829.04388748
 20
3531719.388460033
 30
11.27342561571879
 70
192
  0
VERTEX
  5
270A
330
17
100
AcDbEntity
  8
ELEM_04_COMPLETO
100
AcDbVertex
100
AcDbPolyFaceMeshVertex
 10
12119815.61245437
 20
3531713.434059212
 30
11.74349029238068
 70
192
  0
VERTEX
  5
2711
330
17
100
AcDbEntity
  8
ELEM_04_COMPLETO
100
AcDbVertex
100
AcDbPolyFaceMeshVertex
 10
12119815.61245437
 20
3531713.434059212
 30
11.24349129238576
 70
192
  0
VERTEX
  5
2722
330
17
100
AcDbEntity
  8
ELEM_04_COMPLETO
100
AcDbVertex
100
AcDbPolyFaceMeshVertex
 10
12119828.55269424
 20
3531720.498257682
 30
11.76739444404711
 70
192
  0
VERTEX
  5
2723
330
17
100
AcDbEntity
  8
ELEM_04_COMPLETO
100
AcDbVertex
100
AcDbPolyFaceMeshVertex
 10
12119828.55269424
 20
3531720.498257682
 30
11.26739216321885
 70
192
  0
VERTEX
  5
272A
330
17
100
AcDbEntity
  8
ELEM_04_COMPLETO
100
AcDbVertex
100
AcDbPolyFaceMeshVertex
 10
12119815.03620225
 20
3531714.525648236
 30
11.7587232015472
 70
192
  0
VERTEX
  5
2731
330
17
100
AcDbEntity
  8
ELEM_04_COMPLETO
100
AcDbVertex
100
AcDbPolyFaceMeshVertex
 10
12119815.03620225
 20
3531714.525648236
 30
11.25872092071894
 70
192
  0
VERTEX
  5
2742
330
17
100
AcDbEntity
  8
ELEM_04_COMPLETO
100
AcDbVertex
100
AcDbPolyFaceMeshVertex
 10
12119827.68269598
 20
3531722.472860032
 30
11.75666939988055
 70
192
  0
VERTEX
  5
2743
330
17
100
AcDbEntity
  8
ELEM_04_COMPLETO
100
AcDbVertex
100
AcDbPolyFaceMeshVertex
 10
12119827.68269598
 20
3531722.472860032
 30
11.2566671190523
 70
192
  0
VERTEX
  5
274A
330
17
100
AcDbEntity
  8
ELEM_04_COMPLETO
100
AcDbVertex
100
AcDbPolyFaceMeshVertex
 10
12119814.01142739
 20
3531716.466874669
 30
11.78580648071358
 70
192
  0
VERTEX
  5
2751
330
17
100
AcDbEntity
  8
ELEM_04_COMPLETO
100
AcDbVertex
100
AcDbPolyFaceMeshVertex
 10
12119814.01142739
 20
3531716.466874669
 30
11.28580748071867
 70
192
  0
VERTEX
  5
2762
330
17
100
AcDbEntity
  8
ELEM_04_COMPLETO
100
AcDbVertex
100
AcDbPolyFaceMeshVertex
 10
12119825.67108911
 20
3531727.083096874
 30
11.73166944988081
 70
192
  0
VERTEX
  5
2763
330
17
100
AcDbEntity
  8
ELEM_04_COMPLETO
100
AcDbVertex
100
AcDbPolyFaceMeshVertex
 10
12119825.67108911
 20
3531727.083096874
 30
11.23166716905255
 70
192
  0
VERTEX
  5
276D
330
17
100
AcDbEntity
  8
ELEM_04_COMPLETO
100
AcDbVertex
100
AcDbPolyFaceMeshVertex
 10
12119811.62131734
 20
3531720.994454196
 30
11.84897564571294
 70
192
  0
VERTEX
  5
2771
330
17
100
AcDbEntity
  8
ELEM_04_COMPLETO
100
AcDbVertex
100
AcDbPolyFaceMeshVertex
 10
12119811.62131734
 20
3531720.994454196
 30
11.34897664571802
 70
192
  0
VERTEX
  5
2782
330
17
100
AcDbEntity
  8
ELEM_04_COMPLETO
100
AcDbVertex
100
AcDbPolyFaceMeshVertex
 10
12119824.62588123
 20
3531729.503643214
 30
11.71856580154761
 70
192
  0
VERTEX
  5
2783
330
17
100
AcDbEntity
  8
ELEM_04_COMPLETO
100
AcDbVertex
100
AcDbPolyFaceMeshVertex
 10
12119824.62588123
 20
3531729.503643214
 30
11.21856352071935
 70
192
  0
VERTEX
  5
278D
330
17
100
AcDbEntity
  8
ELEM_04_COMPLETO
100
AcDbVertex
100
AcDbPolyFaceMeshVertex
 10
12119810.3677667
 20
3531723.369049184
 30
11.88210878154594
 70
192
  0
VERTEX
  5
2791
330
17
100
AcDbEntity
  8
ELEM_04_COMPLETO
100
AcDbVertex
100
AcDbPolyFaceMeshVertex
 10
12119810.3677667
 20
3531723.369049184
 30
11.38210650071769
 70
192
  0
VERTEX
  5
27A2
330
17
100
AcDbEntity
  8
ELEM_04_COMPLETO
100
AcDbVertex
100
AcDbPolyFaceMeshVertex
 10
12119823.68255634
 20
3531731.703333696
 30
11.70666949988106
 70
192
  0
VERTEX
  5
27A3
330
17
100
AcDbEntity
  8
ELEM_04_COMPLETO
100
AcDbVertex
100
AcDbPolyFaceMeshVertex
 10
12119823.68255634
 20
3531731.703333696
 30
11.2066672190528
 70
192
  0
VERTEX
  5
27AA
330
17
100
AcDbEntity
  8
ELEM_04_COMPLETO
100
AcDbVertex
100
AcDbPolyFaceMeshVertex
 10
12119809.22936347
 20
3531725.525517968
 30
11.77917591654699
 70
192
  0
VERTEX
  5
27B7
330
17
100
AcDbEntity
  8
ELEM_04_COMPLETO
100
AcDbVertex
100
AcDbPolyFaceMeshVertex
 10
12119809.22936347
 20
3531725.525517968
 30
11.27917691655207
 70
192
  0
VERTEX
  5
27C2
330
17
100
AcDbEntity
  8
ELEM_04_COMPLETO
100
AcDbVertex
100
AcDbPolyFaceMeshVertex
 10
12119821.71715017
 20
3531736.333455671
 30
11.68166954988131
 70
192
  0
VERTEX
  5
27C3
330
17
100
AcDbEntity
  8
ELEM_04_COMPLETO
100
AcDbVertex
100
AcDbPolyFaceMeshVertex
 10
12119821.71715017
 20
3531736.333455671
 30
11.18166726905306
 70
192
  0
VERTEX
  5
27CA
330
17
100
AcDbEntity
  8
ELEM_04_COMPLETO
100
AcDbVertex
100
AcDbPolyFaceMeshVertex
 10
12119806.83545093
 20
3531730.060295644
 30
11.56272621821585
 70
192
  0
VERTEX
  5
27D7
330
17
100
AcDbEntity
  8
ELEM_04_COMPLETO
100
AcDbVertex
100
AcDbPolyFaceMeshVertex
 10
12119806.83545093
 20
3531730.060295644
 30
11.0627239373876
 70
192
  0
VERTEX
  5
27E2
330
17
100
AcDbEntity
  8
ELEM_04_COMPLETO
100
AcDbVertex
100
AcDbPolyFaceMeshVertex
 10
12119820.79308378
 20
3531738.532883685
 30
11.66981261821476
 70
192
  0
VERTEX
  5
27E3
330
17
100
AcDbEntity
  8
ELEM_04_COMPLETO
100
AcDbVertex
100
AcDbPolyFaceMeshVertex
 10
12119820.79308378
 20
3531738.532883685
 30
11.16981033738651
 70
192
  0
VERTEX
  5
27EE
330
17
100
AcDbEntity
  8
ELEM_04_COMPLETO
100
AcDbVertex
100
AcDbPolyFaceMeshVertex
 10
12119805.69933115
 20
3531732.212446852
 30
11.4600000457169
 70
192
  0
VERTEX
  5
27F7
330
17
100
AcDbEntity
  8
ELEM_04_COMPLETO
100
AcDbVertex
100
AcDbPolyFaceMeshVertex
 10
12119805.69933115
 20
3531732.212446852
 30
10.96000104572198
 70
192
  0
VERTEX
  5
2802
330
17
100
AcDbEntity
  8
ELEM_04_COMPLETO
100
AcDbVertex
100
AcDbPolyFaceMeshVertex
 10
12119820.46778259
 20
3531739.310644598
 30
11.66561971321481
 70
192
  0
VERTEX
  5
2803
330
17
100
AcDbEntity
  8
ELEM_04_COMPLETO
100
AcDbVertex
100
AcDbPolyFaceMeshVertex
 10
12119820.46778259
 20
3531739.310644598
 30
11.16562071321988
 70
192
  0
VERTEX
  5
280E
330
17
100
AcDbEntity
  8
ELEM_04_COMPLETO
100
AcDbVertex
100
AcDbPolyFaceMeshVertex
 10
12119805.29773091
 20
3531732.973196643
 30
11.42238201071728
 70
192
  0
VERTEX
  5
2817
330
17
100
AcDbEntity
  8
ELEM_04_COMPLETO
100
AcDbVertex
100
AcDbPolyFaceMeshVertex
 10
12119805.29773091
 20
3531732.973196643
 30
10.92238301072236
 70
192
  0
VERTEX
  5
2822
330
17
100
AcDbEntity
  8
ELEM_04_COMPLETO
100
AcDbVertex
100
AcDbPolyFaceMeshVertex
 10
12119819.7749198
 20
3531740.973347965
 30
11.65666959988157
 70
192
  0
VERTEX
  5
2823
330
17
100
AcDbEntity
  8
ELEM_04_COMPLETO
100
AcDbVertex
100
AcDbPolyFaceMeshVertex
 10
12119819.7749198
 20
3531740.973347965
 30
11.15666731905331
 70
192
  0
VERTEX
  5
282D
330
17
100
AcDbEntity
  8
ELEM_04_COMPLETO
100
AcDbVertex
100
AcDbPolyFaceMeshVertex
 10
12119804.43945507
 20
3531734.599020163
 30
11.34199175155143
 70
192
  0
VERTEX
  5
2837
330
17
100
AcDbEntity
  8
ELEM_04_COMPLETO
100
AcDbVertex
100
AcDbPolyFaceMeshVertex
 10
12119804.43945507
 20
3531734.599020163
 30
10.84199275155651
 70
192
  0
VERTEX
  5
2842
330
17
100
AcDbEntity
  8
ELEM_04_COMPLETO
100
AcDbVertex
100
AcDbPolyFaceMeshVertex
 10
12119818.30337091
 20
3531744.532832315
 30
11.63752593738176
 70
192
  0
VERTEX
  5
2843
330
17
100
AcDbEntity
  8
ELEM_04_COMPLETO
100
AcDbVertex
100
AcDbPolyFaceMeshVertex
 10
12119818.30337091
 20
3531744.532832315
 30
11.13752365655351
 70
192
  0
VERTEX
  5
284D
330
17
100
AcDbEntity
  8
ELEM_04_COMPLETO
100
AcDbVertex
100
AcDbPolyFaceMeshVertex
 10
12119802.60325795
 20
3531738.077323573
 30
11.17000062571984
 70
192
  0
VERTEX
  5
2857
330
17
100
AcDbEntity
  8
ELEM_04_COMPLETO
100
AcDbVertex
100
AcDbPolyFaceMeshVertex
 10
12119802.60325795
 20
3531738.077323573
 30
10.67000162572492
 70
192
  0
VERTEX
  5
2862
330
17
100
AcDbEntity
  8
ELEM_04_COMPLETO
100
AcDbVertex
100
AcDbPolyFaceMeshVertex
 10
12119817.85591117
 20
3531745.622889192
 30
11.63166964988182
 70
192
  0
VERTEX
  5
2863
330
17
100
AcDbEntity
  8
ELEM_04_COMPLETO
100
AcDbVertex
100
AcDbPolyFaceMeshVertex
 10
12119817.85591117
 20
3531745.622889192
 30
11.13166736905357
 70
192
  0
VERTEX
  5
286D
330
17
100
AcDbEntity
  8
ELEM_04_COMPLETO
100
AcDbVertex
100
AcDbPolyFaceMeshVertex
 10
12119802.06428265
 20
3531739.15136342
 30
11.12004993822035
 70
192
  0
VERTEX
  5
2877
330
17
100
AcDbEntity
  8
ELEM_04_COMPLETO
100
AcDbVertex
100
AcDbPolyFaceMeshVertex
 10
12119802.06428265
 20
3531739.15136342
 30
10.62005093822543
 70
192
  0
VERTEX
  5
2882
330
17
100
AcDbEntity
  8
ELEM_04_COMPLETO
100
AcDbVertex
100
AcDbPolyFaceMeshVertex
 10
12119817.05266803
 20
3531747.588853107
 30
11.62111192821526
 70
192
  0
VERTEX
  5
2883
330
17
100
AcDbEntity
  8
ELEM_04_COMPLETO
100
AcDbVertex
100
AcDbPolyFaceMeshVertex
 10
12119817.05266803
 20
3531747.588853107
 30
11.12111292822034
 70
192
  0
VERTEX
  5
288D
330
17
100
AcDbEntity
  8
ELEM_04_COMPLETO
100
AcDbVertex
100
AcDbPolyFaceMeshVertex
 10
12119801.09262777
 20
3531741.087625952
 30
11.03000090572127
 70
192
  0
VERTEX
  5
2897
330
17
100
AcDbEntity
  8
ELEM_04_COMPLETO
100
AcDbVertex
100
AcDbPolyFaceMeshVertex
 10
12119801.09262777
 20
3531741.087625952
 30
10.52999862489301
 70
192
  0
VERTEX
  5
28A2
330
17
100
AcDbEntity
  8
ELEM_04_COMPLETO
100
AcDbVertex
100
AcDbPolyFaceMeshVertex
 10
12119815.96017677
 20
3531750.28197108
 30
11.60666969988207
 70
192
  0
VERTEX
  5
28A3
330
17
100
AcDbEntity
  8
ELEM_04_COMPLETO
100
AcDbVertex
100
AcDbPolyFaceMeshVertex
 10
12119815.96017677
 20
3531750.28197108
 30
11.10666741905382
 70
192
  0
VERTEX
  5
28AD
330
17
100
AcDbEntity
  8
ELEM_04_COMPLETO
100
AcDbVertex
100
AcDbPolyFaceMeshVertex
 10
12119799.76241061
 20
3531743.738404771
 30
10.90543422572253
 70
192
  0
VERTEX
  5
28B7
330
17
100
AcDbEntity
  8
ELEM_04_COMPLETO
100
AcDbVertex
100
AcDbPolyFaceMeshVertex
 10
12119799.76241061
 20
3531743.738404771
 30
10.40543522572761
 70
192
  0
VERTEX
  5
28C2
330
17
100
AcDbEntity
  8
ELEM_04_COMPLETO
100
AcDbVertex
100
AcDbPolyFaceMeshVertex
 10
12119814.08775926
 20
3531754.950472242
 30
11.58166974988233
 70
192
  0
VERTEX
  5
28C3
330
17
100
AcDbEntity
  8
ELEM_04_COMPLETO
100
AcDbVertex
100
AcDbPolyFaceMeshVertex
 10
12119814.08775926
 20
3531754.950472242
 30
11.08166746905407
 70
192
  0
VERTEX
  5
28CD
330
17
100
AcDbEntity
  8
ELEM_04_COMPLETO
100
AcDbVertex
100
AcDbPolyFaceMeshVertex
 10
12119797.45866522
 20
3531748.32917971
 30
10.68970631072472
 70
192
  0
VERTEX
  5
28D7
330
17
100
AcDbEntity
  8
ELEM_04_COMPLETO
100
AcDbVertex
100
AcDbPolyFaceMeshVertex
 10
12119797.45866522
 20
3531748.32917971
 30
10.1897073107298
 70
192
  0
VERTEX
  5
28E2
330
17
100
AcDbEntity
  8
ELEM_04_COMPLETO
100
AcDbVertex
100
AcDbPolyFaceMeshVertex
 10
12119813.40224554
 20
3531756.676741756
 30
11.57243748488242
 70
192
  0
VERTEX
  5
28E3
330
17
100
AcDbEntity
  8
ELEM_04_COMPLETO
100
AcDbVertex
100
AcDbPolyFaceMeshVertex
 10
12119813.40224554
 20
3531756.676741756
 30
11.0724384848875
 70
192
  0
VERTEX
  5
28ED
330
17
100
AcDbEntity
  8
ELEM_04_COMPLETO
100
AcDbVertex
100
AcDbPolyFaceMeshVertex
 10
12119796.60747598
 20
3531750.025377105
 30
10.6099984648922
 70
192
  0
VERTEX
  5
28F7
330
17
100
AcDbEntity
  8
ELEM_04_COMPLETO
100
AcDbVertex
100
AcDbPolyFaceMeshVertex
 10
12119796.60747598
 20
3531750.025377105
 30
10.10999946489728
 70
192
  0
VERTEX
  5
2902
330
17
100
AcDbEntity
  8
ELEM_04_COMPLETO
100
AcDbVertex
100
AcDbPolyFaceMeshVertex
 10
12119812.23870784
 20
3531759.628277847
 30
11.55666979988258
 70
192
  0
VERTEX
  5
2903
330
17
100
AcDbEntity
  8
ELEM_04_COMPLETO
100
AcDbVertex
100
AcDbPolyFaceMeshVertex
 10
12119812.23870784
 20
3531759.628277847
 30
11.05666751905433
 70
192
  0
VERTEX
  5
290D
330
17
100
AcDbEntity
  8
ELEM_04_COMPLETO
100
AcDbVertex
100
AcDbPolyFaceMeshVertex
 10
12119795.15292836
 20
3531752.923921176
 30
10.47054992489362
 70
192
  0
VERTEX
  5
2917
330
17
100
AcDbEntity
  8
ELEM_04_COMPLETO
100
AcDbVertex
100
AcDbPolyFaceMeshVertex
 10
12119795.15292836
 20
3531752.923921176
 30
9.9705509248987
 70
192
  0
VERTEX
  5
2922
330
17
100
AcDbEntity
  8
ELEM_04_COMPLETO
100
AcDbVertex
100
AcDbPolyFaceMeshVertex
 10
12119811.9467432
 20
3531760.373204178
 30
11.55269342988262
 70
192
  0
VERTEX
  5
2923
330
17
100
AcDbEntity
  8
ELEM_04_COMPLETO
100
AcDbVertex
100
AcDbPolyFaceMeshVertex
 10
12119811.9467432
 20
3531760.373204178
 30
11.05269114905437
 70
192
  0
VERTEX
  5
292D
330
17
100
AcDbEntity
  8
ELEM_04_COMPLETO
100
AcDbVertex
100
AcDbPolyFaceMeshVertex
 10
12119794.78597372
 20
3531753.655163152
 30
10.43536954906064
 70
192
  0
VERTEX
  5
2937
330
17
100
AcDbEntity
  8
ELEM_04_COMPLETO
100
AcDbVertex
100
AcDbPolyFaceMeshVertex
 10
12119794.78597372
 20
3531753.655163152
 30
9.935370549065722
 70
192
  0
VERTEX
  5
2941
330
17
100
AcDbEntity
  8
ELEM_04_COMPLETO
100
AcDbVertex
100
AcDbPolyFaceMeshVertex
 10
12119811.94606079
 20
3531760.374949582
 30
11.55268030654929
 70
192
  0
VERTEX
  5
2942
330
17
100
AcDbEntity
  8
ELEM_04_COMPLETO
100
AcDbVertex
100
AcDbPolyFaceMeshVertex
 10
12119811.94606079
 20
3531760.374949582
 30
11.05267802572104
 70
192
  0
VERTEX
  5
2949
330
17
100
AcDbEntity
  8
ELEM_04_COMPLETO
100
AcDbVertex
100
AcDbPolyFaceMeshVertex
 10
12119798.12758662
 20
3531754.963326827
 30
10.65295055711229
 70
192
  0
VERTEX
  5
294F
330
17
100
AcDbEntity
  8
ELEM_04_COMPLETO
100
AcDbVertex
100
AcDbPolyFaceMeshVertex
 10
12119794.78617713
 20
3531753.654756329
 30
9.935390234065721
 70
192
  0
VERTEX
  5
2951
330
17
100
AcDbEntity
  8
ELEM_04_COMPLETO
100
AcDbVertex
100
AcDbPolyFaceMeshVertex
 10
12119794.78617713
 20
3531753.654756329
 30
10.43538923406064
 70
192
  0
VERTEX
  5
2955
330
17
100
AcDbEntity
  8
ELEM_04_COMPLETO
100
AcDbVertex
100
AcDbPolyFaceMeshVertex
 10
12119798.12758652
 20
3531754.963326786
 30
10.1529509114687
 70
192
  0
VERTEX
  5
295A
330
17
100
AcDbEntity
  8
ELEM_04_COMPLETO
100
AcDbVertex
100
AcDbPolyFaceMeshVertex
 10
12119810.41780926
 20
3531764.199649938
 30
11.53166984988284
 70
192
  0
VERTEX
  5
295B
330
17
100
AcDbEntity
  8
ELEM_04_COMPLETO
100
AcDbVertex
100
AcDbPolyFaceMeshVertex
 10
12119810.41780926
 20
3531764.199649938
 30
11.03166756905458
 70
192
  0
VERTEX
  5
2965
330
17
100
AcDbEntity
  8
ELEM_04_COMPLETO
100
AcDbVertex
100
AcDbPolyFaceMeshVertex
 10
12119793.04836236
 20
3531757.117777618
 30
10.268781955729
 70
192
  0
VERTEX
  5
296F
330
17
100
AcDbEntity
  8
ELEM_04_COMPLETO
100
AcDbVertex
100
AcDbPolyFaceMeshVertex
 10
12119793.04836236
 20
3531757.117777618
 30
9.768779674900747
 70
192
  0
VERTEX
  5
297A
330
17
100
AcDbEntity
  8
ELEM_04_COMPLETO
100
AcDbVertex
100
AcDbPolyFaceMeshVertex
 10
12119809.57962524
 20
3531766.233635371
 30
11.52044283821628
 70
192
  0
VERTEX
  5
297B
330
17
100
AcDbEntity
  8
ELEM_04_COMPLETO
100
AcDbVertex
100
AcDbPolyFaceMeshVertex
 10
12119809.57962524
 20
3531766.233635371
 30
11.02044383822136
 70
192
  0
VERTEX
  5
2985
330
17
100
AcDbEntity
  8
ELEM_04_COMPLETO
100
AcDbVertex
100
AcDbPolyFaceMeshVertex
 10
12119792.12232747
 20
3531758.963131538
 30
10.17999932489657
 70
192
  0
VERTEX
  5
298F
330
17
100
AcDbEntity
  8
ELEM_04_COMPLETO
100
AcDbVertex
100
AcDbPolyFaceMeshVertex
 10
12119792.12232747
 20
3531758.963131538
 30
9.68000032490165
 70
192
  0
VERTEX
  5
2999
330
17
100
AcDbEntity
  8
ELEM_04_COMPLETO
100
AcDbVertex
100
AcDbPolyFaceMeshVertex
 10
12119809.49049155
 20
3531766.447417752
 30
11.51926173821629
 70
192
  0
VERTEX
  5
299A
330
17
100
AcDbEntity
  8
ELEM_04_COMPLETO
100
AcDbVertex
100
AcDbPolyFaceMeshVertex
 10
12119809.49049155
 20
3531766.447417752
 30
11.01926273822138
 70
192
  0
VERTEX
  5
29A1
330
17
100
AcDbEntity
  8
ELEM_04_COMPLETO
100
AcDbVertex
100
AcDbPolyFaceMeshVertex
 10
12119792.04410256
 20
3531759.165326016
 30
10.17081299156333
 70
192
  0
VERTEX
  5
29AF
330
17
100
AcDbEntity
  8
ELEM_04_COMPLETO
100
AcDbVertex
100
AcDbPolyFaceMeshVertex
 10
12119792.04410256
 20
3531759.165326016
 30
9.67081399156841
 70
192
  0
VERTEX
  5
F14
330
17
100
AcDbEntity
  8
ELEM_04_COMPLETO
100
AcDbFaceRecord
 10
0.0
 20
0.0
 30
0.0
 70
128
 71
1
 72
2
 73
3
  0
VERTEX
  5
F18
330
17
100
AcDbEntity
  8
ELEM_04_COMPLETO
100
AcDbFaceRecord
 10
0.0
 20
0.0
 30
0.0
 70
128
 71
1
 72
3
 73
4
  0
VERTEX
  5
F1C
330
17
100
AcDbEntity
  8
ELEM_04_COMPLETO
100
AcDbFaceRecord
 10
0.0
 20
0.0
 30
0.0
 70
128
 71
5
 72
6
 73
7
  0
VERTEX
  5
F20
330
17
100
AcDbEntity
  8
ELEM_04_COMPLETO
100
AcDbFaceRecord
 10
0.0
 20
0.0
 30
0.0
 70
128
 71
8
 72
6
 73
5
  0
VERTEX
  5
F24
330
17
100
AcDbEntity
  8
ELEM_04_COMPLETO
100
AcDbFaceRecord
 10
0.0
 20
0.0
 30
0.0
 70
128
 71
9
 72
10
 73
1
  0
VERTEX
  5
F28
330
17
100
AcDbEntity
  8
ELEM_04_COMPLETO
100
AcDbFaceRecord
 10
0.0
 20
0.0
 30
0.0
 70
128
 71
4
 72
9
 73
1
  0
VERTEX
  5
F2C
330
17
100
AcDbEntity
  8
ELEM_04_COMPLETO
100
AcDbFaceRecord
 10
0.0
 20
0.0
 30
0.0
 70
128
 71
11
 72
9
 73
4
  0
VERTEX
  5
F30
330
17
100
AcDbEntity
  8
ELEM_04_COMPLETO
100
AcDbFaceRecord
 10
0.0
 20
0.0
 30
0.0
 70
128
 71
4
 72
3
 73
11
  0
VERTEX
  5
F34
330
17
100
AcDbEntity
  8
ELEM_04_COMPLETO
100
AcDbFaceRecord
 10
0.0
 20
0.0
 30
0.0
 70
128
 71
3
 72
12
 73
11
  0
VERTEX
  5
F38
330
17
100
AcDbEntity
  8
ELEM_04_COMPLETO
100
AcDbFaceRecord
 10
0.0
 20
0.0
 30
0.0
 70
128
 71
2
 72
12
 73
3
  0
VERTEX
  5
F3C
330
17
100
AcDbEntity
  8
ELEM_04_COMPLETO
100
AcDbFaceRecord
 10
0.0
 20
0.0
 30
0.0
 70
128
 71
10
 72
12
 73
1
  0
VERTEX
  5
F40
330
17
100
AcDbEntity
  8
ELEM_04_COMPLETO
100
AcDbFaceRecord
 10
0.0
 20
0.0
 30
0.0
 70
128
 71
2
 72
1
 73
12
  0
VERTEX
  5
F44
330
17
100
AcDbEntity
  8
ELEM_04_COMPLETO
100
AcDbFaceRecord
 10
0.0
 20
0.0
 30
0.0
 70
128
 71
10
 72
13
 73
14
  0
VERTEX
  5
F48
330
17
100
AcDbEntity
  8
ELEM_04_COMPLETO
100
AcDbFaceRecord
 10
0.0
 20
0.0
 30
0.0
 70
128
 71
9
 72
13
 73
10
  0
VERTEX
  5
F4C
330
17
100
AcDbEntity
  8
ELEM_04_COMPLETO
100
AcDbFaceRecord
 10
0.0
 20
0.0
 30
0.0
 70
128
 71
13
 72
9
 73
11
  0
VERTEX
  5
F50
330
17
100
AcDbEntity
  8
ELEM_04_COMPLETO
100
AcDbFaceRecord
 10
0.0
 20
0.0
 30
0.0
 70
128
 71
15
 72
13
 73
11
  0
VERTEX
  5
F54
330
17
100
AcDbEntity
  8
ELEM_04_COMPLETO
100
AcDbFaceRecord
 10
0.0
 20
0.0
 30
0.0
 70
128
 71
15
 72
11
 73
12
  0
VERTEX
  5
F58
330
17
100
AcDbEntity
  8
ELEM_04_COMPLETO
100
AcDbFaceRecord
 10
0.0
 20
0.0
 30
0.0
 70
128
 71
15
 72
12
 73
16
  0
VERTEX
  5
F5C
330
17
100
AcDbEntity
  8
ELEM_04_COMPLETO
100
AcDbFaceRecord
 10
0.0
 20
0.0
 30
0.0
 70
128
 71
14
 72
16
 73
12
  0
VERTEX
  5
F60
330
17
100
AcDbEntity
  8
ELEM_04_COMPLETO
100
AcDbFaceRecord
 10
0.0
 20
0.0
 30
0.0
 70
128
 71
14
 72
12
 73
10
  0
VERTEX
  5
F64
330
17
100
AcDbEntity
  8
ELEM_04_COMPLETO
100
AcDbFaceRecord
 10
0.0
 20
0.0
 30
0.0
 70
128
 71
14
 72
17
 73
18
  0
VERTEX
  5
F68
330
17
100
AcDbEntity
  8
ELEM_04_COMPLETO
100
AcDbFaceRecord
 10
0.0
 20
0.0
 30
0.0
 70
128
 71
13
 72
17
 73
14
  0
VERTEX
  5
F6C
330
17
100
AcDbEntity
  8
ELEM_04_COMPLETO
100
AcDbFaceRecord
 10
0.0
 20
0.0
 30
0.0
 70
128
 71
17
 72
13
 73
15
  0
VERTEX
  5
F70
330
17
100
AcDbEntity
  8
ELEM_04_COMPLETO
100
AcDbFaceRecord
 10
0.0
 20
0.0
 30
0.0
 70
128
 71
19
 72
17
 73
15
  0
VERTEX
  5
F74
330
17
100
AcDbEntity
  8
ELEM_04_COMPLETO
100
AcDbFaceRecord
 10
0.0
 20
0.0
 30
0.0
 70
128
 71
19
 72
15
 73
16
  0
VERTEX
  5
F78
330
17
100
AcDbEntity
  8
ELEM_04_COMPLETO
100
AcDbFaceRecord
 10
0.0
 20
0.0
 30
0.0
 70
128
 71
19
 72
16
 73
20
  0
VERTEX
  5
F7C
330
17
100
AcDbEntity
  8
ELEM_04_COMPLETO
100
AcDbFaceRecord
 10
0.0
 20
0.0
 30
0.0
 70
128
 71
18
 72
20
 73
16
  0
VERTEX
  5
F80
330
17
100
AcDbEntity
  8
ELEM_04_COMPLETO
100
AcDbFaceRecord
 10
0.0
 20
0.0
 30
0.0
 70
128
 71
18
 72
16
 73
14
  0
VERTEX
  5
F84
330
17
100
AcDbEntity
  8
ELEM_04_COMPLETO
100
AcDbFaceRecord
 10
0.0
 20
0.0
 30
0.0
 70
128
 71
18
 72
21
 73
22
  0
VERTEX
  5
F88
330
17
100
AcDbEntity
  8
ELEM_04_COMPLETO
100
AcDbFaceRecord
 10
0.0
 20
0.0
 30
0.0
 70
128
 71
17
 72
21
 73
18
  0
VERTEX
  5
F8C
330
17
100
AcDbEntity
  8
ELEM_04_COMPLETO
100
AcDbFaceRecord
 10
0.0
 20
0.0
 30
0.0
 70
128
 71
21
 72
17
 73
19
  0
VERTEX
  5
F90
330
17
100
AcDbEntity
  8
ELEM_04_COMPLETO
100
AcDbFaceRecord
 10
0.0
 20
0.0
 30
0.0
 70
128
 71
23
 72
21
 73
19
  0
VERTEX
  5
F94
330
17
100
AcDbEntity
  8
ELEM_04_COMPLETO
100
AcDbFaceRecord
 10
0.0
 20
0.0
 30
0.0
 70
128
 71
23
 72
19
 73
20
  0
VERTEX
  5
F98
330
17
100
AcDbEntity
  8
ELEM_04_COMPLETO
100
AcDbFaceRecord
 10
0.0
 20
0.0
 30
0.0
 70
128
 71
23
 72
20
 73
24
  0
VERTEX
  5
F9C
330
17
100
AcDbEntity
  8
ELEM_04_COMPLETO
100
AcDbFaceRecord
 10
0.0
 20
0.0
 30
0.0
 70
128
 71
22
 72
24
 73
20
  0
VERTEX
  5
FA0
330
17
100
AcDbEntity
  8
ELEM_04_COMPLETO
100
AcDbFaceRecord
 10
0.0
 20
0.0
 30
0.0
 70
128
 71
22
 72
20
 73
18
  0
VERTEX
  5
FA4
330
17
100
AcDbEntity
  8
ELEM_04_COMPLETO
100
AcDbFaceRecord
 10
0.0
 20
0.0
 30
0.0
 70
128
 71
22
 72
25
 73
26
  0
VERTEX
  5
FA8
330
17
100
AcDbEntity
  8
ELEM_04_COMPLETO
100
AcDbFaceRecord
 10
0.0
 20
0.0
 30
0.0
 70
128
 71
21
 72
25
 73
22
  0
VERTEX
  5
FAC
330
17
100
AcDbEntity
  8
ELEM_04_COMPLETO
100
AcDbFaceRecord
 10
0.0
 20
0.0
 30
0.0
 70
128
 71
25
 72
21
 73
23
  0
VERTEX
  5
FB0
330
17
100
AcDbEntity
  8
ELEM_04_COMPLETO
100
AcDbFaceRecord
 10
0.0
 20
0.0
 30
0.0
 70
128
 71
27
 72
25
 73
23
  0
VERTEX
  5
FB4
330
17
100
AcDbEntity
  8
ELEM_04_COMPLETO
100
AcDbFaceRecord
 10
0.0
 20
0.0
 30
0.0
 70
128
 71
27
 72
23
 73
24
  0
VERTEX
  5
FB8
330
17
100
AcDbEntity
  8
ELEM_04_COMPLETO
100
AcDbFaceRecord
 10
0.0
 20
0.0
 30
0.0
 70
128
 71
27
 72
24
 73
28
  0
VERTEX
  5
FBC
330
17
100
AcDbEntity
  8
ELEM_04_COMPLETO
100
AcDbFaceRecord
 10
0.0
 20
0.0
 30
0.0
 70
128
 71
26
 72
28
 73
24
  0
VERTEX
  5
FC0
330
17
100
AcDbEntity
  8
ELEM_04_COMPLETO
100
AcDbFaceRecord
 10
0.0
 20
0.0
 30
0.0
 70
128
 71
26
 72
24
 73
22
  0
VERTEX
  5
FC4
330
17
100
AcDbEntity
  8
ELEM_04_COMPLETO
100
AcDbFaceRecord
 10
0.0
 20
0.0
 30
0.0
 70
128
 71
26
 72
29
 73
30
  0
VERTEX
  5
FC8
330
17
100
AcDbEntity
  8
ELEM_04_COMPLETO
100
AcDbFaceRecord
 10
0.0
 20
0.0
 30
0.0
 70
128
 71
25
 72
29
 73
26
  0
VERTEX
  5
FCC
330
17
100
AcDbEntity
  8
ELEM_04_COMPLETO
100
AcDbFaceRecord
 10
0.0
 20
0.0
 30
0.0
 70
128
 71
29
 72
25
 73
27
  0
VERTEX
  5
FD0
330
17
100
AcDbEntity
  8
ELEM_04_COMPLETO
100
AcDbFaceRecord
 10
0.0
 20
0.0
 30
0.0
 70
128
 71
31
 72
29
 73
27
  0
VERTEX
  5
FD4
330
17
100
AcDbEntity
  8
ELEM_04_COMPLETO
100
AcDbFaceRecord
 10
0.0
 20
0.0
 30
0.0
 70
128
 71
31
 72
27
 73
28
  0
VERTEX
  5
FD8
330
17
100
AcDbEntity
  8
ELEM_04_COMPLETO
100
AcDbFaceRecord
 10
0.0
 20
0.0
 30
0.0
 70
128
 71
31
 72
28
 73
32
  0
VERTEX
  5
FDC
330
17
100
AcDbEntity
  8
ELEM_04_COMPLETO
100
AcDbFaceRecord
 10
0.0
 20
0.0
 30
0.0
 70
128
 71
30
 72
32
 73
28
  0
VERTEX
  5
FE0
330
17
100
AcDbEntity
  8
ELEM_04_COMPLETO
100
AcDbFaceRecord
 10
0.0
 20
0.0
 30
0.0
 70
128
 71
30
 72
28
 73
26
  0
VERTEX
  5
FE4
330
17
100
AcDbEntity
  8
ELEM_04_COMPLETO
100
AcDbFaceRecord
 10
0.0
 20
0.0
 30
0.0
 70
128
 71
30
 72
33
 73
34
  0
VERTEX
  5
FE8
330
17
100
AcDbEntity
  8
ELEM_04_COMPLETO
100
AcDbFaceRecord
 10
0.0
 20
0.0
 30
0.0
 70
128
 71
29
 72
33
 73
30
  0
VERTEX
  5
FEC
330
17
100
AcDbEntity
  8
ELEM_04_COMPLETO
100
AcDbFaceRecord
 10
0.0
 20
0.0
 30
0.0
 70
128
 71
33
 72
29
 73
31
  0
VERTEX
  5
FF0
330
17
100
AcDbEntity
  8
ELEM_04_COMPLETO
100
AcDbFaceRecord
 10
0.0
 20
0.0
 30
0.0
 70
128
 71
35
 72
33
 73
31
  0
VERTEX
  5
FF4
330
17
100
AcDbEntity
  8
ELEM_04_COMPLETO
100
AcDbFaceRecord
 10
0.0
 20
0.0
 30
0.0
 70
128
 71
35
 72
31
 73
32
  0
VERTEX
  5
FF8
330
17
100
AcDbEntity
  8
ELEM_04_COMPLETO
100
AcDbFaceRecord
 10
0.0
 20
0.0
 30
0.0
 70
128
 71
35
 72
32
 73
36
  0
VERTEX
  5
FFC
330
17
100
AcDbEntity
  8
ELEM_04_COMPLETO
100
AcDbFaceRecord
 10
0.0
 20
0.0
 30
0.0
 70
128
 71
34
 72
36
 73
32
  0
VERTEX
  5
1000
330
17
100
AcDbEntity
  8
ELEM_04_COMPLETO
100
AcDbFaceRecord
 10
0.0
 20
0.0
 30
0.0
 70
128
 71
34
 72
32
 73
30
  0
VERTEX
  5
1004
330
17
100
AcDbEntity
  8
ELEM_04_COMPLETO
100
AcDbFaceRecord
 10
0.0
 20
0.0
 30
0.0
 70
128
 71
37
 72
38
 73
34
  0
VERTEX
  5
1008
330
17
100
AcDbEntity
  8
ELEM_04_COMPLETO
100
AcDbFaceRecord
 10
0.0
 20
0.0
 30
0.0
 70
128
 71
33
 72
37
 73
34
  0
VERTEX
  5
100C
330
17
100
AcDbEntity
  8
ELEM_04_COMPLETO
100
AcDbFaceRecord
 10
0.0
 20
0.0
 30
0.0
 70
128
 71
35
 72
37
 73
33
  0
VERTEX
  5
1010
330
17
100
AcDbEntity
  8
ELEM_04_COMPLETO
100
AcDbFaceRecord
 10
0.0
 20
0.0
 30
0.0
 70
128
 71
39
 72
37
 73
35
  0
VERTEX
  5
1014
330
17
100
AcDbEntity
  8
ELEM_04_COMPLETO
100
AcDbFaceRecord
 10
0.0
 20
0.0
 30
0.0
 70
128
 71
36
 72
40
 73
39
  0
VERTEX
  5
1018
330
17
100
AcDbEntity
  8
ELEM_04_COMPLETO
100
AcDbFaceRecord
 10
0.0
 20
0.0
 30
0.0
 70
128
 71
36
 72
39
 73
35
  0
VERTEX
  5
101C
330
17
100
AcDbEntity
  8
ELEM_04_COMPLETO
100
AcDbFaceRecord
 10
0.0
 20
0.0
 30
0.0
 70
128
 71
38
 72
36
 73
34
  0
VERTEX
  5
1020
330
17
100
AcDbEntity
  8
ELEM_04_COMPLETO
100
AcDbFaceRecord
 10
0.0
 20
0.0
 30
0.0
 70
128
 71
40
 72
36
 73
38
  0
VERTEX
  5
1024
330
17
100
AcDbEntity
  8
ELEM_04_COMPLETO
100
AcDbFaceRecord
 10
0.0
 20
0.0
 30
0.0
 70
128
 71
38
 72
41
 73
42
  0
VERTEX
  5
1028
330
17
100
AcDbEntity
  8
ELEM_04_COMPLETO
100
AcDbFaceRecord
 10
0.0
 20
0.0
 30
0.0
 70
128
 71
37
 72
41
 73
38
  0
VERTEX
  5
102C
330
17
100
AcDbEntity
  8
ELEM_04_COMPLETO
100
AcDbFaceRecord
 10
0.0
 20
0.0
 30
0.0
 70
128
 71
41
 72
37
 73
39
  0
VERTEX
  5
1030
330
17
100
AcDbEntity
  8
ELEM_04_COMPLETO
100
AcDbFaceRecord
 10
0.0
 20
0.0
 30
0.0
 70
128
 71
43
 72
41
 73
39
  0
VERTEX
  5
1034
330
17
100
AcDbEntity
  8
ELEM_04_COMPLETO
100
AcDbFaceRecord
 10
0.0
 20
0.0
 30
0.0
 70
128
 71
40
 72
44
 73
43
  0
VERTEX
  5
1038
330
17
100
AcDbEntity
  8
ELEM_04_COMPLETO
100
AcDbFaceRecord
 10
0.0
 20
0.0
 30
0.0
 70
128
 71
40
 72
43
 73
39
  0
VERTEX
  5
103C
330
17
100
AcDbEntity
  8
ELEM_04_COMPLETO
100
AcDbFaceRecord
 10
0.0
 20
0.0
 30
0.0
 70
128
 71
42
 72
40
 73
38
  0
VERTEX
  5
1040
330
17
100
AcDbEntity
  8
ELEM_04_COMPLETO
100
AcDbFaceRecord
 10
0.0
 20
0.0
 30
0.0
 70
128
 71
44
 72
40
 73
42
  0
VERTEX
  5
1044
330
17
100
AcDbEntity
  8
ELEM_04_COMPLETO
100
AcDbFaceRecord
 10
0.0
 20
0.0
 30
0.0
 70
128
 71
42
 72
45
 73
46
  0
VERTEX
  5
1048
330
17
100
AcDbEntity
  8
ELEM_04_COMPLETO
100
AcDbFaceRecord
 10
0.0
 20
0.0
 30
0.0
 70
128
 71
41
 72
45
 73
42
  0
VERTEX
  5
104C
330
17
100
AcDbEntity
  8
ELEM_04_COMPLETO
100
AcDbFaceRecord
 10
0.0
 20
0.0
 30
0.0
 70
128
 71
45
 72
41
 73
43
  0
VERTEX
  5
1050
330
17
100
AcDbEntity
  8
ELEM_04_COMPLETO
100
AcDbFaceRecord
 10
0.0
 20
0.0
 30
0.0
 70
128
 71
47
 72
45
 73
43
  0
VERTEX
  5
1054
330
17
100
AcDbEntity
  8
ELEM_04_COMPLETO
100
AcDbFaceRecord
 10
0.0
 20
0.0
 30
0.0
 70
128
 71
44
 72
48
 73
47
  0
VERTEX
  5
1058
330
17
100
AcDbEntity
  8
ELEM_04_COMPLETO
100
AcDbFaceRecord
 10
0.0
 20
0.0
 30
0.0
 70
128
 71
44
 72
47
 73
43
  0
VERTEX
  5
105C
330
17
100
AcDbEntity
  8
ELEM_04_COMPLETO
100
AcDbFaceRecord
 10
0.0
 20
0.0
 30
0.0
 70
128
 71
46
 72
44
 73
42
  0
VERTEX
  5
1060
330
17
100
AcDbEntity
  8
ELEM_04_COMPLETO
100
AcDbFaceRecord
 10
0.0
 20
0.0
 30
0.0
 70
128
 71
48
 72
44
 73
46
  0
VERTEX
  5
1064
330
17
100
AcDbEntity
  8
ELEM_04_COMPLETO
100
AcDbFaceRecord
 10
0.0
 20
0.0
 30
0.0
 70
128
 71
46
 72
49
 73
50
  0
VERTEX
  5
1068
330
17
100
AcDbEntity
  8
ELEM_04_COMPLETO
100
AcDbFaceRecord
 10
0.0
 20
0.0
 30
0.0
 70
128
 71
45
 72
49
 73
46
  0
VERTEX
  5
106C
330
17
100
AcDbEntity
  8
ELEM_04_COMPLETO
100
AcDbFaceRecord
 10
0.0
 20
0.0
 30
0.0
 70
128
 71
47
 72
49
 73
45
  0
VERTEX
  5
1070
330
17
100
AcDbEntity
  8
ELEM_04_COMPLETO
100
AcDbFaceRecord
 10
0.0
 20
0.0
 30
0.0
 70
128
 71
51
 72
49
 73
47
  0
VERTEX
  5
1074
330
17
100
AcDbEntity
  8
ELEM_04_COMPLETO
100
AcDbFaceRecord
 10
0.0
 20
0.0
 30
0.0
 70
128
 71
48
 72
52
 73
51
  0
VERTEX
  5
1078
330
17
100
AcDbEntity
  8
ELEM_04_COMPLETO
100
AcDbFaceRecord
 10
0.0
 20
0.0
 30
0.0
 70
128
 71
48
 72
51
 73
47
  0
VERTEX
  5
107C
330
17
100
AcDbEntity
  8
ELEM_04_COMPLETO
100
AcDbFaceRecord
 10
0.0
 20
0.0
 30
0.0
 70
128
 71
48
 72
46
 73
50
  0
VERTEX
  5
1080
330
17
100
AcDbEntity
  8
ELEM_04_COMPLETO
100
AcDbFaceRecord
 10
0.0
 20
0.0
 30
0.0
 70
128
 71
52
 72
48
 73
50
  0
VERTEX
  5
1084
330
17
100
AcDbEntity
  8
ELEM_04_COMPLETO
100
AcDbFaceRecord
 10
0.0
 20
0.0
 30
0.0
 70
128
 71
50
 72
53
 73
54
  0
VERTEX
  5
1088
330
17
100
AcDbEntity
  8
ELEM_04_COMPLETO
100
AcDbFaceRecord
 10
0.0
 20
0.0
 30
0.0
 70
128
 71
49
 72
53
 73
50
  0
VERTEX
  5
108C
330
17
100
AcDbEntity
  8
ELEM_04_COMPLETO
100
AcDbFaceRecord
 10
0.0
 20
0.0
 30
0.0
 70
128
 71
53
 72
49
 73
51
  0
VERTEX
  5
1090
330
17
100
AcDbEntity
  8
ELEM_04_COMPLETO
100
AcDbFaceRecord
 10
0.0
 20
0.0
 30
0.0
 70
128
 71
55
 72
53
 73
51
  0
VERTEX
  5
1094
330
17
100
AcDbEntity
  8
ELEM_04_COMPLETO
100
AcDbFaceRecord
 10
0.0
 20
0.0
 30
0.0
 70
128
 71
55
 72
51
 73
52
  0
VERTEX
  5
1098
330
17
100
AcDbEntity
  8
ELEM_04_COMPLETO
100
AcDbFaceRecord
 10
0.0
 20
0.0
 30
0.0
 70
128
 71
55
 72
52
 73
56
  0
VERTEX
  5
109C
330
17
100
AcDbEntity
  8
ELEM_04_COMPLETO
100
AcDbFaceRecord
 10
0.0
 20
0.0
 30
0.0
 70
128
 71
54
 72
56
 73
52
  0
VERTEX
  5
10A0
330
17
100
AcDbEntity
  8
ELEM_04_COMPLETO
100
AcDbFaceRecord
 10
0.0
 20
0.0
 30
0.0
 70
128
 71
54
 72
52
 73
50
  0
VERTEX
  5
10A4
330
17
100
AcDbEntity
  8
ELEM_04_COMPLETO
100
AcDbFaceRecord
 10
0.0
 20
0.0
 30
0.0
 70
128
 71
54
 72
57
 73
58
  0
VERTEX
  5
10A8
330
17
100
AcDbEntity
  8
ELEM_04_COMPLETO
100
AcDbFaceRecord
 10
0.0
 20
0.0
 30
0.0
 70
128
 71
53
 72
57
 73
54
  0
VERTEX
  5
10AC
330
17
100
AcDbEntity
  8
ELEM_04_COMPLETO
100
AcDbFaceRecord
 10
0.0
 20
0.0
 30
0.0
 70
128
 71
55
 72
57
 73
53
  0
VERTEX
  5
10B0
330
17
100
AcDbEntity
  8
ELEM_04_COMPLETO
100
AcDbFaceRecord
 10
0.0
 20
0.0
 30
0.0
 70
128
 71
59
 72
57
 73
55
  0
VERTEX
  5
10B4
330
17
100
AcDbEntity
  8
ELEM_04_COMPLETO
100
AcDbFaceRecord
 10
0.0
 20
0.0
 30
0.0
 70
128
 71
59
 72
55
 73
56
  0
VERTEX
  5
10B8
330
17
100
AcDbEntity
  8
ELEM_04_COMPLETO
100
AcDbFaceRecord
 10
0.0
 20
0.0
 30
0.0
 70
128
 71
59
 72
56
 73
60
  0
VERTEX
  5
10BC
330
17
100
AcDbEntity
  8
ELEM_04_COMPLETO
100
AcDbFaceRecord
 10
0.0
 20
0.0
 30
0.0
 70
128
 71
58
 72
60
 73
56
  0
VERTEX
  5
10C0
330
17
100
AcDbEntity
  8
ELEM_04_COMPLETO
100
AcDbFaceRecord
 10
0.0
 20
0.0
 30
0.0
 70
128
 71
58
 72
56
 73
54
  0
VERTEX
  5
10C4
330
17
100
AcDbEntity
  8
ELEM_04_COMPLETO
100
AcDbFaceRecord
 10
0.0
 20
0.0
 30
0.0
 70
128
 71
58
 72
61
 73
62
  0
VERTEX
  5
10C8
330
17
100
AcDbEntity
  8
ELEM_04_COMPLETO
100
AcDbFaceRecord
 10
0.0
 20
0.0
 30
0.0
 70
128
 71
57
 72
61
 73
58
  0
VERTEX
  5
10CC
330
17
100
AcDbEntity
  8
ELEM_04_COMPLETO
100
AcDbFaceRecord
 10
0.0
 20
0.0
 30
0.0
 70
128
 71
61
 72
57
 73
59
  0
VERTEX
  5
10D0
330
17
100
AcDbEntity
  8
ELEM_04_COMPLETO
100
AcDbFaceRecord
 10
0.0
 20
0.0
 30
0.0
 70
128
 71
63
 72
61
 73
59
  0
VERTEX
  5
10D4
330
17
100
AcDbEntity
  8
ELEM_04_COMPLETO
100
AcDbFaceRecord
 10
0.0
 20
0.0
 30
0.0
 70
128
 71
63
 72
59
 73
60
  0
VERTEX
  5
10D8
330
17
100
AcDbEntity
  8
ELEM_04_COMPLETO
100
AcDbFaceRecord
 10
0.0
 20
0.0
 30
0.0
 70
128
 71
63
 72
60
 73
64
  0
VERTEX
  5
10DC
330
17
100
AcDbEntity
  8
ELEM_04_COMPLETO
100
AcDbFaceRecord
 10
0.0
 20
0.0
 30
0.0
 70
128
 71
62
 72
64
 73
60
  0
VERTEX
  5
10E0
330
17
100
AcDbEntity
  8
ELEM_04_COMPLETO
100
AcDbFaceRecord
 10
0.0
 20
0.0
 30
0.0
 70
128
 71
62
 72
60
 73
58
  0
VERTEX
  5
10E4
330
17
100
AcDbEntity
  8
ELEM_04_COMPLETO
100
AcDbFaceRecord
 10
0.0
 20
0.0
 30
0.0
 70
128
 71
62
 72
65
 73
66
  0
VERTEX
  5
10E8
330
17
100
AcDbEntity
  8
ELEM_04_COMPLETO
100
AcDbFaceRecord
 10
0.0
 20
0.0
 30
0.0
 70
128
 71
61
 72
65
 73
62
  0
VERTEX
  5
10EC
330
17
100
AcDbEntity
  8
ELEM_04_COMPLETO
100
AcDbFaceRecord
 10
0.0
 20
0.0
 30
0.0
 70
128
 71
65
 72
61
 73
63
  0
VERTEX
  5
10F0
330
17
100
AcDbEntity
  8
ELEM_04_COMPLETO
100
AcDbFaceRecord
 10
0.0
 20
0.0
 30
0.0
 70
128
 71
67
 72
65
 73
63
  0
VERTEX
  5
10F4
330
17
100
AcDbEntity
  8
ELEM_04_COMPLETO
100
AcDbFaceRecord
 10
0.0
 20
0.0
 30
0.0
 70
128
 71
67
 72
63
 73
64
  0
VERTEX
  5
10F8
330
17
100
AcDbEntity
  8
ELEM_04_COMPLETO
100
AcDbFaceRecord
 10
0.0
 20
0.0
 30
0.0
 70
128
 71
67
 72
64
 73
68
  0
VERTEX
  5
10FC
330
17
100
AcDbEntity
  8
ELEM_04_COMPLETO
100
AcDbFaceRecord
 10
0.0
 20
0.0
 30
0.0
 70
128
 71
66
 72
68
 73
64
  0
VERTEX
  5
1100
330
17
100
AcDbEntity
  8
ELEM_04_COMPLETO
100
AcDbFaceRecord
 10
0.0
 20
0.0
 30
0.0
 70
128
 71
66
 72
64
 73
62
  0
VERTEX
  5
1104
330
17
100
AcDbEntity
  8
ELEM_04_COMPLETO
100
AcDbFaceRecord
 10
0.0
 20
0.0
 30
0.0
 70
128
 71
65
 72
69
 73
70
  0
VERTEX
  5
1108
330
17
100
AcDbEntity
  8
ELEM_04_COMPLETO
100
AcDbFaceRecord
 10
0.0
 20
0.0
 30
0.0
 70
128
 71
65
 72
70
 73
66
  0
VERTEX
  5
110C
330
17
100
AcDbEntity
  8
ELEM_04_COMPLETO
100
AcDbFaceRecord
 10
0.0
 20
0.0
 30
0.0
 70
128
 71
67
 72
69
 73
65
  0
VERTEX
  5
1110
330
17
100
AcDbEntity
  8
ELEM_04_COMPLETO
100
AcDbFaceRecord
 10
0.0
 20
0.0
 30
0.0
 70
128
 71
71
 72
69
 73
67
  0
VERTEX
  5
1114
330
17
100
AcDbEntity
  8
ELEM_04_COMPLETO
100
AcDbFaceRecord
 10
0.0
 20
0.0
 30
0.0
 70
128
 71
71
 72
67
 73
68
  0
VERTEX
  5
1118
330
17
100
AcDbEntity
  8
ELEM_04_COMPLETO
100
AcDbFaceRecord
 10
0.0
 20
0.0
 30
0.0
 70
128
 71
71
 72
68
 73
72
  0
VERTEX
  5
111C
330
17
100
AcDbEntity
  8
ELEM_04_COMPLETO
100
AcDbFaceRecord
 10
0.0
 20
0.0
 30
0.0
 70
128
 71
70
 72
72
 73
68
  0
VERTEX
  5
1120
330
17
100
AcDbEntity
  8
ELEM_04_COMPLETO
100
AcDbFaceRecord
 10
0.0
 20
0.0
 30
0.0
 70
128
 71
70
 72
68
 73
66
  0
VERTEX
  5
1124
330
17
100
AcDbEntity
  8
ELEM_04_COMPLETO
100
AcDbFaceRecord
 10
0.0
 20
0.0
 30
0.0
 70
128
 71
69
 72
73
 73
74
  0
VERTEX
  5
1128
330
17
100
AcDbEntity
  8
ELEM_04_COMPLETO
100
AcDbFaceRecord
 10
0.0
 20
0.0
 30
0.0
 70
128
 71
69
 72
74
 73
70
  0
VERTEX
  5
112C
330
17
100
AcDbEntity
  8
ELEM_04_COMPLETO
100
AcDbFaceRecord
 10
0.0
 20
0.0
 30
0.0
 70
128
 71
71
 72
73
 73
69
  0
VERTEX
  5
1130
330
17
100
AcDbEntity
  8
ELEM_04_COMPLETO
100
AcDbFaceRecord
 10
0.0
 20
0.0
 30
0.0
 70
128
 71
75
 72
73
 73
71
  0
VERTEX
  5
1134
330
17
100
AcDbEntity
  8
ELEM_04_COMPLETO
100
AcDbFaceRecord
 10
0.0
 20
0.0
 30
0.0
 70
128
 71
75
 72
71
 73
72
  0
VERTEX
  5
1138
330
17
100
AcDbEntity
  8
ELEM_04_COMPLETO
100
AcDbFaceRecord
 10
0.0
 20
0.0
 30
0.0
 70
128
 71
75
 72
72
 73
76
  0
VERTEX
  5
113C
330
17
100
AcDbEntity
  8
ELEM_04_COMPLETO
100
AcDbFaceRecord
 10
0.0
 20
0.0
 30
0.0
 70
128
 71
74
 72
76
 73
72
  0
VERTEX
  5
1140
330
17
100
AcDbEntity
  8
ELEM_04_COMPLETO
100
AcDbFaceRecord
 10
0.0
 20
0.0
 30
0.0
 70
128
 71
74
 72
72
 73
70
  0
VERTEX
  5
1144
330
17
100
AcDbEntity
  8
ELEM_04_COMPLETO
100
AcDbFaceRecord
 10
0.0
 20
0.0
 30
0.0
 70
128
 71
73
 72
77
 73
78
  0
VERTEX
  5
1148
330
17
100
AcDbEntity
  8
ELEM_04_COMPLETO
100
AcDbFaceRecord
 10
0.0
 20
0.0
 30
0.0
 70
128
 71
73
 72
78
 73
74
  0
VERTEX
  5
114C
330
17
100
AcDbEntity
  8
ELEM_04_COMPLETO
100
AcDbFaceRecord
 10
0.0
 20
0.0
 30
0.0
 70
128
 71
75
 72
77
 73
73
  0
VERTEX
  5
1150
330
17
100
AcDbEntity
  8
ELEM_04_COMPLETO
100
AcDbFaceRecord
 10
0.0
 20
0.0
 30
0.0
 70
128
 71
79
 72
77
 73
75
  0
VERTEX
  5
1154
330
17
100
AcDbEntity
  8
ELEM_04_COMPLETO
100
AcDbFaceRecord
 10
0.0
 20
0.0
 30
0.0
 70
128
 71
79
 72
75
 73
76
  0
VERTEX
  5
1158
330
17
100
AcDbEntity
  8
ELEM_04_COMPLETO
100
AcDbFaceRecord
 10
0.0
 20
0.0
 30
0.0
 70
128
 71
79
 72
76
 73
80
  0
VERTEX
  5
115C
330
17
100
AcDbEntity
  8
ELEM_04_COMPLETO
100
AcDbFaceRecord
 10
0.0
 20
0.0
 30
0.0
 70
128
 71
78
 72
80
 73
76
  0
VERTEX
  5
1160
330
17
100
AcDbEntity
  8
ELEM_04_COMPLETO
100
AcDbFaceRecord
 10
0.0
 20
0.0
 30
0.0
 70
128
 71
78
 72
76
 73
74
  0
VERTEX
  5
1164
330
17
100
AcDbEntity
  8
ELEM_04_COMPLETO
100
AcDbFaceRecord
 10
0.0
 20
0.0
 30
0.0
 70
128
 71
77
 72
81
 73
82
  0
VERTEX
  5
1168
330
17
100
AcDbEntity
  8
ELEM_04_COMPLETO
100
AcDbFaceRecord
 10
0.0
 20
0.0
 30
0.0
 70
128
 71
77
 72
82
 73
78
  0
VERTEX
  5
116C
330
17
100
AcDbEntity
  8
ELEM_04_COMPLETO
100
AcDbFaceRecord
 10
0.0
 20
0.0
 30
0.0
 70
128
 71
79
 72
81
 73
77
  0
VERTEX
  5
1170
330
17
100
AcDbEntity
  8
ELEM_04_COMPLETO
100
AcDbFaceRecord
 10
0.0
 20
0.0
 30
0.0
 70
128
 71
83
 72
81
 73
79
  0
VERTEX
  5
1174
330
17
100
AcDbEntity
  8
ELEM_04_COMPLETO
100
AcDbFaceRecord
 10
0.0
 20
0.0
 30
0.0
 70
128
 71
83
 72
79
 73
80
  0
VERTEX
  5
1178
330
17
100
AcDbEntity
  8
ELEM_04_COMPLETO
100
AcDbFaceRecord
 10
0.0
 20
0.0
 30
0.0
 70
128
 71
83
 72
80
 73
84
  0
VERTEX
  5
117C
330
17
100
AcDbEntity
  8
ELEM_04_COMPLETO
100
AcDbFaceRecord
 10
0.0
 20
0.0
 30
0.0
 70
128
 71
82
 72
84
 73
80
  0
VERTEX
  5
1180
330
17
100
AcDbEntity
  8
ELEM_04_COMPLETO
100
AcDbFaceRecord
 10
0.0
 20
0.0
 30
0.0
 70
128
 71
80
 72
78
 73
82
  0
VERTEX
  5
1184
330
17
100
AcDbEntity
  8
ELEM_04_COMPLETO
100
AcDbFaceRecord
 10
0.0
 20
0.0
 30
0.0
 70
128
 71
81
 72
85
 73
86
  0
VERTEX
  5
1188
330
17
100
AcDbEntity
  8
ELEM_04_COMPLETO
100
AcDbFaceRecord
 10
0.0
 20
0.0
 30
0.0
 70
128
 71
81
 72
86
 73
82
  0
VERTEX
  5
118C
330
17
100
AcDbEntity
  8
ELEM_04_COMPLETO
100
AcDbFaceRecord
 10
0.0
 20
0.0
 30
0.0
 70
128
 71
83
 72
85
 73
81
  0
VERTEX
  5
1190
330
17
100
AcDbEntity
  8
ELEM_04_COMPLETO
100
AcDbFaceRecord
 10
0.0
 20
0.0
 30
0.0
 70
128
 71
87
 72
85
 73
83
  0
VERTEX
  5
1194
330
17
100
AcDbEntity
  8
ELEM_04_COMPLETO
100
AcDbFaceRecord
 10
0.0
 20
0.0
 30
0.0
 70
128
 71
87
 72
83
 73
84
  0
VERTEX
  5
1198
330
17
100
AcDbEntity
  8
ELEM_04_COMPLETO
100
AcDbFaceRecord
 10
0.0
 20
0.0
 30
0.0
 70
128
 71
87
 72
84
 73
88
  0
VERTEX
  5
119C
330
17
100
AcDbEntity
  8
ELEM_04_COMPLETO
100
AcDbFaceRecord
 10
0.0
 20
0.0
 30
0.0
 70
128
 71
86
 72
88
 73
84
  0
VERTEX
  5
11A0
330
17
100
AcDbEntity
  8
ELEM_04_COMPLETO
100
AcDbFaceRecord
 10
0.0
 20
0.0
 30
0.0
 70
128
 71
86
 72
84
 73
82
  0
VERTEX
  5
11A4
330
17
100
AcDbEntity
  8
ELEM_04_COMPLETO
100
AcDbFaceRecord
 10
0.0
 20
0.0
 30
0.0
 70
128
 71
85
 72
89
 73
90
  0
VERTEX
  5
11A8
330
17
100
AcDbEntity
  8
ELEM_04_COMPLETO
100
AcDbFaceRecord
 10
0.0
 20
0.0
 30
0.0
 70
128
 71
85
 72
90
 73
86
  0
VERTEX
  5
11AC
330
17
100
AcDbEntity
  8
ELEM_04_COMPLETO
100
AcDbFaceRecord
 10
0.0
 20
0.0
 30
0.0
 70
128
 71
87
 72
89
 73
85
  0
VERTEX
  5
11B0
330
17
100
AcDbEntity
  8
ELEM_04_COMPLETO
100
AcDbFaceRecord
 10
0.0
 20
0.0
 30
0.0
 70
128
 71
91
 72
89
 73
87
  0
VERTEX
  5
11B4
330
17
100
AcDbEntity
  8
ELEM_04_COMPLETO
100
AcDbFaceRecord
 10
0.0
 20
0.0
 30
0.0
 70
128
 71
91
 72
87
 73
88
  0
VERTEX
  5
11B8
330
17
100
AcDbEntity
  8
ELEM_04_COMPLETO
100
AcDbFaceRecord
 10
0.0
 20
0.0
 30
0.0
 70
128
 71
91
 72
88
 73
92
  0
VERTEX
  5
11BC
330
17
100
AcDbEntity
  8
ELEM_04_COMPLETO
100
AcDbFaceRecord
 10
0.0
 20
0.0
 30
0.0
 70
128
 71
90
 72
92
 73
88
  0
VERTEX
  5
11C0
330
17
100
AcDbEntity
  8
ELEM_04_COMPLETO
100
AcDbFaceRecord
 10
0.0
 20
0.0
 30
0.0
 70
128
 71
90
 72
88
 73
86
  0
VERTEX
  5
11C4
330
17
100
AcDbEntity
  8
ELEM_04_COMPLETO
100
AcDbFaceRecord
 10
0.0
 20
0.0
 30
0.0
 70
128
 71
89
 72
93
 73
94
  0
VERTEX
  5
11C8
330
17
100
AcDbEntity
  8
ELEM_04_COMPLETO
100
AcDbFaceRecord
 10
0.0
 20
0.0
 30
0.0
 70
128
 71
89
 72
94
 73
90
  0
VERTEX
  5
11CC
330
17
100
AcDbEntity
  8
ELEM_04_COMPLETO
100
AcDbFaceRecord
 10
0.0
 20
0.0
 30
0.0
 70
128
 71
91
 72
93
 73
89
  0
VERTEX
  5
11D0
330
17
100
AcDbEntity
  8
ELEM_04_COMPLETO
100
AcDbFaceRecord
 10
0.0
 20
0.0
 30
0.0
 70
128
 71
95
 72
93
 73
91
  0
VERTEX
  5
11D4
330
17
100
AcDbEntity
  8
ELEM_04_COMPLETO
100
AcDbFaceRecord
 10
0.0
 20
0.0
 30
0.0
 70
128
 71
95
 72
91
 73
92
  0
VERTEX
  5
11D8
330
17
100
AcDbEntity
  8
ELEM_04_COMPLETO
100
AcDbFaceRecord
 10
0.0
 20
0.0
 30
0.0
 70
128
 71
95
 72
92
 73
96
  0
VERTEX
  5
11DC
330
17
100
AcDbEntity
  8
ELEM_04_COMPLETO
100
AcDbFaceRecord
 10
0.0
 20
0.0
 30
0.0
 70
128
 71
94
 72
96
 73
92
  0
VERTEX
  5
11E0
330
17
100
AcDbEntity
  8
ELEM_04_COMPLETO
100
AcDbFaceRecord
 10
0.0
 20
0.0
 30
0.0
 70
128
 71
94
 72
92
 73
90
  0
VERTEX
  5
11E4
330
17
100
AcDbEntity
  8
ELEM_04_COMPLETO
100
AcDbFaceRecord
 10
0.0
 20
0.0
 30
0.0
 70
128
 71
93
 72
97
 73
98
  0
VERTEX
  5
11E8
330
17
100
AcDbEntity
  8
ELEM_04_COMPLETO
100
AcDbFaceRecord
 10
0.0
 20
0.0
 30
0.0
 70
128
 71
93
 72
98
 73
94
  0
VERTEX
  5
11EC
330
17
100
AcDbEntity
  8
ELEM_04_COMPLETO
100
AcDbFaceRecord
 10
0.0
 20
0.0
 30
0.0
 70
128
 71
95
 72
97
 73
93
  0
VERTEX
  5
11F0
330
17
100
AcDbEntity
  8
ELEM_04_COMPLETO
100
AcDbFaceRecord
 10
0.0
 20
0.0
 30
0.0
 70
128
 71
99
 72
97
 73
95
  0
VERTEX
  5
11F4
330
17
100
AcDbEntity
  8
ELEM_04_COMPLETO
100
AcDbFaceRecord
 10
0.0
 20
0.0
 30
0.0
 70
128
 71
99
 72
95
 73
96
  0
VERTEX
  5
11F8
330
17
100
AcDbEntity
  8
ELEM_04_COMPLETO
100
AcDbFaceRecord
 10
0.0
 20
0.0
 30
0.0
 70
128
 71
99
 72
96
 73
100
  0
VERTEX
  5
11FC
330
17
100
AcDbEntity
  8
ELEM_04_COMPLETO
100
AcDbFaceRecord
 10
0.0
 20
0.0
 30
0.0
 70
128
 71
98
 72
100
 73
96
  0
VERTEX
  5
1200
330
17
100
AcDbEntity
  8
ELEM_04_COMPLETO
100
AcDbFaceRecord
 10
0.0
 20
0.0
 30
0.0
 70
128
 71
96
 72
94
 73
98
  0
VERTEX
  5
1204
330
17
100
AcDbEntity
  8
ELEM_04_COMPLETO
100
AcDbFaceRecord
 10
0.0
 20
0.0
 30
0.0
 70
128
 71
97
 72
101
 73
102
  0
VERTEX
  5
1208
330
17
100
AcDbEntity
  8
ELEM_04_COMPLETO
100
AcDbFaceRecord
 10
0.0
 20
0.0
 30
0.0
 70
128
 71
97
 72
102
 73
98
  0
VERTEX
  5
120C
330
17
100
AcDbEntity
  8
ELEM_04_COMPLETO
100
AcDbFaceRecord
 10
0.0
 20
0.0
 30
0.0
 70
128
 71
99
 72
101
 73
97
  0
VERTEX
  5
1210
330
17
100
AcDbEntity
  8
ELEM_04_COMPLETO
100
AcDbFaceRecord
 10
0.0
 20
0.0
 30
0.0
 70
128
 71
103
 72
101
 73
99
  0
VERTEX
  5
1214
330
17
100
AcDbEntity
  8
ELEM_04_COMPLETO
100
AcDbFaceRecord
 10
0.0
 20
0.0
 30
0.0
 70
128
 71
103
 72
99
 73
100
  0
VERTEX
  5
1218
330
17
100
AcDbEntity
  8
ELEM_04_COMPLETO
100
AcDbFaceRecord
 10
0.0
 20
0.0
 30
0.0
 70
128
 71
103
 72
100
 73
104
  0
VERTEX
  5
121C
330
17
100
AcDbEntity
  8
ELEM_04_COMPLETO
100
AcDbFaceRecord
 10
0.0
 20
0.0
 30
0.0
 70
128
 71
102
 72
104
 73
100
  0
VERTEX
  5
1220
330
17
100
AcDbEntity
  8
ELEM_04_COMPLETO
100
AcDbFaceRecord
 10
0.0
 20
0.0
 30
0.0
 70
128
 71
102
 72
100
 73
98
  0
VERTEX
  5
1224
330
17
100
AcDbEntity
  8
ELEM_04_COMPLETO
100
AcDbFaceRecord
 10
0.0
 20
0.0
 30
0.0
 70
128
 71
101
 72
105
 73
106
  0
VERTEX
  5
1228
330
17
100
AcDbEntity
  8
ELEM_04_COMPLETO
100
AcDbFaceRecord
 10
0.0
 20
0.0
 30
0.0
 70
128
 71
101
 72
106
 73
102
  0
VERTEX
  5
122C
330
17
100
AcDbEntity
  8
ELEM_04_COMPLETO
100
AcDbFaceRecord
 10
0.0
 20
0.0
 30
0.0
 70
128
 71
103
 72
105
 73
101
  0
VERTEX
  5
1230
330
17
100
AcDbEntity
  8
ELEM_04_COMPLETO
100
AcDbFaceRecord
 10
0.0
 20
0.0
 30
0.0
 70
128
 71
107
 72
105
 73
103
  0
VERTEX
  5
1234
330
17
100
AcDbEntity
  8
ELEM_04_COMPLETO
100
AcDbFaceRecord
 10
0.0
 20
0.0
 30
0.0
 70
128
 71
107
 72
103
 73
104
  0
VERTEX
  5
1238
330
17
100
AcDbEntity
  8
ELEM_04_COMPLETO
100
AcDbFaceRecord
 10
0.0
 20
0.0
 30
0.0
 70
128
 71
107
 72
104
 73
108
  0
VERTEX
  5
123C
330
17
100
AcDbEntity
  8
ELEM_04_COMPLETO
100
AcDbFaceRecord
 10
0.0
 20
0.0
 30
0.0
 70
128
 71
106
 72
108
 73
104
  0
VERTEX
  5
1240
330
17
100
AcDbEntity
  8
ELEM_04_COMPLETO
100
AcDbFaceRecord
 10
0.0
 20
0.0
 30
0.0
 70
128
 71
106
 72
104
 73
102
  0
VERTEX
  5
1244
330
17
100
AcDbEntity
  8
ELEM_04_COMPLETO
100
AcDbFaceRecord
 10
0.0
 20
0.0
 30
0.0
 70
128
 71
105
 72
109
 73
110
  0
VERTEX
  5
1248
330
17
100
AcDbEntity
  8
ELEM_04_COMPLETO
100
AcDbFaceRecord
 10
0.0
 20
0.0
 30
0.0
 70
128
 71
105
 72
110
 73
106
  0
VERTEX
  5
124C
330
17
100
AcDbEntity
  8
ELEM_04_COMPLETO
100
AcDbFaceRecord
 10
0.0
 20
0.0
 30
0.0
 70
128
 71
107
 72
109
 73
105
  0
VERTEX
  5
1250
330
17
100
AcDbEntity
  8
ELEM_04_COMPLETO
100
AcDbFaceRecord
 10
0.0
 20
0.0
 30
0.0
 70
128
 71
111
 72
109
 73
107
  0
VERTEX
  5
1254
330
17
100
AcDbEntity
  8
ELEM_04_COMPLETO
100
AcDbFaceRecord
 10
0.0
 20
0.0
 30
0.0
 70
128
 71
111
 72
107
 73
108
  0
VERTEX
  5
1258
330
17
100
AcDbEntity
  8
ELEM_04_COMPLETO
100
AcDbFaceRecord
 10
0.0
 20
0.0
 30
0.0
 70
128
 71
111
 72
108
 73
112
  0
VERTEX
  5
125C
330
17
100
AcDbEntity
  8
ELEM_04_COMPLETO
100
AcDbFaceRecord
 10
0.0
 20
0.0
 30
0.0
 70
128
 71
110
 72
112
 73
108
  0
VERTEX
  5
1260
330
17
100
AcDbEntity
  8
ELEM_04_COMPLETO
100
AcDbFaceRecord
 10
0.0
 20
0.0
 30
0.0
 70
128
 71
110
 72
108
 73
106
  0
VERTEX
  5
1264
330
17
100
AcDbEntity
  8
ELEM_04_COMPLETO
100
AcDbFaceRecord
 10
0.0
 20
0.0
 30
0.0
 70
128
 71
109
 72
113
 73
114
  0
VERTEX
  5
1268
330
17
100
AcDbEntity
  8
ELEM_04_COMPLETO
100
AcDbFaceRecord
 10
0.0
 20
0.0
 30
0.0
 70
128
 71
109
 72
114
 73
110
  0
VERTEX
  5
126C
330
17
100
AcDbEntity
  8
ELEM_04_COMPLETO
100
AcDbFaceRecord
 10
0.0
 20
0.0
 30
0.0
 70
128
 71
111
 72
113
 73
109
  0
VERTEX
  5
1270
330
17
100
AcDbEntity
  8
ELEM_04_COMPLETO
100
AcDbFaceRecord
 10
0.0
 20
0.0
 30
0.0
 70
128
 71
115
 72
113
 73
111
  0
VERTEX
  5
1274
330
17
100
AcDbEntity
  8
ELEM_04_COMPLETO
100
AcDbFaceRecord
 10
0.0
 20
0.0
 30
0.0
 70
128
 71
115
 72
111
 73
112
  0
VERTEX
  5
1278
330
17
100
AcDbEntity
  8
ELEM_04_COMPLETO
100
AcDbFaceRecord
 10
0.0
 20
0.0
 30
0.0
 70
128
 71
115
 72
112
 73
116
  0
VERTEX
  5
127C
330
17
100
AcDbEntity
  8
ELEM_04_COMPLETO
100
AcDbFaceRecord
 10
0.0
 20
0.0
 30
0.0
 70
128
 71
114
 72
116
 73
112
  0
VERTEX
  5
1280
330
17
100
AcDbEntity
  8
ELEM_04_COMPLETO
100
AcDbFaceRecord
 10
0.0
 20
0.0
 30
0.0
 70
128
 71
112
 72
110
 73
114
  0
VERTEX
  5
1284
330
17
100
AcDbEntity
  8
ELEM_04_COMPLETO
100
AcDbFaceRecord
 10
0.0
 20
0.0
 30
0.0
 70
128
 71
113
 72
117
 73
118
  0
VERTEX
  5
1288
330
17
100
AcDbEntity
  8
ELEM_04_COMPLETO
100
AcDbFaceRecord
 10
0.0
 20
0.0
 30
0.0
 70
128
 71
113
 72
118
 73
114
  0
VERTEX
  5
128C
330
17
100
AcDbEntity
  8
ELEM_04_COMPLETO
100
AcDbFaceRecord
 10
0.0
 20
0.0
 30
0.0
 70
128
 71
115
 72
117
 73
113
  0
VERTEX
  5
1290
330
17
100
AcDbEntity
  8
ELEM_04_COMPLETO
100
AcDbFaceRecord
 10
0.0
 20
0.0
 30
0.0
 70
128
 71
119
 72
117
 73
115
  0
VERTEX
  5
1294
330
17
100
AcDbEntity
  8
ELEM_04_COMPLETO
100
AcDbFaceRecord
 10
0.0
 20
0.0
 30
0.0
 70
128
 71
119
 72
115
 73
116
  0
VERTEX
  5
1298
330
17
100
AcDbEntity
  8
ELEM_04_COMPLETO
100
AcDbFaceRecord
 10
0.0
 20
0.0
 30
0.0
 70
128
 71
119
 72
116
 73
120
  0
VERTEX
  5
129C
330
17
100
AcDbEntity
  8
ELEM_04_COMPLETO
100
AcDbFaceRecord
 10
0.0
 20
0.0
 30
0.0
 70
128
 71
118
 72
120
 73
116
  0
VERTEX
  5
12A0
330
17
100
AcDbEntity
  8
ELEM_04_COMPLETO
100
AcDbFaceRecord
 10
0.0
 20
0.0
 30
0.0
 70
128
 71
118
 72
116
 73
114
  0
VERTEX
  5
12A4
330
17
100
AcDbEntity
  8
ELEM_04_COMPLETO
100
AcDbFaceRecord
 10
0.0
 20
0.0
 30
0.0
 70
128
 71
117
 72
121
 73
122
  0
VERTEX
  5
12A8
330
17
100
AcDbEntity
  8
ELEM_04_COMPLETO
100
AcDbFaceRecord
 10
0.0
 20
0.0
 30
0.0
 70
128
 71
117
 72
122
 73
118
  0
VERTEX
  5
12AC
330
17
100
AcDbEntity
  8
ELEM_04_COMPLETO
100
AcDbFaceRecord
 10
0.0
 20
0.0
 30
0.0
 70
128
 71
119
 72
121
 73
117
  0
VERTEX
  5
12B0
330
17
100
AcDbEntity
  8
ELEM_04_COMPLETO
100
AcDbFaceRecord
 10
0.0
 20
0.0
 30
0.0
 70
128
 71
123
 72
121
 73
119
  0
VERTEX
  5
12B4
330
17
100
AcDbEntity
  8
ELEM_04_COMPLETO
100
AcDbFaceRecord
 10
0.0
 20
0.0
 30
0.0
 70
128
 71
123
 72
119
 73
120
  0
VERTEX
  5
12B8
330
17
100
AcDbEntity
  8
ELEM_04_COMPLETO
100
AcDbFaceRecord
 10
0.0
 20
0.0
 30
0.0
 70
128
 71
123
 72
120
 73
124
  0
VERTEX
  5
12BC
330
17
100
AcDbEntity
  8
ELEM_04_COMPLETO
100
AcDbFaceRecord
 10
0.0
 20
0.0
 30
0.0
 70
128
 71
122
 72
124
 73
120
  0
VERTEX
  5
12C0
330
17
100
AcDbEntity
  8
ELEM_04_COMPLETO
100
AcDbFaceRecord
 10
0.0
 20
0.0
 30
0.0
 70
128
 71
122
 72
120
 73
118
  0
VERTEX
  5
12C4
330
17
100
AcDbEntity
  8
ELEM_04_COMPLETO
100
AcDbFaceRecord
 10
0.0
 20
0.0
 30
0.0
 70
128
 71
121
 72
125
 73
126
  0
VERTEX
  5
12C8
330
17
100
AcDbEntity
  8
ELEM_04_COMPLETO
100
AcDbFaceRecord
 10
0.0
 20
0.0
 30
0.0
 70
128
 71
121
 72
126
 73
122
  0
VERTEX
  5
12CC
330
17
100
AcDbEntity
  8
ELEM_04_COMPLETO
100
AcDbFaceRecord
 10
0.0
 20
0.0
 30
0.0
 70
128
 71
123
 72
125
 73
121
  0
VERTEX
  5
12D0
330
17
100
AcDbEntity
  8
ELEM_04_COMPLETO
100
AcDbFaceRecord
 10
0.0
 20
0.0
 30
0.0
 70
128
 71
127
 72
125
 73
123
  0
VERTEX
  5
12D4
330
17
100
AcDbEntity
  8
ELEM_04_COMPLETO
100
AcDbFaceRecord
 10
0.0
 20
0.0
 30
0.0
 70
128
 71
127
 72
123
 73
124
  0
VERTEX
  5
12D8
330
17
100
AcDbEntity
  8
ELEM_04_COMPLETO
100
AcDbFaceRecord
 10
0.0
 20
0.0
 30
0.0
 70
128
 71
127
 72
124
 73
128
  0
VERTEX
  5
12DC
330
17
100
AcDbEntity
  8
ELEM_04_COMPLETO
100
AcDbFaceRecord
 10
0.0
 20
0.0
 30
0.0
 70
128
 71
126
 72
128
 73
124
  0
VERTEX
  5
12E0
330
17
100
AcDbEntity
  8
ELEM_04_COMPLETO
100
AcDbFaceRecord
 10
0.0
 20
0.0
 30
0.0
 70
128
 71
124
 72
122
 73
126
  0
VERTEX
  5
12E4
330
17
100
AcDbEntity
  8
ELEM_04_COMPLETO
100
AcDbFaceRecord
 10
0.0
 20
0.0
 30
0.0
 70
128
 71
125
 72
129
 73
130
  0
VERTEX
  5
12E8
330
17
100
AcDbEntity
  8
ELEM_04_COMPLETO
100
AcDbFaceRecord
 10
0.0
 20
0.0
 30
0.0
 70
128
 71
125
 72
130
 73
126
  0
VERTEX
  5
12EC
330
17
100
AcDbEntity
  8
ELEM_04_COMPLETO
100
AcDbFaceRecord
 10
0.0
 20
0.0
 30
0.0
 70
128
 71
127
 72
129
 73
125
  0
VERTEX
  5
12F0
330
17
100
AcDbEntity
  8
ELEM_04_COMPLETO
100
AcDbFaceRecord
 10
0.0
 20
0.0
 30
0.0
 70
128
 71
131
 72
129
 73
127
  0
VERTEX
  5
12F4
330
17
100
AcDbEntity
  8
ELEM_04_COMPLETO
100
AcDbFaceRecord
 10
0.0
 20
0.0
 30
0.0
 70
128
 71
131
 72
127
 73
128
  0
VERTEX
  5
12F8
330
17
100
AcDbEntity
  8
ELEM_04_COMPLETO
100
AcDbFaceRecord
 10
0.0
 20
0.0
 30
0.0
 70
128
 71
131
 72
128
 73
132
  0
VERTEX
  5
12FC
330
17
100
AcDbEntity
  8
ELEM_04_COMPLETO
100
AcDbFaceRecord
 10
0.0
 20
0.0
 30
0.0
 70
128
 71
130
 72
132
 73
128
  0
VERTEX
  5
1300
330
17
100
AcDbEntity
  8
ELEM_04_COMPLETO
100
AcDbFaceRecord
 10
0.0
 20
0.0
 30
0.0
 70
128
 71
130
 72
128
 73
126
  0
VERTEX
  5
1304
330
17
100
AcDbEntity
  8
ELEM_04_COMPLETO
100
AcDbFaceRecord
 10
0.0
 20
0.0
 30
0.0
 70
128
 71
129
 72
133
 73
134
  0
VERTEX
  5
1308
330
17
100
AcDbEntity
  8
ELEM_04_COMPLETO
100
AcDbFaceRecord
 10
0.0
 20
0.0
 30
0.0
 70
128
 71
129
 72
134
 73
130
  0
VERTEX
  5
130C
330
17
100
AcDbEntity
  8
ELEM_04_COMPLETO
100
AcDbFaceRecord
 10
0.0
 20
0.0
 30
0.0
 70
128
 71
131
 72
133
 73
129
  0
VERTEX
  5
1310
330
17
100
AcDbEntity
  8
ELEM_04_COMPLETO
100
AcDbFaceRecord
 10
0.0
 20
0.0
 30
0.0
 70
128
 71
135
 72
133
 73
131
  0
VERTEX
  5
1314
330
17
100
AcDbEntity
  8
ELEM_04_COMPLETO
100
AcDbFaceRecord
 10
0.0
 20
0.0
 30
0.0
 70
128
 71
135
 72
131
 73
132
  0
VERTEX
  5
1318
330
17
100
AcDbEntity
  8
ELEM_04_COMPLETO
100
AcDbFaceRecord
 10
0.0
 20
0.0
 30
0.0
 70
128
 71
135
 72
132
 73
136
  0
VERTEX
  5
131C
330
17
100
AcDbEntity
  8
ELEM_04_COMPLETO
100
AcDbFaceRecord
 10
0.0
 20
0.0
 30
0.0
 70
128
 71
134
 72
136
 73
132
  0
VERTEX
  5
1320
330
17
100
AcDbEntity
  8
ELEM_04_COMPLETO
100
AcDbFaceRecord
 10
0.0
 20
0.0
 30
0.0
 70
128
 71
134
 72
132
 73
130
  0
VERTEX
  5
1324
330
17
100
AcDbEntity
  8
ELEM_04_COMPLETO
100
AcDbFaceRecord
 10
0.0
 20
0.0
 30
0.0
 70
128
 71
133
 72
137
 73
138
  0
VERTEX
  5
1328
330
17
100
AcDbEntity
  8
ELEM_04_COMPLETO
100
AcDbFaceRecord
 10
0.0
 20
0.0
 30
0.0
 70
128
 71
133
 72
138
 73
134
  0
VERTEX
  5
132C
330
17
100
AcDbEntity
  8
ELEM_04_COMPLETO
100
AcDbFaceRecord
 10
0.0
 20
0.0
 30
0.0
 70
128
 71
135
 72
137
 73
133
  0
VERTEX
  5
1330
330
17
100
AcDbEntity
  8
ELEM_04_COMPLETO
100
AcDbFaceRecord
 10
0.0
 20
0.0
 30
0.0
 70
128
 71
139
 72
137
 73
135
  0
VERTEX
  5
1334
330
17
100
AcDbEntity
  8
ELEM_04_COMPLETO
100
AcDbFaceRecord
 10
0.0
 20
0.0
 30
0.0
 70
128
 71
139
 72
135
 73
136
  0
VERTEX
  5
1338
330
17
100
AcDbEntity
  8
ELEM_04_COMPLETO
100
AcDbFaceRecord
 10
0.0
 20
0.0
 30
0.0
 70
128
 71
139
 72
136
 73
140
  0
VERTEX
  5
133C
330
17
100
AcDbEntity
  8
ELEM_04_COMPLETO
100
AcDbFaceRecord
 10
0.0
 20
0.0
 30
0.0
 70
128
 71
138
 72
140
 73
136
  0
VERTEX
  5
1340
330
17
100
AcDbEntity
  8
ELEM_04_COMPLETO
100
AcDbFaceRecord
 10
0.0
 20
0.0
 30
0.0
 70
128
 71
136
 72
134
 73
138
  0
VERTEX
  5
1344
330
17
100
AcDbEntity
  8
ELEM_04_COMPLETO
100
AcDbFaceRecord
 10
0.0
 20
0.0
 30
0.0
 70
128
 71
137
 72
141
 73
142
  0
VERTEX
  5
1348
330
17
100
AcDbEntity
  8
ELEM_04_COMPLETO
100
AcDbFaceRecord
 10
0.0
 20
0.0
 30
0.0
 70
128
 71
137
 72
142
 73
138
  0
VERTEX
  5
134C
330
17
100
AcDbEntity
  8
ELEM_04_COMPLETO
100
AcDbFaceRecord
 10
0.0
 20
0.0
 30
0.0
 70
128
 71
139
 72
141
 73
137
  0
VERTEX
  5
1350
330
17
100
AcDbEntity
  8
ELEM_04_COMPLETO
100
AcDbFaceRecord
 10
0.0
 20
0.0
 30
0.0
 70
128
 71
143
 72
141
 73
139
  0
VERTEX
  5
1354
330
17
100
AcDbEntity
  8
ELEM_04_COMPLETO
100
AcDbFaceRecord
 10
0.0
 20
0.0
 30
0.0
 70
128
 71
143
 72
139
 73
140
  0
VERTEX
  5
1358
330
17
100
AcDbEntity
  8
ELEM_04_COMPLETO
100
AcDbFaceRecord
 10
0.0
 20
0.0
 30
0.0
 70
128
 71
143
 72
140
 73
144
  0
VERTEX
  5
135C
330
17
100
AcDbEntity
  8
ELEM_04_COMPLETO
100
AcDbFaceRecord
 10
0.0
 20
0.0
 30
0.0
 70
128
 71
142
 72
144
 73
140
  0
VERTEX
  5
1360
330
17
100
AcDbEntity
  8
ELEM_04_COMPLETO
100
AcDbFaceRecord
 10
0.0
 20
0.0
 30
0.0
 70
128
 71
142
 72
140
 73
138
  0
VERTEX
  5
1364
330
17
100
AcDbEntity
  8
ELEM_04_COMPLETO
100
AcDbFaceRecord
 10
0.0
 20
0.0
 30
0.0
 70
128
 71
141
 72
145
 73
146
  0
VERTEX
  5
1368
330
17
100
AcDbEntity
  8
ELEM_04_COMPLETO
100
AcDbFaceRecord
 10
0.0
 20
0.0
 30
0.0
 70
128
 71
141
 72
146
 73
142
  0
VERTEX
  5
136C
330
17
100
AcDbEntity
  8
ELEM_04_COMPLETO
100
AcDbFaceRecord
 10
0.0
 20
0.0
 30
0.0
 70
128
 71
143
 72
145
 73
141
  0
VERTEX
  5
1370
330
17
100
AcDbEntity
  8
ELEM_04_COMPLETO
100
AcDbFaceRecord
 10
0.0
 20
0.0
 30
0.0
 70
128
 71
147
 72
145
 73
143
  0
VERTEX
  5
1374
330
17
100
AcDbEntity
  8
ELEM_04_COMPLETO
100
AcDbFaceRecord
 10
0.0
 20
0.0
 30
0.0
 70
128
 71
147
 72
143
 73
144
  0
VERTEX
  5
1378
330
17
100
AcDbEntity
  8
ELEM_04_COMPLETO
100
AcDbFaceRecord
 10
0.0
 20
0.0
 30
0.0
 70
128
 71
147
 72
144
 73
148
  0
VERTEX
  5
137C
330
17
100
AcDbEntity
  8
ELEM_04_COMPLETO
100
AcDbFaceRecord
 10
0.0
 20
0.0
 30
0.0
 70
128
 71
146
 72
148
 73
144
  0
VERTEX
  5
1380
330
17
100
AcDbEntity
  8
ELEM_04_COMPLETO
100
AcDbFaceRecord
 10
0.0
 20
0.0
 30
0.0
 70
128
 71
146
 72
144
 73
142
  0
VERTEX
  5
1384
330
17
100
AcDbEntity
  8
ELEM_04_COMPLETO
100
AcDbFaceRecord
 10
0.0
 20
0.0
 30
0.0
 70
128
 71
145
 72
149
 73
150
  0
VERTEX
  5
1388
330
17
100
AcDbEntity
  8
ELEM_04_COMPLETO
100
AcDbFaceRecord
 10
0.0
 20
0.0
 30
0.0
 70
128
 71
145
 72
150
 73
146
  0
VERTEX
  5
138C
330
17
100
AcDbEntity
  8
ELEM_04_COMPLETO
100
AcDbFaceRecord
 10
0.0
 20
0.0
 30
0.0
 70
128
 71
147
 72
149
 73
145
  0
VERTEX
  5
1390
330
17
100
AcDbEntity
  8
ELEM_04_COMPLETO
100
AcDbFaceRecord
 10
0.0
 20
0.0
 30
0.0
 70
128
 71
151
 72
149
 73
147
  0
VERTEX
  5
1394
330
17
100
AcDbEntity
  8
ELEM_04_COMPLETO
100
AcDbFaceRecord
 10
0.0
 20
0.0
 30
0.0
 70
128
 71
151
 72
147
 73
148
  0
VERTEX
  5
1398
330
17
100
AcDbEntity
  8
ELEM_04_COMPLETO
100
AcDbFaceRecord
 10
0.0
 20
0.0
 30
0.0
 70
128
 71
151
 72
148
 73
152
  0
VERTEX
  5
139C
330
17
100
AcDbEntity
  8
ELEM_04_COMPLETO
100
AcDbFaceRecord
 10
0.0
 20
0.0
 30
0.0
 70
128
 71
150
 72
152
 73
148
  0
VERTEX
  5
13A0
330
17
100
AcDbEntity
  8
ELEM_04_COMPLETO
100
AcDbFaceRecord
 10
0.0
 20
0.0
 30
0.0
 70
128
 71
148
 72
146
 73
150
  0
VERTEX
  5
13A4
330
17
100
AcDbEntity
  8
ELEM_04_COMPLETO
100
AcDbFaceRecord
 10
0.0
 20
0.0
 30
0.0
 70
128
 71
149
 72
153
 73
154
  0
VERTEX
  5
13A8
330
17
100
AcDbEntity
  8
ELEM_04_COMPLETO
100
AcDbFaceRecord
 10
0.0
 20
0.0
 30
0.0
 70
128
 71
149
 72
154
 73
150
  0
VERTEX
  5
13AC
330
17
100
AcDbEntity
  8
ELEM_04_COMPLETO
100
AcDbFaceRecord
 10
0.0
 20
0.0
 30
0.0
 70
128
 71
151
 72
153
 73
149
  0
VERTEX
  5
13B0
330
17
100
AcDbEntity
  8
ELEM_04_COMPLETO
100
AcDbFaceRecord
 10
0.0
 20
0.0
 30
0.0
 70
128
 71
155
 72
153
 73
151
  0
VERTEX
  5
13B4
330
17
100
AcDbEntity
  8
ELEM_04_COMPLETO
100
AcDbFaceRecord
 10
0.0
 20
0.0
 30
0.0
 70
128
 71
155
 72
151
 73
152
  0
VERTEX
  5
13B8
330
17
100
AcDbEntity
  8
ELEM_04_COMPLETO
100
AcDbFaceRecord
 10
0.0
 20
0.0
 30
0.0
 70
128
 71
155
 72
152
 73
156
  0
VERTEX
  5
13BC
330
17
100
AcDbEntity
  8
ELEM_04_COMPLETO
100
AcDbFaceRecord
 10
0.0
 20
0.0
 30
0.0
 70
128
 71
154
 72
156
 73
152
  0
VERTEX
  5
13C0
330
17
100
AcDbEntity
  8
ELEM_04_COMPLETO
100
AcDbFaceRecord
 10
0.0
 20
0.0
 30
0.0
 70
128
 71
154
 72
152
 73
150
  0
VERTEX
  5
13C4
330
17
100
AcDbEntity
  8
ELEM_04_COMPLETO
100
AcDbFaceRecord
 10
0.0
 20
0.0
 30
0.0
 70
128
 71
153
 72
157
 73
158
  0
VERTEX
  5
13C8
330
17
100
AcDbEntity
  8
ELEM_04_COMPLETO
100
AcDbFaceRecord
 10
0.0
 20
0.0
 30
0.0
 70
128
 71
153
 72
158
 73
154
  0
VERTEX
  5
13CC
330
17
100
AcDbEntity
  8
ELEM_04_COMPLETO
100
AcDbFaceRecord
 10
0.0
 20
0.0
 30
0.0
 70
128
 71
155
 72
157
 73
153
  0
VERTEX
  5
13D0
330
17
100
AcDbEntity
  8
ELEM_04_COMPLETO
100
AcDbFaceRecord
 10
0.0
 20
0.0
 30
0.0
 70
128
 71
159
 72
157
 73
155
  0
VERTEX
  5
13D4
330
17
100
AcDbEntity
  8
ELEM_04_COMPLETO
100
AcDbFaceRecord
 10
0.0
 20
0.0
 30
0.0
 70
128
 71
159
 72
155
 73
156
  0
VERTEX
  5
13D8
330
17
100
AcDbEntity
  8
ELEM_04_COMPLETO
100
AcDbFaceRecord
 10
0.0
 20
0.0
 30
0.0
 70
128
 71
159
 72
156
 73
160
  0
VERTEX
  5
13DC
330
17
100
AcDbEntity
  8
ELEM_04_COMPLETO
100
AcDbFaceRecord
 10
0.0
 20
0.0
 30
0.0
 70
128
 71
158
 72
160
 73
156
  0
VERTEX
  5
13E0
330
17
100
AcDbEntity
  8
ELEM_04_COMPLETO
100
AcDbFaceRecord
 10
0.0
 20
0.0
 30
0.0
 70
128
 71
156
 72
154
 73
158
  0
VERTEX
  5
13E4
330
17
100
AcDbEntity
  8
ELEM_04_COMPLETO
100
AcDbFaceRecord
 10
0.0
 20
0.0
 30
0.0
 70
128
 71
157
 72
161
 73
162
  0
VERTEX
  5
13E8
330
17
100
AcDbEntity
  8
ELEM_04_COMPLETO
100
AcDbFaceRecord
 10
0.0
 20
0.0
 30
0.0
 70
128
 71
157
 72
162
 73
158
  0
VERTEX
  5
13EC
330
17
100
AcDbEntity
  8
ELEM_04_COMPLETO
100
AcDbFaceRecord
 10
0.0
 20
0.0
 30
0.0
 70
128
 71
163
 72
161
 73
157
  0
VERTEX
  5
13F0
330
17
100
AcDbEntity
  8
ELEM_04_COMPLETO
100
AcDbFaceRecord
 10
0.0
 20
0.0
 30
0.0
 70
128
 71
163
 72
157
 73
159
  0
VERTEX
  5
13F4
330
17
100
AcDbEntity
  8
ELEM_04_COMPLETO
100
AcDbFaceRecord
 10
0.0
 20
0.0
 30
0.0
 70
128
 71
163
 72
159
 73
160
  0
VERTEX
  5
13F8
330
17
100
AcDbEntity
  8
ELEM_04_COMPLETO
100
AcDbFaceRecord
 10
0.0
 20
0.0
 30
0.0
 70
128
 71
163
 72
160
 73
164
  0
VERTEX
  5
13FC
330
17
100
AcDbEntity
  8
ELEM_04_COMPLETO
100
AcDbFaceRecord
 10
0.0
 20
0.0
 30
0.0
 70
128
 71
158
 72
164
 73
160
  0
VERTEX
  5
1400
330
17
100
AcDbEntity
  8
ELEM_04_COMPLETO
100
AcDbFaceRecord
 10
0.0
 20
0.0
 30
0.0
 70
128
 71
162
 72
164
 73
158
  0
VERTEX
  5
1404
330
17
100
AcDbEntity
  8
ELEM_04_COMPLETO
100
AcDbFaceRecord
 10
0.0
 20
0.0
 30
0.0
 70
128
 71
161
 72
165
 73
166
  0
VERTEX
  5
1408
330
17
100
AcDbEntity
  8
ELEM_04_COMPLETO
100
AcDbFaceRecord
 10
0.0
 20
0.0
 30
0.0
 70
128
 71
161
 72
166
 73
162
  0
VERTEX
  5
140C
330
17
100
AcDbEntity
  8
ELEM_04_COMPLETO
100
AcDbFaceRecord
 10
0.0
 20
0.0
 30
0.0
 70
128
 71
167
 72
165
 73
161
  0
VERTEX
  5
1410
330
17
100
AcDbEntity
  8
ELEM_04_COMPLETO
100
AcDbFaceRecord
 10
0.0
 20
0.0
 30
0.0
 70
128
 71
167
 72
161
 73
163
  0
VERTEX
  5
1414
330
17
100
AcDbEntity
  8
ELEM_04_COMPLETO
100
AcDbFaceRecord
 10
0.0
 20
0.0
 30
0.0
 70
128
 71
167
 72
163
 73
164
  0
VERTEX
  5
1418
330
17
100
AcDbEntity
  8
ELEM_04_COMPLETO
100
AcDbFaceRecord
 10
0.0
 20
0.0
 30
0.0
 70
128
 71
167
 72
164
 73
168
  0
VERTEX
  5
141C
330
17
100
AcDbEntity
  8
ELEM_04_COMPLETO
100
AcDbFaceRecord
 10
0.0
 20
0.0
 30
0.0
 70
128
 71
162
 72
168
 73
164
  0
VERTEX
  5
1420
330
17
100
AcDbEntity
  8
ELEM_04_COMPLETO
100
AcDbFaceRecord
 10
0.0
 20
0.0
 30
0.0
 70
128
 71
166
 72
168
 73
162
  0
VERTEX
  5
1424
330
17
100
AcDbEntity
  8
ELEM_04_COMPLETO
100
AcDbFaceRecord
 10
0.0
 20
0.0
 30
0.0
 70
128
 71
165
 72
169
 73
170
  0
VERTEX
  5
1428
330
17
100
AcDbEntity
  8
ELEM_04_COMPLETO
100
AcDbFaceRecord
 10
0.0
 20
0.0
 30
0.0
 70
128
 71
165
 72
170
 73
166
  0
VERTEX
  5
142C
330
17
100
AcDbEntity
  8
ELEM_04_COMPLETO
100
AcDbFaceRecord
 10
0.0
 20
0.0
 30
0.0
 70
128
 71
171
 72
169
 73
165
  0
VERTEX
  5
1430
330
17
100
AcDbEntity
  8
ELEM_04_COMPLETO
100
AcDbFaceRecord
 10
0.0
 20
0.0
 30
0.0
 70
128
 71
171
 72
165
 73
167
  0
VERTEX
  5
1434
330
17
100
AcDbEntity
  8
ELEM_04_COMPLETO
100
AcDbFaceRecord
 10
0.0
 20
0.0
 30
0.0
 70
128
 71
171
 72
167
 73
168
  0
VERTEX
  5
1438
330
17
100
AcDbEntity
  8
ELEM_04_COMPLETO
100
AcDbFaceRecord
 10
0.0
 20
0.0
 30
0.0
 70
128
 71
171
 72
168
 73
172
  0
VERTEX
  5
143C
330
17
100
AcDbEntity
  8
ELEM_04_COMPLETO
100
AcDbFaceRecord
 10
0.0
 20
0.0
 30
0.0
 70
128
 71
166
 72
172
 73
168
  0
VERTEX
  5
1440
330
17
100
AcDbEntity
  8
ELEM_04_COMPLETO
100
AcDbFaceRecord
 10
0.0
 20
0.0
 30
0.0
 70
128
 71
170
 72
172
 73
166
  0
VERTEX
  5
1444
330
17
100
AcDbEntity
  8
ELEM_04_COMPLETO
100
AcDbFaceRecord
 10
0.0
 20
0.0
 30
0.0
 70
128
 71
169
 72
173
 73
174
  0
VERTEX
  5
1448
330
17
100
AcDbEntity
  8
ELEM_04_COMPLETO
100
AcDbFaceRecord
 10
0.0
 20
0.0
 30
0.0
 70
128
 71
169
 72
174
 73
170
  0
VERTEX
  5
144C
330
17
100
AcDbEntity
  8
ELEM_04_COMPLETO
100
AcDbFaceRecord
 10
0.0
 20
0.0
 30
0.0
 70
128
 71
175
 72
173
 73
169
  0
VERTEX
  5
1450
330
17
100
AcDbEntity
  8
ELEM_04_COMPLETO
100
AcDbFaceRecord
 10
0.0
 20
0.0
 30
0.0
 70
128
 71
175
 72
169
 73
171
  0
VERTEX
  5
1454
330
17
100
AcDbEntity
  8
ELEM_04_COMPLETO
100
AcDbFaceRecord
 10
0.0
 20
0.0
 30
0.0
 70
128
 71
175
 72
171
 73
172
  0
VERTEX
  5
1458
330
17
100
AcDbEntity
  8
ELEM_04_COMPLETO
100
AcDbFaceRecord
 10
0.0
 20
0.0
 30
0.0
 70
128
 71
175
 72
172
 73
176
  0
VERTEX
  5
145C
330
17
100
AcDbEntity
  8
ELEM_04_COMPLETO
100
AcDbFaceRecord
 10
0.0
 20
0.0
 30
0.0
 70
128
 71
170
 72
176
 73
172
  0
VERTEX
  5
1460
330
17
100
AcDbEntity
  8
ELEM_04_COMPLETO
100
AcDbFaceRecord
 10
0.0
 20
0.0
 30
0.0
 70
128
 71
174
 72
176
 73
170
  0
VERTEX
  5
1464
330
17
100
AcDbEntity
  8
ELEM_04_COMPLETO
100
AcDbFaceRecord
 10
0.0
 20
0.0
 30
0.0
 70
128
 71
173
 72
177
 73
178
  0
VERTEX
  5
1468
330
17
100
AcDbEntity
  8
ELEM_04_COMPLETO
100
AcDbFaceRecord
 10
0.0
 20
0.0
 30
0.0
 70
128
 71
173
 72
178
 73
174
  0
VERTEX
  5
146C
330
17
100
AcDbEntity
  8
ELEM_04_COMPLETO
100
AcDbFaceRecord
 10
0.0
 20
0.0
 30
0.0
 70
128
 71
179
 72
177
 73
173
  0
VERTEX
  5
1470
330
17
100
AcDbEntity
  8
ELEM_04_COMPLETO
100
AcDbFaceRecord
 10
0.0
 20
0.0
 30
0.0
 70
128
 71
179
 72
173
 73
175
  0
VERTEX
  5
1474
330
17
100
AcDbEntity
  8
ELEM_04_COMPLETO
100
AcDbFaceRecord
 10
0.0
 20
0.0
 30
0.0
 70
128
 71
179
 72
175
 73
176
  0
VERTEX
  5
1478
330
17
100
AcDbEntity
  8
ELEM_04_COMPLETO
100
AcDbFaceRecord
 10
0.0
 20
0.0
 30
0.0
 70
128
 71
179
 72
176
 73
180
  0
VERTEX
  5
147C
330
17
100
AcDbEntity
  8
ELEM_04_COMPLETO
100
AcDbFaceRecord
 10
0.0
 20
0.0
 30
0.0
 70
128
 71
174
 72
180
 73
176
  0
VERTEX
  5
1480
330
17
100
AcDbEntity
  8
ELEM_04_COMPLETO
100
AcDbFaceRecord
 10
0.0
 20
0.0
 30
0.0
 70
128
 71
178
 72
180
 73
174
  0
VERTEX
  5
1484
330
17
100
AcDbEntity
  8
ELEM_04_COMPLETO
100
AcDbFaceRecord
 10
0.0
 20
0.0
 30
0.0
 70
128
 71
177
 72
181
 73
182
  0
VERTEX
  5
1488
330
17
100
AcDbEntity
  8
ELEM_04_COMPLETO
100
AcDbFaceRecord
 10
0.0
 20
0.0
 30
0.0
 70
128
 71
177
 72
182
 73
178
  0
VERTEX
  5
148C
330
17
100
AcDbEntity
  8
ELEM_04_COMPLETO
100
AcDbFaceRecord
 10
0.0
 20
0.0
 30
0.0
 70
128
 71
183
 72
181
 73
177
  0
VERTEX
  5
1490
330
17
100
AcDbEntity
  8
ELEM_04_COMPLETO
100
AcDbFaceRecord
 10
0.0
 20
0.0
 30
0.0
 70
128
 71
183
 72
177
 73
179
  0
VERTEX
  5
1494
330
17
100
AcDbEntity
  8
ELEM_04_COMPLETO
100
AcDbFaceRecord
 10
0.0
 20
0.0
 30
0.0
 70
128
 71
183
 72
179
 73
180
  0
VERTEX
  5
1498
330
17
100
AcDbEntity
  8
ELEM_04_COMPLETO
100
AcDbFaceRecord
 10
0.0
 20
0.0
 30
0.0
 70
128
 71
183
 72
180
 73
184
  0
VERTEX
  5
149C
330
17
100
AcDbEntity
  8
ELEM_04_COMPLETO
100
AcDbFaceRecord
 10
0.0
 20
0.0
 30
0.0
 70
128
 71
178
 72
184
 73
180
  0
VERTEX
  5
14A0
330
17
100
AcDbEntity
  8
ELEM_04_COMPLETO
100
AcDbFaceRecord
 10
0.0
 20
0.0
 30
0.0
 70
128
 71
182
 72
184
 73
178
  0
VERTEX
  5
14A4
330
17
100
AcDbEntity
  8
ELEM_04_COMPLETO
100
AcDbFaceRecord
 10
0.0
 20
0.0
 30
0.0
 70
128
 71
181
 72
185
 73
186
  0
VERTEX
  5
14A8
330
17
100
AcDbEntity
  8
ELEM_04_COMPLETO
100
AcDbFaceRecord
 10
0.0
 20
0.0
 30
0.0
 70
128
 71
181
 72
186
 73
182
  0
VERTEX
  5
14AC
330
17
100
AcDbEntity
  8
ELEM_04_COMPLETO
100
AcDbFaceRecord
 10
0.0
 20
0.0
 30
0.0
 70
128
 71
187
 72
185
 73
181
  0
VERTEX
  5
14B0
330
17
100
AcDbEntity
  8
ELEM_04_COMPLETO
100
AcDbFaceRecord
 10
0.0
 20
0.0
 30
0.0
 70
128
 71
187
 72
181
 73
183
  0
VERTEX
  5
14B4
330
17
100
AcDbEntity
  8
ELEM_04_COMPLETO
100
AcDbFaceRecord
 10
0.0
 20
0.0
 30
0.0
 70
128
 71
187
 72
183
 73
184
  0
VERTEX
  5
14B8
330
17
100
AcDbEntity
  8
ELEM_04_COMPLETO
100
AcDbFaceRecord
 10
0.0
 20
0.0
 30
0.0
 70
128
 71
187
 72
184
 73
188
  0
VERTEX
  5
14BC
330
17
100
AcDbEntity
  8
ELEM_04_COMPLETO
100
AcDbFaceRecord
 10
0.0
 20
0.0
 30
0.0
 70
128
 71
182
 72
188
 73
184
  0
VERTEX
  5
14C0
330
17
100
AcDbEntity
  8
ELEM_04_COMPLETO
100
AcDbFaceRecord
 10
0.0
 20
0.0
 30
0.0
 70
128
 71
186
 72
188
 73
182
  0
VERTEX
  5
14C4
330
17
100
AcDbEntity
  8
ELEM_04_COMPLETO
100
AcDbFaceRecord
 10
0.0
 20
0.0
 30
0.0
 70
128
 71
185
 72
189
 73
190
  0
VERTEX
  5
14C8
330
17
100
AcDbEntity
  8
ELEM_04_COMPLETO
100
AcDbFaceRecord
 10
0.0
 20
0.0
 30
0.0
 70
128
 71
185
 72
190
 73
186
  0
VERTEX
  5
14CC
330
17
100
AcDbEntity
  8
ELEM_04_COMPLETO
100
AcDbFaceRecord
 10
0.0
 20
0.0
 30
0.0
 70
128
 71
191
 72
189
 73
185
  0
VERTEX
  5
14D0
330
17
100
AcDbEntity
  8
ELEM_04_COMPLETO
100
AcDbFaceRecord
 10
0.0
 20
0.0
 30
0.0
 70
128
 71
191
 72
185
 73
187
  0
VERTEX
  5
14D4
330
17
100
AcDbEntity
  8
ELEM_04_COMPLETO
100
AcDbFaceRecord
 10
0.0
 20
0.0
 30
0.0
 70
128
 71
191
 72
187
 73
188
  0
VERTEX
  5
14D8
330
17
100
AcDbEntity
  8
ELEM_04_COMPLETO
100
AcDbFaceRecord
 10
0.0
 20
0.0
 30
0.0
 70
128
 71
191
 72
188
 73
192
  0
VERTEX
  5
14DC
330
17
100
AcDbEntity
  8
ELEM_04_COMPLETO
100
AcDbFaceRecord
 10
0.0
 20
0.0
 30
0.0
 70
128
 71
186
 72
192
 73
188
  0
VERTEX
  5
14E0
330
17
100
AcDbEntity
  8
ELEM_04_COMPLETO
100
AcDbFaceRecord
 10
0.0
 20
0.0
 30
0.0
 70
128
 71
190
 72
192
 73
186
  0
VERTEX
  5
14E4
330
17
100
AcDbEntity
  8
ELEM_04_COMPLETO
100
AcDbFaceRecord
 10
0.0
 20
0.0
 30
0.0
 70
128
 71
189
 72
193
 73
194
  0
VERTEX
  5
14E8
330
17
100
AcDbEntity
  8
ELEM_04_COMPLETO
100
AcDbFaceRecord
 10
0.0
 20
0.0
 30
0.0
 70
128
 71
189
 72
194
 73
190
  0
VERTEX
  5
14EC
330
17
100
AcDbEntity
  8
ELEM_04_COMPLETO
100
AcDbFaceRecord
 10
0.0
 20
0.0
 30
0.0
 70
128
 71
195
 72
193
 73
189
  0
VERTEX
  5
14F0
330
17
100
AcDbEntity
  8
ELEM_04_COMPLETO
100
AcDbFaceRecord
 10
0.0
 20
0.0
 30
0.0
 70
128
 71
195
 72
189
 73
191
  0
VERTEX
  5
14F4
330
17
100
AcDbEntity
  8
ELEM_04_COMPLETO
100
AcDbFaceRecord
 10
0.0
 20
0.0
 30
0.0
 70
128
 71
195
 72
191
 73
192
  0
VERTEX
  5
14F8
330
17
100
AcDbEntity
  8
ELEM_04_COMPLETO
100
AcDbFaceRecord
 10
0.0
 20
0.0
 30
0.0
 70
128
 71
195
 72
192
 73
196
  0
VERTEX
  5
14FC
330
17
100
AcDbEntity
  8
ELEM_04_COMPLETO
100
AcDbFaceRecord
 10
0.0
 20
0.0
 30
0.0
 70
128
 71
190
 72
196
 73
192
  0
VERTEX
  5
1500
330
17
100
AcDbEntity
  8
ELEM_04_COMPLETO
100
AcDbFaceRecord
 10
0.0
 20
0.0
 30
0.0
 70
128
 71
194
 72
196
 73
190
  0
VERTEX
  5
1504
330
17
100
AcDbEntity
  8
ELEM_04_COMPLETO
100
AcDbFaceRecord
 10
0.0
 20
0.0
 30
0.0
 70
128
 71
193
 72
197
 73
198
  0
VERTEX
  5
1508
330
17
100
AcDbEntity
  8
ELEM_04_COMPLETO
100
AcDbFaceRecord
 10
0.0
 20
0.0
 30
0.0
 70
128
 71
193
 72
198
 73
194
  0
VERTEX
  5
150C
330
17
100
AcDbEntity
  8
ELEM_04_COMPLETO
100
AcDbFaceRecord
 10
0.0
 20
0.0
 30
0.0
 70
128
 71
199
 72
197
 73
193
  0
VERTEX
  5
1510
330
17
100
AcDbEntity
  8
ELEM_04_COMPLETO
100
AcDbFaceRecord
 10
0.0
 20
0.0
 30
0.0
 70
128
 71
199
 72
193
 73
195
  0
VERTEX
  5
1514
330
17
100
AcDbEntity
  8
ELEM_04_COMPLETO
100
AcDbFaceRecord
 10
0.0
 20
0.0
 30
0.0
 70
128
 71
199
 72
195
 73
196
  0
VERTEX
  5
1518
330
17
100
AcDbEntity
  8
ELEM_04_COMPLETO
100
AcDbFaceRecord
 10
0.0
 20
0.0
 30
0.0
 70
128
 71
199
 72
196
 73
200
  0
VERTEX
  5
151C
330
17
100
AcDbEntity
  8
ELEM_04_COMPLETO
100
AcDbFaceRecord
 10
0.0
 20
0.0
 30
0.0
 70
128
 71
194
 72
200
 73
196
  0
VERTEX
  5
1520
330
17
100
AcDbEntity
  8
ELEM_04_COMPLETO
100
AcDbFaceRecord
 10
0.0
 20
0.0
 30
0.0
 70
128
 71
198
 72
200
 73
194
  0
VERTEX
  5
1524
330
17
100
AcDbEntity
  8
ELEM_04_COMPLETO
100
AcDbFaceRecord
 10
0.0
 20
0.0
 30
0.0
 70
128
 71
197
 72
201
 73
202
  0
VERTEX
  5
1528
330
17
100
AcDbEntity
  8
ELEM_04_COMPLETO
100
AcDbFaceRecord
 10
0.0
 20
0.0
 30
0.0
 70
128
 71
197
 72
202
 73
198
  0
VERTEX
  5
152C
330
17
100
AcDbEntity
  8
ELEM_04_COMPLETO
100
AcDbFaceRecord
 10
0.0
 20
0.0
 30
0.0
 70
128
 71
203
 72
201
 73
197
  0
VERTEX
  5
1530
330
17
100
AcDbEntity
  8
ELEM_04_COMPLETO
100
AcDbFaceRecord
 10
0.0
 20
0.0
 30
0.0
 70
128
 71
203
 72
197
 73
199
  0
VERTEX
  5
1534
330
17
100
AcDbEntity
  8
ELEM_04_COMPLETO
100
AcDbFaceRecord
 10
0.0
 20
0.0
 30
0.0
 70
128
 71
203
 72
199
 73
200
  0
VERTEX
  5
1538
330
17
100
AcDbEntity
  8
ELEM_04_COMPLETO
100
AcDbFaceRecord
 10
0.0
 20
0.0
 30
0.0
 70
128
 71
203
 72
200
 73
204
  0
VERTEX
  5
153C
330
17
100
AcDbEntity
  8
ELEM_04_COMPLETO
100
AcDbFaceRecord
 10
0.0
 20
0.0
 30
0.0
 70
128
 71
198
 72
204
 73
200
  0
VERTEX
  5
1540
330
17
100
AcDbEntity
  8
ELEM_04_COMPLETO
100
AcDbFaceRecord
 10
0.0
 20
0.0
 30
0.0
 70
128
 71
202
 72
204
 73
198
  0
VERTEX
  5
1544
330
17
100
AcDbEntity
  8
ELEM_04_COMPLETO
100
AcDbFaceRecord
 10
0.0
 20
0.0
 30
0.0
 70
128
 71
201
 72
205
 73
206
  0
VERTEX
  5
1548
330
17
100
AcDbEntity
  8
ELEM_04_COMPLETO
100
AcDbFaceRecord
 10
0.0
 20
0.0
 30
0.0
 70
128
 71
201
 72
206
 73
202
  0
VERTEX
  5
154C
330
17
100
AcDbEntity
  8
ELEM_04_COMPLETO
100
AcDbFaceRecord
 10
0.0
 20
0.0
 30
0.0
 70
128
 71
207
 72
205
 73
201
  0
VERTEX
  5
1550
330
17
100
AcDbEntity
  8
ELEM_04_COMPLETO
100
AcDbFaceRecord
 10
0.0
 20
0.0
 30
0.0
 70
128
 71
207
 72
201
 73
203
  0
VERTEX
  5
1554
330
17
100
AcDbEntity
  8
ELEM_04_COMPLETO
100
AcDbFaceRecord
 10
0.0
 20
0.0
 30
0.0
 70
128
 71
207
 72
203
 73
204
  0
VERTEX
  5
1558
330
17
100
AcDbEntity
  8
ELEM_04_COMPLETO
100
AcDbFaceRecord
 10
0.0
 20
0.0
 30
0.0
 70
128
 71
207
 72
204
 73
208
  0
VERTEX
  5
155C
330
17
100
AcDbEntity
  8
ELEM_04_COMPLETO
100
AcDbFaceRecord
 10
0.0
 20
0.0
 30
0.0
 70
128
 71
202
 72
208
 73
204
  0
VERTEX
  5
1560
330
17
100
AcDbEntity
  8
ELEM_04_COMPLETO
100
AcDbFaceRecord
 10
0.0
 20
0.0
 30
0.0
 70
128
 71
206
 72
208
 73
202
  0
VERTEX
  5
1564
330
17
100
AcDbEntity
  8
ELEM_04_COMPLETO
100
AcDbFaceRecord
 10
0.0
 20
0.0
 30
0.0
 70
128
 71
206
 72
209
 73
210
  0
VERTEX
  5
1568
330
17
100
AcDbEntity
  8
ELEM_04_COMPLETO
100
AcDbFaceRecord
 10
0.0
 20
0.0
 30
0.0
 70
128
 71
205
 72
209
 73
206
  0
VERTEX
  5
156C
330
17
100
AcDbEntity
  8
ELEM_04_COMPLETO
100
AcDbFaceRecord
 10
0.0
 20
0.0
 30
0.0
 70
128
 71
211
 72
209
 73
205
  0
VERTEX
  5
1570
330
17
100
AcDbEntity
  8
ELEM_04_COMPLETO
100
AcDbFaceRecord
 10
0.0
 20
0.0
 30
0.0
 70
128
 71
211
 72
205
 73
207
  0
VERTEX
  5
1574
330
17
100
AcDbEntity
  8
ELEM_04_COMPLETO
100
AcDbFaceRecord
 10
0.0
 20
0.0
 30
0.0
 70
128
 71
211
 72
207
 73
208
  0
VERTEX
  5
1578
330
17
100
AcDbEntity
  8
ELEM_04_COMPLETO
100
AcDbFaceRecord
 10
0.0
 20
0.0
 30
0.0
 70
128
 71
211
 72
208
 73
212
  0
VERTEX
  5
157C
330
17
100
AcDbEntity
  8
ELEM_04_COMPLETO
100
AcDbFaceRecord
 10
0.0
 20
0.0
 30
0.0
 70
128
 71
206
 72
212
 73
208
  0
VERTEX
  5
1580
330
17
100
AcDbEntity
  8
ELEM_04_COMPLETO
100
AcDbFaceRecord
 10
0.0
 20
0.0
 30
0.0
 70
128
 71
210
 72
212
 73
206
  0
VERTEX
  5
1584
330
17
100
AcDbEntity
  8
ELEM_04_COMPLETO
100
AcDbFaceRecord
 10
0.0
 20
0.0
 30
0.0
 70
128
 71
210
 72
213
 73
214
  0
VERTEX
  5
1588
330
17
100
AcDbEntity
  8
ELEM_04_COMPLETO
100
AcDbFaceRecord
 10
0.0
 20
0.0
 30
0.0
 70
128
 71
209
 72
213
 73
210
  0
VERTEX
  5
158C
330
17
100
AcDbEntity
  8
ELEM_04_COMPLETO
100
AcDbFaceRecord
 10
0.0
 20
0.0
 30
0.0
 70
128
 71
215
 72
213
 73
209
  0
VERTEX
  5
1590
330
17
100
AcDbEntity
  8
ELEM_04_COMPLETO
100
AcDbFaceRecord
 10
0.0
 20
0.0
 30
0.0
 70
128
 71
215
 72
209
 73
211
  0
VERTEX
  5
1594
330
17
100
AcDbEntity
  8
ELEM_04_COMPLETO
100
AcDbFaceRecord
 10
0.0
 20
0.0
 30
0.0
 70
128
 71
215
 72
211
 73
212
  0
VERTEX
  5
1598
330
17
100
AcDbEntity
  8
ELEM_04_COMPLETO
100
AcDbFaceRecord
 10
0.0
 20
0.0
 30
0.0
 70
128
 71
215
 72
212
 73
216
  0
VERTEX
  5
159C
330
17
100
AcDbEntity
  8
ELEM_04_COMPLETO
100
AcDbFaceRecord
 10
0.0
 20
0.0
 30
0.0
 70
128
 71
210
 72
216
 73
212
  0
VERTEX
  5
15A0
330
17
100
AcDbEntity
  8
ELEM_04_COMPLETO
100
AcDbFaceRecord
 10
0.0
 20
0.0
 30
0.0
 70
128
 71
214
 72
216
 73
210
  0
VERTEX
  5
15A4
330
17
100
AcDbEntity
  8
ELEM_04_COMPLETO
100
AcDbFaceRecord
 10
0.0
 20
0.0
 30
0.0
 70
128
 71
214
 72
217
 73
218
  0
VERTEX
  5
15A8
330
17
100
AcDbEntity
  8
ELEM_04_COMPLETO
100
AcDbFaceRecord
 10
0.0
 20
0.0
 30
0.0
 70
128
 71
213
 72
217
 73
214
  0
VERTEX
  5
15AC
330
17
100
AcDbEntity
  8
ELEM_04_COMPLETO
100
AcDbFaceRecord
 10
0.0
 20
0.0
 30
0.0
 70
128
 71
219
 72
217
 73
213
  0
VERTEX
  5
15B0
330
17
100
AcDbEntity
  8
ELEM_04_COMPLETO
100
AcDbFaceRecord
 10
0.0
 20
0.0
 30
0.0
 70
128
 71
219
 72
213
 73
215
  0
VERTEX
  5
15B4
330
17
100
AcDbEntity
  8
ELEM_04_COMPLETO
100
AcDbFaceRecord
 10
0.0
 20
0.0
 30
0.0
 70
128
 71
219
 72
215
 73
216
  0
VERTEX
  5
15B8
330
17
100
AcDbEntity
  8
ELEM_04_COMPLETO
100
AcDbFaceRecord
 10
0.0
 20
0.0
 30
0.0
 70
128
 71
219
 72
216
 73
220
  0
VERTEX
  5
15BC
330
17
100
AcDbEntity
  8
ELEM_04_COMPLETO
100
AcDbFaceRecord
 10
0.0
 20
0.0
 30
0.0
 70
128
 71
214
 72
220
 73
216
  0
VERTEX
  5
15C0
330
17
100
AcDbEntity
  8
ELEM_04_COMPLETO
100
AcDbFaceRecord
 10
0.0
 20
0.0
 30
0.0
 70
128
 71
218
 72
220
 73
214
  0
VERTEX
  5
15C4
330
17
100
AcDbEntity
  8
ELEM_04_COMPLETO
100
AcDbFaceRecord
 10
0.0
 20
0.0
 30
0.0
 70
128
 71
218
 72
221
 73
222
  0
VERTEX
  5
15C8
330
17
100
AcDbEntity
  8
ELEM_04_COMPLETO
100
AcDbFaceRecord
 10
0.0
 20
0.0
 30
0.0
 70
128
 71
217
 72
221
 73
218
  0
VERTEX
  5
15CC
330
17
100
AcDbEntity
  8
ELEM_04_COMPLETO
100
AcDbFaceRecord
 10
0.0
 20
0.0
 30
0.0
 70
128
 71
223
 72
221
 73
217
  0
VERTEX
  5
15D0
330
17
100
AcDbEntity
  8
ELEM_04_COMPLETO
100
AcDbFaceRecord
 10
0.0
 20
0.0
 30
0.0
 70
128
 71
223
 72
217
 73
219
  0
VERTEX
  5
15D4
330
17
100
AcDbEntity
  8
ELEM_04_COMPLETO
100
AcDbFaceRecord
 10
0.0
 20
0.0
 30
0.0
 70
128
 71
223
 72
219
 73
220
  0
VERTEX
  5
15D8
330
17
100
AcDbEntity
  8
ELEM_04_COMPLETO
100
AcDbFaceRecord
 10
0.0
 20
0.0
 30
0.0
 70
128
 71
223
 72
220
 73
224
  0
VERTEX
  5
15DC
330
17
100
AcDbEntity
  8
ELEM_04_COMPLETO
100
AcDbFaceRecord
 10
0.0
 20
0.0
 30
0.0
 70
128
 71
218
 72
224
 73
220
  0
VERTEX
  5
15E0
330
17
100
AcDbEntity
  8
ELEM_04_COMPLETO
100
AcDbFaceRecord
 10
0.0
 20
0.0
 30
0.0
 70
128
 71
222
 72
224
 73
218
  0
VERTEX
  5
15E4
330
17
100
AcDbEntity
  8
ELEM_04_COMPLETO
100
AcDbFaceRecord
 10
0.0
 20
0.0
 30
0.0
 70
128
 71
222
 72
225
 73
226
  0
VERTEX
  5
15E8
330
17
100
AcDbEntity
  8
ELEM_04_COMPLETO
100
AcDbFaceRecord
 10
0.0
 20
0.0
 30
0.0
 70
128
 71
221
 72
225
 73
222
  0
VERTEX
  5
15EC
330
17
100
AcDbEntity
  8
ELEM_04_COMPLETO
100
AcDbFaceRecord
 10
0.0
 20
0.0
 30
0.0
 70
128
 71
227
 72
225
 73
221
  0
VERTEX
  5
15F0
330
17
100
AcDbEntity
  8
ELEM_04_COMPLETO
100
AcDbFaceRecord
 10
0.0
 20
0.0
 30
0.0
 70
128
 71
227
 72
221
 73
223
  0
VERTEX
  5
15F4
330
17
100
AcDbEntity
  8
ELEM_04_COMPLETO
100
AcDbFaceRecord
 10
0.0
 20
0.0
 30
0.0
 70
128
 71
227
 72
223
 73
224
  0
VERTEX
  5
15F8
330
17
100
AcDbEntity
  8
ELEM_04_COMPLETO
100
AcDbFaceRecord
 10
0.0
 20
0.0
 30
0.0
 70
128
 71
227
 72
224
 73
228
  0
VERTEX
  5
15FC
330
17
100
AcDbEntity
  8
ELEM_04_COMPLETO
100
AcDbFaceRecord
 10
0.0
 20
0.0
 30
0.0
 70
128
 71
222
 72
228
 73
224
  0
VERTEX
  5
1600
330
17
100
AcDbEntity
  8
ELEM_04_COMPLETO
100
AcDbFaceRecord
 10
0.0
 20
0.0
 30
0.0
 70
128
 71
226
 72
228
 73
222
  0
VERTEX
  5
1604
330
17
100
AcDbEntity
  8
ELEM_04_COMPLETO
100
AcDbFaceRecord
 10
0.0
 20
0.0
 30
0.0
 70
128
 71
226
 72
229
 73
230
  0
VERTEX
  5
1608
330
17
100
AcDbEntity
  8
ELEM_04_COMPLETO
100
AcDbFaceRecord
 10
0.0
 20
0.0
 30
0.0
 70
128
 71
225
 72
229
 73
226
  0
VERTEX
  5
160C
330
17
100
AcDbEntity
  8
ELEM_04_COMPLETO
100
AcDbFaceRecord
 10
0.0
 20
0.0
 30
0.0
 70
128
 71
231
 72
229
 73
225
  0
VERTEX
  5
1610
330
17
100
AcDbEntity
  8
ELEM_04_COMPLETO
100
AcDbFaceRecord
 10
0.0
 20
0.0
 30
0.0
 70
128
 71
231
 72
225
 73
227
  0
VERTEX
  5
1614
330
17
100
AcDbEntity
  8
ELEM_04_COMPLETO
100
AcDbFaceRecord
 10
0.0
 20
0.0
 30
0.0
 70
128
 71
231
 72
227
 73
228
  0
VERTEX
  5
1618
330
17
100
AcDbEntity
  8
ELEM_04_COMPLETO
100
AcDbFaceRecord
 10
0.0
 20
0.0
 30
0.0
 70
128
 71
231
 72
228
 73
232
  0
VERTEX
  5
161C
330
17
100
AcDbEntity
  8
ELEM_04_COMPLETO
100
AcDbFaceRecord
 10
0.0
 20
0.0
 30
0.0
 70
128
 71
226
 72
232
 73
228
  0
VERTEX
  5
1620
330
17
100
AcDbEntity
  8
ELEM_04_COMPLETO
100
AcDbFaceRecord
 10
0.0
 20
0.0
 30
0.0
 70
128
 71
230
 72
232
 73
226
  0
VERTEX
  5
1624
330
17
100
AcDbEntity
  8
ELEM_04_COMPLETO
100
AcDbFaceRecord
 10
0.0
 20
0.0
 30
0.0
 70
128
 71
230
 72
233
 73
234
  0
VERTEX
  5
1628
330
17
100
AcDbEntity
  8
ELEM_04_COMPLETO
100
AcDbFaceRecord
 10
0.0
 20
0.0
 30
0.0
 70
128
 71
229
 72
233
 73
230
  0
VERTEX
  5
162C
330
17
100
AcDbEntity
  8
ELEM_04_COMPLETO
100
AcDbFaceRecord
 10
0.0
 20
0.0
 30
0.0
 70
128
 71
235
 72
233
 73
229
  0
VERTEX
  5
1630
330
17
100
AcDbEntity
  8
ELEM_04_COMPLETO
100
AcDbFaceRecord
 10
0.0
 20
0.0
 30
0.0
 70
128
 71
235
 72
229
 73
231
  0
VERTEX
  5
1634
330
17
100
AcDbEntity
  8
ELEM_04_COMPLETO
100
AcDbFaceRecord
 10
0.0
 20
0.0
 30
0.0
 70
128
 71
235
 72
231
 73
232
  0
VERTEX
  5
1638
330
17
100
AcDbEntity
  8
ELEM_04_COMPLETO
100
AcDbFaceRecord
 10
0.0
 20
0.0
 30
0.0
 70
128
 71
235
 72
232
 73
236
  0
VERTEX
  5
163C
330
17
100
AcDbEntity
  8
ELEM_04_COMPLETO
100
AcDbFaceRecord
 10
0.0
 20
0.0
 30
0.0
 70
128
 71
230
 72
236
 73
232
  0
VERTEX
  5
1640
330
17
100
AcDbEntity
  8
ELEM_04_COMPLETO
100
AcDbFaceRecord
 10
0.0
 20
0.0
 30
0.0
 70
128
 71
234
 72
236
 73
230
  0
VERTEX
  5
1644
330
17
100
AcDbEntity
  8
ELEM_04_COMPLETO
100
AcDbFaceRecord
 10
0.0
 20
0.0
 30
0.0
 70
128
 71
234
 72
237
 73
238
  0
VERTEX
  5
1648
330
17
100
AcDbEntity
  8
ELEM_04_COMPLETO
100
AcDbFaceRecord
 10
0.0
 20
0.0
 30
0.0
 70
128
 71
233
 72
237
 73
234
  0
VERTEX
  5
164C
330
17
100
AcDbEntity
  8
ELEM_04_COMPLETO
100
AcDbFaceRecord
 10
0.0
 20
0.0
 30
0.0
 70
128
 71
239
 72
237
 73
233
  0
VERTEX
  5
1650
330
17
100
AcDbEntity
  8
ELEM_04_COMPLETO
100
AcDbFaceRecord
 10
0.0
 20
0.0
 30
0.0
 70
128
 71
239
 72
233
 73
235
  0
VERTEX
  5
1654
330
17
100
AcDbEntity
  8
ELEM_04_COMPLETO
100
AcDbFaceRecord
 10
0.0
 20
0.0
 30
0.0
 70
128
 71
239
 72
235
 73
236
  0
VERTEX
  5
1658
330
17
100
AcDbEntity
  8
ELEM_04_COMPLETO
100
AcDbFaceRecord
 10
0.0
 20
0.0
 30
0.0
 70
128
 71
239
 72
236
 73
240
  0
VERTEX
  5
165C
330
17
100
AcDbEntity
  8
ELEM_04_COMPLETO
100
AcDbFaceRecord
 10
0.0
 20
0.0
 30
0.0
 70
128
 71
234
 72
240
 73
236
  0
VERTEX
  5
1660
330
17
100
AcDbEntity
  8
ELEM_04_COMPLETO
100
AcDbFaceRecord
 10
0.0
 20
0.0
 30
0.0
 70
128
 71
238
 72
240
 73
234
  0
VERTEX
  5
1664
330
17
100
AcDbEntity
  8
ELEM_04_COMPLETO
100
AcDbFaceRecord
 10
0.0
 20
0.0
 30
0.0
 70
128
 71
238
 72
241
 73
242
  0
VERTEX
  5
1668
330
17
100
AcDbEntity
  8
ELEM_04_COMPLETO
100
AcDbFaceRecord
 10
0.0
 20
0.0
 30
0.0
 70
128
 71
237
 72
241
 73
238
  0
VERTEX
  5
166C
330
17
100
AcDbEntity
  8
ELEM_04_COMPLETO
100
AcDbFaceRecord
 10
0.0
 20
0.0
 30
0.0
 70
128
 71
243
 72
241
 73
237
  0
VERTEX
  5
1670
330
17
100
AcDbEntity
  8
ELEM_04_COMPLETO
100
AcDbFaceRecord
 10
0.0
 20
0.0
 30
0.0
 70
128
 71
243
 72
237
 73
239
  0
VERTEX
  5
1674
330
17
100
AcDbEntity
  8
ELEM_04_COMPLETO
100
AcDbFaceRecord
 10
0.0
 20
0.0
 30
0.0
 70
128
 71
243
 72
239
 73
240
  0
VERTEX
  5
1678
330
17
100
AcDbEntity
  8
ELEM_04_COMPLETO
100
AcDbFaceRecord
 10
0.0
 20
0.0
 30
0.0
 70
128
 71
243
 72
240
 73
244
  0
VERTEX
  5
167C
330
17
100
AcDbEntity
  8
ELEM_04_COMPLETO
100
AcDbFaceRecord
 10
0.0
 20
0.0
 30
0.0
 70
128
 71
238
 72
244
 73
240
  0
VERTEX
  5
1680
330
17
100
AcDbEntity
  8
ELEM_04_COMPLETO
100
AcDbFaceRecord
 10
0.0
 20
0.0
 30
0.0
 70
128
 71
242
 72
244
 73
238
  0
VERTEX
  5
1684
330
17
100
AcDbEntity
  8
ELEM_04_COMPLETO
100
AcDbFaceRecord
 10
0.0
 20
0.0
 30
0.0
 70
128
 71
242
 72
245
 73
246
  0
VERTEX
  5
1688
330
17
100
AcDbEntity
  8
ELEM_04_COMPLETO
100
AcDbFaceRecord
 10
0.0
 20
0.0
 30
0.0
 70
128
 71
241
 72
245
 73
242
  0
VERTEX
  5
168C
330
17
100
AcDbEntity
  8
ELEM_04_COMPLETO
100
AcDbFaceRecord
 10
0.0
 20
0.0
 30
0.0
 70
128
 71
247
 72
245
 73
241
  0
VERTEX
  5
1690
330
17
100
AcDbEntity
  8
ELEM_04_COMPLETO
100
AcDbFaceRecord
 10
0.0
 20
0.0
 30
0.0
 70
128
 71
247
 72
241
 73
243
  0
VERTEX
  5
1694
330
17
100
AcDbEntity
  8
ELEM_04_COMPLETO
100
AcDbFaceRecord
 10
0.0
 20
0.0
 30
0.0
 70
128
 71
247
 72
243
 73
244
  0
VERTEX
  5
1698
330
17
100
AcDbEntity
  8
ELEM_04_COMPLETO
100
AcDbFaceRecord
 10
0.0
 20
0.0
 30
0.0
 70
128
 71
247
 72
244
 73
248
  0
VERTEX
  5
169C
330
17
100
AcDbEntity
  8
ELEM_04_COMPLETO
100
AcDbFaceRecord
 10
0.0
 20
0.0
 30
0.0
 70
128
 71
242
 72
248
 73
244
  0
VERTEX
  5
16A0
330
17
100
AcDbEntity
  8
ELEM_04_COMPLETO
100
AcDbFaceRecord
 10
0.0
 20
0.0
 30
0.0
 70
128
 71
246
 72
248
 73
242
  0
VERTEX
  5
16A4
330
17
100
AcDbEntity
  8
ELEM_04_COMPLETO
100
AcDbFaceRecord
 10
0.0
 20
0.0
 30
0.0
 70
128
 71
246
 72
249
 73
250
  0
VERTEX
  5
16A8
330
17
100
AcDbEntity
  8
ELEM_04_COMPLETO
100
AcDbFaceRecord
 10
0.0
 20
0.0
 30
0.0
 70
128
 71
245
 72
249
 73
246
  0
VERTEX
  5
16AC
330
17
100
AcDbEntity
  8
ELEM_04_COMPLETO
100
AcDbFaceRecord
 10
0.0
 20
0.0
 30
0.0
 70
128
 71
251
 72
249
 73
245
  0
VERTEX
  5
16B0
330
17
100
AcDbEntity
  8
ELEM_04_COMPLETO
100
AcDbFaceRecord
 10
0.0
 20
0.0
 30
0.0
 70
128
 71
251
 72
245
 73
247
  0
VERTEX
  5
16B4
330
17
100
AcDbEntity
  8
ELEM_04_COMPLETO
100
AcDbFaceRecord
 10
0.0
 20
0.0
 30
0.0
 70
128
 71
251
 72
247
 73
248
  0
VERTEX
  5
16B8
330
17
100
AcDbEntity
  8
ELEM_04_COMPLETO
100
AcDbFaceRecord
 10
0.0
 20
0.0
 30
0.0
 70
128
 71
251
 72
248
 73
252
  0
VERTEX
  5
16BC
330
17
100
AcDbEntity
  8
ELEM_04_COMPLETO
100
AcDbFaceRecord
 10
0.0
 20
0.0
 30
0.0
 70
128
 71
246
 72
252
 73
248
  0
VERTEX
  5
16C0
330
17
100
AcDbEntity
  8
ELEM_04_COMPLETO
100
AcDbFaceRecord
 10
0.0
 20
0.0
 30
0.0
 70
128
 71
250
 72
252
 73
246
  0
VERTEX
  5
16C4
330
17
100
AcDbEntity
  8
ELEM_04_COMPLETO
100
AcDbFaceRecord
 10
0.0
 20
0.0
 30
0.0
 70
128
 71
250
 72
253
 73
254
  0
VERTEX
  5
16C8
330
17
100
AcDbEntity
  8
ELEM_04_COMPLETO
100
AcDbFaceRecord
 10
0.0
 20
0.0
 30
0.0
 70
128
 71
249
 72
253
 73
250
  0
VERTEX
  5
16CC
330
17
100
AcDbEntity
  8
ELEM_04_COMPLETO
100
AcDbFaceRecord
 10
0.0
 20
0.0
 30
0.0
 70
128
 71
255
 72
253
 73
249
  0
VERTEX
  5
16D0
330
17
100
AcDbEntity
  8
ELEM_04_COMPLETO
100
AcDbFaceRecord
 10
0.0
 20
0.0
 30
0.0
 70
128
 71
255
 72
249
 73
251
  0
VERTEX
  5
16D4
330
17
100
AcDbEntity
  8
ELEM_04_COMPLETO
100
AcDbFaceRecord
 10
0.0
 20
0.0
 30
0.0
 70
128
 71
255
 72
251
 73
252
  0
VERTEX
  5
16D8
330
17
100
AcDbEntity
  8
ELEM_04_COMPLETO
100
AcDbFaceRecord
 10
0.0
 20
0.0
 30
0.0
 70
128
 71
255
 72
252
 73
256
  0
VERTEX
  5
16DC
330
17
100
AcDbEntity
  8
ELEM_04_COMPLETO
100
AcDbFaceRecord
 10
0.0
 20
0.0
 30
0.0
 70
128
 71
250
 72
256
 73
252
  0
VERTEX
  5
16E0
330
17
100
AcDbEntity
  8
ELEM_04_COMPLETO
100
AcDbFaceRecord
 10
0.0
 20
0.0
 30
0.0
 70
128
 71
254
 72
256
 73
250
  0
VERTEX
  5
16E4
330
17
100
AcDbEntity
  8
ELEM_04_COMPLETO
100
AcDbFaceRecord
 10
0.0
 20
0.0
 30
0.0
 70
128
 71
257
 72
258
 73
254
  0
VERTEX
  5
16E8
330
17
100
AcDbEntity
  8
ELEM_04_COMPLETO
100
AcDbFaceRecord
 10
0.0
 20
0.0
 30
0.0
 70
128
 71
253
 72
257
 73
254
  0
VERTEX
  5
16EC
330
17
100
AcDbEntity
  8
ELEM_04_COMPLETO
100
AcDbFaceRecord
 10
0.0
 20
0.0
 30
0.0
 70
128
 71
259
 72
257
 73
253
  0
VERTEX
  5
16F0
330
17
100
AcDbEntity
  8
ELEM_04_COMPLETO
100
AcDbFaceRecord
 10
0.0
 20
0.0
 30
0.0
 70
128
 71
259
 72
253
 73
255
  0
VERTEX
  5
16F4
330
17
100
AcDbEntity
  8
ELEM_04_COMPLETO
100
AcDbFaceRecord
 10
0.0
 20
0.0
 30
0.0
 70
128
 71
259
 72
255
 73
256
  0
VERTEX
  5
16F8
330
17
100
AcDbEntity
  8
ELEM_04_COMPLETO
100
AcDbFaceRecord
 10
0.0
 20
0.0
 30
0.0
 70
128
 71
259
 72
256
 73
260
  0
VERTEX
  5
16FC
330
17
100
AcDbEntity
  8
ELEM_04_COMPLETO
100
AcDbFaceRecord
 10
0.0
 20
0.0
 30
0.0
 70
128
 71
254
 72
260
 73
256
  0
VERTEX
  5
1700
330
17
100
AcDbEntity
  8
ELEM_04_COMPLETO
100
AcDbFaceRecord
 10
0.0
 20
0.0
 30
0.0
 70
128
 71
258
 72
260
 73
254
  0
VERTEX
  5
1704
330
17
100
AcDbEntity
  8
ELEM_04_COMPLETO
100
AcDbFaceRecord
 10
0.0
 20
0.0
 30
0.0
 70
128
 71
258
 72
261
 73
262
  0
VERTEX
  5
1708
330
17
100
AcDbEntity
  8
ELEM_04_COMPLETO
100
AcDbFaceRecord
 10
0.0
 20
0.0
 30
0.0
 70
128
 71
257
 72
261
 73
258
  0
VERTEX
  5
170C
330
17
100
AcDbEntity
  8
ELEM_04_COMPLETO
100
AcDbFaceRecord
 10
0.0
 20
0.0
 30
0.0
 70
128
 71
263
 72
261
 73
257
  0
VERTEX
  5
1710
330
17
100
AcDbEntity
  8
ELEM_04_COMPLETO
100
AcDbFaceRecord
 10
0.0
 20
0.0
 30
0.0
 70
128
 71
263
 72
257
 73
259
  0
VERTEX
  5
1714
330
17
100
AcDbEntity
  8
ELEM_04_COMPLETO
100
AcDbFaceRecord
 10
0.0
 20
0.0
 30
0.0
 70
128
 71
263
 72
259
 73
260
  0
VERTEX
  5
1718
330
17
100
AcDbEntity
  8
ELEM_04_COMPLETO
100
AcDbFaceRecord
 10
0.0
 20
0.0
 30
0.0
 70
128
 71
263
 72
260
 73
264
  0
VERTEX
  5
171C
330
17
100
AcDbEntity
  8
ELEM_04_COMPLETO
100
AcDbFaceRecord
 10
0.0
 20
0.0
 30
0.0
 70
128
 71
258
 72
264
 73
260
  0
VERTEX
  5
1720
330
17
100
AcDbEntity
  8
ELEM_04_COMPLETO
100
AcDbFaceRecord
 10
0.0
 20
0.0
 30
0.0
 70
128
 71
262
 72
264
 73
258
  0
VERTEX
  5
1724
330
17
100
AcDbEntity
  8
ELEM_04_COMPLETO
100
AcDbFaceRecord
 10
0.0
 20
0.0
 30
0.0
 70
128
 71
262
 72
265
 73
266
  0
VERTEX
  5
1728
330
17
100
AcDbEntity
  8
ELEM_04_COMPLETO
100
AcDbFaceRecord
 10
0.0
 20
0.0
 30
0.0
 70
128
 71
261
 72
265
 73
262
  0
VERTEX
  5
172C
330
17
100
AcDbEntity
  8
ELEM_04_COMPLETO
100
AcDbFaceRecord
 10
0.0
 20
0.0
 30
0.0
 70
128
 71
267
 72
265
 73
261
  0
VERTEX
  5
1730
330
17
100
AcDbEntity
  8
ELEM_04_COMPLETO
100
AcDbFaceRecord
 10
0.0
 20
0.0
 30
0.0
 70
128
 71
267
 72
261
 73
263
  0
VERTEX
  5
1734
330
17
100
AcDbEntity
  8
ELEM_04_COMPLETO
100
AcDbFaceRecord
 10
0.0
 20
0.0
 30
0.0
 70
128
 71
267
 72
263
 73
264
  0
VERTEX
  5
1738
330
17
100
AcDbEntity
  8
ELEM_04_COMPLETO
100
AcDbFaceRecord
 10
0.0
 20
0.0
 30
0.0
 70
128
 71
267
 72
264
 73
268
  0
VERTEX
  5
173C
330
17
100
AcDbEntity
  8
ELEM_04_COMPLETO
100
AcDbFaceRecord
 10
0.0
 20
0.0
 30
0.0
 70
128
 71
262
 72
268
 73
264
  0
VERTEX
  5
1740
330
17
100
AcDbEntity
  8
ELEM_04_COMPLETO
100
AcDbFaceRecord
 10
0.0
 20
0.0
 30
0.0
 70
128
 71
266
 72
268
 73
262
  0
VERTEX
  5
1744
330
17
100
AcDbEntity
  8
ELEM_04_COMPLETO
100
AcDbFaceRecord
 10
0.0
 20
0.0
 30
0.0
 70
128
 71
266
 72
269
 73
270
  0
VERTEX
  5
1748
330
17
100
AcDbEntity
  8
ELEM_04_COMPLETO
100
AcDbFaceRecord
 10
0.0
 20
0.0
 30
0.0
 70
128
 71
265
 72
269
 73
266
  0
VERTEX
  5
174C
330
17
100
AcDbEntity
  8
ELEM_04_COMPLETO
100
AcDbFaceRecord
 10
0.0
 20
0.0
 30
0.0
 70
128
 71
271
 72
269
 73
265
  0
VERTEX
  5
1750
330
17
100
AcDbEntity
  8
ELEM_04_COMPLETO
100
AcDbFaceRecord
 10
0.0
 20
0.0
 30
0.0
 70
128
 71
271
 72
265
 73
267
  0
VERTEX
  5
1754
330
17
100
AcDbEntity
  8
ELEM_04_COMPLETO
100
AcDbFaceRecord
 10
0.0
 20
0.0
 30
0.0
 70
128
 71
271
 72
267
 73
268
  0
VERTEX
  5
1758
330
17
100
AcDbEntity
  8
ELEM_04_COMPLETO
100
AcDbFaceRecord
 10
0.0
 20
0.0
 30
0.0
 70
128
 71
271
 72
268
 73
272
  0
VERTEX
  5
175C
330
17
100
AcDbEntity
  8
ELEM_04_COMPLETO
100
AcDbFaceRecord
 10
0.0
 20
0.0
 30
0.0
 70
128
 71
266
 72
272
 73
268
  0
VERTEX
  5
1760
330
17
100
AcDbEntity
  8
ELEM_04_COMPLETO
100
AcDbFaceRecord
 10
0.0
 20
0.0
 30
0.0
 70
128
 71
270
 72
272
 73
266
  0
VERTEX
  5
1764
330
17
100
AcDbEntity
  8
ELEM_04_COMPLETO
100
AcDbFaceRecord
 10
0.0
 20
0.0
 30
0.0
 70
128
 71
270
 72
273
 73
274
  0
VERTEX
  5
1768
330
17
100
AcDbEntity
  8
ELEM_04_COMPLETO
100
AcDbFaceRecord
 10
0.0
 20
0.0
 30
0.0
 70
128
 71
269
 72
273
 73
270
  0
VERTEX
  5
176C
330
17
100
AcDbEntity
  8
ELEM_04_COMPLETO
100
AcDbFaceRecord
 10
0.0
 20
0.0
 30
0.0
 70
128
 71
275
 72
273
 73
269
  0
VERTEX
  5
1770
330
17
100
AcDbEntity
  8
ELEM_04_COMPLETO
100
AcDbFaceRecord
 10
0.0
 20
0.0
 30
0.0
 70
128
 71
275
 72
269
 73
271
  0
VERTEX
  5
1774
330
17
100
AcDbEntity
  8
ELEM_04_COMPLETO
100
AcDbFaceRecord
 10
0.0
 20
0.0
 30
0.0
 70
128
 71
275
 72
271
 73
272
  0
VERTEX
  5
1778
330
17
100
AcDbEntity
  8
ELEM_04_COMPLETO
100
AcDbFaceRecord
 10
0.0
 20
0.0
 30
0.0
 70
128
 71
275
 72
272
 73
276
  0
VERTEX
  5
177C
330
17
100
AcDbEntity
  8
ELEM_04_COMPLETO
100
AcDbFaceRecord
 10
0.0
 20
0.0
 30
0.0
 70
128
 71
270
 72
276
 73
272
  0
VERTEX
  5
1780
330
17
100
AcDbEntity
  8
ELEM_04_COMPLETO
100
AcDbFaceRecord
 10
0.0
 20
0.0
 30
0.0
 70
128
 71
274
 72
276
 73
270
  0
VERTEX
  5
1784
330
17
100
AcDbEntity
  8
ELEM_04_COMPLETO
100
AcDbFaceRecord
 10
0.0
 20
0.0
 30
0.0
 70
128
 71
274
 72
277
 73
278
  0
VERTEX
  5
1788
330
17
100
AcDbEntity
  8
ELEM_04_COMPLETO
100
AcDbFaceRecord
 10
0.0
 20
0.0
 30
0.0
 70
128
 71
273
 72
277
 73
274
  0
VERTEX
  5
178C
330
17
100
AcDbEntity
  8
ELEM_04_COMPLETO
100
AcDbFaceRecord
 10
0.0
 20
0.0
 30
0.0
 70
128
 71
279
 72
277
 73
273
  0
VERTEX
  5
1790
330
17
100
AcDbEntity
  8
ELEM_04_COMPLETO
100
AcDbFaceRecord
 10
0.0
 20
0.0
 30
0.0
 70
128
 71
279
 72
273
 73
275
  0
VERTEX
  5
1794
330
17
100
AcDbEntity
  8
ELEM_04_COMPLETO
100
AcDbFaceRecord
 10
0.0
 20
0.0
 30
0.0
 70
128
 71
279
 72
275
 73
276
  0
VERTEX
  5
1798
330
17
100
AcDbEntity
  8
ELEM_04_COMPLETO
100
AcDbFaceRecord
 10
0.0
 20
0.0
 30
0.0
 70
128
 71
279
 72
276
 73
280
  0
VERTEX
  5
179C
330
17
100
AcDbEntity
  8
ELEM_04_COMPLETO
100
AcDbFaceRecord
 10
0.0
 20
0.0
 30
0.0
 70
128
 71
274
 72
280
 73
276
  0
VERTEX
  5
17A0
330
17
100
AcDbEntity
  8
ELEM_04_COMPLETO
100
AcDbFaceRecord
 10
0.0
 20
0.0
 30
0.0
 70
128
 71
278
 72
280
 73
274
  0
VERTEX
  5
17A4
330
17
100
AcDbEntity
  8
ELEM_04_COMPLETO
100
AcDbFaceRecord
 10
0.0
 20
0.0
 30
0.0
 70
128
 71
278
 72
281
 73
282
  0
VERTEX
  5
17A8
330
17
100
AcDbEntity
  8
ELEM_04_COMPLETO
100
AcDbFaceRecord
 10
0.0
 20
0.0
 30
0.0
 70
128
 71
277
 72
281
 73
278
  0
VERTEX
  5
17AC
330
17
100
AcDbEntity
  8
ELEM_04_COMPLETO
100
AcDbFaceRecord
 10
0.0
 20
0.0
 30
0.0
 70
128
 71
283
 72
281
 73
277
  0
VERTEX
  5
17B0
330
17
100
AcDbEntity
  8
ELEM_04_COMPLETO
100
AcDbFaceRecord
 10
0.0
 20
0.0
 30
0.0
 70
128
 71
283
 72
277
 73
279
  0
VERTEX
  5
17B4
330
17
100
AcDbEntity
  8
ELEM_04_COMPLETO
100
AcDbFaceRecord
 10
0.0
 20
0.0
 30
0.0
 70
128
 71
283
 72
279
 73
280
  0
VERTEX
  5
17B8
330
17
100
AcDbEntity
  8
ELEM_04_COMPLETO
100
AcDbFaceRecord
 10
0.0
 20
0.0
 30
0.0
 70
128
 71
283
 72
280
 73
284
  0
VERTEX
  5
17BC
330
17
100
AcDbEntity
  8
ELEM_04_COMPLETO
100
AcDbFaceRecord
 10
0.0
 20
0.0
 30
0.0
 70
128
 71
278
 72
284
 73
280
  0
VERTEX
  5
17C0
330
17
100
AcDbEntity
  8
ELEM_04_COMPLETO
100
AcDbFaceRecord
 10
0.0
 20
0.0
 30
0.0
 70
128
 71
282
 72
284
 73
278
  0
VERTEX
  5
17C4
330
17
100
AcDbEntity
  8
ELEM_04_COMPLETO
100
AcDbFaceRecord
 10
0.0
 20
0.0
 30
0.0
 70
128
 71
282
 72
285
 73
286
  0
VERTEX
  5
17C8
330
17
100
AcDbEntity
  8
ELEM_04_COMPLETO
100
AcDbFaceRecord
 10
0.0
 20
0.0
 30
0.0
 70
128
 71
281
 72
285
 73
282
  0
VERTEX
  5
17CC
330
17
100
AcDbEntity
  8
ELEM_04_COMPLETO
100
AcDbFaceRecord
 10
0.0
 20
0.0
 30
0.0
 70
128
 71
287
 72
285
 73
281
  0
VERTEX
  5
17D0
330
17
100
AcDbEntity
  8
ELEM_04_COMPLETO
100
AcDbFaceRecord
 10
0.0
 20
0.0
 30
0.0
 70
128
 71
287
 72
281
 73
283
  0
VERTEX
  5
17D4
330
17
100
AcDbEntity
  8
ELEM_04_COMPLETO
100
AcDbFaceRecord
 10
0.0
 20
0.0
 30
0.0
 70
128
 71
287
 72
283
 73
284
  0
VERTEX
  5
17D8
330
17
100
AcDbEntity
  8
ELEM_04_COMPLETO
100
AcDbFaceRecord
 10
0.0
 20
0.0
 30
0.0
 70
128
 71
287
 72
284
 73
288
  0
VERTEX
  5
17DC
330
17
100
AcDbEntity
  8
ELEM_04_COMPLETO
100
AcDbFaceRecord
 10
0.0
 20
0.0
 30
0.0
 70
128
 71
282
 72
288
 73
284
  0
VERTEX
  5
17E0
330
17
100
AcDbEntity
  8
ELEM_04_COMPLETO
100
AcDbFaceRecord
 10
0.0
 20
0.0
 30
0.0
 70
128
 71
286
 72
288
 73
282
  0
VERTEX
  5
17E4
330
17
100
AcDbEntity
  8
ELEM_04_COMPLETO
100
AcDbFaceRecord
 10
0.0
 20
0.0
 30
0.0
 70
128
 71
286
 72
289
 73
290
  0
VERTEX
  5
17E8
330
17
100
AcDbEntity
  8
ELEM_04_COMPLETO
100
AcDbFaceRecord
 10
0.0
 20
0.0
 30
0.0
 70
128
 71
285
 72
289
 73
286
  0
VERTEX
  5
17EC
330
17
100
AcDbEntity
  8
ELEM_04_COMPLETO
100
AcDbFaceRecord
 10
0.0
 20
0.0
 30
0.0
 70
128
 71
291
 72
289
 73
285
  0
VERTEX
  5
17F0
330
17
100
AcDbEntity
  8
ELEM_04_COMPLETO
100
AcDbFaceRecord
 10
0.0
 20
0.0
 30
0.0
 70
128
 71
291
 72
285
 73
287
  0
VERTEX
  5
17F4
330
17
100
AcDbEntity
  8
ELEM_04_COMPLETO
100
AcDbFaceRecord
 10
0.0
 20
0.0
 30
0.0
 70
128
 71
291
 72
287
 73
288
  0
VERTEX
  5
17F8
330
17
100
AcDbEntity
  8
ELEM_04_COMPLETO
100
AcDbFaceRecord
 10
0.0
 20
0.0
 30
0.0
 70
128
 71
291
 72
288
 73
292
  0
VERTEX
  5
17FC
330
17
100
AcDbEntity
  8
ELEM_04_COMPLETO
100
AcDbFaceRecord
 10
0.0
 20
0.0
 30
0.0
 70
128
 71
286
 72
292
 73
288
  0
VERTEX
  5
1800
330
17
100
AcDbEntity
  8
ELEM_04_COMPLETO
100
AcDbFaceRecord
 10
0.0
 20
0.0
 30
0.0
 70
128
 71
290
 72
292
 73
286
  0
VERTEX
  5
1804
330
17
100
AcDbEntity
  8
ELEM_04_COMPLETO
100
AcDbFaceRecord
 10
0.0
 20
0.0
 30
0.0
 70
128
 71
290
 72
293
 73
294
  0
VERTEX
  5
1808
330
17
100
AcDbEntity
  8
ELEM_04_COMPLETO
100
AcDbFaceRecord
 10
0.0
 20
0.0
 30
0.0
 70
128
 71
289
 72
293
 73
290
  0
VERTEX
  5
180C
330
17
100
AcDbEntity
  8
ELEM_04_COMPLETO
100
AcDbFaceRecord
 10
0.0
 20
0.0
 30
0.0
 70
128
 71
295
 72
293
 73
289
  0
VERTEX
  5
1810
330
17
100
AcDbEntity
  8
ELEM_04_COMPLETO
100
AcDbFaceRecord
 10
0.0
 20
0.0
 30
0.0
 70
128
 71
295
 72
289
 73
291
  0
VERTEX
  5
1814
330
17
100
AcDbEntity
  8
ELEM_04_COMPLETO
100
AcDbFaceRecord
 10
0.0
 20
0.0
 30
0.0
 70
128
 71
295
 72
291
 73
292
  0
VERTEX
  5
1818
330
17
100
AcDbEntity
  8
ELEM_04_COMPLETO
100
AcDbFaceRecord
 10
0.0
 20
0.0
 30
0.0
 70
128
 71
295
 72
292
 73
296
  0
VERTEX
  5
181C
330
17
100
AcDbEntity
  8
ELEM_04_COMPLETO
100
AcDbFaceRecord
 10
0.0
 20
0.0
 30
0.0
 70
128
 71
290
 72
296
 73
292
  0
VERTEX
  5
1820
330
17
100
AcDbEntity
  8
ELEM_04_COMPLETO
100
AcDbFaceRecord
 10
0.0
 20
0.0
 30
0.0
 70
128
 71
294
 72
296
 73
290
  0
VERTEX
  5
1824
330
17
100
AcDbEntity
  8
ELEM_04_COMPLETO
100
AcDbFaceRecord
 10
0.0
 20
0.0
 30
0.0
 70
128
 71
294
 72
297
 73
298
  0
VERTEX
  5
1828
330
17
100
AcDbEntity
  8
ELEM_04_COMPLETO
100
AcDbFaceRecord
 10
0.0
 20
0.0
 30
0.0
 70
128
 71
293
 72
297
 73
294
  0
VERTEX
  5
182C
330
17
100
AcDbEntity
  8
ELEM_04_COMPLETO
100
AcDbFaceRecord
 10
0.0
 20
0.0
 30
0.0
 70
128
 71
299
 72
297
 73
293
  0
VERTEX
  5
1830
330
17
100
AcDbEntity
  8
ELEM_04_COMPLETO
100
AcDbFaceRecord
 10
0.0
 20
0.0
 30
0.0
 70
128
 71
299
 72
293
 73
295
  0
VERTEX
  5
1834
330
17
100
AcDbEntity
  8
ELEM_04_COMPLETO
100
AcDbFaceRecord
 10
0.0
 20
0.0
 30
0.0
 70
128
 71
299
 72
295
 73
296
  0
VERTEX
  5
1838
330
17
100
AcDbEntity
  8
ELEM_04_COMPLETO
100
AcDbFaceRecord
 10
0.0
 20
0.0
 30
0.0
 70
128
 71
299
 72
296
 73
300
  0
VERTEX
  5
183C
330
17
100
AcDbEntity
  8
ELEM_04_COMPLETO
100
AcDbFaceRecord
 10
0.0
 20
0.0
 30
0.0
 70
128
 71
294
 72
300
 73
296
  0
VERTEX
  5
1840
330
17
100
AcDbEntity
  8
ELEM_04_COMPLETO
100
AcDbFaceRecord
 10
0.0
 20
0.0
 30
0.0
 70
128
 71
298
 72
300
 73
294
  0
VERTEX
  5
1844
330
17
100
AcDbEntity
  8
ELEM_04_COMPLETO
100
AcDbFaceRecord
 10
0.0
 20
0.0
 30
0.0
 70
128
 71
298
 72
301
 73
302
  0
VERTEX
  5
1848
330
17
100
AcDbEntity
  8
ELEM_04_COMPLETO
100
AcDbFaceRecord
 10
0.0
 20
0.0
 30
0.0
 70
128
 71
297
 72
301
 73
298
  0
VERTEX
  5
184C
330
17
100
AcDbEntity
  8
ELEM_04_COMPLETO
100
AcDbFaceRecord
 10
0.0
 20
0.0
 30
0.0
 70
128
 71
303
 72
301
 73
297
  0
VERTEX
  5
1850
330
17
100
AcDbEntity
  8
ELEM_04_COMPLETO
100
AcDbFaceRecord
 10
0.0
 20
0.0
 30
0.0
 70
128
 71
303
 72
297
 73
299
  0
VERTEX
  5
1854
330
17
100
AcDbEntity
  8
ELEM_04_COMPLETO
100
AcDbFaceRecord
 10
0.0
 20
0.0
 30
0.0
 70
128
 71
303
 72
299
 73
300
  0
VERTEX
  5
1858
330
17
100
AcDbEntity
  8
ELEM_04_COMPLETO
100
AcDbFaceRecord
 10
0.0
 20
0.0
 30
0.0
 70
128
 71
303
 72
300
 73
304
  0
VERTEX
  5
185C
330
17
100
AcDbEntity
  8
ELEM_04_COMPLETO
100
AcDbFaceRecord
 10
0.0
 20
0.0
 30
0.0
 70
128
 71
298
 72
304
 73
300
  0
VERTEX
  5
1860
330
17
100
AcDbEntity
  8
ELEM_04_COMPLETO
100
AcDbFaceRecord
 10
0.0
 20
0.0
 30
0.0
 70
128
 71
302
 72
304
 73
298
  0
VERTEX
  5
1864
330
17
100
AcDbEntity
  8
ELEM_04_COMPLETO
100
AcDbFaceRecord
 10
0.0
 20
0.0
 30
0.0
 70
128
 71
302
 72
305
 73
306
  0
VERTEX
  5
1868
330
17
100
AcDbEntity
  8
ELEM_04_COMPLETO
100
AcDbFaceRecord
 10
0.0
 20
0.0
 30
0.0
 70
128
 71
301
 72
305
 73
302
  0
VERTEX
  5
186C
330
17
100
AcDbEntity
  8
ELEM_04_COMPLETO
100
AcDbFaceRecord
 10
0.0
 20
0.0
 30
0.0
 70
128
 71
307
 72
305
 73
301
  0
VERTEX
  5
1870
330
17
100
AcDbEntity
  8
ELEM_04_COMPLETO
100
AcDbFaceRecord
 10
0.0
 20
0.0
 30
0.0
 70
128
 71
307
 72
301
 73
303
  0
VERTEX
  5
1874
330
17
100
AcDbEntity
  8
ELEM_04_COMPLETO
100
AcDbFaceRecord
 10
0.0
 20
0.0
 30
0.0
 70
128
 71
307
 72
303
 73
304
  0
VERTEX
  5
1878
330
17
100
AcDbEntity
  8
ELEM_04_COMPLETO
100
AcDbFaceRecord
 10
0.0
 20
0.0
 30
0.0
 70
128
 71
307
 72
304
 73
308
  0
VERTEX
  5
187C
330
17
100
AcDbEntity
  8
ELEM_04_COMPLETO
100
AcDbFaceRecord
 10
0.0
 20
0.0
 30
0.0
 70
128
 71
302
 72
308
 73
304
  0
VERTEX
  5
1880
330
17
100
AcDbEntity
  8
ELEM_04_COMPLETO
100
AcDbFaceRecord
 10
0.0
 20
0.0
 30
0.0
 70
128
 71
306
 72
308
 73
302
  0
VERTEX
  5
1884
330
17
100
AcDbEntity
  8
ELEM_04_COMPLETO
100
AcDbFaceRecord
 10
0.0
 20
0.0
 30
0.0
 70
128
 71
306
 72
309
 73
310
  0
VERTEX
  5
1888
330
17
100
AcDbEntity
  8
ELEM_04_COMPLETO
100
AcDbFaceRecord
 10
0.0
 20
0.0
 30
0.0
 70
128
 71
305
 72
309
 73
306
  0
VERTEX
  5
188C
330
17
100
AcDbEntity
  8
ELEM_04_COMPLETO
100
AcDbFaceRecord
 10
0.0
 20
0.0
 30
0.0
 70
128
 71
311
 72
309
 73
305
  0
VERTEX
  5
1890
330
17
100
AcDbEntity
  8
ELEM_04_COMPLETO
100
AcDbFaceRecord
 10
0.0
 20
0.0
 30
0.0
 70
128
 71
311
 72
305
 73
307
  0
VERTEX
  5
1894
330
17
100
AcDbEntity
  8
ELEM_04_COMPLETO
100
AcDbFaceRecord
 10
0.0
 20
0.0
 30
0.0
 70
128
 71
311
 72
307
 73
308
  0
VERTEX
  5
1898
330
17
100
AcDbEntity
  8
ELEM_04_COMPLETO
100
AcDbFaceRecord
 10
0.0
 20
0.0
 30
0.0
 70
128
 71
311
 72
308
 73
312
  0
VERTEX
  5
189C
330
17
100
AcDbEntity
  8
ELEM_04_COMPLETO
100
AcDbFaceRecord
 10
0.0
 20
0.0
 30
0.0
 70
128
 71
306
 72
312
 73
308
  0
VERTEX
  5
18A0
330
17
100
AcDbEntity
  8
ELEM_04_COMPLETO
100
AcDbFaceRecord
 10
0.0
 20
0.0
 30
0.0
 70
128
 71
310
 72
312
 73
306
  0
VERTEX
  5
18A4
330
17
100
AcDbEntity
  8
ELEM_04_COMPLETO
100
AcDbFaceRecord
 10
0.0
 20
0.0
 30
0.0
 70
128
 71
310
 72
313
 73
314
  0
VERTEX
  5
18A8
330
17
100
AcDbEntity
  8
ELEM_04_COMPLETO
100
AcDbFaceRecord
 10
0.0
 20
0.0
 30
0.0
 70
128
 71
309
 72
313
 73
310
  0
VERTEX
  5
18AC
330
17
100
AcDbEntity
  8
ELEM_04_COMPLETO
100
AcDbFaceRecord
 10
0.0
 20
0.0
 30
0.0
 70
128
 71
315
 72
313
 73
309
  0
VERTEX
  5
18B0
330
17
100
AcDbEntity
  8
ELEM_04_COMPLETO
100
AcDbFaceRecord
 10
0.0
 20
0.0
 30
0.0
 70
128
 71
315
 72
309
 73
311
  0
VERTEX
  5
18B4
330
17
100
AcDbEntity
  8
ELEM_04_COMPLETO
100
AcDbFaceRecord
 10
0.0
 20
0.0
 30
0.0
 70
128
 71
315
 72
311
 73
312
  0
VERTEX
  5
18B8
330
17
100
AcDbEntity
  8
ELEM_04_COMPLETO
100
AcDbFaceRecord
 10
0.0
 20
0.0
 30
0.0
 70
128
 71
315
 72
312
 73
316
  0
VERTEX
  5
18BC
330
17
100
AcDbEntity
  8
ELEM_04_COMPLETO
100
AcDbFaceRecord
 10
0.0
 20
0.0
 30
0.0
 70
128
 71
310
 72
316
 73
312
  0
VERTEX
  5
18C0
330
17
100
AcDbEntity
  8
ELEM_04_COMPLETO
100
AcDbFaceRecord
 10
0.0
 20
0.0
 30
0.0
 70
128
 71
314
 72
316
 73
310
  0
VERTEX
  5
18C4
330
17
100
AcDbEntity
  8
ELEM_04_COMPLETO
100
AcDbFaceRecord
 10
0.0
 20
0.0
 30
0.0
 70
128
 71
314
 72
317
 73
318
  0
VERTEX
  5
18C8
330
17
100
AcDbEntity
  8
ELEM_04_COMPLETO
100
AcDbFaceRecord
 10
0.0
 20
0.0
 30
0.0
 70
128
 71
313
 72
317
 73
314
  0
VERTEX
  5
18CC
330
17
100
AcDbEntity
  8
ELEM_04_COMPLETO
100
AcDbFaceRecord
 10
0.0
 20
0.0
 30
0.0
 70
128
 71
319
 72
317
 73
313
  0
VERTEX
  5
18D0
330
17
100
AcDbEntity
  8
ELEM_04_COMPLETO
100
AcDbFaceRecord
 10
0.0
 20
0.0
 30
0.0
 70
128
 71
319
 72
313
 73
315
  0
VERTEX
  5
18D4
330
17
100
AcDbEntity
  8
ELEM_04_COMPLETO
100
AcDbFaceRecord
 10
0.0
 20
0.0
 30
0.0
 70
128
 71
319
 72
315
 73
316
  0
VERTEX
  5
18D8
330
17
100
AcDbEntity
  8
ELEM_04_COMPLETO
100
AcDbFaceRecord
 10
0.0
 20
0.0
 30
0.0
 70
128
 71
319
 72
316
 73
320
  0
VERTEX
  5
18DC
330
17
100
AcDbEntity
  8
ELEM_04_COMPLETO
100
AcDbFaceRecord
 10
0.0
 20
0.0
 30
0.0
 70
128
 71
314
 72
320
 73
316
  0
VERTEX
  5
18E0
330
17
100
AcDbEntity
  8
ELEM_04_COMPLETO
100
AcDbFaceRecord
 10
0.0
 20
0.0
 30
0.0
 70
128
 71
318
 72
320
 73
314
  0
VERTEX
  5
18E4
330
17
100
AcDbEntity
  8
ELEM_04_COMPLETO
100
AcDbFaceRecord
 10
0.0
 20
0.0
 30
0.0
 70
128
 71
318
 72
321
 73
322
  0
VERTEX
  5
18E8
330
17
100
AcDbEntity
  8
ELEM_04_COMPLETO
100
AcDbFaceRecord
 10
0.0
 20
0.0
 30
0.0
 70
128
 71
317
 72
321
 73
318
  0
VERTEX
  5
18EC
330
17
100
AcDbEntity
  8
ELEM_04_COMPLETO
100
AcDbFaceRecord
 10
0.0
 20
0.0
 30
0.0
 70
128
 71
323
 72
321
 73
317
  0
VERTEX
  5
18F0
330
17
100
AcDbEntity
  8
ELEM_04_COMPLETO
100
AcDbFaceRecord
 10
0.0
 20
0.0
 30
0.0
 70
128
 71
323
 72
317
 73
319
  0
VERTEX
  5
18F4
330
17
100
AcDbEntity
  8
ELEM_04_COMPLETO
100
AcDbFaceRecord
 10
0.0
 20
0.0
 30
0.0
 70
128
 71
323
 72
319
 73
320
  0
VERTEX
  5
18F8
330
17
100
AcDbEntity
  8
ELEM_04_COMPLETO
100
AcDbFaceRecord
 10
0.0
 20
0.0
 30
0.0
 70
128
 71
323
 72
320
 73
324
  0
VERTEX
  5
18FC
330
17
100
AcDbEntity
  8
ELEM_04_COMPLETO
100
AcDbFaceRecord
 10
0.0
 20
0.0
 30
0.0
 70
128
 71
318
 72
324
 73
320
  0
VERTEX
  5
1900
330
17
100
AcDbEntity
  8
ELEM_04_COMPLETO
100
AcDbFaceRecord
 10
0.0
 20
0.0
 30
0.0
 70
128
 71
322
 72
324
 73
318
  0
VERTEX
  5
1904
330
17
100
AcDbEntity
  8
ELEM_04_COMPLETO
100
AcDbFaceRecord
 10
0.0
 20
0.0
 30
0.0
 70
128
 71
322
 72
325
 73
326
  0
VERTEX
  5
1908
330
17
100
AcDbEntity
  8
ELEM_04_COMPLETO
100
AcDbFaceRecord
 10
0.0
 20
0.0
 30
0.0
 70
128
 71
321
 72
325
 73
322
  0
VERTEX
  5
190C
330
17
100
AcDbEntity
  8
ELEM_04_COMPLETO
100
AcDbFaceRecord
 10
0.0
 20
0.0
 30
0.0
 70
128
 71
327
 72
325
 73
321
  0
VERTEX
  5
1910
330
17
100
AcDbEntity
  8
ELEM_04_COMPLETO
100
AcDbFaceRecord
 10
0.0
 20
0.0
 30
0.0
 70
128
 71
327
 72
321
 73
323
  0
VERTEX
  5
1914
330
17
100
AcDbEntity
  8
ELEM_04_COMPLETO
100
AcDbFaceRecord
 10
0.0
 20
0.0
 30
0.0
 70
128
 71
327
 72
323
 73
324
  0
VERTEX
  5
1918
330
17
100
AcDbEntity
  8
ELEM_04_COMPLETO
100
AcDbFaceRecord
 10
0.0
 20
0.0
 30
0.0
 70
128
 71
327
 72
324
 73
328
  0
VERTEX
  5
191C
330
17
100
AcDbEntity
  8
ELEM_04_COMPLETO
100
AcDbFaceRecord
 10
0.0
 20
0.0
 30
0.0
 70
128
 71
322
 72
328
 73
324
  0
VERTEX
  5
1920
330
17
100
AcDbEntity
  8
ELEM_04_COMPLETO
100
AcDbFaceRecord
 10
0.0
 20
0.0
 30
0.0
 70
128
 71
326
 72
328
 73
322
  0
VERTEX
  5
1924
330
17
100
AcDbEntity
  8
ELEM_04_COMPLETO
100
AcDbFaceRecord
 10
0.0
 20
0.0
 30
0.0
 70
128
 71
326
 72
329
 73
330
  0
VERTEX
  5
1928
330
17
100
AcDbEntity
  8
ELEM_04_COMPLETO
100
AcDbFaceRecord
 10
0.0
 20
0.0
 30
0.0
 70
128
 71
325
 72
329
 73
326
  0
VERTEX
  5
192C
330
17
100
AcDbEntity
  8
ELEM_04_COMPLETO
100
AcDbFaceRecord
 10
0.0
 20
0.0
 30
0.0
 70
128
 71
331
 72
329
 73
325
  0
VERTEX
  5
1930
330
17
100
AcDbEntity
  8
ELEM_04_COMPLETO
100
AcDbFaceRecord
 10
0.0
 20
0.0
 30
0.0
 70
128
 71
331
 72
325
 73
327
  0
VERTEX
  5
1934
330
17
100
AcDbEntity
  8
ELEM_04_COMPLETO
100
AcDbFaceRecord
 10
0.0
 20
0.0
 30
0.0
 70
128
 71
331
 72
327
 73
328
  0
VERTEX
  5
1938
330
17
100
AcDbEntity
  8
ELEM_04_COMPLETO
100
AcDbFaceRecord
 10
0.0
 20
0.0
 30
0.0
 70
128
 71
331
 72
328
 73
332
  0
VERTEX
  5
193C
330
17
100
AcDbEntity
  8
ELEM_04_COMPLETO
100
AcDbFaceRecord
 10
0.0
 20
0.0
 30
0.0
 70
128
 71
326
 72
332
 73
328
  0
VERTEX
  5
1940
330
17
100
AcDbEntity
  8
ELEM_04_COMPLETO
100
AcDbFaceRecord
 10
0.0
 20
0.0
 30
0.0
 70
128
 71
330
 72
332
 73
326
  0
VERTEX
  5
1944
330
17
100
AcDbEntity
  8
ELEM_04_COMPLETO
100
AcDbFaceRecord
 10
0.0
 20
0.0
 30
0.0
 70
128
 71
330
 72
333
 73
334
  0
VERTEX
  5
1948
330
17
100
AcDbEntity
  8
ELEM_04_COMPLETO
100
AcDbFaceRecord
 10
0.0
 20
0.0
 30
0.0
 70
128
 71
329
 72
333
 73
330
  0
VERTEX
  5
194C
330
17
100
AcDbEntity
  8
ELEM_04_COMPLETO
100
AcDbFaceRecord
 10
0.0
 20
0.0
 30
0.0
 70
128
 71
335
 72
333
 73
329
  0
VERTEX
  5
1950
330
17
100
AcDbEntity
  8
ELEM_04_COMPLETO
100
AcDbFaceRecord
 10
0.0
 20
0.0
 30
0.0
 70
128
 71
335
 72
329
 73
331
  0
VERTEX
  5
1954
330
17
100
AcDbEntity
  8
ELEM_04_COMPLETO
100
AcDbFaceRecord
 10
0.0
 20
0.0
 30
0.0
 70
128
 71
335
 72
331
 73
332
  0
VERTEX
  5
1958
330
17
100
AcDbEntity
  8
ELEM_04_COMPLETO
100
AcDbFaceRecord
 10
0.0
 20
0.0
 30
0.0
 70
128
 71
335
 72
332
 73
336
  0
VERTEX
  5
195C
330
17
100
AcDbEntity
  8
ELEM_04_COMPLETO
100
AcDbFaceRecord
 10
0.0
 20
0.0
 30
0.0
 70
128
 71
330
 72
336
 73
332
  0
VERTEX
  5
1960
330
17
100
AcDbEntity
  8
ELEM_04_COMPLETO
100
AcDbFaceRecord
 10
0.0
 20
0.0
 30
0.0
 70
128
 71
334
 72
336
 73
330
  0
VERTEX
  5
1964
330
17
100
AcDbEntity
  8
ELEM_04_COMPLETO
100
AcDbFaceRecord
 10
0.0
 20
0.0
 30
0.0
 70
128
 71
334
 72
337
 73
338
  0
VERTEX
  5
1968
330
17
100
AcDbEntity
  8
ELEM_04_COMPLETO
100
AcDbFaceRecord
 10
0.0
 20
0.0
 30
0.0
 70
128
 71
333
 72
337
 73
334
  0
VERTEX
  5
196C
330
17
100
AcDbEntity
  8
ELEM_04_COMPLETO
100
AcDbFaceRecord
 10
0.0
 20
0.0
 30
0.0
 70
128
 71
339
 72
337
 73
333
  0
VERTEX
  5
1970
330
17
100
AcDbEntity
  8
ELEM_04_COMPLETO
100
AcDbFaceRecord
 10
0.0
 20
0.0
 30
0.0
 70
128
 71
339
 72
333
 73
335
  0
VERTEX
  5
1974
330
17
100
AcDbEntity
  8
ELEM_04_COMPLETO
100
AcDbFaceRecord
 10
0.0
 20
0.0
 30
0.0
 70
128
 71
339
 72
335
 73
336
  0
VERTEX
  5
1978
330
17
100
AcDbEntity
  8
ELEM_04_COMPLETO
100
AcDbFaceRecord
 10
0.0
 20
0.0
 30
0.0
 70
128
 71
339
 72
336
 73
340
  0
VERTEX
  5
197C
330
17
100
AcDbEntity
  8
ELEM_04_COMPLETO
100
AcDbFaceRecord
 10
0.0
 20
0.0
 30
0.0
 70
128
 71
334
 72
340
 73
336
  0
VERTEX
  5
1980
330
17
100
AcDbEntity
  8
ELEM_04_COMPLETO
100
AcDbFaceRecord
 10
0.0
 20
0.0
 30
0.0
 70
128
 71
338
 72
340
 73
334
  0
VERTEX
  5
1984
330
17
100
AcDbEntity
  8
ELEM_04_COMPLETO
100
AcDbFaceRecord
 10
0.0
 20
0.0
 30
0.0
 70
128
 71
338
 72
341
 73
342
  0
VERTEX
  5
1988
330
17
100
AcDbEntity
  8
ELEM_04_COMPLETO
100
AcDbFaceRecord
 10
0.0
 20
0.0
 30
0.0
 70
128
 71
337
 72
341
 73
338
  0
VERTEX
  5
198C
330
17
100
AcDbEntity
  8
ELEM_04_COMPLETO
100
AcDbFaceRecord
 10
0.0
 20
0.0
 30
0.0
 70
128
 71
343
 72
341
 73
337
  0
VERTEX
  5
1990
330
17
100
AcDbEntity
  8
ELEM_04_COMPLETO
100
AcDbFaceRecord
 10
0.0
 20
0.0
 30
0.0
 70
128
 71
343
 72
337
 73
339
  0
VERTEX
  5
1994
330
17
100
AcDbEntity
  8
ELEM_04_COMPLETO
100
AcDbFaceRecord
 10
0.0
 20
0.0
 30
0.0
 70
128
 71
343
 72
339
 73
340
  0
VERTEX
  5
1998
330
17
100
AcDbEntity
  8
ELEM_04_COMPLETO
100
AcDbFaceRecord
 10
0.0
 20
0.0
 30
0.0
 70
128
 71
343
 72
340
 73
344
  0
VERTEX
  5
199C
330
17
100
AcDbEntity
  8
ELEM_04_COMPLETO
100
AcDbFaceRecord
 10
0.0
 20
0.0
 30
0.0
 70
128
 71
338
 72
344
 73
340
  0
VERTEX
  5
19A0
330
17
100
AcDbEntity
  8
ELEM_04_COMPLETO
100
AcDbFaceRecord
 10
0.0
 20
0.0
 30
0.0
 70
128
 71
342
 72
344
 73
338
  0
VERTEX
  5
19A4
330
17
100
AcDbEntity
  8
ELEM_04_COMPLETO
100
AcDbFaceRecord
 10
0.0
 20
0.0
 30
0.0
 70
128
 71
341
 72
345
 73
346
  0
VERTEX
  5
19A8
330
17
100
AcDbEntity
  8
ELEM_04_COMPLETO
100
AcDbFaceRecord
 10
0.0
 20
0.0
 30
0.0
 70
128
 71
341
 72
346
 73
342
  0
VERTEX
  5
19AC
330
17
100
AcDbEntity
  8
ELEM_04_COMPLETO
100
AcDbFaceRecord
 10
0.0
 20
0.0
 30
0.0
 70
128
 71
347
 72
345
 73
341
  0
VERTEX
  5
19B0
330
17
100
AcDbEntity
  8
ELEM_04_COMPLETO
100
AcDbFaceRecord
 10
0.0
 20
0.0
 30
0.0
 70
128
 71
347
 72
341
 73
343
  0
VERTEX
  5
19B4
330
17
100
AcDbEntity
  8
ELEM_04_COMPLETO
100
AcDbFaceRecord
 10
0.0
 20
0.0
 30
0.0
 70
128
 71
347
 72
343
 73
344
  0
VERTEX
  5
19B8
330
17
100
AcDbEntity
  8
ELEM_04_COMPLETO
100
AcDbFaceRecord
 10
0.0
 20
0.0
 30
0.0
 70
128
 71
347
 72
344
 73
348
  0
VERTEX
  5
19BC
330
17
100
AcDbEntity
  8
ELEM_04_COMPLETO
100
AcDbFaceRecord
 10
0.0
 20
0.0
 30
0.0
 70
128
 71
342
 72
348
 73
344
  0
VERTEX
  5
19C0
330
17
100
AcDbEntity
  8
ELEM_04_COMPLETO
100
AcDbFaceRecord
 10
0.0
 20
0.0
 30
0.0
 70
128
 71
346
 72
348
 73
342
  0
VERTEX
  5
19C4
330
17
100
AcDbEntity
  8
ELEM_04_COMPLETO
100
AcDbFaceRecord
 10
0.0
 20
0.0
 30
0.0
 70
128
 71
345
 72
349
 73
350
  0
VERTEX
  5
19C8
330
17
100
AcDbEntity
  8
ELEM_04_COMPLETO
100
AcDbFaceRecord
 10
0.0
 20
0.0
 30
0.0
 70
128
 71
345
 72
350
 73
346
  0
VERTEX
  5
19CC
330
17
100
AcDbEntity
  8
ELEM_04_COMPLETO
100
AcDbFaceRecord
 10
0.0
 20
0.0
 30
0.0
 70
128
 71
351
 72
349
 73
345
  0
VERTEX
  5
19D0
330
17
100
AcDbEntity
  8
ELEM_04_COMPLETO
100
AcDbFaceRecord
 10
0.0
 20
0.0
 30
0.0
 70
128
 71
351
 72
345
 73
347
  0
VERTEX
  5
19D4
330
17
100
AcDbEntity
  8
ELEM_04_COMPLETO
100
AcDbFaceRecord
 10
0.0
 20
0.0
 30
0.0
 70
128
 71
351
 72
347
 73
348
  0
VERTEX
  5
19D8
330
17
100
AcDbEntity
  8
ELEM_04_COMPLETO
100
AcDbFaceRecord
 10
0.0
 20
0.0
 30
0.0
 70
128
 71
351
 72
348
 73
352
  0
VERTEX
  5
19DC
330
17
100
AcDbEntity
  8
ELEM_04_COMPLETO
100
AcDbFaceRecord
 10
0.0
 20
0.0
 30
0.0
 70
128
 71
346
 72
352
 73
348
  0
VERTEX
  5
19E0
330
17
100
AcDbEntity
  8
ELEM_04_COMPLETO
100
AcDbFaceRecord
 10
0.0
 20
0.0
 30
0.0
 70
128
 71
350
 72
352
 73
346
  0
VERTEX
  5
19E4
330
17
100
AcDbEntity
  8
ELEM_04_COMPLETO
100
AcDbFaceRecord
 10
0.0
 20
0.0
 30
0.0
 70
128
 71
349
 72
353
 73
354
  0
VERTEX
  5
19E8
330
17
100
AcDbEntity
  8
ELEM_04_COMPLETO
100
AcDbFaceRecord
 10
0.0
 20
0.0
 30
0.0
 70
128
 71
349
 72
354
 73
350
  0
VERTEX
  5
19EC
330
17
100
AcDbEntity
  8
ELEM_04_COMPLETO
100
AcDbFaceRecord
 10
0.0
 20
0.0
 30
0.0
 70
128
 71
355
 72
353
 73
349
  0
VERTEX
  5
19F0
330
17
100
AcDbEntity
  8
ELEM_04_COMPLETO
100
AcDbFaceRecord
 10
0.0
 20
0.0
 30
0.0
 70
128
 71
355
 72
349
 73
351
  0
VERTEX
  5
19F4
330
17
100
AcDbEntity
  8
ELEM_04_COMPLETO
100
AcDbFaceRecord
 10
0.0
 20
0.0
 30
0.0
 70
128
 71
355
 72
351
 73
352
  0
VERTEX
  5
19F8
330
17
100
AcDbEntity
  8
ELEM_04_COMPLETO
100
AcDbFaceRecord
 10
0.0
 20
0.0
 30
0.0
 70
128
 71
355
 72
352
 73
356
  0
VERTEX
  5
19FC
330
17
100
AcDbEntity
  8
ELEM_04_COMPLETO
100
AcDbFaceRecord
 10
0.0
 20
0.0
 30
0.0
 70
128
 71
350
 72
356
 73
352
  0
VERTEX
  5
1A00
330
17
100
AcDbEntity
  8
ELEM_04_COMPLETO
100
AcDbFaceRecord
 10
0.0
 20
0.0
 30
0.0
 70
128
 71
354
 72
356
 73
350
  0
VERTEX
  5
1A04
330
17
100
AcDbEntity
  8
ELEM_04_COMPLETO
100
AcDbFaceRecord
 10
0.0
 20
0.0
 30
0.0
 70
128
 71
353
 72
357
 73
358
  0
VERTEX
  5
1A08
330
17
100
AcDbEntity
  8
ELEM_04_COMPLETO
100
AcDbFaceRecord
 10
0.0
 20
0.0
 30
0.0
 70
128
 71
353
 72
358
 73
354
  0
VERTEX
  5
1A0C
330
17
100
AcDbEntity
  8
ELEM_04_COMPLETO
100
AcDbFaceRecord
 10
0.0
 20
0.0
 30
0.0
 70
128
 71
359
 72
357
 73
353
  0
VERTEX
  5
1A10
330
17
100
AcDbEntity
  8
ELEM_04_COMPLETO
100
AcDbFaceRecord
 10
0.0
 20
0.0
 30
0.0
 70
128
 71
359
 72
353
 73
355
  0
VERTEX
  5
1A14
330
17
100
AcDbEntity
  8
ELEM_04_COMPLETO
100
AcDbFaceRecord
 10
0.0
 20
0.0
 30
0.0
 70
128
 71
359
 72
355
 73
356
  0
VERTEX
  5
1A18
330
17
100
AcDbEntity
  8
ELEM_04_COMPLETO
100
AcDbFaceRecord
 10
0.0
 20
0.0
 30
0.0
 70
128
 71
359
 72
356
 73
360
  0
VERTEX
  5
1A1C
330
17
100
AcDbEntity
  8
ELEM_04_COMPLETO
100
AcDbFaceRecord
 10
0.0
 20
0.0
 30
0.0
 70
128
 71
354
 72
360
 73
356
  0
VERTEX
  5
1A20
330
17
100
AcDbEntity
  8
ELEM_04_COMPLETO
100
AcDbFaceRecord
 10
0.0
 20
0.0
 30
0.0
 70
128
 71
358
 72
360
 73
354
  0
VERTEX
  5
1A24
330
17
100
AcDbEntity
  8
ELEM_04_COMPLETO
100
AcDbFaceRecord
 10
0.0
 20
0.0
 30
0.0
 70
128
 71
357
 72
361
 73
362
  0
VERTEX
  5
1A28
330
17
100
AcDbEntity
  8
ELEM_04_COMPLETO
100
AcDbFaceRecord
 10
0.0
 20
0.0
 30
0.0
 70
128
 71
357
 72
362
 73
358
  0
VERTEX
  5
1A2C
330
17
100
AcDbEntity
  8
ELEM_04_COMPLETO
100
AcDbFaceRecord
 10
0.0
 20
0.0
 30
0.0
 70
128
 71
363
 72
361
 73
357
  0
VERTEX
  5
1A30
330
17
100
AcDbEntity
  8
ELEM_04_COMPLETO
100
AcDbFaceRecord
 10
0.0
 20
0.0
 30
0.0
 70
128
 71
363
 72
357
 73
359
  0
VERTEX
  5
1A34
330
17
100
AcDbEntity
  8
ELEM_04_COMPLETO
100
AcDbFaceRecord
 10
0.0
 20
0.0
 30
0.0
 70
128
 71
363
 72
359
 73
360
  0
VERTEX
  5
1A38
330
17
100
AcDbEntity
  8
ELEM_04_COMPLETO
100
AcDbFaceRecord
 10
0.0
 20
0.0
 30
0.0
 70
128
 71
363
 72
360
 73
364
  0
VERTEX
  5
1A3C
330
17
100
AcDbEntity
  8
ELEM_04_COMPLETO
100
AcDbFaceRecord
 10
0.0
 20
0.0
 30
0.0
 70
128
 71
358
 72
364
 73
360
  0
VERTEX
  5
1A40
330
17
100
AcDbEntity
  8
ELEM_04_COMPLETO
100
AcDbFaceRecord
 10
0.0
 20
0.0
 30
0.0
 70
128
 71
362
 72
364
 73
358
  0
VERTEX
  5
1A44
330
17
100
AcDbEntity
  8
ELEM_04_COMPLETO
100
AcDbFaceRecord
 10
0.0
 20
0.0
 30
0.0
 70
128
 71
361
 72
365
 73
366
  0
VERTEX
  5
1A48
330
17
100
AcDbEntity
  8
ELEM_04_COMPLETO
100
AcDbFaceRecord
 10
0.0
 20
0.0
 30
0.0
 70
128
 71
361
 72
366
 73
362
  0
VERTEX
  5
1A4C
330
17
100
AcDbEntity
  8
ELEM_04_COMPLETO
100
AcDbFaceRecord
 10
0.0
 20
0.0
 30
0.0
 70
128
 71
367
 72
365
 73
361
  0
VERTEX
  5
1A50
330
17
100
AcDbEntity
  8
ELEM_04_COMPLETO
100
AcDbFaceRecord
 10
0.0
 20
0.0
 30
0.0
 70
128
 71
367
 72
361
 73
363
  0
VERTEX
  5
1A54
330
17
100
AcDbEntity
  8
ELEM_04_COMPLETO
100
AcDbFaceRecord
 10
0.0
 20
0.0
 30
0.0
 70
128
 71
367
 72
363
 73
364
  0
VERTEX
  5
1A58
330
17
100
AcDbEntity
  8
ELEM_04_COMPLETO
100
AcDbFaceRecord
 10
0.0
 20
0.0
 30
0.0
 70
128
 71
367
 72
364
 73
368
  0
VERTEX
  5
1A5C
330
17
100
AcDbEntity
  8
ELEM_04_COMPLETO
100
AcDbFaceRecord
 10
0.0
 20
0.0
 30
0.0
 70
128
 71
362
 72
368
 73
364
  0
VERTEX
  5
1A60
330
17
100
AcDbEntity
  8
ELEM_04_COMPLETO
100
AcDbFaceRecord
 10
0.0
 20
0.0
 30
0.0
 70
128
 71
366
 72
368
 73
362
  0
VERTEX
  5
1A64
330
17
100
AcDbEntity
  8
ELEM_04_COMPLETO
100
AcDbFaceRecord
 10
0.0
 20
0.0
 30
0.0
 70
128
 71
365
 72
369
 73
370
  0
VERTEX
  5
1A68
330
17
100
AcDbEntity
  8
ELEM_04_COMPLETO
100
AcDbFaceRecord
 10
0.0
 20
0.0
 30
0.0
 70
128
 71
365
 72
370
 73
366
  0
VERTEX
  5
1A6C
330
17
100
AcDbEntity
  8
ELEM_04_COMPLETO
100
AcDbFaceRecord
 10
0.0
 20
0.0
 30
0.0
 70
128
 71
371
 72
369
 73
365
  0
VERTEX
  5
1A70
330
17
100
AcDbEntity
  8
ELEM_04_COMPLETO
100
AcDbFaceRecord
 10
0.0
 20
0.0
 30
0.0
 70
128
 71
371
 72
365
 73
367
  0
VERTEX
  5
1A74
330
17
100
AcDbEntity
  8
ELEM_04_COMPLETO
100
AcDbFaceRecord
 10
0.0
 20
0.0
 30
0.0
 70
128
 71
371
 72
367
 73
368
  0
VERTEX
  5
1A78
330
17
100
AcDbEntity
  8
ELEM_04_COMPLETO
100
AcDbFaceRecord
 10
0.0
 20
0.0
 30
0.0
 70
128
 71
371
 72
368
 73
372
  0
VERTEX
  5
1A7C
330
17
100
AcDbEntity
  8
ELEM_04_COMPLETO
100
AcDbFaceRecord
 10
0.0
 20
0.0
 30
0.0
 70
128
 71
366
 72
372
 73
368
  0
VERTEX
  5
1A80
330
17
100
AcDbEntity
  8
ELEM_04_COMPLETO
100
AcDbFaceRecord
 10
0.0
 20
0.0
 30
0.0
 70
128
 71
372
 72
366
 73
370
  0
VERTEX
  5
1A84
330
17
100
AcDbEntity
  8
ELEM_04_COMPLETO
100
AcDbFaceRecord
 10
0.0
 20
0.0
 30
0.0
 70
128
 71
369
 72
373
 73
374
  0
VERTEX
  5
1A88
330
17
100
AcDbEntity
  8
ELEM_04_COMPLETO
100
AcDbFaceRecord
 10
0.0
 20
0.0
 30
0.0
 70
128
 71
369
 72
374
 73
370
  0
VERTEX
  5
1A8C
330
17
100
AcDbEntity
  8
ELEM_04_COMPLETO
100
AcDbFaceRecord
 10
0.0
 20
0.0
 30
0.0
 70
128
 71
375
 72
373
 73
369
  0
VERTEX
  5
1A90
330
17
100
AcDbEntity
  8
ELEM_04_COMPLETO
100
AcDbFaceRecord
 10
0.0
 20
0.0
 30
0.0
 70
128
 71
375
 72
369
 73
371
  0
VERTEX
  5
1A94
330
17
100
AcDbEntity
  8
ELEM_04_COMPLETO
100
AcDbFaceRecord
 10
0.0
 20
0.0
 30
0.0
 70
128
 71
375
 72
371
 73
372
  0
VERTEX
  5
1A98
330
17
100
AcDbEntity
  8
ELEM_04_COMPLETO
100
AcDbFaceRecord
 10
0.0
 20
0.0
 30
0.0
 70
128
 71
375
 72
372
 73
376
  0
VERTEX
  5
1A9C
330
17
100
AcDbEntity
  8
ELEM_04_COMPLETO
100
AcDbFaceRecord
 10
0.0
 20
0.0
 30
0.0
 70
128
 71
370
 72
376
 73
372
  0
VERTEX
  5
1AA0
330
17
100
AcDbEntity
  8
ELEM_04_COMPLETO
100
AcDbFaceRecord
 10
0.0
 20
0.0
 30
0.0
 70
128
 71
376
 72
370
 73
374
  0
VERTEX
  5
1AA4
330
17
100
AcDbEntity
  8
ELEM_04_COMPLETO
100
AcDbFaceRecord
 10
0.0
 20
0.0
 30
0.0
 70
128
 71
373
 72
377
 73
378
  0
VERTEX
  5
1AA8
330
17
100
AcDbEntity
  8
ELEM_04_COMPLETO
100
AcDbFaceRecord
 10
0.0
 20
0.0
 30
0.0
 70
128
 71
373
 72
378
 73
374
  0
VERTEX
  5
1AAC
330
17
100
AcDbEntity
  8
ELEM_04_COMPLETO
100
AcDbFaceRecord
 10
0.0
 20
0.0
 30
0.0
 70
128
 71
379
 72
377
 73
373
  0
VERTEX
  5
1AB0
330
17
100
AcDbEntity
  8
ELEM_04_COMPLETO
100
AcDbFaceRecord
 10
0.0
 20
0.0
 30
0.0
 70
128
 71
379
 72
373
 73
375
  0
VERTEX
  5
1AB4
330
17
100
AcDbEntity
  8
ELEM_04_COMPLETO
100
AcDbFaceRecord
 10
0.0
 20
0.0
 30
0.0
 70
128
 71
379
 72
375
 73
376
  0
VERTEX
  5
1AB8
330
17
100
AcDbEntity
  8
ELEM_04_COMPLETO
100
AcDbFaceRecord
 10
0.0
 20
0.0
 30
0.0
 70
128
 71
379
 72
376
 73
380
  0
VERTEX
  5
1ABC
330
17
100
AcDbEntity
  8
ELEM_04_COMPLETO
100
AcDbFaceRecord
 10
0.0
 20
0.0
 30
0.0
 70
128
 71
374
 72
380
 73
376
  0
VERTEX
  5
1AC0
330
17
100
AcDbEntity
  8
ELEM_04_COMPLETO
100
AcDbFaceRecord
 10
0.0
 20
0.0
 30
0.0
 70
128
 71
380
 72
374
 73
378
  0
VERTEX
  5
1AC4
330
17
100
AcDbEntity
  8
ELEM_04_COMPLETO
100
AcDbFaceRecord
 10
0.0
 20
0.0
 30
0.0
 70
128
 71
377
 72
381
 73
382
  0
VERTEX
  5
1AC8
330
17
100
AcDbEntity
  8
ELEM_04_COMPLETO
100
AcDbFaceRecord
 10
0.0
 20
0.0
 30
0.0
 70
128
 71
377
 72
382
 73
378
  0
VERTEX
  5
1ACC
330
17
100
AcDbEntity
  8
ELEM_04_COMPLETO
100
AcDbFaceRecord
 10
0.0
 20
0.0
 30
0.0
 70
128
 71
383
 72
381
 73
377
  0
VERTEX
  5
1AD0
330
17
100
AcDbEntity
  8
ELEM_04_COMPLETO
100
AcDbFaceRecord
 10
0.0
 20
0.0
 30
0.0
 70
128
 71
383
 72
377
 73
379
  0
VERTEX
  5
1AD4
330
17
100
AcDbEntity
  8
ELEM_04_COMPLETO
100
AcDbFaceRecord
 10
0.0
 20
0.0
 30
0.0
 70
128
 71
383
 72
379
 73
380
  0
VERTEX
  5
1AD8
330
17
100
AcDbEntity
  8
ELEM_04_COMPLETO
100
AcDbFaceRecord
 10
0.0
 20
0.0
 30
0.0
 70
128
 71
383
 72
380
 73
384
  0
VERTEX
  5
1ADC
330
17
100
AcDbEntity
  8
ELEM_04_COMPLETO
100
AcDbFaceRecord
 10
0.0
 20
0.0
 30
0.0
 70
128
 71
378
 72
384
 73
380
  0
VERTEX
  5
1AE0
330
17
100
AcDbEntity
  8
ELEM_04_COMPLETO
100
AcDbFaceRecord
 10
0.0
 20
0.0
 30
0.0
 70
128
 71
384
 72
378
 73
382
  0
VERTEX
  5
1AE4
330
17
100
AcDbEntity
  8
ELEM_04_COMPLETO
100
AcDbFaceRecord
 10
0.0
 20
0.0
 30
0.0
 70
128
 71
381
 72
385
 73
386
  0
VERTEX
  5
1AE8
330
17
100
AcDbEntity
  8
ELEM_04_COMPLETO
100
AcDbFaceRecord
 10
0.0
 20
0.0
 30
0.0
 70
128
 71
381
 72
386
 73
382
  0
VERTEX
  5
1AEC
330
17
100
AcDbEntity
  8
ELEM_04_COMPLETO
100
AcDbFaceRecord
 10
0.0
 20
0.0
 30
0.0
 70
128
 71
387
 72
385
 73
381
  0
VERTEX
  5
1AF0
330
17
100
AcDbEntity
  8
ELEM_04_COMPLETO
100
AcDbFaceRecord
 10
0.0
 20
0.0
 30
0.0
 70
128
 71
387
 72
381
 73
383
  0
VERTEX
  5
1AF4
330
17
100
AcDbEntity
  8
ELEM_04_COMPLETO
100
AcDbFaceRecord
 10
0.0
 20
0.0
 30
0.0
 70
128
 71
387
 72
383
 73
384
  0
VERTEX
  5
1AF8
330
17
100
AcDbEntity
  8
ELEM_04_COMPLETO
100
AcDbFaceRecord
 10
0.0
 20
0.0
 30
0.0
 70
128
 71
387
 72
384
 73
388
  0
VERTEX
  5
1AFC
330
17
100
AcDbEntity
  8
ELEM_04_COMPLETO
100
AcDbFaceRecord
 10
0.0
 20
0.0
 30
0.0
 70
128
 71
382
 72
388
 73
384
  0
VERTEX
  5
1B00
330
17
100
AcDbEntity
  8
ELEM_04_COMPLETO
100
AcDbFaceRecord
 10
0.0
 20
0.0
 30
0.0
 70
128
 71
386
 72
388
 73
382
  0
VERTEX
  5
1B04
330
17
100
AcDbEntity
  8
ELEM_04_COMPLETO
100
AcDbFaceRecord
 10
0.0
 20
0.0
 30
0.0
 70
128
 71
385
 72
389
 73
390
  0
VERTEX
  5
1B08
330
17
100
AcDbEntity
  8
ELEM_04_COMPLETO
100
AcDbFaceRecord
 10
0.0
 20
0.0
 30
0.0
 70
128
 71
385
 72
390
 73
386
  0
VERTEX
  5
1B0C
330
17
100
AcDbEntity
  8
ELEM_04_COMPLETO
100
AcDbFaceRecord
 10
0.0
 20
0.0
 30
0.0
 70
128
 71
391
 72
389
 73
385
  0
VERTEX
  5
1B10
330
17
100
AcDbEntity
  8
ELEM_04_COMPLETO
100
AcDbFaceRecord
 10
0.0
 20
0.0
 30
0.0
 70
128
 71
391
 72
385
 73
387
  0
VERTEX
  5
1B14
330
17
100
AcDbEntity
  8
ELEM_04_COMPLETO
100
AcDbFaceRecord
 10
0.0
 20
0.0
 30
0.0
 70
128
 71
391
 72
387
 73
388
  0
VERTEX
  5
1B18
330
17
100
AcDbEntity
  8
ELEM_04_COMPLETO
100
AcDbFaceRecord
 10
0.0
 20
0.0
 30
0.0
 70
128
 71
391
 72
388
 73
392
  0
VERTEX
  5
1B1C
330
17
100
AcDbEntity
  8
ELEM_04_COMPLETO
100
AcDbFaceRecord
 10
0.0
 20
0.0
 30
0.0
 70
128
 71
386
 72
392
 73
388
  0
VERTEX
  5
1B20
330
17
100
AcDbEntity
  8
ELEM_04_COMPLETO
100
AcDbFaceRecord
 10
0.0
 20
0.0
 30
0.0
 70
128
 71
390
 72
392
 73
386
  0
VERTEX
  5
1B24
330
17
100
AcDbEntity
  8
ELEM_04_COMPLETO
100
AcDbFaceRecord
 10
0.0
 20
0.0
 30
0.0
 70
128
 71
389
 72
393
 73
394
  0
VERTEX
  5
1B28
330
17
100
AcDbEntity
  8
ELEM_04_COMPLETO
100
AcDbFaceRecord
 10
0.0
 20
0.0
 30
0.0
 70
128
 71
389
 72
394
 73
390
  0
VERTEX
  5
1B2C
330
17
100
AcDbEntity
  8
ELEM_04_COMPLETO
100
AcDbFaceRecord
 10
0.0
 20
0.0
 30
0.0
 70
128
 71
395
 72
393
 73
389
  0
VERTEX
  5
1B30
330
17
100
AcDbEntity
  8
ELEM_04_COMPLETO
100
AcDbFaceRecord
 10
0.0
 20
0.0
 30
0.0
 70
128
 71
395
 72
389
 73
391
  0
VERTEX
  5
1B34
330
17
100
AcDbEntity
  8
ELEM_04_COMPLETO
100
AcDbFaceRecord
 10
0.0
 20
0.0
 30
0.0
 70
128
 71
395
 72
391
 73
392
  0
VERTEX
  5
1B38
330
17
100
AcDbEntity
  8
ELEM_04_COMPLETO
100
AcDbFaceRecord
 10
0.0
 20
0.0
 30
0.0
 70
128
 71
395
 72
392
 73
396
  0
VERTEX
  5
1B3C
330
17
100
AcDbEntity
  8
ELEM_04_COMPLETO
100
AcDbFaceRecord
 10
0.0
 20
0.0
 30
0.0
 70
128
 71
390
 72
396
 73
392
  0
VERTEX
  5
1B40
330
17
100
AcDbEntity
  8
ELEM_04_COMPLETO
100
AcDbFaceRecord
 10
0.0
 20
0.0
 30
0.0
 70
128
 71
394
 72
396
 73
390
  0
VERTEX
  5
1B44
330
17
100
AcDbEntity
  8
ELEM_04_COMPLETO
100
AcDbFaceRecord
 10
0.0
 20
0.0
 30
0.0
 70
128
 71
393
 72
397
 73
398
  0
VERTEX
  5
1B48
330
17
100
AcDbEntity
  8
ELEM_04_COMPLETO
100
AcDbFaceRecord
 10
0.0
 20
0.0
 30
0.0
 70
128
 71
393
 72
398
 73
394
  0
VERTEX
  5
1B4C
330
17
100
AcDbEntity
  8
ELEM_04_COMPLETO
100
AcDbFaceRecord
 10
0.0
 20
0.0
 30
0.0
 70
128
 71
399
 72
397
 73
393
  0
VERTEX
  5
1B50
330
17
100
AcDbEntity
  8
ELEM_04_COMPLETO
100
AcDbFaceRecord
 10
0.0
 20
0.0
 30
0.0
 70
128
 71
399
 72
393
 73
395
  0
VERTEX
  5
1B54
330
17
100
AcDbEntity
  8
ELEM_04_COMPLETO
100
AcDbFaceRecord
 10
0.0
 20
0.0
 30
0.0
 70
128
 71
399
 72
395
 73
396
  0
VERTEX
  5
1B58
330
17
100
AcDbEntity
  8
ELEM_04_COMPLETO
100
AcDbFaceRecord
 10
0.0
 20
0.0
 30
0.0
 70
128
 71
399
 72
396
 73
400
  0
VERTEX
  5
1B5C
330
17
100
AcDbEntity
  8
ELEM_04_COMPLETO
100
AcDbFaceRecord
 10
0.0
 20
0.0
 30
0.0
 70
128
 71
394
 72
400
 73
396
  0
VERTEX
  5
1B60
330
17
100
AcDbEntity
  8
ELEM_04_COMPLETO
100
AcDbFaceRecord
 10
0.0
 20
0.0
 30
0.0
 70
128
 71
398
 72
400
 73
394
  0
VERTEX
  5
1B64
330
17
100
AcDbEntity
  8
ELEM_04_COMPLETO
100
AcDbFaceRecord
 10
0.0
 20
0.0
 30
0.0
 70
128
 71
397
 72
401
 73
402
  0
VERTEX
  5
1B68
330
17
100
AcDbEntity
  8
ELEM_04_COMPLETO
100
AcDbFaceRecord
 10
0.0
 20
0.0
 30
0.0
 70
128
 71
397
 72
402
 73
398
  0
VERTEX
  5
1B6C
330
17
100
AcDbEntity
  8
ELEM_04_COMPLETO
100
AcDbFaceRecord
 10
0.0
 20
0.0
 30
0.0
 70
128
 71
403
 72
401
 73
397
  0
VERTEX
  5
1B70
330
17
100
AcDbEntity
  8
ELEM_04_COMPLETO
100
AcDbFaceRecord
 10
0.0
 20
0.0
 30
0.0
 70
128
 71
403
 72
397
 73
399
  0
VERTEX
  5
1B74
330
17
100
AcDbEntity
  8
ELEM_04_COMPLETO
100
AcDbFaceRecord
 10
0.0
 20
0.0
 30
0.0
 70
128
 71
403
 72
399
 73
400
  0
VERTEX
  5
1B78
330
17
100
AcDbEntity
  8
ELEM_04_COMPLETO
100
AcDbFaceRecord
 10
0.0
 20
0.0
 30
0.0
 70
128
 71
403
 72
400
 73
404
  0
VERTEX
  5
1B7C
330
17
100
AcDbEntity
  8
ELEM_04_COMPLETO
100
AcDbFaceRecord
 10
0.0
 20
0.0
 30
0.0
 70
128
 71
398
 72
404
 73
400
  0
VERTEX
  5
1B80
330
17
100
AcDbEntity
  8
ELEM_04_COMPLETO
100
AcDbFaceRecord
 10
0.0
 20
0.0
 30
0.0
 70
128
 71
402
 72
404
 73
398
  0
VERTEX
  5
1B84
330
17
100
AcDbEntity
  8
ELEM_04_COMPLETO
100
AcDbFaceRecord
 10
0.0
 20
0.0
 30
0.0
 70
128
 71
401
 72
405
 73
406
  0
VERTEX
  5
1B88
330
17
100
AcDbEntity
  8
ELEM_04_COMPLETO
100
AcDbFaceRecord
 10
0.0
 20
0.0
 30
0.0
 70
128
 71
401
 72
406
 73
402
  0
VERTEX
  5
1B8C
330
17
100
AcDbEntity
  8
ELEM_04_COMPLETO
100
AcDbFaceRecord
 10
0.0
 20
0.0
 30
0.0
 70
128
 71
407
 72
405
 73
401
  0
VERTEX
  5
1B90
330
17
100
AcDbEntity
  8
ELEM_04_COMPLETO
100
AcDbFaceRecord
 10
0.0
 20
0.0
 30
0.0
 70
128
 71
407
 72
401
 73
403
  0
VERTEX
  5
1B94
330
17
100
AcDbEntity
  8
ELEM_04_COMPLETO
100
AcDbFaceRecord
 10
0.0
 20
0.0
 30
0.0
 70
128
 71
407
 72
403
 73
404
  0
VERTEX
  5
1B98
330
17
100
AcDbEntity
  8
ELEM_04_COMPLETO
100
AcDbFaceRecord
 10
0.0
 20
0.0
 30
0.0
 70
128
 71
407
 72
404
 73
408
  0
VERTEX
  5
1B9C
330
17
100
AcDbEntity
  8
ELEM_04_COMPLETO
100
AcDbFaceRecord
 10
0.0
 20
0.0
 30
0.0
 70
128
 71
402
 72
408
 73
404
  0
VERTEX
  5
1BA0
330
17
100
AcDbEntity
  8
ELEM_04_COMPLETO
100
AcDbFaceRecord
 10
0.0
 20
0.0
 30
0.0
 70
128
 71
406
 72
408
 73
402
  0
VERTEX
  5
1BA4
330
17
100
AcDbEntity
  8
ELEM_04_COMPLETO
100
AcDbFaceRecord
 10
0.0
 20
0.0
 30
0.0
 70
128
 71
405
 72
409
 73
410
  0
VERTEX
  5
1BA8
330
17
100
AcDbEntity
  8
ELEM_04_COMPLETO
100
AcDbFaceRecord
 10
0.0
 20
0.0
 30
0.0
 70
128
 71
405
 72
410
 73
406
  0
VERTEX
  5
1BAC
330
17
100
AcDbEntity
  8
ELEM_04_COMPLETO
100
AcDbFaceRecord
 10
0.0
 20
0.0
 30
0.0
 70
128
 71
411
 72
409
 73
405
  0
VERTEX
  5
1BB0
330
17
100
AcDbEntity
  8
ELEM_04_COMPLETO
100
AcDbFaceRecord
 10
0.0
 20
0.0
 30
0.0
 70
128
 71
411
 72
405
 73
407
  0
VERTEX
  5
1BB4
330
17
100
AcDbEntity
  8
ELEM_04_COMPLETO
100
AcDbFaceRecord
 10
0.0
 20
0.0
 30
0.0
 70
128
 71
411
 72
407
 73
408
  0
VERTEX
  5
1BB8
330
17
100
AcDbEntity
  8
ELEM_04_COMPLETO
100
AcDbFaceRecord
 10
0.0
 20
0.0
 30
0.0
 70
128
 71
411
 72
408
 73
412
  0
VERTEX
  5
1BBC
330
17
100
AcDbEntity
  8
ELEM_04_COMPLETO
100
AcDbFaceRecord
 10
0.0
 20
0.0
 30
0.0
 70
128
 71
406
 72
412
 73
408
  0
VERTEX
  5
1BC0
330
17
100
AcDbEntity
  8
ELEM_04_COMPLETO
100
AcDbFaceRecord
 10
0.0
 20
0.0
 30
0.0
 70
128
 71
410
 72
412
 73
406
  0
VERTEX
  5
1BC4
330
17
100
AcDbEntity
  8
ELEM_04_COMPLETO
100
AcDbFaceRecord
 10
0.0
 20
0.0
 30
0.0
 70
128
 71
409
 72
413
 73
414
  0
VERTEX
  5
1BC8
330
17
100
AcDbEntity
  8
ELEM_04_COMPLETO
100
AcDbFaceRecord
 10
0.0
 20
0.0
 30
0.0
 70
128
 71
409
 72
414
 73
410
  0
VERTEX
  5
1BCC
330
17
100
AcDbEntity
  8
ELEM_04_COMPLETO
100
AcDbFaceRecord
 10
0.0
 20
0.0
 30
0.0
 70
128
 71
415
 72
413
 73
409
  0
VERTEX
  5
1BD0
330
17
100
AcDbEntity
  8
ELEM_04_COMPLETO
100
AcDbFaceRecord
 10
0.0
 20
0.0
 30
0.0
 70
128
 71
415
 72
409
 73
411
  0
VERTEX
  5
1BD4
330
17
100
AcDbEntity
  8
ELEM_04_COMPLETO
100
AcDbFaceRecord
 10
0.0
 20
0.0
 30
0.0
 70
128
 71
415
 72
411
 73
412
  0
VERTEX
  5
1BD8
330
17
100
AcDbEntity
  8
ELEM_04_COMPLETO
100
AcDbFaceRecord
 10
0.0
 20
0.0
 30
0.0
 70
128
 71
415
 72
412
 73
416
  0
VERTEX
  5
1BDC
330
17
100
AcDbEntity
  8
ELEM_04_COMPLETO
100
AcDbFaceRecord
 10
0.0
 20
0.0
 30
0.0
 70
128
 71
410
 72
416
 73
412
  0
VERTEX
  5
1BE0
330
17
100
AcDbEntity
  8
ELEM_04_COMPLETO
100
AcDbFaceRecord
 10
0.0
 20
0.0
 30
0.0
 70
128
 71
414
 72
416
 73
410
  0
VERTEX
  5
1BE4
330
17
100
AcDbEntity
  8
ELEM_04_COMPLETO
100
AcDbFaceRecord
 10
0.0
 20
0.0
 30
0.0
 70
128
 71
413
 72
417
 73
418
  0
VERTEX
  5
1BE8
330
17
100
AcDbEntity
  8
ELEM_04_COMPLETO
100
AcDbFaceRecord
 10
0.0
 20
0.0
 30
0.0
 70
128
 71
413
 72
418
 73
414
  0
VERTEX
  5
1BEC
330
17
100
AcDbEntity
  8
ELEM_04_COMPLETO
100
AcDbFaceRecord
 10
0.0
 20
0.0
 30
0.0
 70
128
 71
419
 72
417
 73
413
  0
VERTEX
  5
1BF0
330
17
100
AcDbEntity
  8
ELEM_04_COMPLETO
100
AcDbFaceRecord
 10
0.0
 20
0.0
 30
0.0
 70
128
 71
419
 72
413
 73
415
  0
VERTEX
  5
1BF4
330
17
100
AcDbEntity
  8
ELEM_04_COMPLETO
100
AcDbFaceRecord
 10
0.0
 20
0.0
 30
0.0
 70
128
 71
419
 72
415
 73
416
  0
VERTEX
  5
1BF8
330
17
100
AcDbEntity
  8
ELEM_04_COMPLETO
100
AcDbFaceRecord
 10
0.0
 20
0.0
 30
0.0
 70
128
 71
419
 72
416
 73
420
  0
VERTEX
  5
1BFC
330
17
100
AcDbEntity
  8
ELEM_04_COMPLETO
100
AcDbFaceRecord
 10
0.0
 20
0.0
 30
0.0
 70
128
 71
414
 72
420
 73
416
  0
VERTEX
  5
1C00
330
17
100
AcDbEntity
  8
ELEM_04_COMPLETO
100
AcDbFaceRecord
 10
0.0
 20
0.0
 30
0.0
 70
128
 71
418
 72
420
 73
414
  0
VERTEX
  5
1C04
330
17
100
AcDbEntity
  8
ELEM_04_COMPLETO
100
AcDbFaceRecord
 10
0.0
 20
0.0
 30
0.0
 70
128
 71
417
 72
421
 73
422
  0
VERTEX
  5
1C08
330
17
100
AcDbEntity
  8
ELEM_04_COMPLETO
100
AcDbFaceRecord
 10
0.0
 20
0.0
 30
0.0
 70
128
 71
417
 72
422
 73
418
  0
VERTEX
  5
1C0C
330
17
100
AcDbEntity
  8
ELEM_04_COMPLETO
100
AcDbFaceRecord
 10
0.0
 20
0.0
 30
0.0
 70
128
 71
423
 72
421
 73
417
  0
VERTEX
  5
1C10
330
17
100
AcDbEntity
  8
ELEM_04_COMPLETO
100
AcDbFaceRecord
 10
0.0
 20
0.0
 30
0.0
 70
128
 71
423
 72
417
 73
419
  0
VERTEX
  5
1C14
330
17
100
AcDbEntity
  8
ELEM_04_COMPLETO
100
AcDbFaceRecord
 10
0.0
 20
0.0
 30
0.0
 70
128
 71
423
 72
419
 73
420
  0
VERTEX
  5
1C18
330
17
100
AcDbEntity
  8
ELEM_04_COMPLETO
100
AcDbFaceRecord
 10
0.0
 20
0.0
 30
0.0
 70
128
 71
423
 72
420
 73
424
  0
VERTEX
  5
1C1C
330
17
100
AcDbEntity
  8
ELEM_04_COMPLETO
100
AcDbFaceRecord
 10
0.0
 20
0.0
 30
0.0
 70
128
 71
418
 72
424
 73
420
  0
VERTEX
  5
1C20
330
17
100
AcDbEntity
  8
ELEM_04_COMPLETO
100
AcDbFaceRecord
 10
0.0
 20
0.0
 30
0.0
 70
128
 71
422
 72
424
 73
418
  0
VERTEX
  5
1C24
330
17
100
AcDbEntity
  8
ELEM_04_COMPLETO
100
AcDbFaceRecord
 10
0.0
 20
0.0
 30
0.0
 70
128
 71
421
 72
425
 73
426
  0
VERTEX
  5
1C28
330
17
100
AcDbEntity
  8
ELEM_04_COMPLETO
100
AcDbFaceRecord
 10
0.0
 20
0.0
 30
0.0
 70
128
 71
421
 72
426
 73
422
  0
VERTEX
  5
1C2C
330
17
100
AcDbEntity
  8
ELEM_04_COMPLETO
100
AcDbFaceRecord
 10
0.0
 20
0.0
 30
0.0
 70
128
 71
427
 72
425
 73
421
  0
VERTEX
  5
1C30
330
17
100
AcDbEntity
  8
ELEM_04_COMPLETO
100
AcDbFaceRecord
 10
0.0
 20
0.0
 30
0.0
 70
128
 71
427
 72
421
 73
423
  0
VERTEX
  5
1C34
330
17
100
AcDbEntity
  8
ELEM_04_COMPLETO
100
AcDbFaceRecord
 10
0.0
 20
0.0
 30
0.0
 70
128
 71
427
 72
423
 73
424
  0
VERTEX
  5
1C38
330
17
100
AcDbEntity
  8
ELEM_04_COMPLETO
100
AcDbFaceRecord
 10
0.0
 20
0.0
 30
0.0
 70
128
 71
427
 72
424
 73
428
  0
VERTEX
  5
1C3C
330
17
100
AcDbEntity
  8
ELEM_04_COMPLETO
100
AcDbFaceRecord
 10
0.0
 20
0.0
 30
0.0
 70
128
 71
422
 72
428
 73
424
  0
VERTEX
  5
1C40
330
17
100
AcDbEntity
  8
ELEM_04_COMPLETO
100
AcDbFaceRecord
 10
0.0
 20
0.0
 30
0.0
 70
128
 71
426
 72
428
 73
422
  0
VERTEX
  5
1C44
330
17
100
AcDbEntity
  8
ELEM_04_COMPLETO
100
AcDbFaceRecord
 10
0.0
 20
0.0
 30
0.0
 70
128
 71
425
 72
429
 73
430
  0
VERTEX
  5
1C48
330
17
100
AcDbEntity
  8
ELEM_04_COMPLETO
100
AcDbFaceRecord
 10
0.0
 20
0.0
 30
0.0
 70
128
 71
425
 72
430
 73
426
  0
VERTEX
  5
1C4C
330
17
100
AcDbEntity
  8
ELEM_04_COMPLETO
100
AcDbFaceRecord
 10
0.0
 20
0.0
 30
0.0
 70
128
 71
431
 72
429
 73
425
  0
VERTEX
  5
1C50
330
17
100
AcDbEntity
  8
ELEM_04_COMPLETO
100
AcDbFaceRecord
 10
0.0
 20
0.0
 30
0.0
 70
128
 71
431
 72
425
 73
427
  0
VERTEX
  5
1C54
330
17
100
AcDbEntity
  8
ELEM_04_COMPLETO
100
AcDbFaceRecord
 10
0.0
 20
0.0
 30
0.0
 70
128
 71
431
 72
427
 73
428
  0
VERTEX
  5
1C58
330
17
100
AcDbEntity
  8
ELEM_04_COMPLETO
100
AcDbFaceRecord
 10
0.0
 20
0.0
 30
0.0
 70
128
 71
431
 72
428
 73
432
  0
VERTEX
  5
1C5C
330
17
100
AcDbEntity
  8
ELEM_04_COMPLETO
100
AcDbFaceRecord
 10
0.0
 20
0.0
 30
0.0
 70
128
 71
426
 72
432
 73
428
  0
VERTEX
  5
1C60
330
17
100
AcDbEntity
  8
ELEM_04_COMPLETO
100
AcDbFaceRecord
 10
0.0
 20
0.0
 30
0.0
 70
128
 71
430
 72
432
 73
426
  0
VERTEX
  5
1C64
330
17
100
AcDbEntity
  8
ELEM_04_COMPLETO
100
AcDbFaceRecord
 10
0.0
 20
0.0
 30
0.0
 70
128
 71
429
 72
433
 73
434
  0
VERTEX
  5
1C68
330
17
100
AcDbEntity
  8
ELEM_04_COMPLETO
100
AcDbFaceRecord
 10
0.0
 20
0.0
 30
0.0
 70
128
 71
429
 72
434
 73
430
  0
VERTEX
  5
1C6C
330
17
100
AcDbEntity
  8
ELEM_04_COMPLETO
100
AcDbFaceRecord
 10
0.0
 20
0.0
 30
0.0
 70
128
 71
435
 72
433
 73
429
  0
VERTEX
  5
1C70
330
17
100
AcDbEntity
  8
ELEM_04_COMPLETO
100
AcDbFaceRecord
 10
0.0
 20
0.0
 30
0.0
 70
128
 71
435
 72
429
 73
431
  0
VERTEX
  5
1C74
330
17
100
AcDbEntity
  8
ELEM_04_COMPLETO
100
AcDbFaceRecord
 10
0.0
 20
0.0
 30
0.0
 70
128
 71
435
 72
431
 73
432
  0
VERTEX
  5
1C78
330
17
100
AcDbEntity
  8
ELEM_04_COMPLETO
100
AcDbFaceRecord
 10
0.0
 20
0.0
 30
0.0
 70
128
 71
435
 72
432
 73
436
  0
VERTEX
  5
1C7C
330
17
100
AcDbEntity
  8
ELEM_04_COMPLETO
100
AcDbFaceRecord
 10
0.0
 20
0.0
 30
0.0
 70
128
 71
430
 72
436
 73
432
  0
VERTEX
  5
1C80
330
17
100
AcDbEntity
  8
ELEM_04_COMPLETO
100
AcDbFaceRecord
 10
0.0
 20
0.0
 30
0.0
 70
128
 71
434
 72
436
 73
430
  0
VERTEX
  5
1C84
330
17
100
AcDbEntity
  8
ELEM_04_COMPLETO
100
AcDbFaceRecord
 10
0.0
 20
0.0
 30
0.0
 70
128
 71
433
 72
437
 73
438
  0
VERTEX
  5
1C88
330
17
100
AcDbEntity
  8
ELEM_04_COMPLETO
100
AcDbFaceRecord
 10
0.0
 20
0.0
 30
0.0
 70
128
 71
433
 72
438
 73
434
  0
VERTEX
  5
1C8C
330
17
100
AcDbEntity
  8
ELEM_04_COMPLETO
100
AcDbFaceRecord
 10
0.0
 20
0.0
 30
0.0
 70
128
 71
439
 72
437
 73
433
  0
VERTEX
  5
1C90
330
17
100
AcDbEntity
  8
ELEM_04_COMPLETO
100
AcDbFaceRecord
 10
0.0
 20
0.0
 30
0.0
 70
128
 71
439
 72
433
 73
435
  0
VERTEX
  5
1C94
330
17
100
AcDbEntity
  8
ELEM_04_COMPLETO
100
AcDbFaceRecord
 10
0.0
 20
0.0
 30
0.0
 70
128
 71
439
 72
435
 73
436
  0
VERTEX
  5
1C98
330
17
100
AcDbEntity
  8
ELEM_04_COMPLETO
100
AcDbFaceRecord
 10
0.0
 20
0.0
 30
0.0
 70
128
 71
439
 72
436
 73
440
  0
VERTEX
  5
1C9C
330
17
100
AcDbEntity
  8
ELEM_04_COMPLETO
100
AcDbFaceRecord
 10
0.0
 20
0.0
 30
0.0
 70
128
 71
434
 72
440
 73
436
  0
VERTEX
  5
1CA0
330
17
100
AcDbEntity
  8
ELEM_04_COMPLETO
100
AcDbFaceRecord
 10
0.0
 20
0.0
 30
0.0
 70
128
 71
438
 72
440
 73
434
  0
VERTEX
  5
1CA4
330
17
100
AcDbEntity
  8
ELEM_04_COMPLETO
100
AcDbFaceRecord
 10
0.0
 20
0.0
 30
0.0
 70
128
 71
437
 72
441
 73
442
  0
VERTEX
  5
1CA8
330
17
100
AcDbEntity
  8
ELEM_04_COMPLETO
100
AcDbFaceRecord
 10
0.0
 20
0.0
 30
0.0
 70
128
 71
437
 72
442
 73
438
  0
VERTEX
  5
1CAC
330
17
100
AcDbEntity
  8
ELEM_04_COMPLETO
100
AcDbFaceRecord
 10
0.0
 20
0.0
 30
0.0
 70
128
 71
443
 72
441
 73
437
  0
VERTEX
  5
1CB0
330
17
100
AcDbEntity
  8
ELEM_04_COMPLETO
100
AcDbFaceRecord
 10
0.0
 20
0.0
 30
0.0
 70
128
 71
443
 72
437
 73
439
  0
VERTEX
  5
1CB4
330
17
100
AcDbEntity
  8
ELEM_04_COMPLETO
100
AcDbFaceRecord
 10
0.0
 20
0.0
 30
0.0
 70
128
 71
444
 72
439
 73
440
  0
VERTEX
  5
1CB8
330
17
100
AcDbEntity
  8
ELEM_04_COMPLETO
100
AcDbFaceRecord
 10
0.0
 20
0.0
 30
0.0
 70
128
 71
443
 72
439
 73
444
  0
VERTEX
  5
1CBC
330
17
100
AcDbEntity
  8
ELEM_04_COMPLETO
100
AcDbFaceRecord
 10
0.0
 20
0.0
 30
0.0
 70
128
 71
438
 72
444
 73
440
  0
VERTEX
  5
1CC0
330
17
100
AcDbEntity
  8
ELEM_04_COMPLETO
100
AcDbFaceRecord
 10
0.0
 20
0.0
 30
0.0
 70
128
 71
442
 72
444
 73
438
  0
VERTEX
  5
1CC4
330
17
100
AcDbEntity
  8
ELEM_04_COMPLETO
100
AcDbFaceRecord
 10
0.0
 20
0.0
 30
0.0
 70
128
 71
441
 72
445
 73
446
  0
VERTEX
  5
1CC8
330
17
100
AcDbEntity
  8
ELEM_04_COMPLETO
100
AcDbFaceRecord
 10
0.0
 20
0.0
 30
0.0
 70
128
 71
441
 72
446
 73
442
  0
VERTEX
  5
1CCC
330
17
100
AcDbEntity
  8
ELEM_04_COMPLETO
100
AcDbFaceRecord
 10
0.0
 20
0.0
 30
0.0
 70
128
 71
447
 72
445
 73
441
  0
VERTEX
  5
1CD0
330
17
100
AcDbEntity
  8
ELEM_04_COMPLETO
100
AcDbFaceRecord
 10
0.0
 20
0.0
 30
0.0
 70
128
 71
447
 72
441
 73
443
  0
VERTEX
  5
1CD4
330
17
100
AcDbEntity
  8
ELEM_04_COMPLETO
100
AcDbFaceRecord
 10
0.0
 20
0.0
 30
0.0
 70
128
 71
448
 72
443
 73
444
  0
VERTEX
  5
1CD8
330
17
100
AcDbEntity
  8
ELEM_04_COMPLETO
100
AcDbFaceRecord
 10
0.0
 20
0.0
 30
0.0
 70
128
 71
447
 72
443
 73
448
  0
VERTEX
  5
1CDC
330
17
100
AcDbEntity
  8
ELEM_04_COMPLETO
100
AcDbFaceRecord
 10
0.0
 20
0.0
 30
0.0
 70
128
 71
442
 72
448
 73
444
  0
VERTEX
  5
1CE0
330
17
100
AcDbEntity
  8
ELEM_04_COMPLETO
100
AcDbFaceRecord
 10
0.0
 20
0.0
 30
0.0
 70
128
 71
446
 72
448
 73
442
  0
VERTEX
  5
1CE4
330
17
100
AcDbEntity
  8
ELEM_04_COMPLETO
100
AcDbFaceRecord
 10
0.0
 20
0.0
 30
0.0
 70
128
 71
445
 72
449
 73
450
  0
VERTEX
  5
1CE8
330
17
100
AcDbEntity
  8
ELEM_04_COMPLETO
100
AcDbFaceRecord
 10
0.0
 20
0.0
 30
0.0
 70
128
 71
445
 72
450
 73
446
  0
VERTEX
  5
1CEC
330
17
100
AcDbEntity
  8
ELEM_04_COMPLETO
100
AcDbFaceRecord
 10
0.0
 20
0.0
 30
0.0
 70
128
 71
451
 72
449
 73
445
  0
VERTEX
  5
1CF0
330
17
100
AcDbEntity
  8
ELEM_04_COMPLETO
100
AcDbFaceRecord
 10
0.0
 20
0.0
 30
0.0
 70
128
 71
451
 72
445
 73
447
  0
VERTEX
  5
1CF4
330
17
100
AcDbEntity
  8
ELEM_04_COMPLETO
100
AcDbFaceRecord
 10
0.0
 20
0.0
 30
0.0
 70
128
 71
447
 72
448
 73
452
  0
VERTEX
  5
1CF8
330
17
100
AcDbEntity
  8
ELEM_04_COMPLETO
100
AcDbFaceRecord
 10
0.0
 20
0.0
 30
0.0
 70
128
 71
451
 72
447
 73
452
  0
VERTEX
  5
1CFC
330
17
100
AcDbEntity
  8
ELEM_04_COMPLETO
100
AcDbFaceRecord
 10
0.0
 20
0.0
 30
0.0
 70
128
 71
446
 72
452
 73
448
  0
VERTEX
  5
1D00
330
17
100
AcDbEntity
  8
ELEM_04_COMPLETO
100
AcDbFaceRecord
 10
0.0
 20
0.0
 30
0.0
 70
128
 71
450
 72
452
 73
446
  0
VERTEX
  5
1D04
330
17
100
AcDbEntity
  8
ELEM_04_COMPLETO
100
AcDbFaceRecord
 10
0.0
 20
0.0
 30
0.0
 70
128
 71
449
 72
453
 73
454
  0
VERTEX
  5
1D08
330
17
100
AcDbEntity
  8
ELEM_04_COMPLETO
100
AcDbFaceRecord
 10
0.0
 20
0.0
 30
0.0
 70
128
 71
449
 72
454
 73
450
  0
VERTEX
  5
1D0C
330
17
100
AcDbEntity
  8
ELEM_04_COMPLETO
100
AcDbFaceRecord
 10
0.0
 20
0.0
 30
0.0
 70
128
 71
455
 72
453
 73
449
  0
VERTEX
  5
1D10
330
17
100
AcDbEntity
  8
ELEM_04_COMPLETO
100
AcDbFaceRecord
 10
0.0
 20
0.0
 30
0.0
 70
128
 71
455
 72
449
 73
451
  0
VERTEX
  5
1D14
330
17
100
AcDbEntity
  8
ELEM_04_COMPLETO
100
AcDbFaceRecord
 10
0.0
 20
0.0
 30
0.0
 70
128
 71
456
 72
451
 73
452
  0
VERTEX
  5
1D18
330
17
100
AcDbEntity
  8
ELEM_04_COMPLETO
100
AcDbFaceRecord
 10
0.0
 20
0.0
 30
0.0
 70
128
 71
455
 72
451
 73
456
  0
VERTEX
  5
1D1C
330
17
100
AcDbEntity
  8
ELEM_04_COMPLETO
100
AcDbFaceRecord
 10
0.0
 20
0.0
 30
0.0
 70
128
 71
450
 72
456
 73
452
  0
VERTEX
  5
1D20
330
17
100
AcDbEntity
  8
ELEM_04_COMPLETO
100
AcDbFaceRecord
 10
0.0
 20
0.0
 30
0.0
 70
128
 71
454
 72
456
 73
450
  0
VERTEX
  5
1D24
330
17
100
AcDbEntity
  8
ELEM_04_COMPLETO
100
AcDbFaceRecord
 10
0.0
 20
0.0
 30
0.0
 70
128
 71
453
 72
457
 73
458
  0
VERTEX
  5
1D28
330
17
100
AcDbEntity
  8
ELEM_04_COMPLETO
100
AcDbFaceRecord
 10
0.0
 20
0.0
 30
0.0
 70
128
 71
453
 72
458
 73
454
  0
VERTEX
  5
1D2C
330
17
100
AcDbEntity
  8
ELEM_04_COMPLETO
100
AcDbFaceRecord
 10
0.0
 20
0.0
 30
0.0
 70
128
 71
459
 72
457
 73
453
  0
VERTEX
  5
1D30
330
17
100
AcDbEntity
  8
ELEM_04_COMPLETO
100
AcDbFaceRecord
 10
0.0
 20
0.0
 30
0.0
 70
128
 71
459
 72
453
 73
455
  0
VERTEX
  5
1D34
330
17
100
AcDbEntity
  8
ELEM_04_COMPLETO
100
AcDbFaceRecord
 10
0.0
 20
0.0
 30
0.0
 70
128
 71
460
 72
455
 73
456
  0
VERTEX
  5
1D38
330
17
100
AcDbEntity
  8
ELEM_04_COMPLETO
100
AcDbFaceRecord
 10
0.0
 20
0.0
 30
0.0
 70
128
 71
459
 72
455
 73
460
  0
VERTEX
  5
1D3C
330
17
100
AcDbEntity
  8
ELEM_04_COMPLETO
100
AcDbFaceRecord
 10
0.0
 20
0.0
 30
0.0
 70
128
 71
454
 72
460
 73
456
  0
VERTEX
  5
1D40
330
17
100
AcDbEntity
  8
ELEM_04_COMPLETO
100
AcDbFaceRecord
 10
0.0
 20
0.0
 30
0.0
 70
128
 71
458
 72
460
 73
454
  0
VERTEX
  5
1D44
330
17
100
AcDbEntity
  8
ELEM_04_COMPLETO
100
AcDbFaceRecord
 10
0.0
 20
0.0
 30
0.0
 70
128
 71
457
 72
461
 73
462
  0
VERTEX
  5
1D48
330
17
100
AcDbEntity
  8
ELEM_04_COMPLETO
100
AcDbFaceRecord
 10
0.0
 20
0.0
 30
0.0
 70
128
 71
457
 72
462
 73
458
  0
VERTEX
  5
1D4C
330
17
100
AcDbEntity
  8
ELEM_04_COMPLETO
100
AcDbFaceRecord
 10
0.0
 20
0.0
 30
0.0
 70
128
 71
463
 72
461
 73
457
  0
VERTEX
  5
1D50
330
17
100
AcDbEntity
  8
ELEM_04_COMPLETO
100
AcDbFaceRecord
 10
0.0
 20
0.0
 30
0.0
 70
128
 71
463
 72
457
 73
459
  0
VERTEX
  5
1D54
330
17
100
AcDbEntity
  8
ELEM_04_COMPLETO
100
AcDbFaceRecord
 10
0.0
 20
0.0
 30
0.0
 70
128
 71
464
 72
459
 73
460
  0
VERTEX
  5
1D58
330
17
100
AcDbEntity
  8
ELEM_04_COMPLETO
100
AcDbFaceRecord
 10
0.0
 20
0.0
 30
0.0
 70
128
 71
463
 72
459
 73
464
  0
VERTEX
  5
1D5C
330
17
100
AcDbEntity
  8
ELEM_04_COMPLETO
100
AcDbFaceRecord
 10
0.0
 20
0.0
 30
0.0
 70
128
 71
458
 72
464
 73
460
  0
VERTEX
  5
1D60
330
17
100
AcDbEntity
  8
ELEM_04_COMPLETO
100
AcDbFaceRecord
 10
0.0
 20
0.0
 30
0.0
 70
128
 71
462
 72
464
 73
458
  0
VERTEX
  5
1D64
330
17
100
AcDbEntity
  8
ELEM_04_COMPLETO
100
AcDbFaceRecord
 10
0.0
 20
0.0
 30
0.0
 70
128
 71
461
 72
465
 73
466
  0
VERTEX
  5
1D68
330
17
100
AcDbEntity
  8
ELEM_04_COMPLETO
100
AcDbFaceRecord
 10
0.0
 20
0.0
 30
0.0
 70
128
 71
461
 72
466
 73
462
  0
VERTEX
  5
1D6C
330
17
100
AcDbEntity
  8
ELEM_04_COMPLETO
100
AcDbFaceRecord
 10
0.0
 20
0.0
 30
0.0
 70
128
 71
467
 72
465
 73
461
  0
VERTEX
  5
1D70
330
17
100
AcDbEntity
  8
ELEM_04_COMPLETO
100
AcDbFaceRecord
 10
0.0
 20
0.0
 30
0.0
 70
128
 71
467
 72
461
 73
463
  0
VERTEX
  5
1D74
330
17
100
AcDbEntity
  8
ELEM_04_COMPLETO
100
AcDbFaceRecord
 10
0.0
 20
0.0
 30
0.0
 70
128
 71
463
 72
464
 73
468
  0
VERTEX
  5
1D78
330
17
100
AcDbEntity
  8
ELEM_04_COMPLETO
100
AcDbFaceRecord
 10
0.0
 20
0.0
 30
0.0
 70
128
 71
467
 72
463
 73
468
  0
VERTEX
  5
1D7C
330
17
100
AcDbEntity
  8
ELEM_04_COMPLETO
100
AcDbFaceRecord
 10
0.0
 20
0.0
 30
0.0
 70
128
 71
462
 72
468
 73
464
  0
VERTEX
  5
1D80
330
17
100
AcDbEntity
  8
ELEM_04_COMPLETO
100
AcDbFaceRecord
 10
0.0
 20
0.0
 30
0.0
 70
128
 71
466
 72
468
 73
462
  0
VERTEX
  5
1D84
330
17
100
AcDbEntity
  8
ELEM_04_COMPLETO
100
AcDbFaceRecord
 10
0.0
 20
0.0
 30
0.0
 70
128
 71
465
 72
469
 73
470
  0
VERTEX
  5
1D88
330
17
100
AcDbEntity
  8
ELEM_04_COMPLETO
100
AcDbFaceRecord
 10
0.0
 20
0.0
 30
0.0
 70
128
 71
465
 72
470
 73
466
  0
VERTEX
  5
1D8C
330
17
100
AcDbEntity
  8
ELEM_04_COMPLETO
100
AcDbFaceRecord
 10
0.0
 20
0.0
 30
0.0
 70
128
 71
471
 72
469
 73
465
  0
VERTEX
  5
1D90
330
17
100
AcDbEntity
  8
ELEM_04_COMPLETO
100
AcDbFaceRecord
 10
0.0
 20
0.0
 30
0.0
 70
128
 71
471
 72
465
 73
467
  0
VERTEX
  5
1D94
330
17
100
AcDbEntity
  8
ELEM_04_COMPLETO
100
AcDbFaceRecord
 10
0.0
 20
0.0
 30
0.0
 70
128
 71
472
 72
467
 73
468
  0
VERTEX
  5
1D98
330
17
100
AcDbEntity
  8
ELEM_04_COMPLETO
100
AcDbFaceRecord
 10
0.0
 20
0.0
 30
0.0
 70
128
 71
471
 72
467
 73
472
  0
VERTEX
  5
1D9C
330
17
100
AcDbEntity
  8
ELEM_04_COMPLETO
100
AcDbFaceRecord
 10
0.0
 20
0.0
 30
0.0
 70
128
 71
466
 72
472
 73
468
  0
VERTEX
  5
1DA0
330
17
100
AcDbEntity
  8
ELEM_04_COMPLETO
100
AcDbFaceRecord
 10
0.0
 20
0.0
 30
0.0
 70
128
 71
470
 72
472
 73
466
  0
VERTEX
  5
1DA4
330
17
100
AcDbEntity
  8
ELEM_04_COMPLETO
100
AcDbFaceRecord
 10
0.0
 20
0.0
 30
0.0
 70
128
 71
469
 72
473
 73
474
  0
VERTEX
  5
1DA8
330
17
100
AcDbEntity
  8
ELEM_04_COMPLETO
100
AcDbFaceRecord
 10
0.0
 20
0.0
 30
0.0
 70
128
 71
469
 72
474
 73
470
  0
VERTEX
  5
1DAC
330
17
100
AcDbEntity
  8
ELEM_04_COMPLETO
100
AcDbFaceRecord
 10
0.0
 20
0.0
 30
0.0
 70
128
 71
475
 72
473
 73
469
  0
VERTEX
  5
1DB0
330
17
100
AcDbEntity
  8
ELEM_04_COMPLETO
100
AcDbFaceRecord
 10
0.0
 20
0.0
 30
0.0
 70
128
 71
475
 72
469
 73
471
  0
VERTEX
  5
1DB4
330
17
100
AcDbEntity
  8
ELEM_04_COMPLETO
100
AcDbFaceRecord
 10
0.0
 20
0.0
 30
0.0
 70
128
 71
476
 72
471
 73
472
  0
VERTEX
  5
1DB8
330
17
100
AcDbEntity
  8
ELEM_04_COMPLETO
100
AcDbFaceRecord
 10
0.0
 20
0.0
 30
0.0
 70
128
 71
475
 72
471
 73
476
  0
VERTEX
  5
1DBC
330
17
100
AcDbEntity
  8
ELEM_04_COMPLETO
100
AcDbFaceRecord
 10
0.0
 20
0.0
 30
0.0
 70
128
 71
470
 72
476
 73
472
  0
VERTEX
  5
1DC0
330
17
100
AcDbEntity
  8
ELEM_04_COMPLETO
100
AcDbFaceRecord
 10
0.0
 20
0.0
 30
0.0
 70
128
 71
474
 72
476
 73
470
  0
VERTEX
  5
1DC4
330
17
100
AcDbEntity
  8
ELEM_04_COMPLETO
100
AcDbFaceRecord
 10
0.0
 20
0.0
 30
0.0
 70
128
 71
473
 72
477
 73
478
  0
VERTEX
  5
1DC8
330
17
100
AcDbEntity
  8
ELEM_04_COMPLETO
100
AcDbFaceRecord
 10
0.0
 20
0.0
 30
0.0
 70
128
 71
473
 72
478
 73
474
  0
VERTEX
  5
1DCC
330
17
100
AcDbEntity
  8
ELEM_04_COMPLETO
100
AcDbFaceRecord
 10
0.0
 20
0.0
 30
0.0
 70
128
 71
479
 72
477
 73
473
  0
VERTEX
  5
1DD0
330
17
100
AcDbEntity
  8
ELEM_04_COMPLETO
100
AcDbFaceRecord
 10
0.0
 20
0.0
 30
0.0
 70
128
 71
479
 72
473
 73
475
  0
VERTEX
  5
1DD4
330
17
100
AcDbEntity
  8
ELEM_04_COMPLETO
100
AcDbFaceRecord
 10
0.0
 20
0.0
 30
0.0
 70
128
 71
475
 72
476
 73
480
  0
VERTEX
  5
1DD8
330
17
100
AcDbEntity
  8
ELEM_04_COMPLETO
100
AcDbFaceRecord
 10
0.0
 20
0.0
 30
0.0
 70
128
 71
479
 72
475
 73
480
  0
VERTEX
  5
1DDC
330
17
100
AcDbEntity
  8
ELEM_04_COMPLETO
100
AcDbFaceRecord
 10
0.0
 20
0.0
 30
0.0
 70
128
 71
474
 72
480
 73
476
  0
VERTEX
  5
1DE0
330
17
100
AcDbEntity
  8
ELEM_04_COMPLETO
100
AcDbFaceRecord
 10
0.0
 20
0.0
 30
0.0
 70
128
 71
478
 72
480
 73
474
  0
VERTEX
  5
1DE4
330
17
100
AcDbEntity
  8
ELEM_04_COMPLETO
100
AcDbFaceRecord
 10
0.0
 20
0.0
 30
0.0
 70
128
 71
477
 72
481
 73
482
  0
VERTEX
  5
1DE8
330
17
100
AcDbEntity
  8
ELEM_04_COMPLETO
100
AcDbFaceRecord
 10
0.0
 20
0.0
 30
0.0
 70
128
 71
477
 72
482
 73
478
  0
VERTEX
  5
1DEC
330
17
100
AcDbEntity
  8
ELEM_04_COMPLETO
100
AcDbFaceRecord
 10
0.0
 20
0.0
 30
0.0
 70
128
 71
481
 72
477
 73
479
  0
VERTEX
  5
1DF0
330
17
100
AcDbEntity
  8
ELEM_04_COMPLETO
100
AcDbFaceRecord
 10
0.0
 20
0.0
 30
0.0
 70
128
 71
483
 72
481
 73
479
  0
VERTEX
  5
1DF4
330
17
100
AcDbEntity
  8
ELEM_04_COMPLETO
100
AcDbFaceRecord
 10
0.0
 20
0.0
 30
0.0
 70
128
 71
484
 72
479
 73
480
  0
VERTEX
  5
1DF8
330
17
100
AcDbEntity
  8
ELEM_04_COMPLETO
100
AcDbFaceRecord
 10
0.0
 20
0.0
 30
0.0
 70
128
 71
483
 72
479
 73
484
  0
VERTEX
  5
1DFC
330
17
100
AcDbEntity
  8
ELEM_04_COMPLETO
100
AcDbFaceRecord
 10
0.0
 20
0.0
 30
0.0
 70
128
 71
482
 72
484
 73
480
  0
VERTEX
  5
1E00
330
17
100
AcDbEntity
  8
ELEM_04_COMPLETO
100
AcDbFaceRecord
 10
0.0
 20
0.0
 30
0.0
 70
128
 71
482
 72
480
 73
478
  0
VERTEX
  5
1E04
330
17
100
AcDbEntity
  8
ELEM_04_COMPLETO
100
AcDbFaceRecord
 10
0.0
 20
0.0
 30
0.0
 70
128
 71
481
 72
485
 73
486
  0
VERTEX
  5
1E08
330
17
100
AcDbEntity
  8
ELEM_04_COMPLETO
100
AcDbFaceRecord
 10
0.0
 20
0.0
 30
0.0
 70
128
 71
481
 72
486
 73
482
  0
VERTEX
  5
1E0C
330
17
100
AcDbEntity
  8
ELEM_04_COMPLETO
100
AcDbFaceRecord
 10
0.0
 20
0.0
 30
0.0
 70
128
 71
483
 72
485
 73
481
  0
VERTEX
  5
1E10
330
17
100
AcDbEntity
  8
ELEM_04_COMPLETO
100
AcDbFaceRecord
 10
0.0
 20
0.0
 30
0.0
 70
128
 71
487
 72
485
 73
483
  0
VERTEX
  5
1E14
330
17
100
AcDbEntity
  8
ELEM_04_COMPLETO
100
AcDbFaceRecord
 10
0.0
 20
0.0
 30
0.0
 70
128
 71
483
 72
484
 73
488
  0
VERTEX
  5
1E18
330
17
100
AcDbEntity
  8
ELEM_04_COMPLETO
100
AcDbFaceRecord
 10
0.0
 20
0.0
 30
0.0
 70
128
 71
487
 72
483
 73
488
  0
VERTEX
  5
1E1C
330
17
100
AcDbEntity
  8
ELEM_04_COMPLETO
100
AcDbFaceRecord
 10
0.0
 20
0.0
 30
0.0
 70
128
 71
486
 72
488
 73
484
  0
VERTEX
  5
1E20
330
17
100
AcDbEntity
  8
ELEM_04_COMPLETO
100
AcDbFaceRecord
 10
0.0
 20
0.0
 30
0.0
 70
128
 71
486
 72
484
 73
482
  0
VERTEX
  5
1E24
330
17
100
AcDbEntity
  8
ELEM_04_COMPLETO
100
AcDbFaceRecord
 10
0.0
 20
0.0
 30
0.0
 70
128
 71
485
 72
489
 73
490
  0
VERTEX
  5
1E28
330
17
100
AcDbEntity
  8
ELEM_04_COMPLETO
100
AcDbFaceRecord
 10
0.0
 20
0.0
 30
0.0
 70
128
 71
485
 72
490
 73
486
  0
VERTEX
  5
1E2C
330
17
100
AcDbEntity
  8
ELEM_04_COMPLETO
100
AcDbFaceRecord
 10
0.0
 20
0.0
 30
0.0
 70
128
 71
489
 72
485
 73
487
  0
VERTEX
  5
1E30
330
17
100
AcDbEntity
  8
ELEM_04_COMPLETO
100
AcDbFaceRecord
 10
0.0
 20
0.0
 30
0.0
 70
128
 71
491
 72
489
 73
487
  0
VERTEX
  5
1E34
330
17
100
AcDbEntity
  8
ELEM_04_COMPLETO
100
AcDbFaceRecord
 10
0.0
 20
0.0
 30
0.0
 70
128
 71
492
 72
487
 73
488
  0
VERTEX
  5
1E38
330
17
100
AcDbEntity
  8
ELEM_04_COMPLETO
100
AcDbFaceRecord
 10
0.0
 20
0.0
 30
0.0
 70
128
 71
491
 72
487
 73
492
  0
VERTEX
  5
1E3C
330
17
100
AcDbEntity
  8
ELEM_04_COMPLETO
100
AcDbFaceRecord
 10
0.0
 20
0.0
 30
0.0
 70
128
 71
490
 72
492
 73
488
  0
VERTEX
  5
1E40
330
17
100
AcDbEntity
  8
ELEM_04_COMPLETO
100
AcDbFaceRecord
 10
0.0
 20
0.0
 30
0.0
 70
128
 71
490
 72
488
 73
486
  0
VERTEX
  5
1E44
330
17
100
AcDbEntity
  8
ELEM_04_COMPLETO
100
AcDbFaceRecord
 10
0.0
 20
0.0
 30
0.0
 70
128
 71
489
 72
493
 73
494
  0
VERTEX
  5
1E48
330
17
100
AcDbEntity
  8
ELEM_04_COMPLETO
100
AcDbFaceRecord
 10
0.0
 20
0.0
 30
0.0
 70
128
 71
489
 72
494
 73
490
  0
VERTEX
  5
1E4C
330
17
100
AcDbEntity
  8
ELEM_04_COMPLETO
100
AcDbFaceRecord
 10
0.0
 20
0.0
 30
0.0
 70
128
 71
491
 72
493
 73
489
  0
VERTEX
  5
1E50
330
17
100
AcDbEntity
  8
ELEM_04_COMPLETO
100
AcDbFaceRecord
 10
0.0
 20
0.0
 30
0.0
 70
128
 71
495
 72
493
 73
491
  0
VERTEX
  5
1E54
330
17
100
AcDbEntity
  8
ELEM_04_COMPLETO
100
AcDbFaceRecord
 10
0.0
 20
0.0
 30
0.0
 70
128
 71
491
 72
492
 73
496
  0
VERTEX
  5
1E58
330
17
100
AcDbEntity
  8
ELEM_04_COMPLETO
100
AcDbFaceRecord
 10
0.0
 20
0.0
 30
0.0
 70
128
 71
495
 72
491
 73
496
  0
VERTEX
  5
1E5C
330
17
100
AcDbEntity
  8
ELEM_04_COMPLETO
100
AcDbFaceRecord
 10
0.0
 20
0.0
 30
0.0
 70
128
 71
494
 72
496
 73
492
  0
VERTEX
  5
1E60
330
17
100
AcDbEntity
  8
ELEM_04_COMPLETO
100
AcDbFaceRecord
 10
0.0
 20
0.0
 30
0.0
 70
128
 71
494
 72
492
 73
490
  0
VERTEX
  5
1E64
330
17
100
AcDbEntity
  8
ELEM_04_COMPLETO
100
AcDbFaceRecord
 10
0.0
 20
0.0
 30
0.0
 70
128
 71
493
 72
497
 73
498
  0
VERTEX
  5
1E68
330
17
100
AcDbEntity
  8
ELEM_04_COMPLETO
100
AcDbFaceRecord
 10
0.0
 20
0.0
 30
0.0
 70
128
 71
493
 72
498
 73
494
  0
VERTEX
  5
1E6C
330
17
100
AcDbEntity
  8
ELEM_04_COMPLETO
100
AcDbFaceRecord
 10
0.0
 20
0.0
 30
0.0
 70
128
 71
497
 72
493
 73
495
  0
VERTEX
  5
1E70
330
17
100
AcDbEntity
  8
ELEM_04_COMPLETO
100
AcDbFaceRecord
 10
0.0
 20
0.0
 30
0.0
 70
128
 71
499
 72
497
 73
495
  0
VERTEX
  5
1E74
330
17
100
AcDbEntity
  8
ELEM_04_COMPLETO
100
AcDbFaceRecord
 10
0.0
 20
0.0
 30
0.0
 70
128
 71
500
 72
495
 73
496
  0
VERTEX
  5
1E78
330
17
100
AcDbEntity
  8
ELEM_04_COMPLETO
100
AcDbFaceRecord
 10
0.0
 20
0.0
 30
0.0
 70
128
 71
499
 72
495
 73
500
  0
VERTEX
  5
1E7C
330
17
100
AcDbEntity
  8
ELEM_04_COMPLETO
100
AcDbFaceRecord
 10
0.0
 20
0.0
 30
0.0
 70
128
 71
498
 72
500
 73
496
  0
VERTEX
  5
1E80
330
17
100
AcDbEntity
  8
ELEM_04_COMPLETO
100
AcDbFaceRecord
 10
0.0
 20
0.0
 30
0.0
 70
128
 71
498
 72
496
 73
494
  0
VERTEX
  5
1E84
330
17
100
AcDbEntity
  8
ELEM_04_COMPLETO
100
AcDbFaceRecord
 10
0.0
 20
0.0
 30
0.0
 70
128
 71
497
 72
501
 73
502
  0
VERTEX
  5
1E88
330
17
100
AcDbEntity
  8
ELEM_04_COMPLETO
100
AcDbFaceRecord
 10
0.0
 20
0.0
 30
0.0
 70
128
 71
497
 72
502
 73
498
  0
VERTEX
  5
1E8C
330
17
100
AcDbEntity
  8
ELEM_04_COMPLETO
100
AcDbFaceRecord
 10
0.0
 20
0.0
 30
0.0
 70
128
 71
499
 72
501
 73
497
  0
VERTEX
  5
1E90
330
17
100
AcDbEntity
  8
ELEM_04_COMPLETO
100
AcDbFaceRecord
 10
0.0
 20
0.0
 30
0.0
 70
128
 71
503
 72
501
 73
499
  0
VERTEX
  5
1E94
330
17
100
AcDbEntity
  8
ELEM_04_COMPLETO
100
AcDbFaceRecord
 10
0.0
 20
0.0
 30
0.0
 70
128
 71
499
 72
500
 73
504
  0
VERTEX
  5
1E98
330
17
100
AcDbEntity
  8
ELEM_04_COMPLETO
100
AcDbFaceRecord
 10
0.0
 20
0.0
 30
0.0
 70
128
 71
503
 72
499
 73
504
  0
VERTEX
  5
1E9C
330
17
100
AcDbEntity
  8
ELEM_04_COMPLETO
100
AcDbFaceRecord
 10
0.0
 20
0.0
 30
0.0
 70
128
 71
502
 72
504
 73
500
  0
VERTEX
  5
1EA0
330
17
100
AcDbEntity
  8
ELEM_04_COMPLETO
100
AcDbFaceRecord
 10
0.0
 20
0.0
 30
0.0
 70
128
 71
502
 72
500
 73
498
  0
VERTEX
  5
1EA4
330
17
100
AcDbEntity
  8
ELEM_04_COMPLETO
100
AcDbFaceRecord
 10
0.0
 20
0.0
 30
0.0
 70
128
 71
501
 72
505
 73
506
  0
VERTEX
  5
1EA8
330
17
100
AcDbEntity
  8
ELEM_04_COMPLETO
100
AcDbFaceRecord
 10
0.0
 20
0.0
 30
0.0
 70
128
 71
501
 72
506
 73
502
  0
VERTEX
  5
1EAC
330
17
100
AcDbEntity
  8
ELEM_04_COMPLETO
100
AcDbFaceRecord
 10
0.0
 20
0.0
 30
0.0
 70
128
 71
507
 72
505
 73
501
  0
VERTEX
  5
1EB0
330
17
100
AcDbEntity
  8
ELEM_04_COMPLETO
100
AcDbFaceRecord
 10
0.0
 20
0.0
 30
0.0
 70
128
 71
507
 72
501
 73
503
  0
VERTEX
  5
1EB4
330
17
100
AcDbEntity
  8
ELEM_04_COMPLETO
100
AcDbFaceRecord
 10
0.0
 20
0.0
 30
0.0
 70
128
 71
508
 72
503
 73
504
  0
VERTEX
  5
1EB8
330
17
100
AcDbEntity
  8
ELEM_04_COMPLETO
100
AcDbFaceRecord
 10
0.0
 20
0.0
 30
0.0
 70
128
 71
507
 72
503
 73
508
  0
VERTEX
  5
1EBC
330
17
100
AcDbEntity
  8
ELEM_04_COMPLETO
100
AcDbFaceRecord
 10
0.0
 20
0.0
 30
0.0
 70
128
 71
502
 72
508
 73
504
  0
VERTEX
  5
1EC0
330
17
100
AcDbEntity
  8
ELEM_04_COMPLETO
100
AcDbFaceRecord
 10
0.0
 20
0.0
 30
0.0
 70
128
 71
506
 72
508
 73
502
  0
VERTEX
  5
1EC4
330
17
100
AcDbEntity
  8
ELEM_04_COMPLETO
100
AcDbFaceRecord
 10
0.0
 20
0.0
 30
0.0
 70
128
 71
505
 72
509
 73
510
  0
VERTEX
  5
1EC8
330
17
100
AcDbEntity
  8
ELEM_04_COMPLETO
100
AcDbFaceRecord
 10
0.0
 20
0.0
 30
0.0
 70
128
 71
505
 72
510
 73
506
  0
VERTEX
  5
1ECC
330
17
100
AcDbEntity
  8
ELEM_04_COMPLETO
100
AcDbFaceRecord
 10
0.0
 20
0.0
 30
0.0
 70
128
 71
511
 72
509
 73
505
  0
VERTEX
  5
1ED0
330
17
100
AcDbEntity
  8
ELEM_04_COMPLETO
100
AcDbFaceRecord
 10
0.0
 20
0.0
 30
0.0
 70
128
 71
511
 72
505
 73
507
  0
VERTEX
  5
1ED4
330
17
100
AcDbEntity
  8
ELEM_04_COMPLETO
100
AcDbFaceRecord
 10
0.0
 20
0.0
 30
0.0
 70
128
 71
512
 72
507
 73
508
  0
VERTEX
  5
1ED8
330
17
100
AcDbEntity
  8
ELEM_04_COMPLETO
100
AcDbFaceRecord
 10
0.0
 20
0.0
 30
0.0
 70
128
 71
511
 72
507
 73
512
  0
VERTEX
  5
1EDC
330
17
100
AcDbEntity
  8
ELEM_04_COMPLETO
100
AcDbFaceRecord
 10
0.0
 20
0.0
 30
0.0
 70
128
 71
506
 72
512
 73
508
  0
VERTEX
  5
1EE0
330
17
100
AcDbEntity
  8
ELEM_04_COMPLETO
100
AcDbFaceRecord
 10
0.0
 20
0.0
 30
0.0
 70
128
 71
510
 72
512
 73
506
  0
VERTEX
  5
1EE4
330
17
100
AcDbEntity
  8
ELEM_04_COMPLETO
100
AcDbFaceRecord
 10
0.0
 20
0.0
 30
0.0
 70
128
 71
509
 72
513
 73
514
  0
VERTEX
  5
1EE8
330
17
100
AcDbEntity
  8
ELEM_04_COMPLETO
100
AcDbFaceRecord
 10
0.0
 20
0.0
 30
0.0
 70
128
 71
509
 72
514
 73
510
  0
VERTEX
  5
1EEC
330
17
100
AcDbEntity
  8
ELEM_04_COMPLETO
100
AcDbFaceRecord
 10
0.0
 20
0.0
 30
0.0
 70
128
 71
515
 72
513
 73
509
  0
VERTEX
  5
1EF0
330
17
100
AcDbEntity
  8
ELEM_04_COMPLETO
100
AcDbFaceRecord
 10
0.0
 20
0.0
 30
0.0
 70
128
 71
515
 72
509
 73
511
  0
VERTEX
  5
1EF4
330
17
100
AcDbEntity
  8
ELEM_04_COMPLETO
100
AcDbFaceRecord
 10
0.0
 20
0.0
 30
0.0
 70
128
 71
516
 72
511
 73
512
  0
VERTEX
  5
1EF8
330
17
100
AcDbEntity
  8
ELEM_04_COMPLETO
100
AcDbFaceRecord
 10
0.0
 20
0.0
 30
0.0
 70
128
 71
515
 72
511
 73
516
  0
VERTEX
  5
1EFC
330
17
100
AcDbEntity
  8
ELEM_04_COMPLETO
100
AcDbFaceRecord
 10
0.0
 20
0.0
 30
0.0
 70
128
 71
510
 72
516
 73
512
  0
VERTEX
  5
1F00
330
17
100
AcDbEntity
  8
ELEM_04_COMPLETO
100
AcDbFaceRecord
 10
0.0
 20
0.0
 30
0.0
 70
128
 71
514
 72
516
 73
510
  0
VERTEX
  5
1F04
330
17
100
AcDbEntity
  8
ELEM_04_COMPLETO
100
AcDbFaceRecord
 10
0.0
 20
0.0
 30
0.0
 70
128
 71
513
 72
517
 73
518
  0
VERTEX
  5
1F08
330
17
100
AcDbEntity
  8
ELEM_04_COMPLETO
100
AcDbFaceRecord
 10
0.0
 20
0.0
 30
0.0
 70
128
 71
513
 72
518
 73
514
  0
VERTEX
  5
1F0C
330
17
100
AcDbEntity
  8
ELEM_04_COMPLETO
100
AcDbFaceRecord
 10
0.0
 20
0.0
 30
0.0
 70
128
 71
519
 72
517
 73
513
  0
VERTEX
  5
1F10
330
17
100
AcDbEntity
  8
ELEM_04_COMPLETO
100
AcDbFaceRecord
 10
0.0
 20
0.0
 30
0.0
 70
128
 71
519
 72
513
 73
515
  0
VERTEX
  5
1F14
330
17
100
AcDbEntity
  8
ELEM_04_COMPLETO
100
AcDbFaceRecord
 10
0.0
 20
0.0
 30
0.0
 70
128
 71
520
 72
515
 73
516
  0
VERTEX
  5
1F18
330
17
100
AcDbEntity
  8
ELEM_04_COMPLETO
100
AcDbFaceRecord
 10
0.0
 20
0.0
 30
0.0
 70
128
 71
519
 72
515
 73
520
  0
VERTEX
  5
1F1C
330
17
100
AcDbEntity
  8
ELEM_04_COMPLETO
100
AcDbFaceRecord
 10
0.0
 20
0.0
 30
0.0
 70
128
 71
514
 72
520
 73
516
  0
VERTEX
  5
1F20
330
17
100
AcDbEntity
  8
ELEM_04_COMPLETO
100
AcDbFaceRecord
 10
0.0
 20
0.0
 30
0.0
 70
128
 71
518
 72
520
 73
514
  0
VERTEX
  5
1F24
330
17
100
AcDbEntity
  8
ELEM_04_COMPLETO
100
AcDbFaceRecord
 10
0.0
 20
0.0
 30
0.0
 70
128
 71
517
 72
521
 73
522
  0
VERTEX
  5
1F28
330
17
100
AcDbEntity
  8
ELEM_04_COMPLETO
100
AcDbFaceRecord
 10
0.0
 20
0.0
 30
0.0
 70
128
 71
517
 72
522
 73
518
  0
VERTEX
  5
1F2C
330
17
100
AcDbEntity
  8
ELEM_04_COMPLETO
100
AcDbFaceRecord
 10
0.0
 20
0.0
 30
0.0
 70
128
 71
523
 72
521
 73
517
  0
VERTEX
  5
1F30
330
17
100
AcDbEntity
  8
ELEM_04_COMPLETO
100
AcDbFaceRecord
 10
0.0
 20
0.0
 30
0.0
 70
128
 71
523
 72
517
 73
519
  0
VERTEX
  5
1F34
330
17
100
AcDbEntity
  8
ELEM_04_COMPLETO
100
AcDbFaceRecord
 10
0.0
 20
0.0
 30
0.0
 70
128
 71
524
 72
519
 73
520
  0
VERTEX
  5
1F38
330
17
100
AcDbEntity
  8
ELEM_04_COMPLETO
100
AcDbFaceRecord
 10
0.0
 20
0.0
 30
0.0
 70
128
 71
523
 72
519
 73
524
  0
VERTEX
  5
1F3C
330
17
100
AcDbEntity
  8
ELEM_04_COMPLETO
100
AcDbFaceRecord
 10
0.0
 20
0.0
 30
0.0
 70
128
 71
518
 72
524
 73
520
  0
VERTEX
  5
1F40
330
17
100
AcDbEntity
  8
ELEM_04_COMPLETO
100
AcDbFaceRecord
 10
0.0
 20
0.0
 30
0.0
 70
128
 71
522
 72
524
 73
518
  0
VERTEX
  5
1F44
330
17
100
AcDbEntity
  8
ELEM_04_COMPLETO
100
AcDbFaceRecord
 10
0.0
 20
0.0
 30
0.0
 70
128
 71
521
 72
525
 73
526
  0
VERTEX
  5
1F48
330
17
100
AcDbEntity
  8
ELEM_04_COMPLETO
100
AcDbFaceRecord
 10
0.0
 20
0.0
 30
0.0
 70
128
 71
521
 72
526
 73
522
  0
VERTEX
  5
1F4C
330
17
100
AcDbEntity
  8
ELEM_04_COMPLETO
100
AcDbFaceRecord
 10
0.0
 20
0.0
 30
0.0
 70
128
 71
527
 72
525
 73
521
  0
VERTEX
  5
1F50
330
17
100
AcDbEntity
  8
ELEM_04_COMPLETO
100
AcDbFaceRecord
 10
0.0
 20
0.0
 30
0.0
 70
128
 71
527
 72
521
 73
523
  0
VERTEX
  5
1F54
330
17
100
AcDbEntity
  8
ELEM_04_COMPLETO
100
AcDbFaceRecord
 10
0.0
 20
0.0
 30
0.0
 70
128
 71
528
 72
523
 73
524
  0
VERTEX
  5
1F58
330
17
100
AcDbEntity
  8
ELEM_04_COMPLETO
100
AcDbFaceRecord
 10
0.0
 20
0.0
 30
0.0
 70
128
 71
527
 72
523
 73
528
  0
VERTEX
  5
1F5C
330
17
100
AcDbEntity
  8
ELEM_04_COMPLETO
100
AcDbFaceRecord
 10
0.0
 20
0.0
 30
0.0
 70
128
 71
522
 72
528
 73
524
  0
VERTEX
  5
1F60
330
17
100
AcDbEntity
  8
ELEM_04_COMPLETO
100
AcDbFaceRecord
 10
0.0
 20
0.0
 30
0.0
 70
128
 71
526
 72
528
 73
522
  0
VERTEX
  5
1F64
330
17
100
AcDbEntity
  8
ELEM_04_COMPLETO
100
AcDbFaceRecord
 10
0.0
 20
0.0
 30
0.0
 70
128
 71
525
 72
529
 73
530
  0
VERTEX
  5
1F68
330
17
100
AcDbEntity
  8
ELEM_04_COMPLETO
100
AcDbFaceRecord
 10
0.0
 20
0.0
 30
0.0
 70
128
 71
525
 72
530
 73
526
  0
VERTEX
  5
1F6C
330
17
100
AcDbEntity
  8
ELEM_04_COMPLETO
100
AcDbFaceRecord
 10
0.0
 20
0.0
 30
0.0
 70
128
 71
531
 72
529
 73
525
  0
VERTEX
  5
1F70
330
17
100
AcDbEntity
  8
ELEM_04_COMPLETO
100
AcDbFaceRecord
 10
0.0
 20
0.0
 30
0.0
 70
128
 71
531
 72
525
 73
527
  0
VERTEX
  5
1F74
330
17
100
AcDbEntity
  8
ELEM_04_COMPLETO
100
AcDbFaceRecord
 10
0.0
 20
0.0
 30
0.0
 70
128
 71
532
 72
527
 73
528
  0
VERTEX
  5
1F78
330
17
100
AcDbEntity
  8
ELEM_04_COMPLETO
100
AcDbFaceRecord
 10
0.0
 20
0.0
 30
0.0
 70
128
 71
531
 72
527
 73
532
  0
VERTEX
  5
1F7C
330
17
100
AcDbEntity
  8
ELEM_04_COMPLETO
100
AcDbFaceRecord
 10
0.0
 20
0.0
 30
0.0
 70
128
 71
526
 72
532
 73
528
  0
VERTEX
  5
1F80
330
17
100
AcDbEntity
  8
ELEM_04_COMPLETO
100
AcDbFaceRecord
 10
0.0
 20
0.0
 30
0.0
 70
128
 71
530
 72
532
 73
526
  0
VERTEX
  5
1F84
330
17
100
AcDbEntity
  8
ELEM_04_COMPLETO
100
AcDbFaceRecord
 10
0.0
 20
0.0
 30
0.0
 70
128
 71
529
 72
533
 73
534
  0
VERTEX
  5
1F88
330
17
100
AcDbEntity
  8
ELEM_04_COMPLETO
100
AcDbFaceRecord
 10
0.0
 20
0.0
 30
0.0
 70
128
 71
529
 72
534
 73
530
  0
VERTEX
  5
1F8C
330
17
100
AcDbEntity
  8
ELEM_04_COMPLETO
100
AcDbFaceRecord
 10
0.0
 20
0.0
 30
0.0
 70
128
 71
531
 72
533
 73
529
  0
VERTEX
  5
1F90
330
17
100
AcDbEntity
  8
ELEM_04_COMPLETO
100
AcDbFaceRecord
 10
0.0
 20
0.0
 30
0.0
 70
128
 71
535
 72
533
 73
531
  0
VERTEX
  5
1F94
330
17
100
AcDbEntity
  8
ELEM_04_COMPLETO
100
AcDbFaceRecord
 10
0.0
 20
0.0
 30
0.0
 70
128
 71
536
 72
531
 73
532
  0
VERTEX
  5
1F98
330
17
100
AcDbEntity
  8
ELEM_04_COMPLETO
100
AcDbFaceRecord
 10
0.0
 20
0.0
 30
0.0
 70
128
 71
535
 72
531
 73
536
  0
VERTEX
  5
1F9C
330
17
100
AcDbEntity
  8
ELEM_04_COMPLETO
100
AcDbFaceRecord
 10
0.0
 20
0.0
 30
0.0
 70
128
 71
534
 72
536
 73
532
  0
VERTEX
  5
1FA0
330
17
100
AcDbEntity
  8
ELEM_04_COMPLETO
100
AcDbFaceRecord
 10
0.0
 20
0.0
 30
0.0
 70
128
 71
532
 72
530
 73
534
  0
VERTEX
  5
1FA4
330
17
100
AcDbEntity
  8
ELEM_04_COMPLETO
100
AcDbFaceRecord
 10
0.0
 20
0.0
 30
0.0
 70
128
 71
533
 72
537
 73
538
  0
VERTEX
  5
1FA8
330
17
100
AcDbEntity
  8
ELEM_04_COMPLETO
100
AcDbFaceRecord
 10
0.0
 20
0.0
 30
0.0
 70
128
 71
533
 72
538
 73
534
  0
VERTEX
  5
1FAC
330
17
100
AcDbEntity
  8
ELEM_04_COMPLETO
100
AcDbFaceRecord
 10
0.0
 20
0.0
 30
0.0
 70
128
 71
535
 72
537
 73
533
  0
VERTEX
  5
1FB0
330
17
100
AcDbEntity
  8
ELEM_04_COMPLETO
100
AcDbFaceRecord
 10
0.0
 20
0.0
 30
0.0
 70
128
 71
539
 72
537
 73
535
  0
VERTEX
  5
1FB4
330
17
100
AcDbEntity
  8
ELEM_04_COMPLETO
100
AcDbFaceRecord
 10
0.0
 20
0.0
 30
0.0
 70
128
 71
540
 72
535
 73
536
  0
VERTEX
  5
1FB8
330
17
100
AcDbEntity
  8
ELEM_04_COMPLETO
100
AcDbFaceRecord
 10
0.0
 20
0.0
 30
0.0
 70
128
 71
539
 72
535
 73
540
  0
VERTEX
  5
1FBC
330
17
100
AcDbEntity
  8
ELEM_04_COMPLETO
100
AcDbFaceRecord
 10
0.0
 20
0.0
 30
0.0
 70
128
 71
538
 72
540
 73
536
  0
VERTEX
  5
1FC0
330
17
100
AcDbEntity
  8
ELEM_04_COMPLETO
100
AcDbFaceRecord
 10
0.0
 20
0.0
 30
0.0
 70
128
 71
538
 72
536
 73
534
  0
VERTEX
  5
1FC4
330
17
100
AcDbEntity
  8
ELEM_04_COMPLETO
100
AcDbFaceRecord
 10
0.0
 20
0.0
 30
0.0
 70
128
 71
537
 72
541
 73
542
  0
VERTEX
  5
1FC8
330
17
100
AcDbEntity
  8
ELEM_04_COMPLETO
100
AcDbFaceRecord
 10
0.0
 20
0.0
 30
0.0
 70
128
 71
537
 72
542
 73
538
  0
VERTEX
  5
1FCC
330
17
100
AcDbEntity
  8
ELEM_04_COMPLETO
100
AcDbFaceRecord
 10
0.0
 20
0.0
 30
0.0
 70
128
 71
539
 72
541
 73
537
  0
VERTEX
  5
1FD0
330
17
100
AcDbEntity
  8
ELEM_04_COMPLETO
100
AcDbFaceRecord
 10
0.0
 20
0.0
 30
0.0
 70
128
 71
543
 72
541
 73
539
  0
VERTEX
  5
1FD4
330
17
100
AcDbEntity
  8
ELEM_04_COMPLETO
100
AcDbFaceRecord
 10
0.0
 20
0.0
 30
0.0
 70
128
 71
544
 72
539
 73
540
  0
VERTEX
  5
1FD8
330
17
100
AcDbEntity
  8
ELEM_04_COMPLETO
100
AcDbFaceRecord
 10
0.0
 20
0.0
 30
0.0
 70
128
 71
543
 72
539
 73
544
  0
VERTEX
  5
1FDC
330
17
100
AcDbEntity
  8
ELEM_04_COMPLETO
100
AcDbFaceRecord
 10
0.0
 20
0.0
 30
0.0
 70
128
 71
542
 72
544
 73
540
  0
VERTEX
  5
1FE0
330
17
100
AcDbEntity
  8
ELEM_04_COMPLETO
100
AcDbFaceRecord
 10
0.0
 20
0.0
 30
0.0
 70
128
 71
542
 72
540
 73
538
  0
VERTEX
  5
1FE4
330
17
100
AcDbEntity
  8
ELEM_04_COMPLETO
100
AcDbFaceRecord
 10
0.0
 20
0.0
 30
0.0
 70
128
 71
541
 72
545
 73
546
  0
VERTEX
  5
1FE8
330
17
100
AcDbEntity
  8
ELEM_04_COMPLETO
100
AcDbFaceRecord
 10
0.0
 20
0.0
 30
0.0
 70
128
 71
541
 72
546
 73
542
  0
VERTEX
  5
1FEC
330
17
100
AcDbEntity
  8
ELEM_04_COMPLETO
100
AcDbFaceRecord
 10
0.0
 20
0.0
 30
0.0
 70
128
 71
545
 72
541
 73
543
  0
VERTEX
  5
1FF0
330
17
100
AcDbEntity
  8
ELEM_04_COMPLETO
100
AcDbFaceRecord
 10
0.0
 20
0.0
 30
0.0
 70
128
 71
547
 72
545
 73
543
  0
VERTEX
  5
1FF4
330
17
100
AcDbEntity
  8
ELEM_04_COMPLETO
100
AcDbFaceRecord
 10
0.0
 20
0.0
 30
0.0
 70
128
 71
548
 72
543
 73
544
  0
VERTEX
  5
1FF8
330
17
100
AcDbEntity
  8
ELEM_04_COMPLETO
100
AcDbFaceRecord
 10
0.0
 20
0.0
 30
0.0
 70
128
 71
547
 72
543
 73
548
  0
VERTEX
  5
1FFC
330
17
100
AcDbEntity
  8
ELEM_04_COMPLETO
100
AcDbFaceRecord
 10
0.0
 20
0.0
 30
0.0
 70
128
 71
546
 72
548
 73
544
  0
VERTEX
  5
2000
330
17
100
AcDbEntity
  8
ELEM_04_COMPLETO
100
AcDbFaceRecord
 10
0.0
 20
0.0
 30
0.0
 70
128
 71
546
 72
544
 73
542
  0
VERTEX
  5
2004
330
17
100
AcDbEntity
  8
ELEM_04_COMPLETO
100
AcDbFaceRecord
 10
0.0
 20
0.0
 30
0.0
 70
128
 71
545
 72
549
 73
550
  0
VERTEX
  5
2008
330
17
100
AcDbEntity
  8
ELEM_04_COMPLETO
100
AcDbFaceRecord
 10
0.0
 20
0.0
 30
0.0
 70
128
 71
545
 72
550
 73
546
  0
VERTEX
  5
200C
330
17
100
AcDbEntity
  8
ELEM_04_COMPLETO
100
AcDbFaceRecord
 10
0.0
 20
0.0
 30
0.0
 70
128
 71
549
 72
545
 73
547
  0
VERTEX
  5
2010
330
17
100
AcDbEntity
  8
ELEM_04_COMPLETO
100
AcDbFaceRecord
 10
0.0
 20
0.0
 30
0.0
 70
128
 71
551
 72
549
 73
547
  0
VERTEX
  5
2014
330
17
100
AcDbEntity
  8
ELEM_04_COMPLETO
100
AcDbFaceRecord
 10
0.0
 20
0.0
 30
0.0
 70
128
 71
552
 72
547
 73
548
  0
VERTEX
  5
2018
330
17
100
AcDbEntity
  8
ELEM_04_COMPLETO
100
AcDbFaceRecord
 10
0.0
 20
0.0
 30
0.0
 70
128
 71
551
 72
547
 73
552
  0
VERTEX
  5
201C
330
17
100
AcDbEntity
  8
ELEM_04_COMPLETO
100
AcDbFaceRecord
 10
0.0
 20
0.0
 30
0.0
 70
128
 71
550
 72
552
 73
548
  0
VERTEX
  5
2020
330
17
100
AcDbEntity
  8
ELEM_04_COMPLETO
100
AcDbFaceRecord
 10
0.0
 20
0.0
 30
0.0
 70
128
 71
550
 72
548
 73
546
  0
VERTEX
  5
2024
330
17
100
AcDbEntity
  8
ELEM_04_COMPLETO
100
AcDbFaceRecord
 10
0.0
 20
0.0
 30
0.0
 70
128
 71
549
 72
553
 73
554
  0
VERTEX
  5
2028
330
17
100
AcDbEntity
  8
ELEM_04_COMPLETO
100
AcDbFaceRecord
 10
0.0
 20
0.0
 30
0.0
 70
128
 71
549
 72
554
 73
550
  0
VERTEX
  5
202C
330
17
100
AcDbEntity
  8
ELEM_04_COMPLETO
100
AcDbFaceRecord
 10
0.0
 20
0.0
 30
0.0
 70
128
 71
551
 72
553
 73
549
  0
VERTEX
  5
2030
330
17
100
AcDbEntity
  8
ELEM_04_COMPLETO
100
AcDbFaceRecord
 10
0.0
 20
0.0
 30
0.0
 70
128
 71
555
 72
553
 73
551
  0
VERTEX
  5
2034
330
17
100
AcDbEntity
  8
ELEM_04_COMPLETO
100
AcDbFaceRecord
 10
0.0
 20
0.0
 30
0.0
 70
128
 71
556
 72
551
 73
552
  0
VERTEX
  5
2038
330
17
100
AcDbEntity
  8
ELEM_04_COMPLETO
100
AcDbFaceRecord
 10
0.0
 20
0.0
 30
0.0
 70
128
 71
555
 72
551
 73
556
  0
VERTEX
  5
203C
330
17
100
AcDbEntity
  8
ELEM_04_COMPLETO
100
AcDbFaceRecord
 10
0.0
 20
0.0
 30
0.0
 70
128
 71
554
 72
556
 73
552
  0
VERTEX
  5
2040
330
17
100
AcDbEntity
  8
ELEM_04_COMPLETO
100
AcDbFaceRecord
 10
0.0
 20
0.0
 30
0.0
 70
128
 71
554
 72
552
 73
550
  0
VERTEX
  5
2044
330
17
100
AcDbEntity
  8
ELEM_04_COMPLETO
100
AcDbFaceRecord
 10
0.0
 20
0.0
 30
0.0
 70
128
 71
553
 72
557
 73
558
  0
VERTEX
  5
2048
330
17
100
AcDbEntity
  8
ELEM_04_COMPLETO
100
AcDbFaceRecord
 10
0.0
 20
0.0
 30
0.0
 70
128
 71
553
 72
558
 73
554
  0
VERTEX
  5
204C
330
17
100
AcDbEntity
  8
ELEM_04_COMPLETO
100
AcDbFaceRecord
 10
0.0
 20
0.0
 30
0.0
 70
128
 71
555
 72
557
 73
553
  0
VERTEX
  5
2050
330
17
100
AcDbEntity
  8
ELEM_04_COMPLETO
100
AcDbFaceRecord
 10
0.0
 20
0.0
 30
0.0
 70
128
 71
559
 72
557
 73
555
  0
VERTEX
  5
2054
330
17
100
AcDbEntity
  8
ELEM_04_COMPLETO
100
AcDbFaceRecord
 10
0.0
 20
0.0
 30
0.0
 70
128
 71
555
 72
556
 73
560
  0
VERTEX
  5
2058
330
17
100
AcDbEntity
  8
ELEM_04_COMPLETO
100
AcDbFaceRecord
 10
0.0
 20
0.0
 30
0.0
 70
128
 71
559
 72
555
 73
560
  0
VERTEX
  5
205C
330
17
100
AcDbEntity
  8
ELEM_04_COMPLETO
100
AcDbFaceRecord
 10
0.0
 20
0.0
 30
0.0
 70
128
 71
558
 72
560
 73
556
  0
VERTEX
  5
2060
330
17
100
AcDbEntity
  8
ELEM_04_COMPLETO
100
AcDbFaceRecord
 10
0.0
 20
0.0
 30
0.0
 70
128
 71
558
 72
556
 73
554
  0
VERTEX
  5
2064
330
17
100
AcDbEntity
  8
ELEM_04_COMPLETO
100
AcDbFaceRecord
 10
0.0
 20
0.0
 30
0.0
 70
128
 71
557
 72
561
 73
562
  0
VERTEX
  5
2068
330
17
100
AcDbEntity
  8
ELEM_04_COMPLETO
100
AcDbFaceRecord
 10
0.0
 20
0.0
 30
0.0
 70
128
 71
557
 72
562
 73
558
  0
VERTEX
  5
206C
330
17
100
AcDbEntity
  8
ELEM_04_COMPLETO
100
AcDbFaceRecord
 10
0.0
 20
0.0
 30
0.0
 70
128
 71
561
 72
557
 73
559
  0
VERTEX
  5
2070
330
17
100
AcDbEntity
  8
ELEM_04_COMPLETO
100
AcDbFaceRecord
 10
0.0
 20
0.0
 30
0.0
 70
128
 71
563
 72
561
 73
559
  0
VERTEX
  5
2074
330
17
100
AcDbEntity
  8
ELEM_04_COMPLETO
100
AcDbFaceRecord
 10
0.0
 20
0.0
 30
0.0
 70
128
 71
564
 72
559
 73
560
  0
VERTEX
  5
2078
330
17
100
AcDbEntity
  8
ELEM_04_COMPLETO
100
AcDbFaceRecord
 10
0.0
 20
0.0
 30
0.0
 70
128
 71
563
 72
559
 73
564
  0
VERTEX
  5
207C
330
17
100
AcDbEntity
  8
ELEM_04_COMPLETO
100
AcDbFaceRecord
 10
0.0
 20
0.0
 30
0.0
 70
128
 71
562
 72
564
 73
560
  0
VERTEX
  5
2080
330
17
100
AcDbEntity
  8
ELEM_04_COMPLETO
100
AcDbFaceRecord
 10
0.0
 20
0.0
 30
0.0
 70
128
 71
562
 72
560
 73
558
  0
VERTEX
  5
2084
330
17
100
AcDbEntity
  8
ELEM_04_COMPLETO
100
AcDbFaceRecord
 10
0.0
 20
0.0
 30
0.0
 70
128
 71
561
 72
565
 73
566
  0
VERTEX
  5
2088
330
17
100
AcDbEntity
  8
ELEM_04_COMPLETO
100
AcDbFaceRecord
 10
0.0
 20
0.0
 30
0.0
 70
128
 71
561
 72
566
 73
562
  0
VERTEX
  5
208C
330
17
100
AcDbEntity
  8
ELEM_04_COMPLETO
100
AcDbFaceRecord
 10
0.0
 20
0.0
 30
0.0
 70
128
 71
565
 72
561
 73
563
  0
VERTEX
  5
2090
330
17
100
AcDbEntity
  8
ELEM_04_COMPLETO
100
AcDbFaceRecord
 10
0.0
 20
0.0
 30
0.0
 70
128
 71
567
 72
565
 73
563
  0
VERTEX
  5
2094
330
17
100
AcDbEntity
  8
ELEM_04_COMPLETO
100
AcDbFaceRecord
 10
0.0
 20
0.0
 30
0.0
 70
128
 71
568
 72
563
 73
564
  0
VERTEX
  5
2098
330
17
100
AcDbEntity
  8
ELEM_04_COMPLETO
100
AcDbFaceRecord
 10
0.0
 20
0.0
 30
0.0
 70
128
 71
567
 72
563
 73
568
  0
VERTEX
  5
209C
330
17
100
AcDbEntity
  8
ELEM_04_COMPLETO
100
AcDbFaceRecord
 10
0.0
 20
0.0
 30
0.0
 70
128
 71
566
 72
568
 73
564
  0
VERTEX
  5
20A0
330
17
100
AcDbEntity
  8
ELEM_04_COMPLETO
100
AcDbFaceRecord
 10
0.0
 20
0.0
 30
0.0
 70
128
 71
566
 72
564
 73
562
  0
VERTEX
  5
20A4
330
17
100
AcDbEntity
  8
ELEM_04_COMPLETO
100
AcDbFaceRecord
 10
0.0
 20
0.0
 30
0.0
 70
128
 71
565
 72
569
 73
570
  0
VERTEX
  5
20A8
330
17
100
AcDbEntity
  8
ELEM_04_COMPLETO
100
AcDbFaceRecord
 10
0.0
 20
0.0
 30
0.0
 70
128
 71
565
 72
570
 73
566
  0
VERTEX
  5
20AC
330
17
100
AcDbEntity
  8
ELEM_04_COMPLETO
100
AcDbFaceRecord
 10
0.0
 20
0.0
 30
0.0
 70
128
 71
567
 72
569
 73
565
  0
VERTEX
  5
20B0
330
17
100
AcDbEntity
  8
ELEM_04_COMPLETO
100
AcDbFaceRecord
 10
0.0
 20
0.0
 30
0.0
 70
128
 71
571
 72
569
 73
567
  0
VERTEX
  5
20B4
330
17
100
AcDbEntity
  8
ELEM_04_COMPLETO
100
AcDbFaceRecord
 10
0.0
 20
0.0
 30
0.0
 70
128
 71
572
 72
567
 73
568
  0
VERTEX
  5
20B8
330
17
100
AcDbEntity
  8
ELEM_04_COMPLETO
100
AcDbFaceRecord
 10
0.0
 20
0.0
 30
0.0
 70
128
 71
571
 72
567
 73
572
  0
VERTEX
  5
20BC
330
17
100
AcDbEntity
  8
ELEM_04_COMPLETO
100
AcDbFaceRecord
 10
0.0
 20
0.0
 30
0.0
 70
128
 71
570
 72
572
 73
568
  0
VERTEX
  5
20C0
330
17
100
AcDbEntity
  8
ELEM_04_COMPLETO
100
AcDbFaceRecord
 10
0.0
 20
0.0
 30
0.0
 70
128
 71
570
 72
568
 73
566
  0
VERTEX
  5
20C4
330
17
100
AcDbEntity
  8
ELEM_04_COMPLETO
100
AcDbFaceRecord
 10
0.0
 20
0.0
 30
0.0
 70
128
 71
569
 72
573
 73
574
  0
VERTEX
  5
20C8
330
17
100
AcDbEntity
  8
ELEM_04_COMPLETO
100
AcDbFaceRecord
 10
0.0
 20
0.0
 30
0.0
 70
128
 71
569
 72
574
 73
570
  0
VERTEX
  5
20CC
330
17
100
AcDbEntity
  8
ELEM_04_COMPLETO
100
AcDbFaceRecord
 10
0.0
 20
0.0
 30
0.0
 70
128
 71
573
 72
569
 73
571
  0
VERTEX
  5
20D0
330
17
100
AcDbEntity
  8
ELEM_04_COMPLETO
100
AcDbFaceRecord
 10
0.0
 20
0.0
 30
0.0
 70
128
 71
575
 72
573
 73
571
  0
VERTEX
  5
20D4
330
17
100
AcDbEntity
  8
ELEM_04_COMPLETO
100
AcDbFaceRecord
 10
0.0
 20
0.0
 30
0.0
 70
128
 71
576
 72
571
 73
572
  0
VERTEX
  5
20D8
330
17
100
AcDbEntity
  8
ELEM_04_COMPLETO
100
AcDbFaceRecord
 10
0.0
 20
0.0
 30
0.0
 70
128
 71
575
 72
571
 73
576
  0
VERTEX
  5
20DC
330
17
100
AcDbEntity
  8
ELEM_04_COMPLETO
100
AcDbFaceRecord
 10
0.0
 20
0.0
 30
0.0
 70
128
 71
574
 72
576
 73
572
  0
VERTEX
  5
20E0
330
17
100
AcDbEntity
  8
ELEM_04_COMPLETO
100
AcDbFaceRecord
 10
0.0
 20
0.0
 30
0.0
 70
128
 71
574
 72
572
 73
570
  0
VERTEX
  5
20E4
330
17
100
AcDbEntity
  8
ELEM_04_COMPLETO
100
AcDbFaceRecord
 10
0.0
 20
0.0
 30
0.0
 70
128
 71
573
 72
577
 73
578
  0
VERTEX
  5
20E8
330
17
100
AcDbEntity
  8
ELEM_04_COMPLETO
100
AcDbFaceRecord
 10
0.0
 20
0.0
 30
0.0
 70
128
 71
573
 72
578
 73
574
  0
VERTEX
  5
20EC
330
17
100
AcDbEntity
  8
ELEM_04_COMPLETO
100
AcDbFaceRecord
 10
0.0
 20
0.0
 30
0.0
 70
128
 71
577
 72
573
 73
575
  0
VERTEX
  5
20F0
330
17
100
AcDbEntity
  8
ELEM_04_COMPLETO
100
AcDbFaceRecord
 10
0.0
 20
0.0
 30
0.0
 70
128
 71
579
 72
577
 73
575
  0
VERTEX
  5
20F4
330
17
100
AcDbEntity
  8
ELEM_04_COMPLETO
100
AcDbFaceRecord
 10
0.0
 20
0.0
 30
0.0
 70
128
 71
580
 72
575
 73
576
  0
VERTEX
  5
20F8
330
17
100
AcDbEntity
  8
ELEM_04_COMPLETO
100
AcDbFaceRecord
 10
0.0
 20
0.0
 30
0.0
 70
128
 71
579
 72
575
 73
580
  0
VERTEX
  5
20FC
330
17
100
AcDbEntity
  8
ELEM_04_COMPLETO
100
AcDbFaceRecord
 10
0.0
 20
0.0
 30
0.0
 70
128
 71
578
 72
580
 73
576
  0
VERTEX
  5
2100
330
17
100
AcDbEntity
  8
ELEM_04_COMPLETO
100
AcDbFaceRecord
 10
0.0
 20
0.0
 30
0.0
 70
128
 71
578
 72
576
 73
574
  0
VERTEX
  5
2104
330
17
100
AcDbEntity
  8
ELEM_04_COMPLETO
100
AcDbFaceRecord
 10
0.0
 20
0.0
 30
0.0
 70
128
 71
577
 72
581
 73
582
  0
VERTEX
  5
2108
330
17
100
AcDbEntity
  8
ELEM_04_COMPLETO
100
AcDbFaceRecord
 10
0.0
 20
0.0
 30
0.0
 70
128
 71
577
 72
582
 73
578
  0
VERTEX
  5
210C
330
17
100
AcDbEntity
  8
ELEM_04_COMPLETO
100
AcDbFaceRecord
 10
0.0
 20
0.0
 30
0.0
 70
128
 71
579
 72
581
 73
577
  0
VERTEX
  5
2110
330
17
100
AcDbEntity
  8
ELEM_04_COMPLETO
100
AcDbFaceRecord
 10
0.0
 20
0.0
 30
0.0
 70
128
 71
583
 72
581
 73
579
  0
VERTEX
  5
2114
330
17
100
AcDbEntity
  8
ELEM_04_COMPLETO
100
AcDbFaceRecord
 10
0.0
 20
0.0
 30
0.0
 70
128
 71
584
 72
579
 73
580
  0
VERTEX
  5
2118
330
17
100
AcDbEntity
  8
ELEM_04_COMPLETO
100
AcDbFaceRecord
 10
0.0
 20
0.0
 30
0.0
 70
128
 71
583
 72
579
 73
584
  0
VERTEX
  5
211C
330
17
100
AcDbEntity
  8
ELEM_04_COMPLETO
100
AcDbFaceRecord
 10
0.0
 20
0.0
 30
0.0
 70
128
 71
582
 72
584
 73
580
  0
VERTEX
  5
2120
330
17
100
AcDbEntity
  8
ELEM_04_COMPLETO
100
AcDbFaceRecord
 10
0.0
 20
0.0
 30
0.0
 70
128
 71
582
 72
580
 73
578
  0
VERTEX
  5
2124
330
17
100
AcDbEntity
  8
ELEM_04_COMPLETO
100
AcDbFaceRecord
 10
0.0
 20
0.0
 30
0.0
 70
128
 71
581
 72
585
 73
586
  0
VERTEX
  5
2128
330
17
100
AcDbEntity
  8
ELEM_04_COMPLETO
100
AcDbFaceRecord
 10
0.0
 20
0.0
 30
0.0
 70
128
 71
581
 72
586
 73
582
  0
VERTEX
  5
212C
330
17
100
AcDbEntity
  8
ELEM_04_COMPLETO
100
AcDbFaceRecord
 10
0.0
 20
0.0
 30
0.0
 70
128
 71
583
 72
585
 73
581
  0
VERTEX
  5
2130
330
17
100
AcDbEntity
  8
ELEM_04_COMPLETO
100
AcDbFaceRecord
 10
0.0
 20
0.0
 30
0.0
 70
128
 71
587
 72
585
 73
583
  0
VERTEX
  5
2134
330
17
100
AcDbEntity
  8
ELEM_04_COMPLETO
100
AcDbFaceRecord
 10
0.0
 20
0.0
 30
0.0
 70
128
 71
583
 72
584
 73
588
  0
VERTEX
  5
2138
330
17
100
AcDbEntity
  8
ELEM_04_COMPLETO
100
AcDbFaceRecord
 10
0.0
 20
0.0
 30
0.0
 70
128
 71
587
 72
583
 73
588
  0
VERTEX
  5
213C
330
17
100
AcDbEntity
  8
ELEM_04_COMPLETO
100
AcDbFaceRecord
 10
0.0
 20
0.0
 30
0.0
 70
128
 71
586
 72
588
 73
584
  0
VERTEX
  5
2140
330
17
100
AcDbEntity
  8
ELEM_04_COMPLETO
100
AcDbFaceRecord
 10
0.0
 20
0.0
 30
0.0
 70
128
 71
586
 72
584
 73
582
  0
VERTEX
  5
2144
330
17
100
AcDbEntity
  8
ELEM_04_COMPLETO
100
AcDbFaceRecord
 10
0.0
 20
0.0
 30
0.0
 70
128
 71
585
 72
589
 73
590
  0
VERTEX
  5
2148
330
17
100
AcDbEntity
  8
ELEM_04_COMPLETO
100
AcDbFaceRecord
 10
0.0
 20
0.0
 30
0.0
 70
128
 71
585
 72
590
 73
586
  0
VERTEX
  5
214C
330
17
100
AcDbEntity
  8
ELEM_04_COMPLETO
100
AcDbFaceRecord
 10
0.0
 20
0.0
 30
0.0
 70
128
 71
589
 72
585
 73
587
  0
VERTEX
  5
2150
330
17
100
AcDbEntity
  8
ELEM_04_COMPLETO
100
AcDbFaceRecord
 10
0.0
 20
0.0
 30
0.0
 70
128
 71
591
 72
589
 73
587
  0
VERTEX
  5
2154
330
17
100
AcDbEntity
  8
ELEM_04_COMPLETO
100
AcDbFaceRecord
 10
0.0
 20
0.0
 30
0.0
 70
128
 71
592
 72
587
 73
588
  0
VERTEX
  5
2158
330
17
100
AcDbEntity
  8
ELEM_04_COMPLETO
100
AcDbFaceRecord
 10
0.0
 20
0.0
 30
0.0
 70
128
 71
591
 72
587
 73
592
  0
VERTEX
  5
215C
330
17
100
AcDbEntity
  8
ELEM_04_COMPLETO
100
AcDbFaceRecord
 10
0.0
 20
0.0
 30
0.0
 70
128
 71
590
 72
592
 73
588
  0
VERTEX
  5
2160
330
17
100
AcDbEntity
  8
ELEM_04_COMPLETO
100
AcDbFaceRecord
 10
0.0
 20
0.0
 30
0.0
 70
128
 71
590
 72
588
 73
586
  0
VERTEX
  5
2164
330
17
100
AcDbEntity
  8
ELEM_04_COMPLETO
100
AcDbFaceRecord
 10
0.0
 20
0.0
 30
0.0
 70
128
 71
589
 72
593
 73
594
  0
VERTEX
  5
2168
330
17
100
AcDbEntity
  8
ELEM_04_COMPLETO
100
AcDbFaceRecord
 10
0.0
 20
0.0
 30
0.0
 70
128
 71
589
 72
594
 73
590
  0
VERTEX
  5
216C
330
17
100
AcDbEntity
  8
ELEM_04_COMPLETO
100
AcDbFaceRecord
 10
0.0
 20
0.0
 30
0.0
 70
128
 71
591
 72
593
 73
589
  0
VERTEX
  5
2170
330
17
100
AcDbEntity
  8
ELEM_04_COMPLETO
100
AcDbFaceRecord
 10
0.0
 20
0.0
 30
0.0
 70
128
 71
595
 72
593
 73
591
  0
VERTEX
  5
2174
330
17
100
AcDbEntity
  8
ELEM_04_COMPLETO
100
AcDbFaceRecord
 10
0.0
 20
0.0
 30
0.0
 70
128
 71
596
 72
591
 73
592
  0
VERTEX
  5
2178
330
17
100
AcDbEntity
  8
ELEM_04_COMPLETO
100
AcDbFaceRecord
 10
0.0
 20
0.0
 30
0.0
 70
128
 71
595
 72
591
 73
596
  0
VERTEX
  5
217C
330
17
100
AcDbEntity
  8
ELEM_04_COMPLETO
100
AcDbFaceRecord
 10
0.0
 20
0.0
 30
0.0
 70
128
 71
594
 72
596
 73
592
  0
VERTEX
  5
2180
330
17
100
AcDbEntity
  8
ELEM_04_COMPLETO
100
AcDbFaceRecord
 10
0.0
 20
0.0
 30
0.0
 70
128
 71
594
 72
592
 73
590
  0
VERTEX
  5
2184
330
17
100
AcDbEntity
  8
ELEM_04_COMPLETO
100
AcDbFaceRecord
 10
0.0
 20
0.0
 30
0.0
 70
128
 71
593
 72
597
 73
598
  0
VERTEX
  5
2188
330
17
100
AcDbEntity
  8
ELEM_04_COMPLETO
100
AcDbFaceRecord
 10
0.0
 20
0.0
 30
0.0
 70
128
 71
593
 72
598
 73
594
  0
VERTEX
  5
218C
330
17
100
AcDbEntity
  8
ELEM_04_COMPLETO
100
AcDbFaceRecord
 10
0.0
 20
0.0
 30
0.0
 70
128
 71
597
 72
593
 73
595
  0
VERTEX
  5
2190
330
17
100
AcDbEntity
  8
ELEM_04_COMPLETO
100
AcDbFaceRecord
 10
0.0
 20
0.0
 30
0.0
 70
128
 71
599
 72
597
 73
595
  0
VERTEX
  5
2194
330
17
100
AcDbEntity
  8
ELEM_04_COMPLETO
100
AcDbFaceRecord
 10
0.0
 20
0.0
 30
0.0
 70
128
 71
600
 72
595
 73
596
  0
VERTEX
  5
2198
330
17
100
AcDbEntity
  8
ELEM_04_COMPLETO
100
AcDbFaceRecord
 10
0.0
 20
0.0
 30
0.0
 70
128
 71
599
 72
595
 73
600
  0
VERTEX
  5
219C
330
17
100
AcDbEntity
  8
ELEM_04_COMPLETO
100
AcDbFaceRecord
 10
0.0
 20
0.0
 30
0.0
 70
128
 71
598
 72
600
 73
596
  0
VERTEX
  5
21A0
330
17
100
AcDbEntity
  8
ELEM_04_COMPLETO
100
AcDbFaceRecord
 10
0.0
 20
0.0
 30
0.0
 70
128
 71
598
 72
596
 73
594
  0
VERTEX
  5
21A4
330
17
100
AcDbEntity
  8
ELEM_04_COMPLETO
100
AcDbFaceRecord
 10
0.0
 20
0.0
 30
0.0
 70
128
 71
597
 72
601
 73
602
  0
VERTEX
  5
21A8
330
17
100
AcDbEntity
  8
ELEM_04_COMPLETO
100
AcDbFaceRecord
 10
0.0
 20
0.0
 30
0.0
 70
128
 71
597
 72
602
 73
598
  0
VERTEX
  5
21AC
330
17
100
AcDbEntity
  8
ELEM_04_COMPLETO
100
AcDbFaceRecord
 10
0.0
 20
0.0
 30
0.0
 70
128
 71
601
 72
597
 73
599
  0
VERTEX
  5
21B0
330
17
100
AcDbEntity
  8
ELEM_04_COMPLETO
100
AcDbFaceRecord
 10
0.0
 20
0.0
 30
0.0
 70
128
 71
603
 72
601
 73
599
  0
VERTEX
  5
21B4
330
17
100
AcDbEntity
  8
ELEM_04_COMPLETO
100
AcDbFaceRecord
 10
0.0
 20
0.0
 30
0.0
 70
128
 71
604
 72
599
 73
600
  0
VERTEX
  5
21B8
330
17
100
AcDbEntity
  8
ELEM_04_COMPLETO
100
AcDbFaceRecord
 10
0.0
 20
0.0
 30
0.0
 70
128
 71
603
 72
599
 73
604
  0
VERTEX
  5
21BC
330
17
100
AcDbEntity
  8
ELEM_04_COMPLETO
100
AcDbFaceRecord
 10
0.0
 20
0.0
 30
0.0
 70
128
 71
602
 72
604
 73
600
  0
VERTEX
  5
21C0
330
17
100
AcDbEntity
  8
ELEM_04_COMPLETO
100
AcDbFaceRecord
 10
0.0
 20
0.0
 30
0.0
 70
128
 71
602
 72
600
 73
598
  0
VERTEX
  5
21C4
330
17
100
AcDbEntity
  8
ELEM_04_COMPLETO
100
AcDbFaceRecord
 10
0.0
 20
0.0
 30
0.0
 70
128
 71
601
 72
605
 73
606
  0
VERTEX
  5
21C8
330
17
100
AcDbEntity
  8
ELEM_04_COMPLETO
100
AcDbFaceRecord
 10
0.0
 20
0.0
 30
0.0
 70
128
 71
601
 72
606
 73
602
  0
VERTEX
  5
21CC
330
17
100
AcDbEntity
  8
ELEM_04_COMPLETO
100
AcDbFaceRecord
 10
0.0
 20
0.0
 30
0.0
 70
128
 71
603
 72
605
 73
601
  0
VERTEX
  5
21D0
330
17
100
AcDbEntity
  8
ELEM_04_COMPLETO
100
AcDbFaceRecord
 10
0.0
 20
0.0
 30
0.0
 70
128
 71
607
 72
605
 73
603
  0
VERTEX
  5
21D4
330
17
100
AcDbEntity
  8
ELEM_04_COMPLETO
100
AcDbFaceRecord
 10
0.0
 20
0.0
 30
0.0
 70
128
 71
603
 72
604
 73
608
  0
VERTEX
  5
21D8
330
17
100
AcDbEntity
  8
ELEM_04_COMPLETO
100
AcDbFaceRecord
 10
0.0
 20
0.0
 30
0.0
 70
128
 71
607
 72
603
 73
608
  0
VERTEX
  5
21DC
330
17
100
AcDbEntity
  8
ELEM_04_COMPLETO
100
AcDbFaceRecord
 10
0.0
 20
0.0
 30
0.0
 70
128
 71
606
 72
608
 73
604
  0
VERTEX
  5
21E0
330
17
100
AcDbEntity
  8
ELEM_04_COMPLETO
100
AcDbFaceRecord
 10
0.0
 20
0.0
 30
0.0
 70
128
 71
606
 72
604
 73
602
  0
VERTEX
  5
21E4
330
17
100
AcDbEntity
  8
ELEM_04_COMPLETO
100
AcDbFaceRecord
 10
0.0
 20
0.0
 30
0.0
 70
128
 71
605
 72
609
 73
610
  0
VERTEX
  5
21E8
330
17
100
AcDbEntity
  8
ELEM_04_COMPLETO
100
AcDbFaceRecord
 10
0.0
 20
0.0
 30
0.0
 70
128
 71
605
 72
610
 73
606
  0
VERTEX
  5
21EC
330
17
100
AcDbEntity
  8
ELEM_04_COMPLETO
100
AcDbFaceRecord
 10
0.0
 20
0.0
 30
0.0
 70
128
 71
609
 72
605
 73
607
  0
VERTEX
  5
21F0
330
17
100
AcDbEntity
  8
ELEM_04_COMPLETO
100
AcDbFaceRecord
 10
0.0
 20
0.0
 30
0.0
 70
128
 71
611
 72
609
 73
607
  0
VERTEX
  5
21F4
330
17
100
AcDbEntity
  8
ELEM_04_COMPLETO
100
AcDbFaceRecord
 10
0.0
 20
0.0
 30
0.0
 70
128
 71
612
 72
607
 73
608
  0
VERTEX
  5
21F8
330
17
100
AcDbEntity
  8
ELEM_04_COMPLETO
100
AcDbFaceRecord
 10
0.0
 20
0.0
 30
0.0
 70
128
 71
611
 72
607
 73
612
  0
VERTEX
  5
21FC
330
17
100
AcDbEntity
  8
ELEM_04_COMPLETO
100
AcDbFaceRecord
 10
0.0
 20
0.0
 30
0.0
 70
128
 71
610
 72
612
 73
608
  0
VERTEX
  5
2200
330
17
100
AcDbEntity
  8
ELEM_04_COMPLETO
100
AcDbFaceRecord
 10
0.0
 20
0.0
 30
0.0
 70
128
 71
610
 72
608
 73
606
  0
VERTEX
  5
2204
330
17
100
AcDbEntity
  8
ELEM_04_COMPLETO
100
AcDbFaceRecord
 10
0.0
 20
0.0
 30
0.0
 70
128
 71
609
 72
613
 73
614
  0
VERTEX
  5
2208
330
17
100
AcDbEntity
  8
ELEM_04_COMPLETO
100
AcDbFaceRecord
 10
0.0
 20
0.0
 30
0.0
 70
128
 71
609
 72
614
 73
610
  0
VERTEX
  5
220C
330
17
100
AcDbEntity
  8
ELEM_04_COMPLETO
100
AcDbFaceRecord
 10
0.0
 20
0.0
 30
0.0
 70
128
 71
613
 72
609
 73
611
  0
VERTEX
  5
2210
330
17
100
AcDbEntity
  8
ELEM_04_COMPLETO
100
AcDbFaceRecord
 10
0.0
 20
0.0
 30
0.0
 70
128
 71
615
 72
613
 73
611
  0
VERTEX
  5
2214
330
17
100
AcDbEntity
  8
ELEM_04_COMPLETO
100
AcDbFaceRecord
 10
0.0
 20
0.0
 30
0.0
 70
128
 71
616
 72
611
 73
612
  0
VERTEX
  5
2218
330
17
100
AcDbEntity
  8
ELEM_04_COMPLETO
100
AcDbFaceRecord
 10
0.0
 20
0.0
 30
0.0
 70
128
 71
615
 72
611
 73
616
  0
VERTEX
  5
221C
330
17
100
AcDbEntity
  8
ELEM_04_COMPLETO
100
AcDbFaceRecord
 10
0.0
 20
0.0
 30
0.0
 70
128
 71
614
 72
616
 73
612
  0
VERTEX
  5
2220
330
17
100
AcDbEntity
  8
ELEM_04_COMPLETO
100
AcDbFaceRecord
 10
0.0
 20
0.0
 30
0.0
 70
128
 71
614
 72
612
 73
610
  0
VERTEX
  5
2224
330
17
100
AcDbEntity
  8
ELEM_04_COMPLETO
100
AcDbFaceRecord
 10
0.0
 20
0.0
 30
0.0
 70
128
 71
613
 72
617
 73
618
  0
VERTEX
  5
2228
330
17
100
AcDbEntity
  8
ELEM_04_COMPLETO
100
AcDbFaceRecord
 10
0.0
 20
0.0
 30
0.0
 70
128
 71
613
 72
618
 73
614
  0
VERTEX
  5
222C
330
17
100
AcDbEntity
  8
ELEM_04_COMPLETO
100
AcDbFaceRecord
 10
0.0
 20
0.0
 30
0.0
 70
128
 71
615
 72
617
 73
613
  0
VERTEX
  5
2230
330
17
100
AcDbEntity
  8
ELEM_04_COMPLETO
100
AcDbFaceRecord
 10
0.0
 20
0.0
 30
0.0
 70
128
 71
619
 72
617
 73
615
  0
VERTEX
  5
2234
330
17
100
AcDbEntity
  8
ELEM_04_COMPLETO
100
AcDbFaceRecord
 10
0.0
 20
0.0
 30
0.0
 70
128
 71
615
 72
616
 73
620
  0
VERTEX
  5
2238
330
17
100
AcDbEntity
  8
ELEM_04_COMPLETO
100
AcDbFaceRecord
 10
0.0
 20
0.0
 30
0.0
 70
128
 71
619
 72
615
 73
620
  0
VERTEX
  5
223C
330
17
100
AcDbEntity
  8
ELEM_04_COMPLETO
100
AcDbFaceRecord
 10
0.0
 20
0.0
 30
0.0
 70
128
 71
618
 72
620
 73
616
  0
VERTEX
  5
2240
330
17
100
AcDbEntity
  8
ELEM_04_COMPLETO
100
AcDbFaceRecord
 10
0.0
 20
0.0
 30
0.0
 70
128
 71
618
 72
616
 73
614
  0
VERTEX
  5
2244
330
17
100
AcDbEntity
  8
ELEM_04_COMPLETO
100
AcDbFaceRecord
 10
0.0
 20
0.0
 30
0.0
 70
128
 71
617
 72
621
 73
622
  0
VERTEX
  5
2248
330
17
100
AcDbEntity
  8
ELEM_04_COMPLETO
100
AcDbFaceRecord
 10
0.0
 20
0.0
 30
0.0
 70
128
 71
617
 72
622
 73
618
  0
VERTEX
  5
224C
330
17
100
AcDbEntity
  8
ELEM_04_COMPLETO
100
AcDbFaceRecord
 10
0.0
 20
0.0
 30
0.0
 70
128
 71
621
 72
617
 73
619
  0
VERTEX
  5
2250
330
17
100
AcDbEntity
  8
ELEM_04_COMPLETO
100
AcDbFaceRecord
 10
0.0
 20
0.0
 30
0.0
 70
128
 71
623
 72
621
 73
619
  0
VERTEX
  5
2254
330
17
100
AcDbEntity
  8
ELEM_04_COMPLETO
100
AcDbFaceRecord
 10
0.0
 20
0.0
 30
0.0
 70
128
 71
624
 72
619
 73
620
  0
VERTEX
  5
2258
330
17
100
AcDbEntity
  8
ELEM_04_COMPLETO
100
AcDbFaceRecord
 10
0.0
 20
0.0
 30
0.0
 70
128
 71
623
 72
619
 73
624
  0
VERTEX
  5
225C
330
17
100
AcDbEntity
  8
ELEM_04_COMPLETO
100
AcDbFaceRecord
 10
0.0
 20
0.0
 30
0.0
 70
128
 71
622
 72
624
 73
620
  0
VERTEX
  5
2260
330
17
100
AcDbEntity
  8
ELEM_04_COMPLETO
100
AcDbFaceRecord
 10
0.0
 20
0.0
 30
0.0
 70
128
 71
622
 72
620
 73
618
  0
VERTEX
  5
2264
330
17
100
AcDbEntity
  8
ELEM_04_COMPLETO
100
AcDbFaceRecord
 10
0.0
 20
0.0
 30
0.0
 70
128
 71
621
 72
625
 73
626
  0
VERTEX
  5
2268
330
17
100
AcDbEntity
  8
ELEM_04_COMPLETO
100
AcDbFaceRecord
 10
0.0
 20
0.0
 30
0.0
 70
128
 71
621
 72
626
 73
622
  0
VERTEX
  5
226C
330
17
100
AcDbEntity
  8
ELEM_04_COMPLETO
100
AcDbFaceRecord
 10
0.0
 20
0.0
 30
0.0
 70
128
 71
623
 72
625
 73
621
  0
VERTEX
  5
2270
330
17
100
AcDbEntity
  8
ELEM_04_COMPLETO
100
AcDbFaceRecord
 10
0.0
 20
0.0
 30
0.0
 70
128
 71
627
 72
625
 73
623
  0
VERTEX
  5
2274
330
17
100
AcDbEntity
  8
ELEM_04_COMPLETO
100
AcDbFaceRecord
 10
0.0
 20
0.0
 30
0.0
 70
128
 71
623
 72
624
 73
628
  0
VERTEX
  5
2278
330
17
100
AcDbEntity
  8
ELEM_04_COMPLETO
100
AcDbFaceRecord
 10
0.0
 20
0.0
 30
0.0
 70
128
 71
627
 72
623
 73
628
  0
VERTEX
  5
227C
330
17
100
AcDbEntity
  8
ELEM_04_COMPLETO
100
AcDbFaceRecord
 10
0.0
 20
0.0
 30
0.0
 70
128
 71
626
 72
628
 73
624
  0
VERTEX
  5
2280
330
17
100
AcDbEntity
  8
ELEM_04_COMPLETO
100
AcDbFaceRecord
 10
0.0
 20
0.0
 30
0.0
 70
128
 71
626
 72
624
 73
622
  0
VERTEX
  5
2284
330
17
100
AcDbEntity
  8
ELEM_04_COMPLETO
100
AcDbFaceRecord
 10
0.0
 20
0.0
 30
0.0
 70
128
 71
625
 72
629
 73
630
  0
VERTEX
  5
2288
330
17
100
AcDbEntity
  8
ELEM_04_COMPLETO
100
AcDbFaceRecord
 10
0.0
 20
0.0
 30
0.0
 70
128
 71
625
 72
630
 73
626
  0
VERTEX
  5
228C
330
17
100
AcDbEntity
  8
ELEM_04_COMPLETO
100
AcDbFaceRecord
 10
0.0
 20
0.0
 30
0.0
 70
128
 71
629
 72
625
 73
627
  0
VERTEX
  5
2290
330
17
100
AcDbEntity
  8
ELEM_04_COMPLETO
100
AcDbFaceRecord
 10
0.0
 20
0.0
 30
0.0
 70
128
 71
631
 72
629
 73
627
  0
VERTEX
  5
2294
330
17
100
AcDbEntity
  8
ELEM_04_COMPLETO
100
AcDbFaceRecord
 10
0.0
 20
0.0
 30
0.0
 70
128
 71
632
 72
627
 73
628
  0
VERTEX
  5
2298
330
17
100
AcDbEntity
  8
ELEM_04_COMPLETO
100
AcDbFaceRecord
 10
0.0
 20
0.0
 30
0.0
 70
128
 71
631
 72
627
 73
632
  0
VERTEX
  5
229C
330
17
100
AcDbEntity
  8
ELEM_04_COMPLETO
100
AcDbFaceRecord
 10
0.0
 20
0.0
 30
0.0
 70
128
 71
630
 72
632
 73
628
  0
VERTEX
  5
22A0
330
17
100
AcDbEntity
  8
ELEM_04_COMPLETO
100
AcDbFaceRecord
 10
0.0
 20
0.0
 30
0.0
 70
128
 71
630
 72
628
 73
626
  0
VERTEX
  5
22A4
330
17
100
AcDbEntity
  8
ELEM_04_COMPLETO
100
AcDbFaceRecord
 10
0.0
 20
0.0
 30
0.0
 70
128
 71
629
 72
633
 73
634
  0
VERTEX
  5
22A8
330
17
100
AcDbEntity
  8
ELEM_04_COMPLETO
100
AcDbFaceRecord
 10
0.0
 20
0.0
 30
0.0
 70
128
 71
629
 72
634
 73
630
  0
VERTEX
  5
22AC
330
17
100
AcDbEntity
  8
ELEM_04_COMPLETO
100
AcDbFaceRecord
 10
0.0
 20
0.0
 30
0.0
 70
128
 71
631
 72
633
 73
629
  0
VERTEX
  5
22B0
330
17
100
AcDbEntity
  8
ELEM_04_COMPLETO
100
AcDbFaceRecord
 10
0.0
 20
0.0
 30
0.0
 70
128
 71
635
 72
633
 73
631
  0
VERTEX
  5
22B4
330
17
100
AcDbEntity
  8
ELEM_04_COMPLETO
100
AcDbFaceRecord
 10
0.0
 20
0.0
 30
0.0
 70
128
 71
631
 72
632
 73
636
  0
VERTEX
  5
22B8
330
17
100
AcDbEntity
  8
ELEM_04_COMPLETO
100
AcDbFaceRecord
 10
0.0
 20
0.0
 30
0.0
 70
128
 71
635
 72
631
 73
636
  0
VERTEX
  5
22BC
330
17
100
AcDbEntity
  8
ELEM_04_COMPLETO
100
AcDbFaceRecord
 10
0.0
 20
0.0
 30
0.0
 70
128
 71
634
 72
636
 73
632
  0
VERTEX
  5
22C0
330
17
100
AcDbEntity
  8
ELEM_04_COMPLETO
100
AcDbFaceRecord
 10
0.0
 20
0.0
 30
0.0
 70
128
 71
634
 72
632
 73
630
  0
VERTEX
  5
22C4
330
17
100
AcDbEntity
  8
ELEM_04_COMPLETO
100
AcDbFaceRecord
 10
0.0
 20
0.0
 30
0.0
 70
128
 71
633
 72
637
 73
638
  0
VERTEX
  5
22C8
330
17
100
AcDbEntity
  8
ELEM_04_COMPLETO
100
AcDbFaceRecord
 10
0.0
 20
0.0
 30
0.0
 70
128
 71
633
 72
638
 73
634
  0
VERTEX
  5
22CC
330
17
100
AcDbEntity
  8
ELEM_04_COMPLETO
100
AcDbFaceRecord
 10
0.0
 20
0.0
 30
0.0
 70
128
 71
637
 72
633
 73
635
  0
VERTEX
  5
22D0
330
17
100
AcDbEntity
  8
ELEM_04_COMPLETO
100
AcDbFaceRecord
 10
0.0
 20
0.0
 30
0.0
 70
128
 71
639
 72
637
 73
635
  0
VERTEX
  5
22D4
330
17
100
AcDbEntity
  8
ELEM_04_COMPLETO
100
AcDbFaceRecord
 10
0.0
 20
0.0
 30
0.0
 70
128
 71
640
 72
635
 73
636
  0
VERTEX
  5
22D8
330
17
100
AcDbEntity
  8
ELEM_04_COMPLETO
100
AcDbFaceRecord
 10
0.0
 20
0.0
 30
0.0
 70
128
 71
639
 72
635
 73
640
  0
VERTEX
  5
22DC
330
17
100
AcDbEntity
  8
ELEM_04_COMPLETO
100
AcDbFaceRecord
 10
0.0
 20
0.0
 30
0.0
 70
128
 71
638
 72
640
 73
636
  0
VERTEX
  5
22E0
330
17
100
AcDbEntity
  8
ELEM_04_COMPLETO
100
AcDbFaceRecord
 10
0.0
 20
0.0
 30
0.0
 70
128
 71
638
 72
636
 73
634
  0
VERTEX
  5
22E4
330
17
100
AcDbEntity
  8
ELEM_04_COMPLETO
100
AcDbFaceRecord
 10
0.0
 20
0.0
 30
0.0
 70
128
 71
637
 72
641
 73
642
  0
VERTEX
  5
22E8
330
17
100
AcDbEntity
  8
ELEM_04_COMPLETO
100
AcDbFaceRecord
 10
0.0
 20
0.0
 30
0.0
 70
128
 71
637
 72
642
 73
638
  0
VERTEX
  5
22EC
330
17
100
AcDbEntity
  8
ELEM_04_COMPLETO
100
AcDbFaceRecord
 10
0.0
 20
0.0
 30
0.0
 70
128
 71
641
 72
637
 73
639
  0
VERTEX
  5
22F0
330
17
100
AcDbEntity
  8
ELEM_04_COMPLETO
100
AcDbFaceRecord
 10
0.0
 20
0.0
 30
0.0
 70
128
 71
643
 72
641
 73
639
  0
VERTEX
  5
22F4
330
17
100
AcDbEntity
  8
ELEM_04_COMPLETO
100
AcDbFaceRecord
 10
0.0
 20
0.0
 30
0.0
 70
128
 71
644
 72
639
 73
640
  0
VERTEX
  5
22F8
330
17
100
AcDbEntity
  8
ELEM_04_COMPLETO
100
AcDbFaceRecord
 10
0.0
 20
0.0
 30
0.0
 70
128
 71
643
 72
639
 73
644
  0
VERTEX
  5
22FC
330
17
100
AcDbEntity
  8
ELEM_04_COMPLETO
100
AcDbFaceRecord
 10
0.0
 20
0.0
 30
0.0
 70
128
 71
642
 72
644
 73
640
  0
VERTEX
  5
2300
330
17
100
AcDbEntity
  8
ELEM_04_COMPLETO
100
AcDbFaceRecord
 10
0.0
 20
0.0
 30
0.0
 70
128
 71
642
 72
640
 73
638
  0
VERTEX
  5
2304
330
17
100
AcDbEntity
  8
ELEM_04_COMPLETO
100
AcDbFaceRecord
 10
0.0
 20
0.0
 30
0.0
 70
128
 71
641
 72
645
 73
646
  0
VERTEX
  5
2308
330
17
100
AcDbEntity
  8
ELEM_04_COMPLETO
100
AcDbFaceRecord
 10
0.0
 20
0.0
 30
0.0
 70
128
 71
641
 72
646
 73
642
  0
VERTEX
  5
230C
330
17
100
AcDbEntity
  8
ELEM_04_COMPLETO
100
AcDbFaceRecord
 10
0.0
 20
0.0
 30
0.0
 70
128
 71
643
 72
645
 73
641
  0
VERTEX
  5
2310
330
17
100
AcDbEntity
  8
ELEM_04_COMPLETO
100
AcDbFaceRecord
 10
0.0
 20
0.0
 30
0.0
 70
128
 71
647
 72
645
 73
643
  0
VERTEX
  5
2314
330
17
100
AcDbEntity
  8
ELEM_04_COMPLETO
100
AcDbFaceRecord
 10
0.0
 20
0.0
 30
0.0
 70
128
 71
648
 72
643
 73
644
  0
VERTEX
  5
2318
330
17
100
AcDbEntity
  8
ELEM_04_COMPLETO
100
AcDbFaceRecord
 10
0.0
 20
0.0
 30
0.0
 70
128
 71
647
 72
643
 73
648
  0
VERTEX
  5
231C
330
17
100
AcDbEntity
  8
ELEM_04_COMPLETO
100
AcDbFaceRecord
 10
0.0
 20
0.0
 30
0.0
 70
128
 71
646
 72
648
 73
644
  0
VERTEX
  5
2320
330
17
100
AcDbEntity
  8
ELEM_04_COMPLETO
100
AcDbFaceRecord
 10
0.0
 20
0.0
 30
0.0
 70
128
 71
646
 72
644
 73
642
  0
VERTEX
  5
2324
330
17
100
AcDbEntity
  8
ELEM_04_COMPLETO
100
AcDbFaceRecord
 10
0.0
 20
0.0
 30
0.0
 70
128
 71
645
 72
649
 73
650
  0
VERTEX
  5
2328
330
17
100
AcDbEntity
  8
ELEM_04_COMPLETO
100
AcDbFaceRecord
 10
0.0
 20
0.0
 30
0.0
 70
128
 71
645
 72
650
 73
646
  0
VERTEX
  5
232C
330
17
100
AcDbEntity
  8
ELEM_04_COMPLETO
100
AcDbFaceRecord
 10
0.0
 20
0.0
 30
0.0
 70
128
 71
647
 72
649
 73
645
  0
VERTEX
  5
2330
330
17
100
AcDbEntity
  8
ELEM_04_COMPLETO
100
AcDbFaceRecord
 10
0.0
 20
0.0
 30
0.0
 70
128
 71
651
 72
649
 73
647
  0
VERTEX
  5
2334
330
17
100
AcDbEntity
  8
ELEM_04_COMPLETO
100
AcDbFaceRecord
 10
0.0
 20
0.0
 30
0.0
 70
128
 71
647
 72
648
 73
652
  0
VERTEX
  5
2338
330
17
100
AcDbEntity
  8
ELEM_04_COMPLETO
100
AcDbFaceRecord
 10
0.0
 20
0.0
 30
0.0
 70
128
 71
651
 72
647
 73
652
  0
VERTEX
  5
233C
330
17
100
AcDbEntity
  8
ELEM_04_COMPLETO
100
AcDbFaceRecord
 10
0.0
 20
0.0
 30
0.0
 70
128
 71
650
 72
652
 73
648
  0
VERTEX
  5
2340
330
17
100
AcDbEntity
  8
ELEM_04_COMPLETO
100
AcDbFaceRecord
 10
0.0
 20
0.0
 30
0.0
 70
128
 71
650
 72
648
 73
646
  0
VERTEX
  5
2344
330
17
100
AcDbEntity
  8
ELEM_04_COMPLETO
100
AcDbFaceRecord
 10
0.0
 20
0.0
 30
0.0
 70
128
 71
649
 72
653
 73
654
  0
VERTEX
  5
2348
330
17
100
AcDbEntity
  8
ELEM_04_COMPLETO
100
AcDbFaceRecord
 10
0.0
 20
0.0
 30
0.0
 70
128
 71
649
 72
654
 73
650
  0
VERTEX
  5
234C
330
17
100
AcDbEntity
  8
ELEM_04_COMPLETO
100
AcDbFaceRecord
 10
0.0
 20
0.0
 30
0.0
 70
128
 71
651
 72
653
 73
649
  0
VERTEX
  5
2350
330
17
100
AcDbEntity
  8
ELEM_04_COMPLETO
100
AcDbFaceRecord
 10
0.0
 20
0.0
 30
0.0
 70
128
 71
655
 72
653
 73
651
  0
VERTEX
  5
2354
330
17
100
AcDbEntity
  8
ELEM_04_COMPLETO
100
AcDbFaceRecord
 10
0.0
 20
0.0
 30
0.0
 70
128
 71
651
 72
652
 73
656
  0
VERTEX
  5
2358
330
17
100
AcDbEntity
  8
ELEM_04_COMPLETO
100
AcDbFaceRecord
 10
0.0
 20
0.0
 30
0.0
 70
128
 71
655
 72
651
 73
656
  0
VERTEX
  5
235C
330
17
100
AcDbEntity
  8
ELEM_04_COMPLETO
100
AcDbFaceRecord
 10
0.0
 20
0.0
 30
0.0
 70
128
 71
654
 72
656
 73
652
  0
VERTEX
  5
2360
330
17
100
AcDbEntity
  8
ELEM_04_COMPLETO
100
AcDbFaceRecord
 10
0.0
 20
0.0
 30
0.0
 70
128
 71
654
 72
652
 73
650
  0
VERTEX
  5
2364
330
17
100
AcDbEntity
  8
ELEM_04_COMPLETO
100
AcDbFaceRecord
 10
0.0
 20
0.0
 30
0.0
 70
128
 71
653
 72
657
 73
658
  0
VERTEX
  5
2368
330
17
100
AcDbEntity
  8
ELEM_04_COMPLETO
100
AcDbFaceRecord
 10
0.0
 20
0.0
 30
0.0
 70
128
 71
653
 72
658
 73
654
  0
VERTEX
  5
236C
330
17
100
AcDbEntity
  8
ELEM_04_COMPLETO
100
AcDbFaceRecord
 10
0.0
 20
0.0
 30
0.0
 70
128
 71
657
 72
653
 73
655
  0
VERTEX
  5
2370
330
17
100
AcDbEntity
  8
ELEM_04_COMPLETO
100
AcDbFaceRecord
 10
0.0
 20
0.0
 30
0.0
 70
128
 71
659
 72
657
 73
655
  0
VERTEX
  5
2374
330
17
100
AcDbEntity
  8
ELEM_04_COMPLETO
100
AcDbFaceRecord
 10
0.0
 20
0.0
 30
0.0
 70
128
 71
660
 72
655
 73
656
  0
VERTEX
  5
2378
330
17
100
AcDbEntity
  8
ELEM_04_COMPLETO
100
AcDbFaceRecord
 10
0.0
 20
0.0
 30
0.0
 70
128
 71
659
 72
655
 73
660
  0
VERTEX
  5
237C
330
17
100
AcDbEntity
  8
ELEM_04_COMPLETO
100
AcDbFaceRecord
 10
0.0
 20
0.0
 30
0.0
 70
128
 71
658
 72
660
 73
656
  0
VERTEX
  5
2380
330
17
100
AcDbEntity
  8
ELEM_04_COMPLETO
100
AcDbFaceRecord
 10
0.0
 20
0.0
 30
0.0
 70
128
 71
658
 72
656
 73
654
  0
VERTEX
  5
2384
330
17
100
AcDbEntity
  8
ELEM_04_COMPLETO
100
AcDbFaceRecord
 10
0.0
 20
0.0
 30
0.0
 70
128
 71
657
 72
661
 73
662
  0
VERTEX
  5
2388
330
17
100
AcDbEntity
  8
ELEM_04_COMPLETO
100
AcDbFaceRecord
 10
0.0
 20
0.0
 30
0.0
 70
128
 71
657
 72
662
 73
658
  0
VERTEX
  5
238C
330
17
100
AcDbEntity
  8
ELEM_04_COMPLETO
100
AcDbFaceRecord
 10
0.0
 20
0.0
 30
0.0
 70
128
 71
659
 72
661
 73
657
  0
VERTEX
  5
2390
330
17
100
AcDbEntity
  8
ELEM_04_COMPLETO
100
AcDbFaceRecord
 10
0.0
 20
0.0
 30
0.0
 70
128
 71
663
 72
661
 73
659
  0
VERTEX
  5
2394
330
17
100
AcDbEntity
  8
ELEM_04_COMPLETO
100
AcDbFaceRecord
 10
0.0
 20
0.0
 30
0.0
 70
128
 71
664
 72
659
 73
660
  0
VERTEX
  5
2398
330
17
100
AcDbEntity
  8
ELEM_04_COMPLETO
100
AcDbFaceRecord
 10
0.0
 20
0.0
 30
0.0
 70
128
 71
663
 72
659
 73
664
  0
VERTEX
  5
239C
330
17
100
AcDbEntity
  8
ELEM_04_COMPLETO
100
AcDbFaceRecord
 10
0.0
 20
0.0
 30
0.0
 70
128
 71
662
 72
664
 73
660
  0
VERTEX
  5
23A0
330
17
100
AcDbEntity
  8
ELEM_04_COMPLETO
100
AcDbFaceRecord
 10
0.0
 20
0.0
 30
0.0
 70
128
 71
662
 72
660
 73
658
  0
VERTEX
  5
23A4
330
17
100
AcDbEntity
  8
ELEM_04_COMPLETO
100
AcDbFaceRecord
 10
0.0
 20
0.0
 30
0.0
 70
128
 71
661
 72
665
 73
666
  0
VERTEX
  5
23A8
330
17
100
AcDbEntity
  8
ELEM_04_COMPLETO
100
AcDbFaceRecord
 10
0.0
 20
0.0
 30
0.0
 70
128
 71
661
 72
666
 73
662
  0
VERTEX
  5
23AC
330
17
100
AcDbEntity
  8
ELEM_04_COMPLETO
100
AcDbFaceRecord
 10
0.0
 20
0.0
 30
0.0
 70
128
 71
663
 72
665
 73
661
  0
VERTEX
  5
23B0
330
17
100
AcDbEntity
  8
ELEM_04_COMPLETO
100
AcDbFaceRecord
 10
0.0
 20
0.0
 30
0.0
 70
128
 71
667
 72
665
 73
663
  0
VERTEX
  5
23B4
330
17
100
AcDbEntity
  8
ELEM_04_COMPLETO
100
AcDbFaceRecord
 10
0.0
 20
0.0
 30
0.0
 70
128
 71
668
 72
663
 73
664
  0
VERTEX
  5
23B8
330
17
100
AcDbEntity
  8
ELEM_04_COMPLETO
100
AcDbFaceRecord
 10
0.0
 20
0.0
 30
0.0
 70
128
 71
667
 72
663
 73
668
  0
VERTEX
  5
23BC
330
17
100
AcDbEntity
  8
ELEM_04_COMPLETO
100
AcDbFaceRecord
 10
0.0
 20
0.0
 30
0.0
 70
128
 71
666
 72
668
 73
664
  0
VERTEX
  5
23C0
330
17
100
AcDbEntity
  8
ELEM_04_COMPLETO
100
AcDbFaceRecord
 10
0.0
 20
0.0
 30
0.0
 70
128
 71
666
 72
664
 73
662
  0
VERTEX
  5
23C4
330
17
100
AcDbEntity
  8
ELEM_04_COMPLETO
100
AcDbFaceRecord
 10
0.0
 20
0.0
 30
0.0
 70
128
 71
665
 72
669
 73
670
  0
VERTEX
  5
23C8
330
17
100
AcDbEntity
  8
ELEM_04_COMPLETO
100
AcDbFaceRecord
 10
0.0
 20
0.0
 30
0.0
 70
128
 71
665
 72
670
 73
666
  0
VERTEX
  5
23CC
330
17
100
AcDbEntity
  8
ELEM_04_COMPLETO
100
AcDbFaceRecord
 10
0.0
 20
0.0
 30
0.0
 70
128
 71
667
 72
669
 73
665
  0
VERTEX
  5
23D0
330
17
100
AcDbEntity
  8
ELEM_04_COMPLETO
100
AcDbFaceRecord
 10
0.0
 20
0.0
 30
0.0
 70
128
 71
671
 72
669
 73
667
  0
VERTEX
  5
23D4
330
17
100
AcDbEntity
  8
ELEM_04_COMPLETO
100
AcDbFaceRecord
 10
0.0
 20
0.0
 30
0.0
 70
128
 71
672
 72
667
 73
668
  0
VERTEX
  5
23D8
330
17
100
AcDbEntity
  8
ELEM_04_COMPLETO
100
AcDbFaceRecord
 10
0.0
 20
0.0
 30
0.0
 70
128
 71
671
 72
667
 73
672
  0
VERTEX
  5
23DC
330
17
100
AcDbEntity
  8
ELEM_04_COMPLETO
100
AcDbFaceRecord
 10
0.0
 20
0.0
 30
0.0
 70
128
 71
670
 72
672
 73
668
  0
VERTEX
  5
23E0
330
17
100
AcDbEntity
  8
ELEM_04_COMPLETO
100
AcDbFaceRecord
 10
0.0
 20
0.0
 30
0.0
 70
128
 71
670
 72
668
 73
666
  0
VERTEX
  5
23E4
330
17
100
AcDbEntity
  8
ELEM_04_COMPLETO
100
AcDbFaceRecord
 10
0.0
 20
0.0
 30
0.0
 70
128
 71
669
 72
673
 73
674
  0
VERTEX
  5
23E8
330
17
100
AcDbEntity
  8
ELEM_04_COMPLETO
100
AcDbFaceRecord
 10
0.0
 20
0.0
 30
0.0
 70
128
 71
669
 72
674
 73
670
  0
VERTEX
  5
23EC
330
17
100
AcDbEntity
  8
ELEM_04_COMPLETO
100
AcDbFaceRecord
 10
0.0
 20
0.0
 30
0.0
 70
128
 71
673
 72
669
 73
671
  0
VERTEX
  5
23F0
330
17
100
AcDbEntity
  8
ELEM_04_COMPLETO
100
AcDbFaceRecord
 10
0.0
 20
0.0
 30
0.0
 70
128
 71
675
 72
673
 73
671
  0
VERTEX
  5
23F4
330
17
100
AcDbEntity
  8
ELEM_04_COMPLETO
100
AcDbFaceRecord
 10
0.0
 20
0.0
 30
0.0
 70
128
 71
676
 72
671
 73
672
  0
VERTEX
  5
23F8
330
17
100
AcDbEntity
  8
ELEM_04_COMPLETO
100
AcDbFaceRecord
 10
0.0
 20
0.0
 30
0.0
 70
128
 71
675
 72
671
 73
676
  0
VERTEX
  5
23FC
330
17
100
AcDbEntity
  8
ELEM_04_COMPLETO
100
AcDbFaceRecord
 10
0.0
 20
0.0
 30
0.0
 70
128
 71
674
 72
676
 73
672
  0
VERTEX
  5
2400
330
17
100
AcDbEntity
  8
ELEM_04_COMPLETO
100
AcDbFaceRecord
 10
0.0
 20
0.0
 30
0.0
 70
128
 71
674
 72
672
 73
670
  0
VERTEX
  5
2404
330
17
100
AcDbEntity
  8
ELEM_04_COMPLETO
100
AcDbFaceRecord
 10
0.0
 20
0.0
 30
0.0
 70
128
 71
673
 72
677
 73
678
  0
VERTEX
  5
2408
330
17
100
AcDbEntity
  8
ELEM_04_COMPLETO
100
AcDbFaceRecord
 10
0.0
 20
0.0
 30
0.0
 70
128
 71
673
 72
678
 73
674
  0
VERTEX
  5
240C
330
17
100
AcDbEntity
  8
ELEM_04_COMPLETO
100
AcDbFaceRecord
 10
0.0
 20
0.0
 30
0.0
 70
128
 71
677
 72
673
 73
675
  0
VERTEX
  5
2410
330
17
100
AcDbEntity
  8
ELEM_04_COMPLETO
100
AcDbFaceRecord
 10
0.0
 20
0.0
 30
0.0
 70
128
 71
679
 72
677
 73
675
  0
VERTEX
  5
2414
330
17
100
AcDbEntity
  8
ELEM_04_COMPLETO
100
AcDbFaceRecord
 10
0.0
 20
0.0
 30
0.0
 70
128
 71
680
 72
675
 73
676
  0
VERTEX
  5
2418
330
17
100
AcDbEntity
  8
ELEM_04_COMPLETO
100
AcDbFaceRecord
 10
0.0
 20
0.0
 30
0.0
 70
128
 71
679
 72
675
 73
680
  0
VERTEX
  5
241C
330
17
100
AcDbEntity
  8
ELEM_04_COMPLETO
100
AcDbFaceRecord
 10
0.0
 20
0.0
 30
0.0
 70
128
 71
678
 72
680
 73
676
  0
VERTEX
  5
2420
330
17
100
AcDbEntity
  8
ELEM_04_COMPLETO
100
AcDbFaceRecord
 10
0.0
 20
0.0
 30
0.0
 70
128
 71
678
 72
676
 73
674
  0
VERTEX
  5
2424
330
17
100
AcDbEntity
  8
ELEM_04_COMPLETO
100
AcDbFaceRecord
 10
0.0
 20
0.0
 30
0.0
 70
128
 71
677
 72
681
 73
682
  0
VERTEX
  5
2428
330
17
100
AcDbEntity
  8
ELEM_04_COMPLETO
100
AcDbFaceRecord
 10
0.0
 20
0.0
 30
0.0
 70
128
 71
677
 72
682
 73
678
  0
VERTEX
  5
242C
330
17
100
AcDbEntity
  8
ELEM_04_COMPLETO
100
AcDbFaceRecord
 10
0.0
 20
0.0
 30
0.0
 70
128
 71
679
 72
681
 73
677
  0
VERTEX
  5
2430
330
17
100
AcDbEntity
  8
ELEM_04_COMPLETO
100
AcDbFaceRecord
 10
0.0
 20
0.0
 30
0.0
 70
128
 71
683
 72
681
 73
679
  0
VERTEX
  5
2434
330
17
100
AcDbEntity
  8
ELEM_04_COMPLETO
100
AcDbFaceRecord
 10
0.0
 20
0.0
 30
0.0
 70
128
 71
684
 72
679
 73
680
  0
VERTEX
  5
2438
330
17
100
AcDbEntity
  8
ELEM_04_COMPLETO
100
AcDbFaceRecord
 10
0.0
 20
0.0
 30
0.0
 70
128
 71
683
 72
679
 73
684
  0
VERTEX
  5
243C
330
17
100
AcDbEntity
  8
ELEM_04_COMPLETO
100
AcDbFaceRecord
 10
0.0
 20
0.0
 30
0.0
 70
128
 71
682
 72
684
 73
680
  0
VERTEX
  5
2440
330
17
100
AcDbEntity
  8
ELEM_04_COMPLETO
100
AcDbFaceRecord
 10
0.0
 20
0.0
 30
0.0
 70
128
 71
682
 72
680
 73
678
  0
VERTEX
  5
2444
330
17
100
AcDbEntity
  8
ELEM_04_COMPLETO
100
AcDbFaceRecord
 10
0.0
 20
0.0
 30
0.0
 70
128
 71
681
 72
685
 73
686
  0
VERTEX
  5
2448
330
17
100
AcDbEntity
  8
ELEM_04_COMPLETO
100
AcDbFaceRecord
 10
0.0
 20
0.0
 30
0.0
 70
128
 71
681
 72
686
 73
682
  0
VERTEX
  5
244C
330
17
100
AcDbEntity
  8
ELEM_04_COMPLETO
100
AcDbFaceRecord
 10
0.0
 20
0.0
 30
0.0
 70
128
 71
685
 72
681
 73
683
  0
VERTEX
  5
2450
330
17
100
AcDbEntity
  8
ELEM_04_COMPLETO
100
AcDbFaceRecord
 10
0.0
 20
0.0
 30
0.0
 70
128
 71
687
 72
685
 73
683
  0
VERTEX
  5
2454
330
17
100
AcDbEntity
  8
ELEM_04_COMPLETO
100
AcDbFaceRecord
 10
0.0
 20
0.0
 30
0.0
 70
128
 71
688
 72
683
 73
684
  0
VERTEX
  5
2458
330
17
100
AcDbEntity
  8
ELEM_04_COMPLETO
100
AcDbFaceRecord
 10
0.0
 20
0.0
 30
0.0
 70
128
 71
687
 72
683
 73
688
  0
VERTEX
  5
245C
330
17
100
AcDbEntity
  8
ELEM_04_COMPLETO
100
AcDbFaceRecord
 10
0.0
 20
0.0
 30
0.0
 70
128
 71
686
 72
688
 73
684
  0
VERTEX
  5
2460
330
17
100
AcDbEntity
  8
ELEM_04_COMPLETO
100
AcDbFaceRecord
 10
0.0
 20
0.0
 30
0.0
 70
128
 71
686
 72
684
 73
682
  0
VERTEX
  5
2464
330
17
100
AcDbEntity
  8
ELEM_04_COMPLETO
100
AcDbFaceRecord
 10
0.0
 20
0.0
 30
0.0
 70
128
 71
685
 72
689
 73
690
  0
VERTEX
  5
2468
330
17
100
AcDbEntity
  8
ELEM_04_COMPLETO
100
AcDbFaceRecord
 10
0.0
 20
0.0
 30
0.0
 70
128
 71
685
 72
690
 73
686
  0
VERTEX
  5
246C
330
17
100
AcDbEntity
  8
ELEM_04_COMPLETO
100
AcDbFaceRecord
 10
0.0
 20
0.0
 30
0.0
 70
128
 71
689
 72
685
 73
687
  0
VERTEX
  5
2470
330
17
100
AcDbEntity
  8
ELEM_04_COMPLETO
100
AcDbFaceRecord
 10
0.0
 20
0.0
 30
0.0
 70
128
 71
691
 72
689
 73
687
  0
VERTEX
  5
2474
330
17
100
AcDbEntity
  8
ELEM_04_COMPLETO
100
AcDbFaceRecord
 10
0.0
 20
0.0
 30
0.0
 70
128
 71
692
 72
687
 73
688
  0
VERTEX
  5
2478
330
17
100
AcDbEntity
  8
ELEM_04_COMPLETO
100
AcDbFaceRecord
 10
0.0
 20
0.0
 30
0.0
 70
128
 71
691
 72
687
 73
692
  0
VERTEX
  5
247C
330
17
100
AcDbEntity
  8
ELEM_04_COMPLETO
100
AcDbFaceRecord
 10
0.0
 20
0.0
 30
0.0
 70
128
 71
690
 72
692
 73
688
  0
VERTEX
  5
2480
330
17
100
AcDbEntity
  8
ELEM_04_COMPLETO
100
AcDbFaceRecord
 10
0.0
 20
0.0
 30
0.0
 70
128
 71
690
 72
688
 73
686
  0
VERTEX
  5
2484
330
17
100
AcDbEntity
  8
ELEM_04_COMPLETO
100
AcDbFaceRecord
 10
0.0
 20
0.0
 30
0.0
 70
128
 71
689
 72
693
 73
694
  0
VERTEX
  5
2488
330
17
100
AcDbEntity
  8
ELEM_04_COMPLETO
100
AcDbFaceRecord
 10
0.0
 20
0.0
 30
0.0
 70
128
 71
689
 72
694
 73
690
  0
VERTEX
  5
248C
330
17
100
AcDbEntity
  8
ELEM_04_COMPLETO
100
AcDbFaceRecord
 10
0.0
 20
0.0
 30
0.0
 70
128
 71
691
 72
693
 73
689
  0
VERTEX
  5
2490
330
17
100
AcDbEntity
  8
ELEM_04_COMPLETO
100
AcDbFaceRecord
 10
0.0
 20
0.0
 30
0.0
 70
128
 71
695
 72
693
 73
691
  0
VERTEX
  5
2494
330
17
100
AcDbEntity
  8
ELEM_04_COMPLETO
100
AcDbFaceRecord
 10
0.0
 20
0.0
 30
0.0
 70
128
 71
696
 72
691
 73
692
  0
VERTEX
  5
2498
330
17
100
AcDbEntity
  8
ELEM_04_COMPLETO
100
AcDbFaceRecord
 10
0.0
 20
0.0
 30
0.0
 70
128
 71
695
 72
691
 73
696
  0
VERTEX
  5
249C
330
17
100
AcDbEntity
  8
ELEM_04_COMPLETO
100
AcDbFaceRecord
 10
0.0
 20
0.0
 30
0.0
 70
128
 71
694
 72
696
 73
692
  0
VERTEX
  5
24A0
330
17
100
AcDbEntity
  8
ELEM_04_COMPLETO
100
AcDbFaceRecord
 10
0.0
 20
0.0
 30
0.0
 70
128
 71
694
 72
692
 73
690
  0
VERTEX
  5
24A4
330
17
100
AcDbEntity
  8
ELEM_04_COMPLETO
100
AcDbFaceRecord
 10
0.0
 20
0.0
 30
0.0
 70
128
 71
693
 72
697
 73
698
  0
VERTEX
  5
24A8
330
17
100
AcDbEntity
  8
ELEM_04_COMPLETO
100
AcDbFaceRecord
 10
0.0
 20
0.0
 30
0.0
 70
128
 71
693
 72
698
 73
694
  0
VERTEX
  5
24AC
330
17
100
AcDbEntity
  8
ELEM_04_COMPLETO
100
AcDbFaceRecord
 10
0.0
 20
0.0
 30
0.0
 70
128
 71
695
 72
697
 73
693
  0
VERTEX
  5
24B0
330
17
100
AcDbEntity
  8
ELEM_04_COMPLETO
100
AcDbFaceRecord
 10
0.0
 20
0.0
 30
0.0
 70
128
 71
699
 72
697
 73
695
  0
VERTEX
  5
24B4
330
17
100
AcDbEntity
  8
ELEM_04_COMPLETO
100
AcDbFaceRecord
 10
0.0
 20
0.0
 30
0.0
 70
128
 71
695
 72
696
 73
700
  0
VERTEX
  5
24B8
330
17
100
AcDbEntity
  8
ELEM_04_COMPLETO
100
AcDbFaceRecord
 10
0.0
 20
0.0
 30
0.0
 70
128
 71
699
 72
695
 73
700
  0
VERTEX
  5
24BC
330
17
100
AcDbEntity
  8
ELEM_04_COMPLETO
100
AcDbFaceRecord
 10
0.0
 20
0.0
 30
0.0
 70
128
 71
698
 72
700
 73
696
  0
VERTEX
  5
24C0
330
17
100
AcDbEntity
  8
ELEM_04_COMPLETO
100
AcDbFaceRecord
 10
0.0
 20
0.0
 30
0.0
 70
128
 71
698
 72
696
 73
694
  0
VERTEX
  5
24C4
330
17
100
AcDbEntity
  8
ELEM_04_COMPLETO
100
AcDbFaceRecord
 10
0.0
 20
0.0
 30
0.0
 70
128
 71
697
 72
701
 73
702
  0
VERTEX
  5
24C8
330
17
100
AcDbEntity
  8
ELEM_04_COMPLETO
100
AcDbFaceRecord
 10
0.0
 20
0.0
 30
0.0
 70
128
 71
697
 72
702
 73
698
  0
VERTEX
  5
24CC
330
17
100
AcDbEntity
  8
ELEM_04_COMPLETO
100
AcDbFaceRecord
 10
0.0
 20
0.0
 30
0.0
 70
128
 71
701
 72
697
 73
699
  0
VERTEX
  5
24D0
330
17
100
AcDbEntity
  8
ELEM_04_COMPLETO
100
AcDbFaceRecord
 10
0.0
 20
0.0
 30
0.0
 70
128
 71
703
 72
701
 73
699
  0
VERTEX
  5
24D4
330
17
100
AcDbEntity
  8
ELEM_04_COMPLETO
100
AcDbFaceRecord
 10
0.0
 20
0.0
 30
0.0
 70
128
 71
704
 72
699
 73
700
  0
VERTEX
  5
24D8
330
17
100
AcDbEntity
  8
ELEM_04_COMPLETO
100
AcDbFaceRecord
 10
0.0
 20
0.0
 30
0.0
 70
128
 71
703
 72
699
 73
704
  0
VERTEX
  5
24DC
330
17
100
AcDbEntity
  8
ELEM_04_COMPLETO
100
AcDbFaceRecord
 10
0.0
 20
0.0
 30
0.0
 70
128
 71
702
 72
704
 73
700
  0
VERTEX
  5
24E0
330
17
100
AcDbEntity
  8
ELEM_04_COMPLETO
100
AcDbFaceRecord
 10
0.0
 20
0.0
 30
0.0
 70
128
 71
702
 72
700
 73
698
  0
VERTEX
  5
24E4
330
17
100
AcDbEntity
  8
ELEM_04_COMPLETO
100
AcDbFaceRecord
 10
0.0
 20
0.0
 30
0.0
 70
128
 71
702
 72
705
 73
706
  0
VERTEX
  5
24E8
330
17
100
AcDbEntity
  8
ELEM_04_COMPLETO
100
AcDbFaceRecord
 10
0.0
 20
0.0
 30
0.0
 70
128
 71
701
 72
705
 73
702
  0
VERTEX
  5
24EC
330
17
100
AcDbEntity
  8
ELEM_04_COMPLETO
100
AcDbFaceRecord
 10
0.0
 20
0.0
 30
0.0
 70
128
 71
703
 72
705
 73
701
  0
VERTEX
  5
24F0
330
17
100
AcDbEntity
  8
ELEM_04_COMPLETO
100
AcDbFaceRecord
 10
0.0
 20
0.0
 30
0.0
 70
128
 71
707
 72
705
 73
703
  0
VERTEX
  5
24F4
330
17
100
AcDbEntity
  8
ELEM_04_COMPLETO
100
AcDbFaceRecord
 10
0.0
 20
0.0
 30
0.0
 70
128
 71
708
 72
703
 73
704
  0
VERTEX
  5
24F8
330
17
100
AcDbEntity
  8
ELEM_04_COMPLETO
100
AcDbFaceRecord
 10
0.0
 20
0.0
 30
0.0
 70
128
 71
707
 72
703
 73
708
  0
VERTEX
  5
24FC
330
17
100
AcDbEntity
  8
ELEM_04_COMPLETO
100
AcDbFaceRecord
 10
0.0
 20
0.0
 30
0.0
 70
128
 71
706
 72
708
 73
704
  0
VERTEX
  5
2500
330
17
100
AcDbEntity
  8
ELEM_04_COMPLETO
100
AcDbFaceRecord
 10
0.0
 20
0.0
 30
0.0
 70
128
 71
706
 72
704
 73
702
  0
VERTEX
  5
2504
330
17
100
AcDbEntity
  8
ELEM_04_COMPLETO
100
AcDbFaceRecord
 10
0.0
 20
0.0
 30
0.0
 70
128
 71
706
 72
709
 73
710
  0
VERTEX
  5
2508
330
17
100
AcDbEntity
  8
ELEM_04_COMPLETO
100
AcDbFaceRecord
 10
0.0
 20
0.0
 30
0.0
 70
128
 71
705
 72
709
 73
706
  0
VERTEX
  5
250C
330
17
100
AcDbEntity
  8
ELEM_04_COMPLETO
100
AcDbFaceRecord
 10
0.0
 20
0.0
 30
0.0
 70
128
 71
707
 72
709
 73
705
  0
VERTEX
  5
2510
330
17
100
AcDbEntity
  8
ELEM_04_COMPLETO
100
AcDbFaceRecord
 10
0.0
 20
0.0
 30
0.0
 70
128
 71
711
 72
709
 73
707
  0
VERTEX
  5
2514
330
17
100
AcDbEntity
  8
ELEM_04_COMPLETO
100
AcDbFaceRecord
 10
0.0
 20
0.0
 30
0.0
 70
128
 71
712
 72
707
 73
708
  0
VERTEX
  5
2518
330
17
100
AcDbEntity
  8
ELEM_04_COMPLETO
100
AcDbFaceRecord
 10
0.0
 20
0.0
 30
0.0
 70
128
 71
711
 72
707
 73
712
  0
VERTEX
  5
251C
330
17
100
AcDbEntity
  8
ELEM_04_COMPLETO
100
AcDbFaceRecord
 10
0.0
 20
0.0
 30
0.0
 70
128
 71
710
 72
712
 73
708
  0
VERTEX
  5
2520
330
17
100
AcDbEntity
  8
ELEM_04_COMPLETO
100
AcDbFaceRecord
 10
0.0
 20
0.0
 30
0.0
 70
128
 71
710
 72
708
 73
706
  0
VERTEX
  5
2524
330
17
100
AcDbEntity
  8
ELEM_04_COMPLETO
100
AcDbFaceRecord
 10
0.0
 20
0.0
 30
0.0
 70
128
 71
710
 72
713
 73
714
  0
VERTEX
  5
2528
330
17
100
AcDbEntity
  8
ELEM_04_COMPLETO
100
AcDbFaceRecord
 10
0.0
 20
0.0
 30
0.0
 70
128
 71
709
 72
713
 73
710
  0
VERTEX
  5
252C
330
17
100
AcDbEntity
  8
ELEM_04_COMPLETO
100
AcDbFaceRecord
 10
0.0
 20
0.0
 30
0.0
 70
128
 71
711
 72
713
 73
709
  0
VERTEX
  5
2530
330
17
100
AcDbEntity
  8
ELEM_04_COMPLETO
100
AcDbFaceRecord
 10
0.0
 20
0.0
 30
0.0
 70
128
 71
715
 72
713
 73
711
  0
VERTEX
  5
2534
330
17
100
AcDbEntity
  8
ELEM_04_COMPLETO
100
AcDbFaceRecord
 10
0.0
 20
0.0
 30
0.0
 70
128
 71
716
 72
711
 73
712
  0
VERTEX
  5
2538
330
17
100
AcDbEntity
  8
ELEM_04_COMPLETO
100
AcDbFaceRecord
 10
0.0
 20
0.0
 30
0.0
 70
128
 71
715
 72
711
 73
716
  0
VERTEX
  5
253C
330
17
100
AcDbEntity
  8
ELEM_04_COMPLETO
100
AcDbFaceRecord
 10
0.0
 20
0.0
 30
0.0
 70
128
 71
714
 72
716
 73
712
  0
VERTEX
  5
2540
330
17
100
AcDbEntity
  8
ELEM_04_COMPLETO
100
AcDbFaceRecord
 10
0.0
 20
0.0
 30
0.0
 70
128
 71
714
 72
712
 73
710
  0
VERTEX
  5
2544
330
17
100
AcDbEntity
  8
ELEM_04_COMPLETO
100
AcDbFaceRecord
 10
0.0
 20
0.0
 30
0.0
 70
128
 71
714
 72
717
 73
718
  0
VERTEX
  5
2548
330
17
100
AcDbEntity
  8
ELEM_04_COMPLETO
100
AcDbFaceRecord
 10
0.0
 20
0.0
 30
0.0
 70
128
 71
713
 72
717
 73
714
  0
VERTEX
  5
254C
330
17
100
AcDbEntity
  8
ELEM_04_COMPLETO
100
AcDbFaceRecord
 10
0.0
 20
0.0
 30
0.0
 70
128
 71
715
 72
717
 73
713
  0
VERTEX
  5
2550
330
17
100
AcDbEntity
  8
ELEM_04_COMPLETO
100
AcDbFaceRecord
 10
0.0
 20
0.0
 30
0.0
 70
128
 71
719
 72
717
 73
715
  0
VERTEX
  5
2554
330
17
100
AcDbEntity
  8
ELEM_04_COMPLETO
100
AcDbFaceRecord
 10
0.0
 20
0.0
 30
0.0
 70
128
 71
720
 72
715
 73
716
  0
VERTEX
  5
2558
330
17
100
AcDbEntity
  8
ELEM_04_COMPLETO
100
AcDbFaceRecord
 10
0.0
 20
0.0
 30
0.0
 70
128
 71
719
 72
715
 73
720
  0
VERTEX
  5
255C
330
17
100
AcDbEntity
  8
ELEM_04_COMPLETO
100
AcDbFaceRecord
 10
0.0
 20
0.0
 30
0.0
 70
128
 71
718
 72
720
 73
716
  0
VERTEX
  5
2560
330
17
100
AcDbEntity
  8
ELEM_04_COMPLETO
100
AcDbFaceRecord
 10
0.0
 20
0.0
 30
0.0
 70
128
 71
718
 72
716
 73
714
  0
VERTEX
  5
2564
330
17
100
AcDbEntity
  8
ELEM_04_COMPLETO
100
AcDbFaceRecord
 10
0.0
 20
0.0
 30
0.0
 70
128
 71
718
 72
721
 73
722
  0
VERTEX
  5
2568
330
17
100
AcDbEntity
  8
ELEM_04_COMPLETO
100
AcDbFaceRecord
 10
0.0
 20
0.0
 30
0.0
 70
128
 71
717
 72
721
 73
718
  0
VERTEX
  5
256C
330
17
100
AcDbEntity
  8
ELEM_04_COMPLETO
100
AcDbFaceRecord
 10
0.0
 20
0.0
 30
0.0
 70
128
 71
719
 72
721
 73
717
  0
VERTEX
  5
2570
330
17
100
AcDbEntity
  8
ELEM_04_COMPLETO
100
AcDbFaceRecord
 10
0.0
 20
0.0
 30
0.0
 70
128
 71
719
 72
723
 73
721
  0
VERTEX
  5
2574
330
17
100
AcDbEntity
  8
ELEM_04_COMPLETO
100
AcDbFaceRecord
 10
0.0
 20
0.0
 30
0.0
 70
128
 71
724
 72
719
 73
720
  0
VERTEX
  5
2578
330
17
100
AcDbEntity
  8
ELEM_04_COMPLETO
100
AcDbFaceRecord
 10
0.0
 20
0.0
 30
0.0
 70
128
 71
723
 72
719
 73
724
  0
VERTEX
  5
257C
330
17
100
AcDbEntity
  8
ELEM_04_COMPLETO
100
AcDbFaceRecord
 10
0.0
 20
0.0
 30
0.0
 70
128
 71
724
 72
720
 73
722
  0
VERTEX
  5
2580
330
17
100
AcDbEntity
  8
ELEM_04_COMPLETO
100
AcDbFaceRecord
 10
0.0
 20
0.0
 30
0.0
 70
128
 71
722
 72
720
 73
718
  0
VERTEX
  5
2584
330
17
100
AcDbEntity
  8
ELEM_04_COMPLETO
100
AcDbFaceRecord
 10
0.0
 20
0.0
 30
0.0
 70
128
 71
722
 72
725
 73
726
  0
VERTEX
  5
2588
330
17
100
AcDbEntity
  8
ELEM_04_COMPLETO
100
AcDbFaceRecord
 10
0.0
 20
0.0
 30
0.0
 70
128
 71
721
 72
725
 73
722
  0
VERTEX
  5
258C
330
17
100
AcDbEntity
  8
ELEM_04_COMPLETO
100
AcDbFaceRecord
 10
0.0
 20
0.0
 30
0.0
 70
128
 71
723
 72
725
 73
721
  0
VERTEX
  5
2590
330
17
100
AcDbEntity
  8
ELEM_04_COMPLETO
100
AcDbFaceRecord
 10
0.0
 20
0.0
 30
0.0
 70
128
 71
723
 72
727
 73
725
  0
VERTEX
  5
2594
330
17
100
AcDbEntity
  8
ELEM_04_COMPLETO
100
AcDbFaceRecord
 10
0.0
 20
0.0
 30
0.0
 70
128
 71
728
 72
723
 73
724
  0
VERTEX
  5
2598
330
17
100
AcDbEntity
  8
ELEM_04_COMPLETO
100
AcDbFaceRecord
 10
0.0
 20
0.0
 30
0.0
 70
128
 71
727
 72
723
 73
728
  0
VERTEX
  5
259C
330
17
100
AcDbEntity
  8
ELEM_04_COMPLETO
100
AcDbFaceRecord
 10
0.0
 20
0.0
 30
0.0
 70
128
 71
728
 72
724
 73
726
  0
VERTEX
  5
25A0
330
17
100
AcDbEntity
  8
ELEM_04_COMPLETO
100
AcDbFaceRecord
 10
0.0
 20
0.0
 30
0.0
 70
128
 71
726
 72
724
 73
722
  0
VERTEX
  5
25A4
330
17
100
AcDbEntity
  8
ELEM_04_COMPLETO
100
AcDbFaceRecord
 10
0.0
 20
0.0
 30
0.0
 70
128
 71
729
 72
730
 73
726
  0
VERTEX
  5
25A8
330
17
100
AcDbEntity
  8
ELEM_04_COMPLETO
100
AcDbFaceRecord
 10
0.0
 20
0.0
 30
0.0
 70
128
 71
725
 72
729
 73
726
  0
VERTEX
  5
25AC
330
17
100
AcDbEntity
  8
ELEM_04_COMPLETO
100
AcDbFaceRecord
 10
0.0
 20
0.0
 30
0.0
 70
128
 71
727
 72
729
 73
725
  0
VERTEX
  5
25B0
330
17
100
AcDbEntity
  8
ELEM_04_COMPLETO
100
AcDbFaceRecord
 10
0.0
 20
0.0
 30
0.0
 70
128
 71
727
 72
731
 73
729
  0
VERTEX
  5
25B4
330
17
100
AcDbEntity
  8
ELEM_04_COMPLETO
100
AcDbFaceRecord
 10
0.0
 20
0.0
 30
0.0
 70
128
 71
727
 72
728
 73
732
  0
VERTEX
  5
25B8
330
17
100
AcDbEntity
  8
ELEM_04_COMPLETO
100
AcDbFaceRecord
 10
0.0
 20
0.0
 30
0.0
 70
128
 71
731
 72
727
 73
732
  0
VERTEX
  5
25BC
330
17
100
AcDbEntity
  8
ELEM_04_COMPLETO
100
AcDbFaceRecord
 10
0.0
 20
0.0
 30
0.0
 70
128
 71
732
 72
728
 73
730
  0
VERTEX
  5
25C0
330
17
100
AcDbEntity
  8
ELEM_04_COMPLETO
100
AcDbFaceRecord
 10
0.0
 20
0.0
 30
0.0
 70
128
 71
730
 72
728
 73
726
  0
VERTEX
  5
25C4
330
17
100
AcDbEntity
  8
ELEM_04_COMPLETO
100
AcDbFaceRecord
 10
0.0
 20
0.0
 30
0.0
 70
128
 71
733
 72
734
 73
730
  0
VERTEX
  5
25C8
330
17
100
AcDbEntity
  8
ELEM_04_COMPLETO
100
AcDbFaceRecord
 10
0.0
 20
0.0
 30
0.0
 70
128
 71
729
 72
733
 73
730
  0
VERTEX
  5
25CC
330
17
100
AcDbEntity
  8
ELEM_04_COMPLETO
100
AcDbFaceRecord
 10
0.0
 20
0.0
 30
0.0
 70
128
 71
731
 72
733
 73
729
  0
VERTEX
  5
25D0
330
17
100
AcDbEntity
  8
ELEM_04_COMPLETO
100
AcDbFaceRecord
 10
0.0
 20
0.0
 30
0.0
 70
128
 71
731
 72
735
 73
733
  0
VERTEX
  5
25D4
330
17
100
AcDbEntity
  8
ELEM_04_COMPLETO
100
AcDbFaceRecord
 10
0.0
 20
0.0
 30
0.0
 70
128
 71
731
 72
732
 73
736
  0
VERTEX
  5
25D8
330
17
100
AcDbEntity
  8
ELEM_04_COMPLETO
100
AcDbFaceRecord
 10
0.0
 20
0.0
 30
0.0
 70
128
 71
735
 72
731
 73
736
  0
VERTEX
  5
25DC
330
17
100
AcDbEntity
  8
ELEM_04_COMPLETO
100
AcDbFaceRecord
 10
0.0
 20
0.0
 30
0.0
 70
128
 71
736
 72
732
 73
734
  0
VERTEX
  5
25E0
330
17
100
AcDbEntity
  8
ELEM_04_COMPLETO
100
AcDbFaceRecord
 10
0.0
 20
0.0
 30
0.0
 70
128
 71
734
 72
732
 73
730
  0
VERTEX
  5
25E4
330
17
100
AcDbEntity
  8
ELEM_04_COMPLETO
100
AcDbFaceRecord
 10
0.0
 20
0.0
 30
0.0
 70
128
 71
734
 72
737
 73
738
  0
VERTEX
  5
25E8
330
17
100
AcDbEntity
  8
ELEM_04_COMPLETO
100
AcDbFaceRecord
 10
0.0
 20
0.0
 30
0.0
 70
128
 71
733
 72
737
 73
734
  0
VERTEX
  5
25EC
330
17
100
AcDbEntity
  8
ELEM_04_COMPLETO
100
AcDbFaceRecord
 10
0.0
 20
0.0
 30
0.0
 70
128
 71
735
 72
737
 73
733
  0
VERTEX
  5
25F0
330
17
100
AcDbEntity
  8
ELEM_04_COMPLETO
100
AcDbFaceRecord
 10
0.0
 20
0.0
 30
0.0
 70
128
 71
735
 72
739
 73
737
  0
VERTEX
  5
25F4
330
17
100
AcDbEntity
  8
ELEM_04_COMPLETO
100
AcDbFaceRecord
 10
0.0
 20
0.0
 30
0.0
 70
128
 71
740
 72
735
 73
736
  0
VERTEX
  5
25F8
330
17
100
AcDbEntity
  8
ELEM_04_COMPLETO
100
AcDbFaceRecord
 10
0.0
 20
0.0
 30
0.0
 70
128
 71
739
 72
735
 73
740
  0
VERTEX
  5
25FC
330
17
100
AcDbEntity
  8
ELEM_04_COMPLETO
100
AcDbFaceRecord
 10
0.0
 20
0.0
 30
0.0
 70
128
 71
740
 72
736
 73
738
  0
VERTEX
  5
2600
330
17
100
AcDbEntity
  8
ELEM_04_COMPLETO
100
AcDbFaceRecord
 10
0.0
 20
0.0
 30
0.0
 70
128
 71
738
 72
736
 73
734
  0
VERTEX
  5
2604
330
17
100
AcDbEntity
  8
ELEM_04_COMPLETO
100
AcDbFaceRecord
 10
0.0
 20
0.0
 30
0.0
 70
128
 71
738
 72
741
 73
742
  0
VERTEX
  5
2608
330
17
100
AcDbEntity
  8
ELEM_04_COMPLETO
100
AcDbFaceRecord
 10
0.0
 20
0.0
 30
0.0
 70
128
 71
737
 72
741
 73
738
  0
VERTEX
  5
260C
330
17
100
AcDbEntity
  8
ELEM_04_COMPLETO
100
AcDbFaceRecord
 10
0.0
 20
0.0
 30
0.0
 70
128
 71
739
 72
741
 73
737
  0
VERTEX
  5
2610
330
17
100
AcDbEntity
  8
ELEM_04_COMPLETO
100
AcDbFaceRecord
 10
0.0
 20
0.0
 30
0.0
 70
128
 71
739
 72
743
 73
741
  0
VERTEX
  5
2614
330
17
100
AcDbEntity
  8
ELEM_04_COMPLETO
100
AcDbFaceRecord
 10
0.0
 20
0.0
 30
0.0
 70
128
 71
744
 72
739
 73
740
  0
VERTEX
  5
2618
330
17
100
AcDbEntity
  8
ELEM_04_COMPLETO
100
AcDbFaceRecord
 10
0.0
 20
0.0
 30
0.0
 70
128
 71
743
 72
739
 73
744
  0
VERTEX
  5
261C
330
17
100
AcDbEntity
  8
ELEM_04_COMPLETO
100
AcDbFaceRecord
 10
0.0
 20
0.0
 30
0.0
 70
128
 71
744
 72
740
 73
742
  0
VERTEX
  5
2620
330
17
100
AcDbEntity
  8
ELEM_04_COMPLETO
100
AcDbFaceRecord
 10
0.0
 20
0.0
 30
0.0
 70
128
 71
742
 72
740
 73
738
  0
VERTEX
  5
2624
330
17
100
AcDbEntity
  8
ELEM_04_COMPLETO
100
AcDbFaceRecord
 10
0.0
 20
0.0
 30
0.0
 70
128
 71
742
 72
745
 73
746
  0
VERTEX
  5
2628
330
17
100
AcDbEntity
  8
ELEM_04_COMPLETO
100
AcDbFaceRecord
 10
0.0
 20
0.0
 30
0.0
 70
128
 71
741
 72
745
 73
742
  0
VERTEX
  5
262C
330
17
100
AcDbEntity
  8
ELEM_04_COMPLETO
100
AcDbFaceRecord
 10
0.0
 20
0.0
 30
0.0
 70
128
 71
743
 72
745
 73
741
  0
VERTEX
  5
2630
330
17
100
AcDbEntity
  8
ELEM_04_COMPLETO
100
AcDbFaceRecord
 10
0.0
 20
0.0
 30
0.0
 70
128
 71
743
 72
747
 73
745
  0
VERTEX
  5
2634
330
17
100
AcDbEntity
  8
ELEM_04_COMPLETO
100
AcDbFaceRecord
 10
0.0
 20
0.0
 30
0.0
 70
128
 71
748
 72
743
 73
744
  0
VERTEX
  5
2638
330
17
100
AcDbEntity
  8
ELEM_04_COMPLETO
100
AcDbFaceRecord
 10
0.0
 20
0.0
 30
0.0
 70
128
 71
747
 72
743
 73
748
  0
VERTEX
  5
263C
330
17
100
AcDbEntity
  8
ELEM_04_COMPLETO
100
AcDbFaceRecord
 10
0.0
 20
0.0
 30
0.0
 70
128
 71
748
 72
744
 73
746
  0
VERTEX
  5
2640
330
17
100
AcDbEntity
  8
ELEM_04_COMPLETO
100
AcDbFaceRecord
 10
0.0
 20
0.0
 30
0.0
 70
128
 71
746
 72
744
 73
742
  0
VERTEX
  5
2644
330
17
100
AcDbEntity
  8
ELEM_04_COMPLETO
100
AcDbFaceRecord
 10
0.0
 20
0.0
 30
0.0
 70
128
 71
746
 72
749
 73
750
  0
VERTEX
  5
2648
330
17
100
AcDbEntity
  8
ELEM_04_COMPLETO
100
AcDbFaceRecord
 10
0.0
 20
0.0
 30
0.0
 70
128
 71
745
 72
749
 73
746
  0
VERTEX
  5
264C
330
17
100
AcDbEntity
  8
ELEM_04_COMPLETO
100
AcDbFaceRecord
 10
0.0
 20
0.0
 30
0.0
 70
128
 71
747
 72
749
 73
745
  0
VERTEX
  5
2650
330
17
100
AcDbEntity
  8
ELEM_04_COMPLETO
100
AcDbFaceRecord
 10
0.0
 20
0.0
 30
0.0
 70
128
 71
747
 72
751
 73
749
  0
VERTEX
  5
2654
330
17
100
AcDbEntity
  8
ELEM_04_COMPLETO
100
AcDbFaceRecord
 10
0.0
 20
0.0
 30
0.0
 70
128
 71
752
 72
747
 73
748
  0
VERTEX
  5
2658
330
17
100
AcDbEntity
  8
ELEM_04_COMPLETO
100
AcDbFaceRecord
 10
0.0
 20
0.0
 30
0.0
 70
128
 71
751
 72
747
 73
752
  0
VERTEX
  5
265C
330
17
100
AcDbEntity
  8
ELEM_04_COMPLETO
100
AcDbFaceRecord
 10
0.0
 20
0.0
 30
0.0
 70
128
 71
752
 72
748
 73
750
  0
VERTEX
  5
2660
330
17
100
AcDbEntity
  8
ELEM_04_COMPLETO
100
AcDbFaceRecord
 10
0.0
 20
0.0
 30
0.0
 70
128
 71
750
 72
748
 73
746
  0
VERTEX
  5
2664
330
17
100
AcDbEntity
  8
ELEM_04_COMPLETO
100
AcDbFaceRecord
 10
0.0
 20
0.0
 30
0.0
 70
128
 71
750
 72
753
 73
754
  0
VERTEX
  5
2668
330
17
100
AcDbEntity
  8
ELEM_04_COMPLETO
100
AcDbFaceRecord
 10
0.0
 20
0.0
 30
0.0
 70
128
 71
749
 72
753
 73
750
  0
VERTEX
  5
266C
330
17
100
AcDbEntity
  8
ELEM_04_COMPLETO
100
AcDbFaceRecord
 10
0.0
 20
0.0
 30
0.0
 70
128
 71
753
 72
749
 73
751
  0
VERTEX
  5
2670
330
17
100
AcDbEntity
  8
ELEM_04_COMPLETO
100
AcDbFaceRecord
 10
0.0
 20
0.0
 30
0.0
 70
128
 71
751
 72
755
 73
753
  0
VERTEX
  5
2674
330
17
100
AcDbEntity
  8
ELEM_04_COMPLETO
100
AcDbFaceRecord
 10
0.0
 20
0.0
 30
0.0
 70
128
 71
756
 72
751
 73
752
  0
VERTEX
  5
2678
330
17
100
AcDbEntity
  8
ELEM_04_COMPLETO
100
AcDbFaceRecord
 10
0.0
 20
0.0
 30
0.0
 70
128
 71
755
 72
751
 73
756
  0
VERTEX
  5
267C
330
17
100
AcDbEntity
  8
ELEM_04_COMPLETO
100
AcDbFaceRecord
 10
0.0
 20
0.0
 30
0.0
 70
128
 71
756
 72
752
 73
754
  0
VERTEX
  5
2680
330
17
100
AcDbEntity
  8
ELEM_04_COMPLETO
100
AcDbFaceRecord
 10
0.0
 20
0.0
 30
0.0
 70
128
 71
754
 72
752
 73
750
  0
VERTEX
  5
2684
330
17
100
AcDbEntity
  8
ELEM_04_COMPLETO
100
AcDbFaceRecord
 10
0.0
 20
0.0
 30
0.0
 70
128
 71
754
 72
757
 73
758
  0
VERTEX
  5
2688
330
17
100
AcDbEntity
  8
ELEM_04_COMPLETO
100
AcDbFaceRecord
 10
0.0
 20
0.0
 30
0.0
 70
128
 71
753
 72
757
 73
754
  0
VERTEX
  5
268C
330
17
100
AcDbEntity
  8
ELEM_04_COMPLETO
100
AcDbFaceRecord
 10
0.0
 20
0.0
 30
0.0
 70
128
 71
755
 72
757
 73
753
  0
VERTEX
  5
2690
330
17
100
AcDbEntity
  8
ELEM_04_COMPLETO
100
AcDbFaceRecord
 10
0.0
 20
0.0
 30
0.0
 70
128
 71
755
 72
759
 73
757
  0
VERTEX
  5
2694
330
17
100
AcDbEntity
  8
ELEM_04_COMPLETO
100
AcDbFaceRecord
 10
0.0
 20
0.0
 30
0.0
 70
128
 71
760
 72
755
 73
756
  0
VERTEX
  5
2698
330
17
100
AcDbEntity
  8
ELEM_04_COMPLETO
100
AcDbFaceRecord
 10
0.0
 20
0.0
 30
0.0
 70
128
 71
759
 72
755
 73
760
  0
VERTEX
  5
269C
330
17
100
AcDbEntity
  8
ELEM_04_COMPLETO
100
AcDbFaceRecord
 10
0.0
 20
0.0
 30
0.0
 70
128
 71
760
 72
756
 73
758
  0
VERTEX
  5
26A0
330
17
100
AcDbEntity
  8
ELEM_04_COMPLETO
100
AcDbFaceRecord
 10
0.0
 20
0.0
 30
0.0
 70
128
 71
758
 72
756
 73
754
  0
VERTEX
  5
26A4
330
17
100
AcDbEntity
  8
ELEM_04_COMPLETO
100
AcDbFaceRecord
 10
0.0
 20
0.0
 30
0.0
 70
128
 71
758
 72
761
 73
762
  0
VERTEX
  5
26A8
330
17
100
AcDbEntity
  8
ELEM_04_COMPLETO
100
AcDbFaceRecord
 10
0.0
 20
0.0
 30
0.0
 70
128
 71
757
 72
761
 73
758
  0
VERTEX
  5
26AC
330
17
100
AcDbEntity
  8
ELEM_04_COMPLETO
100
AcDbFaceRecord
 10
0.0
 20
0.0
 30
0.0
 70
128
 71
759
 72
761
 73
757
  0
VERTEX
  5
26B0
330
17
100
AcDbEntity
  8
ELEM_04_COMPLETO
100
AcDbFaceRecord
 10
0.0
 20
0.0
 30
0.0
 70
128
 71
759
 72
763
 73
761
  0
VERTEX
  5
26B4
330
17
100
AcDbEntity
  8
ELEM_04_COMPLETO
100
AcDbFaceRecord
 10
0.0
 20
0.0
 30
0.0
 70
128
 71
764
 72
759
 73
760
  0
VERTEX
  5
26B8
330
17
100
AcDbEntity
  8
ELEM_04_COMPLETO
100
AcDbFaceRecord
 10
0.0
 20
0.0
 30
0.0
 70
128
 71
763
 72
759
 73
764
  0
VERTEX
  5
26BC
330
17
100
AcDbEntity
  8
ELEM_04_COMPLETO
100
AcDbFaceRecord
 10
0.0
 20
0.0
 30
0.0
 70
128
 71
764
 72
760
 73
762
  0
VERTEX
  5
26C0
330
17
100
AcDbEntity
  8
ELEM_04_COMPLETO
100
AcDbFaceRecord
 10
0.0
 20
0.0
 30
0.0
 70
128
 71
762
 72
760
 73
758
  0
VERTEX
  5
26C4
330
17
100
AcDbEntity
  8
ELEM_04_COMPLETO
100
AcDbFaceRecord
 10
0.0
 20
0.0
 30
0.0
 70
128
 71
762
 72
765
 73
766
  0
VERTEX
  5
26C8
330
17
100
AcDbEntity
  8
ELEM_04_COMPLETO
100
AcDbFaceRecord
 10
0.0
 20
0.0
 30
0.0
 70
128
 71
761
 72
765
 73
762
  0
VERTEX
  5
26CC
330
17
100
AcDbEntity
  8
ELEM_04_COMPLETO
100
AcDbFaceRecord
 10
0.0
 20
0.0
 30
0.0
 70
128
 71
763
 72
767
 73
765
  0
VERTEX
  5
26D0
330
17
100
AcDbEntity
  8
ELEM_04_COMPLETO
100
AcDbFaceRecord
 10
0.0
 20
0.0
 30
0.0
 70
128
 71
763
 72
765
 73
761
  0
VERTEX
  5
26D4
330
17
100
AcDbEntity
  8
ELEM_04_COMPLETO
100
AcDbFaceRecord
 10
0.0
 20
0.0
 30
0.0
 70
128
 71
768
 72
763
 73
764
  0
VERTEX
  5
26D8
330
17
100
AcDbEntity
  8
ELEM_04_COMPLETO
100
AcDbFaceRecord
 10
0.0
 20
0.0
 30
0.0
 70
128
 71
767
 72
763
 73
768
  0
VERTEX
  5
26DC
330
17
100
AcDbEntity
  8
ELEM_04_COMPLETO
100
AcDbFaceRecord
 10
0.0
 20
0.0
 30
0.0
 70
128
 71
766
 72
764
 73
762
  0
VERTEX
  5
26E0
330
17
100
AcDbEntity
  8
ELEM_04_COMPLETO
100
AcDbFaceRecord
 10
0.0
 20
0.0
 30
0.0
 70
128
 71
768
 72
764
 73
766
  0
VERTEX
  5
26E4
330
17
100
AcDbEntity
  8
ELEM_04_COMPLETO
100
AcDbFaceRecord
 10
0.0
 20
0.0
 30
0.0
 70
128
 71
766
 72
769
 73
770
  0
VERTEX
  5
26E8
330
17
100
AcDbEntity
  8
ELEM_04_COMPLETO
100
AcDbFaceRecord
 10
0.0
 20
0.0
 30
0.0
 70
128
 71
765
 72
769
 73
766
  0
VERTEX
  5
26EC
330
17
100
AcDbEntity
  8
ELEM_04_COMPLETO
100
AcDbFaceRecord
 10
0.0
 20
0.0
 30
0.0
 70
128
 71
767
 72
771
 73
769
  0
VERTEX
  5
26F0
330
17
100
AcDbEntity
  8
ELEM_04_COMPLETO
100
AcDbFaceRecord
 10
0.0
 20
0.0
 30
0.0
 70
128
 71
767
 72
769
 73
765
  0
VERTEX
  5
26F4
330
17
100
AcDbEntity
  8
ELEM_04_COMPLETO
100
AcDbFaceRecord
 10
0.0
 20
0.0
 30
0.0
 70
128
 71
772
 72
767
 73
768
  0
VERTEX
  5
26F8
330
17
100
AcDbEntity
  8
ELEM_04_COMPLETO
100
AcDbFaceRecord
 10
0.0
 20
0.0
 30
0.0
 70
128
 71
771
 72
767
 73
772
  0
VERTEX
  5
26FC
330
17
100
AcDbEntity
  8
ELEM_04_COMPLETO
100
AcDbFaceRecord
 10
0.0
 20
0.0
 30
0.0
 70
128
 71
770
 72
768
 73
766
  0
VERTEX
  5
2700
330
17
100
AcDbEntity
  8
ELEM_04_COMPLETO
100
AcDbFaceRecord
 10
0.0
 20
0.0
 30
0.0
 70
128
 71
772
 72
768
 73
770
  0
VERTEX
  5
2704
330
17
100
AcDbEntity
  8
ELEM_04_COMPLETO
100
AcDbFaceRecord
 10
0.0
 20
0.0
 30
0.0
 70
128
 71
770
 72
773
 73
774
  0
VERTEX
  5
2708
330
17
100
AcDbEntity
  8
ELEM_04_COMPLETO
100
AcDbFaceRecord
 10
0.0
 20
0.0
 30
0.0
 70
128
 71
769
 72
773
 73
770
  0
VERTEX
  5
270C
330
17
100
AcDbEntity
  8
ELEM_04_COMPLETO
100
AcDbFaceRecord
 10
0.0
 20
0.0
 30
0.0
 70
128
 71
771
 72
775
 73
773
  0
VERTEX
  5
2710
330
17
100
AcDbEntity
  8
ELEM_04_COMPLETO
100
AcDbFaceRecord
 10
0.0
 20
0.0
 30
0.0
 70
128
 71
771
 72
773
 73
769
  0
VERTEX
  5
2714
330
17
100
AcDbEntity
  8
ELEM_04_COMPLETO
100
AcDbFaceRecord
 10
0.0
 20
0.0
 30
0.0
 70
128
 71
776
 72
771
 73
772
  0
VERTEX
  5
2718
330
17
100
AcDbEntity
  8
ELEM_04_COMPLETO
100
AcDbFaceRecord
 10
0.0
 20
0.0
 30
0.0
 70
128
 71
775
 72
771
 73
776
  0
VERTEX
  5
271C
330
17
100
AcDbEntity
  8
ELEM_04_COMPLETO
100
AcDbFaceRecord
 10
0.0
 20
0.0
 30
0.0
 70
128
 71
774
 72
772
 73
770
  0
VERTEX
  5
2720
330
17
100
AcDbEntity
  8
ELEM_04_COMPLETO
100
AcDbFaceRecord
 10
0.0
 20
0.0
 30
0.0
 70
128
 71
776
 72
772
 73
774
  0
VERTEX
  5
2724
330
17
100
AcDbEntity
  8
ELEM_04_COMPLETO
100
AcDbFaceRecord
 10
0.0
 20
0.0
 30
0.0
 70
128
 71
774
 72
777
 73
778
  0
VERTEX
  5
2728
330
17
100
AcDbEntity
  8
ELEM_04_COMPLETO
100
AcDbFaceRecord
 10
0.0
 20
0.0
 30
0.0
 70
128
 71
773
 72
777
 73
774
  0
VERTEX
  5
272C
330
17
100
AcDbEntity
  8
ELEM_04_COMPLETO
100
AcDbFaceRecord
 10
0.0
 20
0.0
 30
0.0
 70
128
 71
775
 72
779
 73
777
  0
VERTEX
  5
2730
330
17
100
AcDbEntity
  8
ELEM_04_COMPLETO
100
AcDbFaceRecord
 10
0.0
 20
0.0
 30
0.0
 70
128
 71
775
 72
777
 73
773
  0
VERTEX
  5
2734
330
17
100
AcDbEntity
  8
ELEM_04_COMPLETO
100
AcDbFaceRecord
 10
0.0
 20
0.0
 30
0.0
 70
128
 71
780
 72
775
 73
776
  0
VERTEX
  5
2738
330
17
100
AcDbEntity
  8
ELEM_04_COMPLETO
100
AcDbFaceRecord
 10
0.0
 20
0.0
 30
0.0
 70
128
 71
779
 72
775
 73
780
  0
VERTEX
  5
273C
330
17
100
AcDbEntity
  8
ELEM_04_COMPLETO
100
AcDbFaceRecord
 10
0.0
 20
0.0
 30
0.0
 70
128
 71
778
 72
776
 73
774
  0
VERTEX
  5
2740
330
17
100
AcDbEntity
  8
ELEM_04_COMPLETO
100
AcDbFaceRecord
 10
0.0
 20
0.0
 30
0.0
 70
128
 71
780
 72
776
 73
778
  0
VERTEX
  5
2744
330
17
100
AcDbEntity
  8
ELEM_04_COMPLETO
100
AcDbFaceRecord
 10
0.0
 20
0.0
 30
0.0
 70
128
 71
778
 72
781
 73
782
  0
VERTEX
  5
2748
330
17
100
AcDbEntity
  8
ELEM_04_COMPLETO
100
AcDbFaceRecord
 10
0.0
 20
0.0
 30
0.0
 70
128
 71
777
 72
781
 73
778
  0
VERTEX
  5
274C
330
17
100
AcDbEntity
  8
ELEM_04_COMPLETO
100
AcDbFaceRecord
 10
0.0
 20
0.0
 30
0.0
 70
128
 71
779
 72
783
 73
781
  0
VERTEX
  5
2750
330
17
100
AcDbEntity
  8
ELEM_04_COMPLETO
100
AcDbFaceRecord
 10
0.0
 20
0.0
 30
0.0
 70
128
 71
779
 72
781
 73
777
  0
VERTEX
  5
2754
330
17
100
AcDbEntity
  8
ELEM_04_COMPLETO
100
AcDbFaceRecord
 10
0.0
 20
0.0
 30
0.0
 70
128
 71
784
 72
779
 73
780
  0
VERTEX
  5
2758
330
17
100
AcDbEntity
  8
ELEM_04_COMPLETO
100
AcDbFaceRecord
 10
0.0
 20
0.0
 30
0.0
 70
128
 71
783
 72
779
 73
784
  0
VERTEX
  5
275C
330
17
100
AcDbEntity
  8
ELEM_04_COMPLETO
100
AcDbFaceRecord
 10
0.0
 20
0.0
 30
0.0
 70
128
 71
780
 72
778
 73
782
  0
VERTEX
  5
2760
330
17
100
AcDbEntity
  8
ELEM_04_COMPLETO
100
AcDbFaceRecord
 10
0.0
 20
0.0
 30
0.0
 70
128
 71
784
 72
780
 73
782
  0
VERTEX
  5
2764
330
17
100
AcDbEntity
  8
ELEM_04_COMPLETO
100
AcDbFaceRecord
 10
0.0
 20
0.0
 30
0.0
 70
128
 71
782
 72
785
 73
786
  0
VERTEX
  5
2768
330
17
100
AcDbEntity
  8
ELEM_04_COMPLETO
100
AcDbFaceRecord
 10
0.0
 20
0.0
 30
0.0
 70
128
 71
781
 72
785
 73
782
  0
VERTEX
  5
276C
330
17
100
AcDbEntity
  8
ELEM_04_COMPLETO
100
AcDbFaceRecord
 10
0.0
 20
0.0
 30
0.0
 70
128
 71
783
 72
785
 73
781
  0
VERTEX
  5
2770
330
17
100
AcDbEntity
  8
ELEM_04_COMPLETO
100
AcDbFaceRecord
 10
0.0
 20
0.0
 30
0.0
 70
128
 71
787
 72
785
 73
783
  0
VERTEX
  5
2774
330
17
100
AcDbEntity
  8
ELEM_04_COMPLETO
100
AcDbFaceRecord
 10
0.0
 20
0.0
 30
0.0
 70
128
 71
788
 72
783
 73
784
  0
VERTEX
  5
2778
330
17
100
AcDbEntity
  8
ELEM_04_COMPLETO
100
AcDbFaceRecord
 10
0.0
 20
0.0
 30
0.0
 70
128
 71
787
 72
783
 73
788
  0
VERTEX
  5
277C
330
17
100
AcDbEntity
  8
ELEM_04_COMPLETO
100
AcDbFaceRecord
 10
0.0
 20
0.0
 30
0.0
 70
128
 71
786
 72
788
 73
784
  0
VERTEX
  5
2780
330
17
100
AcDbEntity
  8
ELEM_04_COMPLETO
100
AcDbFaceRecord
 10
0.0
 20
0.0
 30
0.0
 70
128
 71
784
 72
782
 73
786
  0
VERTEX
  5
2784
330
17
100
AcDbEntity
  8
ELEM_04_COMPLETO
100
AcDbFaceRecord
 10
0.0
 20
0.0
 30
0.0
 70
128
 71
786
 72
789
 73
790
  0
VERTEX
  5
2788
330
17
100
AcDbEntity
  8
ELEM_04_COMPLETO
100
AcDbFaceRecord
 10
0.0
 20
0.0
 30
0.0
 70
128
 71
785
 72
789
 73
786
  0
VERTEX
  5
278C
330
17
100
AcDbEntity
  8
ELEM_04_COMPLETO
100
AcDbFaceRecord
 10
0.0
 20
0.0
 30
0.0
 70
128
 71
787
 72
789
 73
785
  0
VERTEX
  5
2790
330
17
100
AcDbEntity
  8
ELEM_04_COMPLETO
100
AcDbFaceRecord
 10
0.0
 20
0.0
 30
0.0
 70
128
 71
791
 72
789
 73
787
  0
VERTEX
  5
2794
330
17
100
AcDbEntity
  8
ELEM_04_COMPLETO
100
AcDbFaceRecord
 10
0.0
 20
0.0
 30
0.0
 70
128
 71
792
 72
787
 73
788
  0
VERTEX
  5
2798
330
17
100
AcDbEntity
  8
ELEM_04_COMPLETO
100
AcDbFaceRecord
 10
0.0
 20
0.0
 30
0.0
 70
128
 71
791
 72
787
 73
792
  0
VERTEX
  5
279C
330
17
100
AcDbEntity
  8
ELEM_04_COMPLETO
100
AcDbFaceRecord
 10
0.0
 20
0.0
 30
0.0
 70
128
 71
790
 72
792
 73
788
  0
VERTEX
  5
27A0
330
17
100
AcDbEntity
  8
ELEM_04_COMPLETO
100
AcDbFaceRecord
 10
0.0
 20
0.0
 30
0.0
 70
128
 71
788
 72
786
 73
790
  0
VERTEX
  5
27A4
330
17
100
AcDbEntity
  8
ELEM_04_COMPLETO
100
AcDbFaceRecord
 10
0.0
 20
0.0
 30
0.0
 70
128
 71
790
 72
793
 73
794
  0
VERTEX
  5
27A8
330
17
100
AcDbEntity
  8
ELEM_04_COMPLETO
100
AcDbFaceRecord
 10
0.0
 20
0.0
 30
0.0
 70
128
 71
789
 72
793
 73
790
  0
VERTEX
  5
27AC
330
17
100
AcDbEntity
  8
ELEM_04_COMPLETO
100
AcDbFaceRecord
 10
0.0
 20
0.0
 30
0.0
 70
128
 71
791
 72
795
 73
793
  0
VERTEX
  5
27B0
330
17
100
AcDbEntity
  8
ELEM_04_COMPLETO
100
AcDbFaceRecord
 10
0.0
 20
0.0
 30
0.0
 70
128
 71
791
 72
793
 73
789
  0
VERTEX
  5
27B4
330
17
100
AcDbEntity
  8
ELEM_04_COMPLETO
100
AcDbFaceRecord
 10
0.0
 20
0.0
 30
0.0
 70
128
 71
795
 72
791
 73
792
  0
VERTEX
  5
27B8
330
17
100
AcDbEntity
  8
ELEM_04_COMPLETO
100
AcDbFaceRecord
 10
0.0
 20
0.0
 30
0.0
 70
128
 71
795
 72
792
 73
796
  0
VERTEX
  5
27BC
330
17
100
AcDbEntity
  8
ELEM_04_COMPLETO
100
AcDbFaceRecord
 10
0.0
 20
0.0
 30
0.0
 70
128
 71
792
 72
790
 73
794
  0
VERTEX
  5
27C0
330
17
100
AcDbEntity
  8
ELEM_04_COMPLETO
100
AcDbFaceRecord
 10
0.0
 20
0.0
 30
0.0
 70
128
 71
796
 72
792
 73
794
  0
VERTEX
  5
27C4
330
17
100
AcDbEntity
  8
ELEM_04_COMPLETO
100
AcDbFaceRecord
 10
0.0
 20
0.0
 30
0.0
 70
128
 71
794
 72
797
 73
798
  0
VERTEX
  5
27C8
330
17
100
AcDbEntity
  8
ELEM_04_COMPLETO
100
AcDbFaceRecord
 10
0.0
 20
0.0
 30
0.0
 70
128
 71
793
 72
797
 73
794
  0
VERTEX
  5
27CC
330
17
100
AcDbEntity
  8
ELEM_04_COMPLETO
100
AcDbFaceRecord
 10
0.0
 20
0.0
 30
0.0
 70
128
 71
795
 72
799
 73
797
  0
VERTEX
  5
27D0
330
17
100
AcDbEntity
  8
ELEM_04_COMPLETO
100
AcDbFaceRecord
 10
0.0
 20
0.0
 30
0.0
 70
128
 71
795
 72
797
 73
793
  0
VERTEX
  5
27D4
330
17
100
AcDbEntity
  8
ELEM_04_COMPLETO
100
AcDbFaceRecord
 10
0.0
 20
0.0
 30
0.0
 70
128
 71
799
 72
795
 73
796
  0
VERTEX
  5
27D8
330
17
100
AcDbEntity
  8
ELEM_04_COMPLETO
100
AcDbFaceRecord
 10
0.0
 20
0.0
 30
0.0
 70
128
 71
799
 72
796
 73
800
  0
VERTEX
  5
27DC
330
17
100
AcDbEntity
  8
ELEM_04_COMPLETO
100
AcDbFaceRecord
 10
0.0
 20
0.0
 30
0.0
 70
128
 71
796
 72
794
 73
798
  0
VERTEX
  5
27E0
330
17
100
AcDbEntity
  8
ELEM_04_COMPLETO
100
AcDbFaceRecord
 10
0.0
 20
0.0
 30
0.0
 70
128
 71
800
 72
796
 73
798
  0
VERTEX
  5
27E4
330
17
100
AcDbEntity
  8
ELEM_04_COMPLETO
100
AcDbFaceRecord
 10
0.0
 20
0.0
 30
0.0
 70
128
 71
798
 72
801
 73
802
  0
VERTEX
  5
27E8
330
17
100
AcDbEntity
  8
ELEM_04_COMPLETO
100
AcDbFaceRecord
 10
0.0
 20
0.0
 30
0.0
 70
128
 71
797
 72
801
 73
798
  0
VERTEX
  5
27EC
330
17
100
AcDbEntity
  8
ELEM_04_COMPLETO
100
AcDbFaceRecord
 10
0.0
 20
0.0
 30
0.0
 70
128
 71
799
 72
801
 73
797
  0
VERTEX
  5
27F0
330
17
100
AcDbEntity
  8
ELEM_04_COMPLETO
100
AcDbFaceRecord
 10
0.0
 20
0.0
 30
0.0
 70
128
 71
799
 72
803
 73
801
  0
VERTEX
  5
27F4
330
17
100
AcDbEntity
  8
ELEM_04_COMPLETO
100
AcDbFaceRecord
 10
0.0
 20
0.0
 30
0.0
 70
128
 71
803
 72
799
 73
800
  0
VERTEX
  5
27F8
330
17
100
AcDbEntity
  8
ELEM_04_COMPLETO
100
AcDbFaceRecord
 10
0.0
 20
0.0
 30
0.0
 70
128
 71
803
 72
800
 73
804
  0
VERTEX
  5
27FC
330
17
100
AcDbEntity
  8
ELEM_04_COMPLETO
100
AcDbFaceRecord
 10
0.0
 20
0.0
 30
0.0
 70
128
 71
804
 72
800
 73
802
  0
VERTEX
  5
2800
330
17
100
AcDbEntity
  8
ELEM_04_COMPLETO
100
AcDbFaceRecord
 10
0.0
 20
0.0
 30
0.0
 70
128
 71
802
 72
800
 73
798
  0
VERTEX
  5
2804
330
17
100
AcDbEntity
  8
ELEM_04_COMPLETO
100
AcDbFaceRecord
 10
0.0
 20
0.0
 30
0.0
 70
128
 71
802
 72
805
 73
806
  0
VERTEX
  5
2808
330
17
100
AcDbEntity
  8
ELEM_04_COMPLETO
100
AcDbFaceRecord
 10
0.0
 20
0.0
 30
0.0
 70
128
 71
801
 72
805
 73
802
  0
VERTEX
  5
280C
330
17
100
AcDbEntity
  8
ELEM_04_COMPLETO
100
AcDbFaceRecord
 10
0.0
 20
0.0
 30
0.0
 70
128
 71
803
 72
805
 73
801
  0
VERTEX
  5
2810
330
17
100
AcDbEntity
  8
ELEM_04_COMPLETO
100
AcDbFaceRecord
 10
0.0
 20
0.0
 30
0.0
 70
128
 71
803
 72
807
 73
805
  0
VERTEX
  5
2814
330
17
100
AcDbEntity
  8
ELEM_04_COMPLETO
100
AcDbFaceRecord
 10
0.0
 20
0.0
 30
0.0
 70
128
 71
807
 72
803
 73
804
  0
VERTEX
  5
2818
330
17
100
AcDbEntity
  8
ELEM_04_COMPLETO
100
AcDbFaceRecord
 10
0.0
 20
0.0
 30
0.0
 70
128
 71
807
 72
804
 73
808
  0
VERTEX
  5
281C
330
17
100
AcDbEntity
  8
ELEM_04_COMPLETO
100
AcDbFaceRecord
 10
0.0
 20
0.0
 30
0.0
 70
128
 71
808
 72
804
 73
806
  0
VERTEX
  5
2820
330
17
100
AcDbEntity
  8
ELEM_04_COMPLETO
100
AcDbFaceRecord
 10
0.0
 20
0.0
 30
0.0
 70
128
 71
806
 72
804
 73
802
  0
VERTEX
  5
2824
330
17
100
AcDbEntity
  8
ELEM_04_COMPLETO
100
AcDbFaceRecord
 10
0.0
 20
0.0
 30
0.0
 70
128
 71
806
 72
809
 73
810
  0
VERTEX
  5
2828
330
17
100
AcDbEntity
  8
ELEM_04_COMPLETO
100
AcDbFaceRecord
 10
0.0
 20
0.0
 30
0.0
 70
128
 71
805
 72
809
 73
806
  0
VERTEX
  5
282C
330
17
100
AcDbEntity
  8
ELEM_04_COMPLETO
100
AcDbFaceRecord
 10
0.0
 20
0.0
 30
0.0
 70
128
 71
807
 72
809
 73
805
  0
VERTEX
  5
2830
330
17
100
AcDbEntity
  8
ELEM_04_COMPLETO
100
AcDbFaceRecord
 10
0.0
 20
0.0
 30
0.0
 70
128
 71
811
 72
809
 73
807
  0
VERTEX
  5
2834
330
17
100
AcDbEntity
  8
ELEM_04_COMPLETO
100
AcDbFaceRecord
 10
0.0
 20
0.0
 30
0.0
 70
128
 71
811
 72
807
 73
808
  0
VERTEX
  5
2838
330
17
100
AcDbEntity
  8
ELEM_04_COMPLETO
100
AcDbFaceRecord
 10
0.0
 20
0.0
 30
0.0
 70
128
 71
811
 72
808
 73
812
  0
VERTEX
  5
283C
330
17
100
AcDbEntity
  8
ELEM_04_COMPLETO
100
AcDbFaceRecord
 10
0.0
 20
0.0
 30
0.0
 70
128
 71
810
 72
812
 73
808
  0
VERTEX
  5
2840
330
17
100
AcDbEntity
  8
ELEM_04_COMPLETO
100
AcDbFaceRecord
 10
0.0
 20
0.0
 30
0.0
 70
128
 71
810
 72
808
 73
806
  0
VERTEX
  5
2844
330
17
100
AcDbEntity
  8
ELEM_04_COMPLETO
100
AcDbFaceRecord
 10
0.0
 20
0.0
 30
0.0
 70
128
 71
810
 72
813
 73
814
  0
VERTEX
  5
2848
330
17
100
AcDbEntity
  8
ELEM_04_COMPLETO
100
AcDbFaceRecord
 10
0.0
 20
0.0
 30
0.0
 70
128
 71
809
 72
813
 73
810
  0
VERTEX
  5
284C
330
17
100
AcDbEntity
  8
ELEM_04_COMPLETO
100
AcDbFaceRecord
 10
0.0
 20
0.0
 30
0.0
 70
128
 71
811
 72
813
 73
809
  0
VERTEX
  5
2850
330
17
100
AcDbEntity
  8
ELEM_04_COMPLETO
100
AcDbFaceRecord
 10
0.0
 20
0.0
 30
0.0
 70
128
 71
815
 72
813
 73
811
  0
VERTEX
  5
2854
330
17
100
AcDbEntity
  8
ELEM_04_COMPLETO
100
AcDbFaceRecord
 10
0.0
 20
0.0
 30
0.0
 70
128
 71
815
 72
811
 73
812
  0
VERTEX
  5
2858
330
17
100
AcDbEntity
  8
ELEM_04_COMPLETO
100
AcDbFaceRecord
 10
0.0
 20
0.0
 30
0.0
 70
128
 71
815
 72
812
 73
816
  0
VERTEX
  5
285C
330
17
100
AcDbEntity
  8
ELEM_04_COMPLETO
100
AcDbFaceRecord
 10
0.0
 20
0.0
 30
0.0
 70
128
 71
814
 72
816
 73
812
  0
VERTEX
  5
2860
330
17
100
AcDbEntity
  8
ELEM_04_COMPLETO
100
AcDbFaceRecord
 10
0.0
 20
0.0
 30
0.0
 70
128
 71
814
 72
812
 73
810
  0
VERTEX
  5
2864
330
17
100
AcDbEntity
  8
ELEM_04_COMPLETO
100
AcDbFaceRecord
 10
0.0
 20
0.0
 30
0.0
 70
128
 71
814
 72
817
 73
818
  0
VERTEX
  5
2868
330
17
100
AcDbEntity
  8
ELEM_04_COMPLETO
100
AcDbFaceRecord
 10
0.0
 20
0.0
 30
0.0
 70
128
 71
813
 72
817
 73
814
  0
VERTEX
  5
286C
330
17
100
AcDbEntity
  8
ELEM_04_COMPLETO
100
AcDbFaceRecord
 10
0.0
 20
0.0
 30
0.0
 70
128
 71
815
 72
817
 73
813
  0
VERTEX
  5
2870
330
17
100
AcDbEntity
  8
ELEM_04_COMPLETO
100
AcDbFaceRecord
 10
0.0
 20
0.0
 30
0.0
 70
128
 71
819
 72
817
 73
815
  0
VERTEX
  5
2874
330
17
100
AcDbEntity
  8
ELEM_04_COMPLETO
100
AcDbFaceRecord
 10
0.0
 20
0.0
 30
0.0
 70
128
 71
819
 72
815
 73
816
  0
VERTEX
  5
2878
330
17
100
AcDbEntity
  8
ELEM_04_COMPLETO
100
AcDbFaceRecord
 10
0.0
 20
0.0
 30
0.0
 70
128
 71
819
 72
816
 73
820
  0
VERTEX
  5
287C
330
17
100
AcDbEntity
  8
ELEM_04_COMPLETO
100
AcDbFaceRecord
 10
0.0
 20
0.0
 30
0.0
 70
128
 71
818
 72
820
 73
816
  0
VERTEX
  5
2880
330
17
100
AcDbEntity
  8
ELEM_04_COMPLETO
100
AcDbFaceRecord
 10
0.0
 20
0.0
 30
0.0
 70
128
 71
818
 72
816
 73
814
  0
VERTEX
  5
2884
330
17
100
AcDbEntity
  8
ELEM_04_COMPLETO
100
AcDbFaceRecord
 10
0.0
 20
0.0
 30
0.0
 70
128
 71
818
 72
821
 73
822
  0
VERTEX
  5
2888
330
17
100
AcDbEntity
  8
ELEM_04_COMPLETO
100
AcDbFaceRecord
 10
0.0
 20
0.0
 30
0.0
 70
128
 71
817
 72
821
 73
818
  0
VERTEX
  5
288C
330
17
100
AcDbEntity
  8
ELEM_04_COMPLETO
100
AcDbFaceRecord
 10
0.0
 20
0.0
 30
0.0
 70
128
 71
819
 72
821
 73
817
  0
VERTEX
  5
2890
330
17
100
AcDbEntity
  8
ELEM_04_COMPLETO
100
AcDbFaceRecord
 10
0.0
 20
0.0
 30
0.0
 70
128
 71
823
 72
821
 73
819
  0
VERTEX
  5
2894
330
17
100
AcDbEntity
  8
ELEM_04_COMPLETO
100
AcDbFaceRecord
 10
0.0
 20
0.0
 30
0.0
 70
128
 71
823
 72
819
 73
820
  0
VERTEX
  5
2898
330
17
100
AcDbEntity
  8
ELEM_04_COMPLETO
100
AcDbFaceRecord
 10
0.0
 20
0.0
 30
0.0
 70
128
 71
823
 72
820
 73
824
  0
VERTEX
  5
289C
330
17
100
AcDbEntity
  8
ELEM_04_COMPLETO
100
AcDbFaceRecord
 10
0.0
 20
0.0
 30
0.0
 70
128
 71
822
 72
824
 73
820
  0
VERTEX
  5
28A0
330
17
100
AcDbEntity
  8
ELEM_04_COMPLETO
100
AcDbFaceRecord
 10
0.0
 20
0.0
 30
0.0
 70
128
 71
822
 72
820
 73
818
  0
VERTEX
  5
28A4
330
17
100
AcDbEntity
  8
ELEM_04_COMPLETO
100
AcDbFaceRecord
 10
0.0
 20
0.0
 30
0.0
 70
128
 71
822
 72
825
 73
826
  0
VERTEX
  5
28A8
330
17
100
AcDbEntity
  8
ELEM_04_COMPLETO
100
AcDbFaceRecord
 10
0.0
 20
0.0
 30
0.0
 70
128
 71
821
 72
825
 73
822
  0
VERTEX
  5
28AC
330
17
100
AcDbEntity
  8
ELEM_04_COMPLETO
100
AcDbFaceRecord
 10
0.0
 20
0.0
 30
0.0
 70
128
 71
823
 72
825
 73
821
  0
VERTEX
  5
28B0
330
17
100
AcDbEntity
  8
ELEM_04_COMPLETO
100
AcDbFaceRecord
 10
0.0
 20
0.0
 30
0.0
 70
128
 71
827
 72
825
 73
823
  0
VERTEX
  5
28B4
330
17
100
AcDbEntity
  8
ELEM_04_COMPLETO
100
AcDbFaceRecord
 10
0.0
 20
0.0
 30
0.0
 70
128
 71
827
 72
823
 73
824
  0
VERTEX
  5
28B8
330
17
100
AcDbEntity
  8
ELEM_04_COMPLETO
100
AcDbFaceRecord
 10
0.0
 20
0.0
 30
0.0
 70
128
 71
827
 72
824
 73
828
  0
VERTEX
  5
28BC
330
17
100
AcDbEntity
  8
ELEM_04_COMPLETO
100
AcDbFaceRecord
 10
0.0
 20
0.0
 30
0.0
 70
128
 71
826
 72
828
 73
824
  0
VERTEX
  5
28C0
330
17
100
AcDbEntity
  8
ELEM_04_COMPLETO
100
AcDbFaceRecord
 10
0.0
 20
0.0
 30
0.0
 70
128
 71
826
 72
824
 73
822
  0
VERTEX
  5
28C4
330
17
100
AcDbEntity
  8
ELEM_04_COMPLETO
100
AcDbFaceRecord
 10
0.0
 20
0.0
 30
0.0
 70
128
 71
826
 72
829
 73
830
  0
VERTEX
  5
28C8
330
17
100
AcDbEntity
  8
ELEM_04_COMPLETO
100
AcDbFaceRecord
 10
0.0
 20
0.0
 30
0.0
 70
128
 71
825
 72
829
 73
826
  0
VERTEX
  5
28CC
330
17
100
AcDbEntity
  8
ELEM_04_COMPLETO
100
AcDbFaceRecord
 10
0.0
 20
0.0
 30
0.0
 70
128
 71
827
 72
829
 73
825
  0
VERTEX
  5
28D0
330
17
100
AcDbEntity
  8
ELEM_04_COMPLETO
100
AcDbFaceRecord
 10
0.0
 20
0.0
 30
0.0
 70
128
 71
831
 72
829
 73
827
  0
VERTEX
  5
28D4
330
17
100
AcDbEntity
  8
ELEM_04_COMPLETO
100
AcDbFaceRecord
 10
0.0
 20
0.0
 30
0.0
 70
128
 71
831
 72
827
 73
828
  0
VERTEX
  5
28D8
330
17
100
AcDbEntity
  8
ELEM_04_COMPLETO
100
AcDbFaceRecord
 10
0.0
 20
0.0
 30
0.0
 70
128
 71
831
 72
828
 73
832
  0
VERTEX
  5
28DC
330
17
100
AcDbEntity
  8
ELEM_04_COMPLETO
100
AcDbFaceRecord
 10
0.0
 20
0.0
 30
0.0
 70
128
 71
830
 72
832
 73
828
  0
VERTEX
  5
28E0
330
17
100
AcDbEntity
  8
ELEM_04_COMPLETO
100
AcDbFaceRecord
 10
0.0
 20
0.0
 30
0.0
 70
128
 71
830
 72
828
 73
826
  0
VERTEX
  5
28E4
330
17
100
AcDbEntity
  8
ELEM_04_COMPLETO
100
AcDbFaceRecord
 10
0.0
 20
0.0
 30
0.0
 70
128
 71
830
 72
833
 73
834
  0
VERTEX
  5
28E8
330
17
100
AcDbEntity
  8
ELEM_04_COMPLETO
100
AcDbFaceRecord
 10
0.0
 20
0.0
 30
0.0
 70
128
 71
829
 72
833
 73
830
  0
VERTEX
  5
28EC
330
17
100
AcDbEntity
  8
ELEM_04_COMPLETO
100
AcDbFaceRecord
 10
0.0
 20
0.0
 30
0.0
 70
128
 71
831
 72
833
 73
829
  0
VERTEX
  5
28F0
330
17
100
AcDbEntity
  8
ELEM_04_COMPLETO
100
AcDbFaceRecord
 10
0.0
 20
0.0
 30
0.0
 70
128
 71
835
 72
833
 73
831
  0
VERTEX
  5
28F4
330
17
100
AcDbEntity
  8
ELEM_04_COMPLETO
100
AcDbFaceRecord
 10
0.0
 20
0.0
 30
0.0
 70
128
 71
835
 72
831
 73
832
  0
VERTEX
  5
28F8
330
17
100
AcDbEntity
  8
ELEM_04_COMPLETO
100
AcDbFaceRecord
 10
0.0
 20
0.0
 30
0.0
 70
128
 71
835
 72
832
 73
836
  0
VERTEX
  5
28FC
330
17
100
AcDbEntity
  8
ELEM_04_COMPLETO
100
AcDbFaceRecord
 10
0.0
 20
0.0
 30
0.0
 70
128
 71
834
 72
836
 73
832
  0
VERTEX
  5
2900
330
17
100
AcDbEntity
  8
ELEM_04_COMPLETO
100
AcDbFaceRecord
 10
0.0
 20
0.0
 30
0.0
 70
128
 71
834
 72
832
 73
830
  0
VERTEX
  5
2904
330
17
100
AcDbEntity
  8
ELEM_04_COMPLETO
100
AcDbFaceRecord
 10
0.0
 20
0.0
 30
0.0
 70
128
 71
834
 72
837
 73
838
  0
VERTEX
  5
2908
330
17
100
AcDbEntity
  8
ELEM_04_COMPLETO
100
AcDbFaceRecord
 10
0.0
 20
0.0
 30
0.0
 70
128
 71
833
 72
837
 73
834
  0
VERTEX
  5
290C
330
17
100
AcDbEntity
  8
ELEM_04_COMPLETO
100
AcDbFaceRecord
 10
0.0
 20
0.0
 30
0.0
 70
128
 71
835
 72
837
 73
833
  0
VERTEX
  5
2910
330
17
100
AcDbEntity
  8
ELEM_04_COMPLETO
100
AcDbFaceRecord
 10
0.0
 20
0.0
 30
0.0
 70
128
 71
839
 72
837
 73
835
  0
VERTEX
  5
2914
330
17
100
AcDbEntity
  8
ELEM_04_COMPLETO
100
AcDbFaceRecord
 10
0.0
 20
0.0
 30
0.0
 70
128
 71
839
 72
835
 73
836
  0
VERTEX
  5
2918
330
17
100
AcDbEntity
  8
ELEM_04_COMPLETO
100
AcDbFaceRecord
 10
0.0
 20
0.0
 30
0.0
 70
128
 71
839
 72
836
 73
840
  0
VERTEX
  5
291C
330
17
100
AcDbEntity
  8
ELEM_04_COMPLETO
100
AcDbFaceRecord
 10
0.0
 20
0.0
 30
0.0
 70
128
 71
838
 72
840
 73
836
  0
VERTEX
  5
2920
330
17
100
AcDbEntity
  8
ELEM_04_COMPLETO
100
AcDbFaceRecord
 10
0.0
 20
0.0
 30
0.0
 70
128
 71
838
 72
836
 73
834
  0
VERTEX
  5
2924
330
17
100
AcDbEntity
  8
ELEM_04_COMPLETO
100
AcDbFaceRecord
 10
0.0
 20
0.0
 30
0.0
 70
128
 71
838
 72
841
 73
842
  0
VERTEX
  5
2928
330
17
100
AcDbEntity
  8
ELEM_04_COMPLETO
100
AcDbFaceRecord
 10
0.0
 20
0.0
 30
0.0
 70
128
 71
837
 72
841
 73
838
  0
VERTEX
  5
292C
330
17
100
AcDbEntity
  8
ELEM_04_COMPLETO
100
AcDbFaceRecord
 10
0.0
 20
0.0
 30
0.0
 70
128
 71
839
 72
841
 73
837
  0
VERTEX
  5
2930
330
17
100
AcDbEntity
  8
ELEM_04_COMPLETO
100
AcDbFaceRecord
 10
0.0
 20
0.0
 30
0.0
 70
128
 71
843
 72
841
 73
839
  0
VERTEX
  5
2934
330
17
100
AcDbEntity
  8
ELEM_04_COMPLETO
100
AcDbFaceRecord
 10
0.0
 20
0.0
 30
0.0
 70
128
 71
843
 72
839
 73
840
  0
VERTEX
  5
2938
330
17
100
AcDbEntity
  8
ELEM_04_COMPLETO
100
AcDbFaceRecord
 10
0.0
 20
0.0
 30
0.0
 70
128
 71
843
 72
840
 73
844
  0
VERTEX
  5
293C
330
17
100
AcDbEntity
  8
ELEM_04_COMPLETO
100
AcDbFaceRecord
 10
0.0
 20
0.0
 30
0.0
 70
128
 71
842
 72
844
 73
840
  0
VERTEX
  5
2940
330
17
100
AcDbEntity
  8
ELEM_04_COMPLETO
100
AcDbFaceRecord
 10
0.0
 20
0.0
 30
0.0
 70
128
 71
842
 72
840
 73
838
  0
VERTEX
  5
2944
330
17
100
AcDbEntity
  8
ELEM_04_COMPLETO
100
AcDbFaceRecord
 10
0.0
 20
0.0
 30
0.0
 70
128
 71
845
 72
846
 73
842
  0
VERTEX
  5
2948
330
17
100
AcDbEntity
  8
ELEM_04_COMPLETO
100
AcDbFaceRecord
 10
0.0
 20
0.0
 30
0.0
 70
128
 71
841
 72
845
 73
842
  0
VERTEX
  5
294C
330
17
100
AcDbEntity
  8
ELEM_04_COMPLETO
100
AcDbFaceRecord
 10
0.0
 20
0.0
 30
0.0
 70
128
 71
847
 72
845
 73
841
  0
VERTEX
  5
2950
330
17
100
AcDbEntity
  8
ELEM_04_COMPLETO
100
AcDbFaceRecord
 10
0.0
 20
0.0
 30
0.0
 70
128
 71
843
 72
844
 73
848
  0
VERTEX
  5
2954
330
17
100
AcDbEntity
  8
ELEM_04_COMPLETO
100
AcDbFaceRecord
 10
0.0
 20
0.0
 30
0.0
 70
128
 71
849
 72
843
 73
848
  0
VERTEX
  5
2958
330
17
100
AcDbEntity
  8
ELEM_04_COMPLETO
100
AcDbFaceRecord
 10
0.0
 20
0.0
 30
0.0
 70
128
 71
850
 72
846
 73
842
  0
VERTEX
  5
295C
330
17
100
AcDbEntity
  8
ELEM_04_COMPLETO
100
AcDbFaceRecord
 10
0.0
 20
0.0
 30
0.0
 70
128
 71
846
 72
851
 73
852
  0
VERTEX
  5
2960
330
17
100
AcDbEntity
  8
ELEM_04_COMPLETO
100
AcDbFaceRecord
 10
0.0
 20
0.0
 30
0.0
 70
128
 71
845
 72
851
 73
846
  0
VERTEX
  5
2964
330
17
100
AcDbEntity
  8
ELEM_04_COMPLETO
100
AcDbFaceRecord
 10
0.0
 20
0.0
 30
0.0
 70
128
 71
849
 72
851
 73
845
  0
VERTEX
  5
2968
330
17
100
AcDbEntity
  8
ELEM_04_COMPLETO
100
AcDbFaceRecord
 10
0.0
 20
0.0
 30
0.0
 70
128
 71
853
 72
851
 73
849
  0
VERTEX
  5
296C
330
17
100
AcDbEntity
  8
ELEM_04_COMPLETO
100
AcDbFaceRecord
 10
0.0
 20
0.0
 30
0.0
 70
128
 71
853
 72
849
 73
848
  0
VERTEX
  5
2970
330
17
100
AcDbEntity
  8
ELEM_04_COMPLETO
100
AcDbFaceRecord
 10
0.0
 20
0.0
 30
0.0
 70
128
 71
853
 72
848
 73
854
  0
VERTEX
  5
2974
330
17
100
AcDbEntity
  8
ELEM_04_COMPLETO
100
AcDbFaceRecord
 10
0.0
 20
0.0
 30
0.0
 70
128
 71
852
 72
854
 73
848
  0
VERTEX
  5
2978
330
17
100
AcDbEntity
  8
ELEM_04_COMPLETO
100
AcDbFaceRecord
 10
0.0
 20
0.0
 30
0.0
 70
128
 71
852
 72
848
 73
846
  0
VERTEX
  5
297C
330
17
100
AcDbEntity
  8
ELEM_04_COMPLETO
100
AcDbFaceRecord
 10
0.0
 20
0.0
 30
0.0
 70
128
 71
852
 72
855
 73
856
  0
VERTEX
  5
2980
330
17
100
AcDbEntity
  8
ELEM_04_COMPLETO
100
AcDbFaceRecord
 10
0.0
 20
0.0
 30
0.0
 70
128
 71
851
 72
855
 73
852
  0
VERTEX
  5
2984
330
17
100
AcDbEntity
  8
ELEM_04_COMPLETO
100
AcDbFaceRecord
 10
0.0
 20
0.0
 30
0.0
 70
128
 71
853
 72
855
 73
851
  0
VERTEX
  5
2988
330
17
100
AcDbEntity
  8
ELEM_04_COMPLETO
100
AcDbFaceRecord
 10
0.0
 20
0.0
 30
0.0
 70
128
 71
857
 72
855
 73
853
  0
VERTEX
  5
298C
330
17
100
AcDbEntity
  8
ELEM_04_COMPLETO
100
AcDbFaceRecord
 10
0.0
 20
0.0
 30
0.0
 70
128
 71
857
 72
853
 73
854
  0
VERTEX
  5
2990
330
17
100
AcDbEntity
  8
ELEM_04_COMPLETO
100
AcDbFaceRecord
 10
0.0
 20
0.0
 30
0.0
 70
128
 71
857
 72
854
 73
858
  0
VERTEX
  5
2994
330
17
100
AcDbEntity
  8
ELEM_04_COMPLETO
100
AcDbFaceRecord
 10
0.0
 20
0.0
 30
0.0
 70
128
 71
856
 72
858
 73
854
  0
VERTEX
  5
2998
330
17
100
AcDbEntity
  8
ELEM_04_COMPLETO
100
AcDbFaceRecord
 10
0.0
 20
0.0
 30
0.0
 70
128
 71
856
 72
854
 73
852
  0
VERTEX
  5
299C
330
17
100
AcDbEntity
  8
ELEM_04_COMPLETO
100
AcDbFaceRecord
 10
0.0
 20
0.0
 30
0.0
 70
128
 71
859
 72
860
 73
856
  0
VERTEX
  5
29A0
330
17
100
AcDbEntity
  8
ELEM_04_COMPLETO
100
AcDbFaceRecord
 10
0.0
 20
0.0
 30
0.0
 70
128
 71
855
 72
859
 73
856
  0
VERTEX
  5
29A4
330
17
100
AcDbEntity
  8
ELEM_04_COMPLETO
100
AcDbFaceRecord
 10
0.0
 20
0.0
 30
0.0
 70
128
 71
861
 72
859
 73
855
  0
VERTEX
  5
29A8
330
17
100
AcDbEntity
  8
ELEM_04_COMPLETO
100
AcDbFaceRecord
 10
0.0
 20
0.0
 30
0.0
 70
128
 71
861
 72
855
 73
857
  0
VERTEX
  5
29AC
330
17
100
AcDbEntity
  8
ELEM_04_COMPLETO
100
AcDbFaceRecord
 10
0.0
 20
0.0
 30
0.0
 70
128
 71
861
 72
857
 73
858
  0
VERTEX
  5
29B0
330
17
100
AcDbEntity
  8
ELEM_04_COMPLETO
100
AcDbFaceRecord
 10
0.0
 20
0.0
 30
0.0
 70
128
 71
861
 72
858
 73
862
  0
VERTEX
  5
29B4
330
17
100
AcDbEntity
  8
ELEM_04_COMPLETO
100
AcDbFaceRecord
 10
0.0
 20
0.0
 30
0.0
 70
128
 71
856
 72
862
 73
858
  0
VERTEX
  5
29B8
330
17
100
AcDbEntity
  8
ELEM_04_COMPLETO
100
AcDbFaceRecord
 10
0.0
 20
0.0
 30
0.0
 70
128
 71
860
 72
862
 73
856
  0
VERTEX
  5
29BC
330
17
100
AcDbEntity
  8
ELEM_04_COMPLETO
100
AcDbFaceRecord
 10
0.0
 20
0.0
 30
0.0
 70
128
 71
860
 72
7
 73
6
  0
VERTEX
  5
29C0
330
17
100
AcDbEntity
  8
ELEM_04_COMPLETO
100
AcDbFaceRecord
 10
0.0
 20
0.0
 30
0.0
 70
128
 71
859
 72
7
 73
860
  0
VERTEX
  5
29C4
330
17
100
AcDbEntity
  8
ELEM_04_COMPLETO
100
AcDbFaceRecord
 10
0.0
 20
0.0
 30
0.0
 70
128
 71
5
 72
7
 73
859
  0
VERTEX
  5
29C8
330
17
100
AcDbEntity
  8
ELEM_04_COMPLETO
100
AcDbFaceRecord
 10
0.0
 20
0.0
 30
0.0
 70
128
 71
5
 72
859
 73
861
  0
VERTEX
  5
29CC
330
17
100
AcDbEntity
  8
ELEM_04_COMPLETO
100
AcDbFaceRecord
 10
0.0
 20
0.0
 30
0.0
 70
128
 71
5
 72
861
 73
862
  0
VERTEX
  5
29D0
330
17
100
AcDbEntity
  8
ELEM_04_COMPLETO
100
AcDbFaceRecord
 10
0.0
 20
0.0
 30
0.0
 70
128
 71
5
 72
862
 73
8
  0
VERTEX
  5
29D4
330
17
100
AcDbEntity
  8
ELEM_04_COMPLETO
100
AcDbFaceRecord
 10
0.0
 20
0.0
 30
0.0
 70
128
 71
860
 72
8
 73
862
  0
VERTEX
  5
29D8
330
17
100
AcDbEntity
  8
ELEM_04_COMPLETO
100
AcDbFaceRecord
 10
0.0
 20
0.0
 30
0.0
 70
128
 71
6
 72
8
 73
860
  0
SEQEND
  5
F10
330
F0F
100
AcDbEntity
  8
ELEM_04_COMPLETO
  0
POLYLINE
  5
29DA
330
17
100
AcDbEntity
  8
ELEM_04_SUPERIOR
100
AcDbPolyFaceMesh
 66
1
 10
0.0
 20
0.0
 30
0.0
 70
64
 71
430
 72
426
  0
VERTEX
  5
29DC
330
17
100
AcDbEntity
  8
ELEM_04_SUPERIOR
100
AcDbVertex
100
AcDbPolyFaceMeshVertex
 10
12120116.61514305
 20
3531292.277913341
 30
11.10000076572055
 70
192
  0
VERTEX
  5
29DD
330
17
100
AcDbEntity
  8
ELEM_04_SUPERIOR
100
AcDbVertex
100
AcDbPolyFaceMeshVertex
 10
12120122.12849489
 20
3531296.616828548
 30
10.5743226832259
 70
192
  0
VERTEX
  5
29DE
330
17
100
AcDbEntity
  8
ELEM_04_SUPERIOR
100
AcDbVertex
100
AcDbPolyFaceMeshVertex
 10
12120122.28164418
 20
3531296.422225918
 30
10.57557596155922
 70
192
  0
VERTEX
  5
29E1
330
17
100
AcDbEntity
  8
ELEM_04_SUPERIOR
100
AcDbVertex
100
AcDbPolyFaceMeshVertex
 10
12120110.49413823
 20
3531287.145656545
 30
9.825577461566835
 70
192
  0
VERTEX
  5
29E4
330
17
100
AcDbEntity
  8
ELEM_04_SUPERIOR
100
AcDbVertex
100
AcDbPolyFaceMeshVertex
 10
12120120.31501097
 20
3531298.921177613
 30
10.55944738489271
 70
192
  0
VERTEX
  5
29E8
330
17
100
AcDbEntity
  8
ELEM_04_SUPERIOR
100
AcDbVertex
100
AcDbPolyFaceMeshVertex
 10
12120114.79611453
 20
3531294.577898898
 30
11.10000076572055
 70
192
  0
VERTEX
  5
29EC
330
17
100
AcDbEntity
  8
ELEM_04_SUPERIOR
100
AcDbVertex
100
AcDbPolyFaceMeshVertex
 10
12120117.22282228
 20
3531302.850346264
 30
10.53408982405964
 70
192
  0
VERTEX
  5
29F0
330
17
100
AcDbEntity
  8
ELEM_04_SUPERIOR
100
AcDbVertex
100
AcDbPolyFaceMeshVertex
 10
12120111.69447047
 20
3531298.499623338
 30
11.10000076572055
 70
192
  0
VERTEX
  5
29F4
330
17
100
AcDbEntity
  8
ELEM_04_SUPERIOR
100
AcDbVertex
100
AcDbPolyFaceMeshVertex
 10
12120115.94413389
 20
3531304.475142883
 30
10.52360099989308
 70
192
  0
VERTEX
  5
29F8
330
17
100
AcDbEntity
  8
ELEM_04_SUPERIOR
100
AcDbVertex
100
AcDbPolyFaceMeshVertex
 10
12120110.41187133
 20
3531300.121345817
 30
11.10000076572055
 70
192
  0
VERTEX
  5
29FC
330
17
100
AcDbEntity
  8
ELEM_04_SUPERIOR
100
AcDbVertex
100
AcDbPolyFaceMeshVertex
 10
12120115.0472656
 20
3531305.614769869
 30
10.51624537155982
 70
192
  0
VERTEX
  5
2A00
330
17
100
AcDbEntity
  8
ELEM_04_SUPERIOR
100
AcDbVertex
100
AcDbPolyFaceMeshVertex
 10
12120109.51226027
 20
3531301.258814014
 30
11.10000076572055
 70
192
  0
VERTEX
  5
2A04
330
17
100
AcDbEntity
  8
ELEM_04_SUPERIOR
100
AcDbVertex
100
AcDbPolyFaceMeshVertex
 10
12120114.13063358
 20
3531306.779511634
 30
10.50895207905989
 70
192
  0
VERTEX
  5
2A08
330
17
100
AcDbEntity
  8
ELEM_04_SUPERIOR
100
AcDbVertex
100
AcDbPolyFaceMeshVertex
 10
12120108.59282641
 20
3531302.421351059
 30
11.10000076572055
 70
192
  0
VERTEX
  5
2A0C
330
17
100
AcDbEntity
  8
ELEM_04_SUPERIOR
100
AcDbVertex
100
AcDbPolyFaceMeshVertex
 10
12120111.26032764
 20
3531310.426738592
 30
10.48896524239343
 70
192
  0
VERTEX
  5
2A10
330
17
100
AcDbEntity
  8
ELEM_04_SUPERIOR
100
AcDbVertex
100
AcDbPolyFaceMeshVertex
 10
12120105.71374425
 20
3531306.061668582
 30
11.10000076572055
 70
192
  0
VERTEX
  5
2A15
330
17
100
AcDbEntity
  8
ELEM_04_SUPERIOR
100
AcDbVertex
100
AcDbPolyFaceMeshVertex
 10
12120111.0384416
 20
3531310.708680285
 30
10.48760369656011
 70
192
  0
VERTEX
  5
2A18
330
17
100
AcDbEntity
  8
ELEM_04_SUPERIOR
100
AcDbVertex
100
AcDbPolyFaceMeshVertex
 10
12120105.30266895
 20
3531306.194722778
 30
11.06268784822093
 70
192
  0
VERTEX
  5
2A1C
330
17
100
AcDbEntity
  8
ELEM_04_SUPERIOR
100
AcDbVertex
100
AcDbPolyFaceMeshVertex
 10
12120110.01429667
 20
3531312.010039231
 30
10.4816424223935
 70
192
  0
VERTEX
  5
2A20
330
17
100
AcDbEntity
  8
ELEM_04_SUPERIOR
100
AcDbVertex
100
AcDbPolyFaceMeshVertex
 10
12120103.40528101
 20
3531306.808855408
 30
10.89046378322268
 70
192
  0
VERTEX
  5
2A24
330
17
100
AcDbEntity
  8
ELEM_04_SUPERIOR
100
AcDbVertex
100
AcDbPolyFaceMeshVertex
 10
12120107.94625291
 20
3531314.637848936
 30
10.47129139322694
 70
192
  0
VERTEX
  5
2A28
330
17
100
AcDbEntity
  8
ELEM_04_SUPERIOR
100
AcDbVertex
100
AcDbPolyFaceMeshVertex
 10
12120099.57391729
 20
3531308.048964476
 30
10.54269873072622
 70
192
  0
VERTEX
  5
2A2D
330
17
100
AcDbEntity
  8
ELEM_04_SUPERIOR
100
AcDbVertex
100
AcDbPolyFaceMeshVertex
 10
12120107.32508289
 20
3531315.4271551
 30
10.46862079489364
 70
192
  0
VERTEX
  5
2A30
330
17
100
AcDbEntity
  8
ELEM_04_SUPERIOR
100
AcDbVertex
100
AcDbPolyFaceMeshVertex
 10
12120098.42310594
 20
3531308.421450608
 30
10.43824027822728
 70
192
  0
VERTEX
  5
2A34
330
17
100
AcDbEntity
  8
ELEM_04_SUPERIOR
100
AcDbVertex
100
AcDbPolyFaceMeshVertex
 10
12120104.85406421
 20
3531318.567017587
 30
10.46001516906039
 70
192
  0
VERTEX
  5
2A38
330
17
100
AcDbEntity
  8
ELEM_04_SUPERIOR
100
AcDbVertex
100
AcDbPolyFaceMeshVertex
 10
12120095.94751706
 20
3531311.557717302
 30
10.42236432572744
 70
192
  0
VERTEX
  5
2A3D
330
17
100
AcDbEntity
  8
ELEM_04_SUPERIOR
100
AcDbVertex
100
AcDbPolyFaceMeshVertex
 10
12120104.37925217
 20
3531319.170349713
 30
10.45873236322707
 70
192
  0
VERTEX
  5
2A40
330
17
100
AcDbEntity
  8
ELEM_04_SUPERIOR
100
AcDbVertex
100
AcDbPolyFaceMeshVertex
 10
12120095.47182903
 20
3531312.160357172
 30
10.41931315072747
 70
192
  0
VERTEX
  5
2A44
330
17
100
AcDbEntity
  8
ELEM_04_SUPERIOR
100
AcDbVertex
100
AcDbPolyFaceMeshVertex
 10
12120101.76187551
 20
3531322.496186239
 30
10.45377830489379
 70
192
  0
VERTEX
  5
2A48
330
17
100
AcDbEntity
  8
ELEM_04_SUPERIOR
100
AcDbVertex
100
AcDbPolyFaceMeshVertex
 10
12120092.84960987
 20
3531315.482384649
 30
10.40249887989431
 70
192
  0
VERTEX
  5
2A4C
330
17
100
AcDbEntity
  8
ELEM_04_SUPERIOR
100
AcDbVertex
100
AcDbPolyFaceMeshVertex
 10
12120098.66968353
 20
3531326.425354889
 30
10.4525775198938
 70
192
  0
VERTEX
  5
2A50
330
17
100
AcDbEntity
  8
ELEM_04_SUPERIOR
100
AcDbVertex
100
AcDbPolyFaceMeshVertex
 10
12120089.75170268
 20
3531319.407051997
 30
10.38263343406118
 70
192
  0
VERTEX
  5
2A55
330
17
100
AcDbEntity
  8
ELEM_04_SUPERIOR
100
AcDbVertex
100
AcDbPolyFaceMeshVertex
 10
12120098.19487805
 20
3531327.028677173
 30
10.45283670572713
 70
192
  0
VERTEX
  5
2A58
330
17
100
AcDbEntity
  8
ELEM_04_SUPERIOR
100
AcDbVertex
100
AcDbPolyFaceMeshVertex
 10
12120089.27602122
 20
3531320.009685305
 30
10.37958225906121
 70
192
  0
VERTEX
  5
2A5D
330
17
100
AcDbEntity
  8
ELEM_04_SUPERIOR
100
AcDbVertex
100
AcDbPolyFaceMeshVertex
 10
12120095.57749483
 20
3531330.354523539
 30
10.45641281406043
 70
192
  0
VERTEX
  5
2A60
330
17
100
AcDbEntity
  8
ELEM_04_SUPERIOR
100
AcDbVertex
100
AcDbPolyFaceMeshVertex
 10
12120086.65379549
 20
3531323.331722624
 30
10.36276470739471
 70
192
  0
VERTEX
  5
2A65
330
17
100
AcDbEntity
  8
ELEM_04_SUPERIOR
100
AcDbVertex
100
AcDbPolyFaceMeshVertex
 10
12120092.48530614
 20
3531334.28369219
 30
10.46528418739367
 70
192
  0
VERTEX
  5
2A68
330
17
100
AcDbEntity
  8
ELEM_04_SUPERIOR
100
AcDbVertex
100
AcDbPolyFaceMeshVertex
 10
12120083.5558883
 20
3531327.256389972
 30
10.34289926156158
 70
192
  0
VERTEX
  5
2A6D
330
17
100
AcDbEntity
  8
ELEM_04_SUPERIOR
100
AcDbVertex
100
AcDbPolyFaceMeshVertex
 10
12120092.01050722
 20
3531334.887007913
 30
10.46709192656032
 70
192
  0
VERTEX
  5
2A70
330
17
100
AcDbEntity
  8
ELEM_04_SUPERIOR
100
AcDbVertex
100
AcDbPolyFaceMeshVertex
 10
12120083.08021012
 20
3531327.859013438
 30
10.33984808656161
 70
192
  0
VERTEX
  5
2A75
330
17
100
AcDbEntity
  8
ELEM_04_SUPERIOR
100
AcDbVertex
100
AcDbPolyFaceMeshVertex
 10
12120089.39311744
 20
3531338.212860841
 30
10.47919163989353
 70
192
  0
VERTEX
  5
2A78
330
17
100
AcDbEntity
  8
ELEM_04_SUPERIOR
100
AcDbVertex
100
AcDbPolyFaceMeshVertex
 10
12120080.45798111
 20
3531331.181057319
 30
10.32303381572845
 70
192
  0
VERTEX
  5
2A7D
330
17
100
AcDbEntity
  8
ELEM_04_SUPERIOR
100
AcDbVertex
100
AcDbPolyFaceMeshVertex
 10
12120087.71198235
 20
3531340.349037671
 30
10.48886681739343
 70
192
  0
VERTEX
  5
2A80
330
17
100
AcDbEntity
  8
ELEM_04_SUPERIOR
100
AcDbVertex
100
AcDbPolyFaceMeshVertex
 10
12120078.77373579
 20
3531333.314789928
 30
10.31223331239522
 70
192
  0
VERTEX
  5
2A85
330
17
100
AcDbEntity
  8
ELEM_04_SUPERIOR
100
AcDbVertex
100
AcDbPolyFaceMeshVertex
 10
12120086.30092546
 20
3531342.142029492
 30
10.49813517156001
 70
192
  0
VERTEX
  5
2A88
330
17
100
AcDbEntity
  8
ELEM_04_SUPERIOR
100
AcDbVertex
100
AcDbPolyFaceMeshVertex
 10
12120077.36007392
 20
3531335.105727947
 30
10.30926415822859
 70
192
  0
VERTEX
  5
2A8D
330
17
100
AcDbEntity
  8
ELEM_04_SUPERIOR
100
AcDbVertex
100
AcDbPolyFaceMeshVertex
 10
12120085.8261331
 20
3531342.745335372
 30
10.50149146405997
 70
192
  0
VERTEX
  5
2A90
330
17
100
AcDbEntity
  8
ELEM_04_SUPERIOR
100
AcDbVertex
100
AcDbPolyFaceMeshVertex
 10
12120076.8844023
 20
3531335.708341571
 30
10.30826678489527
 70
192
  0
VERTEX
  5
2A95
330
17
100
AcDbEntity
  8
ELEM_04_SUPERIOR
100
AcDbVertex
100
AcDbPolyFaceMeshVertex
 10
12120084.12536879
 20
3531344.906453096
 30
10.51448356405984
 70
192
  0
VERTEX
  5
2A98
330
17
100
AcDbEntity
  8
ELEM_04_SUPERIOR
100
AcDbVertex
100
AcDbPolyFaceMeshVertex
 10
12120075.18049495
 20
3531337.866985548
 30
10.30468739572864
 70
192
  0
VERTEX
  5
2A9D
330
17
100
AcDbEntity
  8
ELEM_04_SUPERIOR
100
AcDbVertex
100
AcDbPolyFaceMeshVertex
 10
12120083.20873676
 20
3531346.071198142
 30
10.52189824739309
 70
192
  0
VERTEX
  5
2AA0
330
17
100
AcDbEntity
  8
ELEM_04_SUPERIOR
100
AcDbVertex
100
AcDbPolyFaceMeshVertex
 10
12120074.26216673
 20
3531339.030395295
 30
10.30276154656199
 70
192
  0
VERTEX
  5
2AA5
330
17
100
AcDbEntity
  8
ELEM_04_SUPERIOR
100
AcDbVertex
100
AcDbPolyFaceMeshVertex
 10
12120080.11654807
 20
3531350.000363512
 30
10.54690475905951
 70
192
  0
VERTEX
  5
2AA8
330
17
100
AcDbEntity
  8
ELEM_04_SUPERIOR
100
AcDbVertex
100
AcDbPolyFaceMeshVertex
 10
12120071.16425954
 20
3531342.955062643
 30
10.29625565406205
 70
192
  0
VERTEX
  5
2AAD
330
17
100
AcDbEntity
  8
ELEM_04_SUPERIOR
100
AcDbVertex
100
AcDbPolyFaceMeshVertex
 10
12120079.64176227
 20
3531350.603662831
 30
10.55074333405947
 70
192
  0
VERTEX
  5
2AB0
330
17
100
AcDbEntity
  8
ELEM_04_SUPERIOR
100
AcDbVertex
100
AcDbPolyFaceMeshVertex
 10
12120070.68859448
 20
3531343.557672987
 30
10.29525828072873
 70
192
  0
VERTEX
  5
2AB5
330
17
100
AcDbEntity
  8
ELEM_04_SUPERIOR
100
AcDbVertex
100
AcDbPolyFaceMeshVertex
 10
12120077.02435937
 20
3531353.929532163
 30
10.57191127072592
 70
192
  0
VERTEX
  5
2AB8
330
17
100
AcDbEntity
  8
ELEM_04_SUPERIOR
100
AcDbVertex
100
AcDbPolyFaceMeshVertex
 10
12120068.06635235
 20
3531346.879733271
 30
10.28975304239545
 70
192
  0
VERTEX
  5
2ABD
330
17
100
AcDbEntity
  8
ELEM_04_SUPERIOR
100
AcDbVertex
100
AcDbPolyFaceMeshVertex
 10
12120073.93216739
 20
3531357.858700814
 30
10.59691778239233
 70
192
  0
VERTEX
  5
2AC0
330
17
100
AcDbEntity
  8
ELEM_04_SUPERIOR
100
AcDbVertex
100
AcDbPolyFaceMeshVertex
 10
12120064.96844516
 20
3531350.804400618
 30
10.28325043072885
 70
192
  0
VERTEX
  5
2AC5
330
17
100
AcDbEntity
  8
ELEM_04_SUPERIOR
100
AcDbVertex
100
AcDbPolyFaceMeshVertex
 10
12120073.45738815
 20
3531358.46199029
 30
10.6007563573923
 70
192
  0
VERTEX
  5
2AC8
330
17
100
AcDbEntity
  8
ELEM_04_SUPERIOR
100
AcDbVertex
100
AcDbPolyFaceMeshVertex
 10
12120064.49278666
 20
3531351.407001118
 30
10.2822497765622
 70
192
  0
VERTEX
  5
2ACD
330
17
100
AcDbEntity
  8
ELEM_04_SUPERIOR
100
AcDbVertex
100
AcDbPolyFaceMeshVertex
 10
12120070.8399787
 20
3531361.787869464
 30
10.62192429405875
 70
192
  0
VERTEX
  5
2AD0
330
17
100
AcDbEntity
  8
ELEM_04_SUPERIOR
100
AcDbVertex
100
AcDbPolyFaceMeshVertex
 10
12120061.87053797
 20
3531354.729067965
 30
10.27674453822892
 70
192
  0
VERTEX
  5
2AD5
330
17
100
AcDbEntity
  8
ELEM_04_SUPERIOR
100
AcDbVertex
100
AcDbPolyFaceMeshVertex
 10
12120067.74778999
 20
3531365.717038116
 30
10.64693080572516
 70
192
  0
VERTEX
  5
2AD8
330
17
100
AcDbEntity
  8
ELEM_04_SUPERIOR
100
AcDbVertex
100
AcDbPolyFaceMeshVertex
 10
12120058.7726275
 20
3531358.653738593
 30
10.27024192656232
 70
192
  0
VERTEX
  5
2ADD
330
17
100
AcDbEntity
  8
ELEM_04_SUPERIOR
100
AcDbVertex
100
AcDbPolyFaceMeshVertex
 10
12120067.27301732
 20
3531366.32032103
 30
10.65077266155845
 70
192
  0
VERTEX
  5
2AE0
330
17
100
AcDbEntity
  8
ELEM_04_SUPERIOR
100
AcDbVertex
100
AcDbPolyFaceMeshVertex
 10
12120058.29697884
 20
3531359.256329252
 30
10.26924455322899
 70
192
  0
VERTEX
  5
2AE5
330
17
100
AcDbEntity
  8
ELEM_04_SUPERIOR
100
AcDbVertex
100
AcDbPolyFaceMeshVertex
 10
12120064.65560129
 20
3531369.646206767
 30
10.6719405982249
 70
192
  0
VERTEX
  5
2AE8
330
17
100
AcDbEntity
  8
ELEM_04_SUPERIOR
100
AcDbVertex
100
AcDbPolyFaceMeshVertex
 10
12120055.67472031
 20
3531362.578405942
 30
10.26373931489572
 70
192
  0
VERTEX
  5
2AED
330
17
100
AcDbEntity
  8
ELEM_04_SUPERIOR
100
AcDbVertex
100
AcDbPolyFaceMeshVertex
 10
12120061.56340932
 20
3531373.575375417
 30
10.69694710989132
 70
192
  0
VERTEX
  5
2AF0
330
17
100
AcDbEntity
  8
ELEM_04_SUPERIOR
100
AcDbVertex
100
AcDbPolyFaceMeshVertex
 10
12120052.57681312
 20
3531366.503073289
 30
10.25723342239579
 70
192
  0
VERTEX
  5
2AF5
330
17
100
AcDbEntity
  8
ELEM_04_SUPERIOR
100
AcDbVertex
100
AcDbPolyFaceMeshVertex
 10
12120061.08864321
 20
3531374.178648489
 30
10.70078568489128
 70
192
  0
VERTEX
  5
2AF8
330
17
100
AcDbEntity
  8
ELEM_04_SUPERIOR
100
AcDbVertex
100
AcDbPolyFaceMeshVertex
 10
12120052.10117103
 20
3531367.105657386
 30
10.25623604906246
 70
192
  0
VERTEX
  5
2AFD
330
17
100
AcDbEntity
  8
ELEM_04_SUPERIOR
100
AcDbVertex
100
AcDbPolyFaceMeshVertex
 10
12120058.47122062
 20
3531377.504544068
 30
10.72195362155773
 70
192
  0
VERTEX
  5
2B00
330
17
100
AcDbEntity
  8
ELEM_04_SUPERIOR
100
AcDbVertex
100
AcDbPolyFaceMeshVertex
 10
12120049.47890593
 20
3531370.427743918
 30
10.25073081072918
 70
192
  0
VERTEX
  5
2B05
330
17
100
AcDbEntity
  8
ELEM_04_SUPERIOR
100
AcDbVertex
100
AcDbPolyFaceMeshVertex
 10
12120057.83650732
 20
3531378.311058202
 30
10.72708484489101
 70
192
  0
VERTEX
  5
2B08
330
17
100
AcDbEntity
  8
ELEM_04_SUPERIOR
100
AcDbVertex
100
AcDbPolyFaceMeshVertex
 10
12120048.84302137
 20
3531371.233332857
 30
10.24939551156253
 70
192
  0
VERTEX
  5
2B0C
330
17
100
AcDbEntity
  8
ELEM_04_SUPERIOR
100
AcDbVertex
100
AcDbPolyFaceMeshVertex
 10
12120046.39226184
 20
3531374.361276077
 30
10.24422819906258
 70
192
  0
VERTEX
  5
2B0D
330
17
100
AcDbEntity
  8
ELEM_04_SUPERIOR
100
AcDbVertex
100
AcDbPolyFaceMeshVertex
 10
12120055.37903192
 20
3531381.433712718
 30
10.74696013322414
 70
192
  0
VERTEX
  5
2B14
330
17
100
AcDbEntity
  8
ELEM_04_SUPERIOR
100
AcDbVertex
100
AcDbPolyFaceMeshVertex
 10
12120045.91880478
 20
3531374.965556363
 30
10.24322754489593
 70
192
  0
VERTEX
  5
2B15
330
17
100
AcDbEntity
  8
ELEM_04_SUPERIOR
100
AcDbVertex
100
AcDbPolyFaceMeshVertex
 10
12120054.90427566
 20
3531382.036972666
 30
10.7507987082241
 70
192
  0
VERTEX
  5
2B1C
330
17
100
AcDbEntity
  8
ELEM_04_SUPERIOR
100
AcDbVertex
100
AcDbPolyFaceMeshVertex
 10
12120044.24177073
 20
3531377.105978593
 30
10.23969080656263
 70
192
  0
VERTEX
  5
2B1D
330
17
100
AcDbEntity
  8
ELEM_04_SUPERIOR
100
AcDbVertex
100
AcDbPolyFaceMeshVertex
 10
12120053.22264516
 20
3531384.173776136
 30
10.76439776239063
 70
192
  0
VERTEX
  5
2B24
330
17
100
AcDbEntity
  8
ELEM_04_SUPERIOR
100
AcDbVertex
100
AcDbPolyFaceMeshVertex
 10
12120043.30852457
 20
3531378.297094976
 30
10.23772230656265
 70
192
  0
VERTEX
  5
2B25
330
17
100
AcDbEntity
  8
ELEM_04_SUPERIOR
100
AcDbVertex
100
AcDbPolyFaceMeshVertex
 10
12120052.28684323
 20
3531385.36288137
 30
10.77173698655722
 70
192
  0
VERTEX
  5
2B2C
330
17
100
AcDbEntity
  8
ELEM_04_SUPERIOR
100
AcDbVertex
100
AcDbPolyFaceMeshVertex
 10
12120040.22479058
 20
3531382.232917156
 30
10.23121969489605
 70
192
  0
VERTEX
  5
2B2D
330
17
100
AcDbEntity
  8
ELEM_04_SUPERIOR
100
AcDbVertex
100
AcDbPolyFaceMeshVertex
 10
12120049.19465125
 20
3531389.29205002
 30
10.79273103905701
 70
192
  0
VERTEX
  5
2B34
330
17
100
AcDbEntity
  8
ELEM_04_SUPERIOR
100
AcDbVertex
100
AcDbPolyFaceMeshVertex
 10
12120039.75134664
 20
3531382.837181041
 30
10.23022232156272
 70
192
  0
VERTEX
  5
2B35
330
17
100
AcDbEntity
  8
ELEM_04_SUPERIOR
100
AcDbVertex
100
AcDbPolyFaceMeshVertex
 10
12120048.71991138
 20
3531389.895290284
 30
10.79551318572365
 70
192
  0
VERTEX
  5
2B3C
330
17
100
AcDbEntity
  8
ELEM_04_SUPERIOR
100
AcDbVertex
100
AcDbPolyFaceMeshVertex
 10
12120037.14105331
 20
3531386.168739337
 30
10.22471708322945
 70
192
  0
VERTEX
  5
2B3D
330
17
100
AcDbEntity
  8
ELEM_04_SUPERIOR
100
AcDbVertex
100
AcDbPolyFaceMeshVertex
 10
12120046.10246255
 20
3531393.22121539
 30
10.80872838239018
 70
192
  0
VERTEX
  5
2B44
330
17
100
AcDbEntity
  8
ELEM_04_SUPERIOR
100
AcDbVertex
100
AcDbPolyFaceMeshVertex
 10
12120034.05731932
 20
3531390.104558238
 30
10.21821119072951
 70
192
  0
VERTEX
  5
2B45
330
17
100
AcDbEntity
  8
ELEM_04_SUPERIOR
100
AcDbVertex
100
AcDbPolyFaceMeshVertex
 10
12120043.01027385
 20
3531397.150384042
 30
10.81972245489007
 70
192
  0
VERTEX
  5
2B4C
330
17
100
AcDbEntity
  8
ELEM_04_SUPERIOR
100
AcDbVertex
100
AcDbPolyFaceMeshVertex
 10
12120033.58388851
 20
3531390.708805718
 30
10.21721381739619
 70
192
  0
VERTEX
  5
2B4D
330
17
100
AcDbEntity
  8
ELEM_04_SUPERIOR
100
AcDbVertex
100
AcDbPolyFaceMeshVertex
 10
12120042.53554711
 20
3531397.753607901
 30
10.82096917155672
 70
192
  0
VERTEX
  5
2B54
330
17
100
AcDbEntity
  8
ELEM_04_SUPERIOR
100
AcDbVertex
100
AcDbPolyFaceMeshVertex
 10
12120030.97358205
 20
3531394.040380419
 30
10.21170857906291
 70
192
  0
VERTEX
  5
2B55
330
17
100
AcDbEntity
  8
ELEM_04_SUPERIOR
100
AcDbVertex
100
AcDbPolyFaceMeshVertex
 10
12120039.91808516
 20
3531401.079552692
 30
10.82571653739001
 70
192
  0
VERTEX
  5
2B5C
330
17
100
AcDbEntity
  8
ELEM_04_SUPERIOR
100
AcDbVertex
100
AcDbPolyFaceMeshVertex
 10
12120030.92055394
 20
3531394.108060729
 30
10.21159703072958
 70
192
  0
VERTEX
  5
2B5D
330
17
100
AcDbEntity
  8
ELEM_04_SUPERIOR
100
AcDbVertex
100
AcDbPolyFaceMeshVertex
 10
12120039.86490941
 20
3531401.147121455
 30
10.82577887322334
 70
192
  0
VERTEX
  5
2B64
330
17
100
AcDbEntity
  8
ELEM_04_SUPERIOR
100
AcDbVertex
100
AcDbPolyFaceMeshVertex
 10
12120027.88984806
 20
3531397.976202599
 30
10.20523877572965
 70
192
  0
VERTEX
  5
2B65
330
17
100
AcDbEntity
  8
ELEM_04_SUPERIOR
100
AcDbVertex
100
AcDbPolyFaceMeshVertex
 10
12120036.82589318
 20
3531405.008721342
 30
10.82671391072333
 70
192
  0
VERTEX
  5
2B6C
330
17
100
AcDbEntity
  8
ELEM_04_SUPERIOR
100
AcDbVertex
100
AcDbPolyFaceMeshVertex
 10
12120027.41643037
 20
3531398.580430394
 30
10.20424468322965
 70
192
  0
VERTEX
  5
2B6D
330
17
100
AcDbEntity
  8
ELEM_04_SUPERIOR
100
AcDbVertex
100
AcDbPolyFaceMeshVertex
 10
12120036.35118285
 20
3531405.611928798
 30
10.82642519739
 70
192
  0
VERTEX
  5
2B74
330
17
100
AcDbEntity
  8
ELEM_04_SUPERIOR
100
AcDbVertex
100
AcDbPolyFaceMeshVertex
 10
12120024.80611079
 20
3531401.91202478
 30
10.19876897239638
 70
192
  0
VERTEX
  5
2B75
330
17
100
AcDbEntity
  8
ELEM_04_SUPERIOR
100
AcDbVertex
100
AcDbPolyFaceMeshVertex
 10
12120033.73370448
 20
3531408.937889994
 30
10.8227112940567
 70
192
  0
VERTEX
  5
2B7C
330
17
100
AcDbEntity
  8
ELEM_04_SUPERIOR
100
AcDbVertex
100
AcDbPolyFaceMeshVertex
 10
12120021.72237351
 20
3531405.84784368
 30
10.19230244989644
 70
192
  0
VERTEX
  5
2B7D
330
17
100
AcDbEntity
  8
ELEM_04_SUPERIOR
100
AcDbVertex
100
AcDbPolyFaceMeshVertex
 10
12120030.64151578
 20
3531412.867058644
 30
10.81370868739013
 70
192
  0
VERTEX
  5
2B84
330
17
100
AcDbEntity
  8
ELEM_04_SUPERIOR
100
AcDbVertex
100
AcDbPolyFaceMeshVertex
 10
12120021.24897223
 20
3531406.45205507
 30
10.19130835739646
 70
192
  0
VERTEX
  5
2B85
330
17
100
AcDbEntity
  8
ELEM_04_SUPERIOR
100
AcDbVertex
100
AcDbPolyFaceMeshVertex
 10
12120030.16681529
 20
3531413.470246414
 30
10.81188454405682
 70
192
  0
VERTEX
  5
2B8C
330
17
100
AcDbEntity
  8
ELEM_04_SUPERIOR
100
AcDbVertex
100
AcDbPolyFaceMeshVertex
 10
12120018.63863952
 20
3531409.783665862
 30
10.18583264656317
 70
192
  0
VERTEX
  5
2B8D
330
17
100
AcDbEntity
  8
ELEM_04_SUPERIOR
100
AcDbVertex
100
AcDbPolyFaceMeshVertex
 10
12120027.54932709
 20
3531416.796227294
 30
10.7997060907236
 70
192
  0
VERTEX
  5
2B94
330
17
100
AcDbEntity
  8
ELEM_04_SUPERIOR
100
AcDbVertex
100
AcDbPolyFaceMeshVertex
 10
12120015.55490225
 20
3531413.719488042
 30
10.17936612406324
 70
192
  0
VERTEX
  5
2B95
330
17
100
AcDbEntity
  8
ELEM_04_SUPERIOR
100
AcDbVertex
100
AcDbPolyFaceMeshVertex
 10
12120024.45713511
 20
3531420.725395945
 30
10.78070350405713
 70
192
  0
VERTEX
  5
2B9C
330
17
100
AcDbEntity
  8
ELEM_04_SUPERIOR
100
AcDbVertex
100
AcDbPolyFaceMeshVertex
 10
12120015.08151737
 20
3531414.323676465
 30
10.17837203156325
 70
192
  0
VERTEX
  5
2B9D
330
17
100
AcDbEntity
  8
ELEM_04_SUPERIOR
100
AcDbVertex
100
AcDbPolyFaceMeshVertex
 10
12120023.98245102
 20
3531421.328564031
 30
10.77734393072383
 70
192
  0
VERTEX
  5
2BA4
330
17
100
AcDbEntity
  8
ELEM_04_SUPERIOR
100
AcDbVertex
100
AcDbPolyFaceMeshVertex
 10
12120013.40441115
 20
3531416.464190557
 30
10.17485497822995
 70
192
  0
VERTEX
  5
2BA5
330
17
100
AcDbEntity
  8
ELEM_04_SUPERIOR
100
AcDbVertex
100
AcDbPolyFaceMeshVertex
 10
12120022.30075162
 20
3531423.465459363
 30
10.7644929065573
 70
192
  0
VERTEX
  5
2BAC
330
17
100
AcDbEntity
  8
ELEM_04_SUPERIOR
100
AcDbVertex
100
AcDbPolyFaceMeshVertex
 10
12120012.47116827
 20
3531417.655306942
 30
10.17289632072998
 70
192
  0
VERTEX
  5
2BAD
330
17
100
AcDbEntity
  8
ELEM_04_SUPERIOR
100
AcDbVertex
100
AcDbPolyFaceMeshVertex
 10
12120021.36494641
 20
3531424.654564597
 30
10.75693058572404
 70
192
  0
VERTEX
  5
2BB4
330
17
100
AcDbEntity
  8
ELEM_04_SUPERIOR
100
AcDbVertex
100
AcDbPolyFaceMeshVertex
 10
12120009.387431
 20
3531421.591129122
 30
10.16642651739671
 70
192
  0
VERTEX
  5
2BB5
330
17
100
AcDbEntity
  8
ELEM_04_SUPERIOR
100
AcDbVertex
100
AcDbPolyFaceMeshVertex
 10
12120018.27275771
 20
3531428.583733247
 30
10.73194375905763
 70
192
  0
VERTEX
  5
2BBC
330
17
100
AcDbEntity
  8
ELEM_04_SUPERIOR
100
AcDbVertex
100
AcDbPolyFaceMeshVertex
 10
12120008.91405924
 20
3531422.195301142
 30
10.16543570573005
 70
192
  0
VERTEX
  5
2BBD
330
17
100
AcDbEntity
  8
ELEM_04_SUPERIOR
100
AcDbVertex
100
AcDbPolyFaceMeshVertex
 10
12120017.79808675
 20
3531429.186884929
 30
10.728108464891
 70
192
  0
VERTEX
  5
2BC4
330
17
100
AcDbEntity
  8
ELEM_04_SUPERIOR
100
AcDbVertex
100
AcDbPolyFaceMeshVertex
 10
12120006.30369372
 20
3531425.526951303
 30
10.15995999489677
 70
192
  0
VERTEX
  5
2BC5
330
17
100
AcDbEntity
  8
ELEM_04_SUPERIOR
100
AcDbVertex
100
AcDbPolyFaceMeshVertex
 10
12120015.18056901
 20
3531432.512901898
 30
10.70695693239121
 70
192
  0
VERTEX
  5
2BCC
330
17
100
AcDbEntity
  8
ELEM_04_SUPERIOR
100
AcDbVertex
100
AcDbPolyFaceMeshVertex
 10
12120006.10055109
 20
3531425.786225719
 30
10.15953348656344
 70
192
  0
VERTEX
  5
2BCD
330
17
100
AcDbEntity
  8
ELEM_04_SUPERIOR
100
AcDbVertex
100
AcDbPolyFaceMeshVertex
 10
12120014.97686535
 20
3531432.771739963
 30
10.7053099540579
 70
192
  0
VERTEX
  5
2BD4
330
17
100
AcDbEntity
  8
ELEM_04_SUPERIOR
100
AcDbVertex
100
AcDbPolyFaceMeshVertex
 10
12120003.21995973
 20
3531429.462770203
 30
10.15848690073012
 70
192
  0
VERTEX
  5
2BD5
330
17
100
AcDbEntity
  8
ELEM_04_SUPERIOR
100
AcDbVertex
100
AcDbPolyFaceMeshVertex
 10
12120012.08837704
 20
3531436.442067268
 30
10.6819701057248
 70
192
  0
VERTEX
  5
2BDC
330
17
100
AcDbEntity
  8
ELEM_04_SUPERIOR
100
AcDbVertex
100
AcDbPolyFaceMeshVertex
 10
12120002.7466011
 20
3531430.066925818
 30
10.15831629739679
 70
192
  0
VERTEX
  5
2BDD
330
17
100
AcDbEntity
  8
ELEM_04_SUPERIOR
100
AcDbVertex
100
AcDbPolyFaceMeshVertex
 10
12120011.61372248
 20
3531437.045202545
 30
10.67813153072484
 70
192
  0
VERTEX
  5
2BE4
330
17
100
AcDbEntity
  8
ELEM_04_SUPERIOR
100
AcDbVertex
100
AcDbPolyFaceMeshVertex
 10
12120000.13622246
 20
3531433.398592384
 30
10.15736813656346
 70
192
  0
VERTEX
  5
2BE5
330
17
100
AcDbEntity
  8
ELEM_04_SUPERIOR
100
AcDbVertex
100
AcDbPolyFaceMeshVertex
 10
12120008.99618834
 20
3531440.371235919
 30
10.65697999822506
 70
192
  0
VERTEX
  5
2BEC
330
17
100
AcDbEntity
  8
ELEM_04_SUPERIOR
100
AcDbVertex
100
AcDbPolyFaceMeshVertex
 10
12119997.05248847
 20
3531437.334414564
 30
10.15624937239681
 70
192
  0
VERTEX
  5
2BED
330
17
100
AcDbEntity
  8
ELEM_04_SUPERIOR
100
AcDbVertex
100
AcDbPolyFaceMeshVertex
 10
12120005.90399964
 20
3531444.30040457
 30
10.63199317155864
 70
192
  0
VERTEX
  5
2BF4
330
17
100
AcDbEntity
  8
ELEM_04_SUPERIOR
100
AcDbVertex
100
AcDbPolyFaceMeshVertex
 10
12119996.57914297
 20
3531437.938550495
 30
10.15607876906348
 70
192
  0
VERTEX
  5
2BF5
330
17
100
AcDbEntity
  8
ELEM_04_SUPERIOR
100
AcDbVertex
100
AcDbPolyFaceMeshVertex
 10
12120005.4293582
 20
3531444.903520161
 30
10.62815787739202
 70
192
  0
VERTEX
  5
2BFC
330
17
100
AcDbEntity
  8
ELEM_04_SUPERIOR
100
AcDbVertex
100
AcDbPolyFaceMeshVertex
 10
12119993.9687512
 20
3531441.270236745
 30
10.15513060823015
 70
192
  0
VERTEX
  5
2BFD
330
17
100
AcDbEntity
  8
ELEM_04_SUPERIOR
100
AcDbVertex
100
AcDbPolyFaceMeshVertex
 10
12120002.81181095
 20
3531448.22957322
 30
10.60700634489223
 70
192
  0
VERTEX
  5
2C04
330
17
100
AcDbEntity
  8
ELEM_04_SUPERIOR
100
AcDbVertex
100
AcDbPolyFaceMeshVertex
 10
12119990.88501393
 20
3531445.206055645
 30
10.1540118440635
 70
192
  0
VERTEX
  5
2C05
330
17
100
AcDbEntity
  8
ELEM_04_SUPERIOR
100
AcDbVertex
100
AcDbPolyFaceMeshVertex
 10
12119999.71961897
 20
3531452.158741872
 30
10.58201623739248
 70
192
  0
VERTEX
  5
2C0C
330
17
100
AcDbEntity
  8
ELEM_04_SUPERIOR
100
AcDbVertex
100
AcDbPolyFaceMeshVertex
 10
12119990.41168483
 20
3531445.810175172
 30
10.15384124073017
 70
192
  0
VERTEX
  5
2C0D
330
17
100
AcDbEntity
  8
ELEM_04_SUPERIOR
100
AcDbVertex
100
AcDbPolyFaceMeshVertex
 10
12119999.24499393
 20
3531452.761837778
 30
10.57818094322585
 70
192
  0
VERTEX
  5
2C14
330
17
100
AcDbEntity
  8
ELEM_04_SUPERIOR
100
AcDbVertex
100
AcDbPolyFaceMeshVertex
 10
12119987.80127995
 20
3531449.141877827
 30
10.15289636073018
 70
192
  0
VERTEX
  5
2C15
330
17
100
AcDbEntity
  8
ELEM_04_SUPERIOR
100
AcDbVertex
100
AcDbPolyFaceMeshVertex
 10
12119996.62743027
 20
3531456.087910522
 30
10.55702941072607
 70
192
  0
VERTEX
  5
2C1C
330
17
100
AcDbEntity
  8
ELEM_04_SUPERIOR
100
AcDbVertex
100
AcDbPolyFaceMeshVertex
 10
12119984.71754267
 20
3531453.077700007
 30
10.15177759656352
 70
192
  0
VERTEX
  5
2C1D
330
17
100
AcDbEntity
  8
ELEM_04_SUPERIOR
100
AcDbVertex
100
AcDbPolyFaceMeshVertex
 10
12119993.53524157
 20
3531460.017079173
 30
10.53204258405966
 70
192
  0
VERTEX
  5
2C24
330
17
100
AcDbEntity
  8
ELEM_04_SUPERIOR
100
AcDbVertex
100
AcDbPolyFaceMeshVertex
 10
12119984.24422669
 20
3531453.681799848
 30
10.15160371239686
 70
192
  0
VERTEX
  5
2C25
330
17
100
AcDbEntity
  8
ELEM_04_SUPERIOR
100
AcDbVertex
100
AcDbPolyFaceMeshVertex
 10
12119993.06062966
 20
3531460.620158676
 30
10.5282040090597
 70
192
  0
VERTEX
  5
2C2C
330
17
100
AcDbEntity
  8
ELEM_04_SUPERIOR
100
AcDbVertex
100
AcDbPolyFaceMeshVertex
 10
12119982.54351815
 20
3531455.852438552
 30
10.1509869157302
 70
192
  0
VERTEX
  5
2C2D
330
17
100
AcDbEntity
  8
ELEM_04_SUPERIOR
100
AcDbVertex
100
AcDbPolyFaceMeshVertex
 10
12119991.35525578
 20
3531462.787129407
 30
10.51442450905984
 70
192
  0
VERTEX
  5
2C34
330
17
100
AcDbEntity
  8
ELEM_04_SUPERIOR
100
AcDbVertex
100
AcDbPolyFaceMeshVertex
 10
12119981.63380868
 20
3531457.013518907
 30
10.15065883239687
 70
192
  0
VERTEX
  5
2C35
330
17
100
AcDbEntity
  8
ELEM_04_SUPERIOR
100
AcDbVertex
100
AcDbPolyFaceMeshVertex
 10
12119990.44305287
 20
3531463.946247823
 30
10.50726901155991
 70
192
  0
VERTEX
  5
2C3C
330
17
100
AcDbEntity
  8
ELEM_04_SUPERIOR
100
AcDbVertex
100
AcDbPolyFaceMeshVertex
 10
12119980.63002132
 20
3531458.29466792
 30
10.15029465989687
 70
192
  0
VERTEX
  5
2C3D
330
17
100
AcDbEntity
  8
ELEM_04_SUPERIOR
100
AcDbVertex
100
AcDbPolyFaceMeshVertex
 10
12119989.43651289
 20
3531465.225231486
 30
10.49988057489332
 70
192
  0
VERTEX
  5
2C44
330
17
100
AcDbEntity
  8
ELEM_04_SUPERIOR
100
AcDbVertex
100
AcDbPolyFaceMeshVertex
 10
12119978.61676747
 20
3531461.001831141
 30
10.14954006823021
 70
192
  0
VERTEX
  5
2C45
330
17
100
AcDbEntity
  8
ELEM_04_SUPERIOR
100
AcDbVertex
100
AcDbPolyFaceMeshVertex
 10
12119987.3508609
 20
3531467.875416475
 30
10.48625527406013
 70
192
  0
VERTEX
  5
2C4C
330
17
100
AcDbEntity
  8
ELEM_04_SUPERIOR
100
AcDbVertex
100
AcDbPolyFaceMeshVertex
 10
12119978.15956038
 20
3531461.616626499
 30
10.14936618406355
 70
192
  0
VERTEX
  5
2C4D
330
17
100
AcDbEntity
  8
ELEM_04_SUPERIOR
100
AcDbVertex
100
AcDbPolyFaceMeshVertex
 10
12119986.87721355
 20
3531468.477268945
 30
10.48347968906015
 70
192
  0
VERTEX
  5
2C54
330
17
100
AcDbEntity
  8
ELEM_04_SUPERIOR
100
AcDbVertex
100
AcDbPolyFaceMeshVertex
 10
12119975.6319178
 20
3531465.015471407
 30
10.14842130406356
 70
192
  0
VERTEX
  5
2C55
330
17
100
AcDbEntity
  8
ELEM_04_SUPERIOR
100
AcDbVertex
100
AcDbPolyFaceMeshVertex
 10
12119984.2586722
 20
3531471.804585125
 30
10.47024152656028
 70
192
  0
VERTEX
  5
2C5C
330
17
100
AcDbEntity
  8
ELEM_04_SUPERIOR
100
AcDbVertex
100
AcDbPolyFaceMeshVertex
 10
12119972.64706812
 20
3531469.029114954
 30
10.1473025398969
 70
192
  0
VERTEX
  5
2C5D
330
17
100
AcDbEntity
  8
ELEM_04_SUPERIOR
100
AcDbVertex
100
AcDbPolyFaceMeshVertex
 10
12119981.1664835
 20
3531475.733753776
 30
10.45922448822707
 70
192
  0
VERTEX
  5
2C64
330
17
100
AcDbEntity
  8
ELEM_04_SUPERIOR
100
AcDbVertex
100
AcDbPolyFaceMeshVertex
 10
12119972.19208544
 20
3531469.640914912
 30
10.14713193656357
 70
192
  0
VERTEX
  5
2C65
330
17
100
AcDbEntity
  8
ELEM_04_SUPERIOR
100
AcDbVertex
100
AcDbPolyFaceMeshVertex
 10
12119980.6951393
 20
3531476.332676462
 30
10.45798433322708
 70
192
  0
VERTEX
  5
2C6C
330
17
100
AcDbEntity
  8
ELEM_04_SUPERIOR
100
AcDbVertex
100
AcDbPolyFaceMeshVertex
 10
12119969.66221517
 20
3531473.042758502
 30
10.14618049489691
 70
192
  0
VERTEX
  5
2C6D
330
17
100
AcDbEntity
  8
ELEM_04_SUPERIOR
100
AcDbVertex
100
AcDbPolyFaceMeshVertex
 10
12119978.07429481
 20
3531479.662919147
 30
10.45320743989379
 70
192
  0
VERTEX
  5
2C74
330
17
100
AcDbEntity
  8
ELEM_04_SUPERIOR
100
AcDbVertex
100
AcDbPolyFaceMeshVertex
 10
12119966.6773655
 20
3531477.056398768
 30
10.14506173073026
 70
192
  0
VERTEX
  5
2C75
330
17
100
AcDbEntity
  8
ELEM_04_SUPERIOR
100
AcDbVertex
100
AcDbPolyFaceMeshVertex
 10
12119974.98210282
 20
3531483.592087797
 30
10.45219038156047
 70
192
  0
VERTEX
  5
2C7C
330
17
100
AcDbEntity
  8
ELEM_04_SUPERIOR
100
AcDbVertex
100
AcDbPolyFaceMeshVertex
 10
12119966.2246105
 20
3531477.665206606
 30
10.14489440823026
 70
192
  0
VERTEX
  5
2C7D
330
17
100
AcDbEntity
  8
ELEM_04_SUPERIOR
100
AcDbVertex
100
AcDbPolyFaceMeshVertex
 10
12119974.51306833
 20
3531484.188083981
 30
10.45247253322713
 70
192
  0
VERTEX
  5
2C84
330
17
100
AcDbEntity
  8
ELEM_04_SUPERIOR
100
AcDbVertex
100
AcDbPolyFaceMeshVertex
 10
12119963.69251582
 20
3531481.070042316
 30
10.1439429665636
 70
192
  0
VERTEX
  5
2C85
330
17
100
AcDbEntity
  8
ELEM_04_SUPERIOR
100
AcDbVertex
100
AcDbPolyFaceMeshVertex
 10
12119971.88991413
 20
3531487.521256448
 30
10.45617003239376
 70
192
  0
VERTEX
  5
2C8C
330
17
100
AcDbEntity
  8
ELEM_04_SUPERIOR
100
AcDbVertex
100
AcDbPolyFaceMeshVertex
 10
12119960.70766615
 20
3531485.083682583
 30
10.14282420239694
 70
192
  0
VERTEX
  5
2C8D
330
17
100
AcDbEntity
  8
ELEM_04_SUPERIOR
100
AcDbVertex
100
AcDbPolyFaceMeshVertex
 10
12119968.79772543
 20
3531491.450425098
 30
10.465149673227
 70
192
  0
VERTEX
  5
2C94
330
17
100
AcDbEntity
  8
ELEM_04_SUPERIOR
100
AcDbVertex
100
AcDbPolyFaceMeshVertex
 10
12119960.25713556
 20
3531485.689498301
 30
10.14265687989695
 70
192
  0
VERTEX
  5
2C95
330
17
100
AcDbEntity
  8
ELEM_04_SUPERIOR
100
AcDbVertex
100
AcDbPolyFaceMeshVertex
 10
12119968.33099408
 20
3531492.043488217
 30
10.46693772739365
 70
192
  0
VERTEX
  5
2C9C
330
17
100
AcDbEntity
  8
ELEM_04_SUPERIOR
100
AcDbVertex
100
AcDbPolyFaceMeshVertex
 10
12119957.7228132
 20
3531489.097326129
 30
10.14170543823029
 70
192
  0
VERTEX
  5
2C9D
330
17
100
AcDbEntity
  8
ELEM_04_SUPERIOR
100
AcDbVertex
100
AcDbPolyFaceMeshVertex
 10
12119965.70553673
 20
3531495.37959375
 30
10.47912602322686
 70
192
  0
VERTEX
  5
2CA4
330
17
100
AcDbEntity
  8
ELEM_04_SUPERIOR
100
AcDbVertex
100
AcDbPolyFaceMeshVertex
 10
12119954.73796352
 20
3531493.110969678
 30
10.14058667406364
 70
192
  0
VERTEX
  5
2CA5
330
17
100
AcDbEntity
  8
ELEM_04_SUPERIOR
100
AcDbVertex
100
AcDbPolyFaceMeshVertex
 10
12119962.61334475
 20
3531499.3087624
 30
10.49810236322667
 70
192
  0
VERTEX
  5
2CAC
330
17
100
AcDbEntity
  8
ELEM_04_SUPERIOR
100
AcDbVertex
100
AcDbPolyFaceMeshVertex
 10
12119954.28966061
 20
3531493.713786713
 30
10.14041935156364
 70
192
  0
VERTEX
  5
2CAD
330
17
100
AcDbEntity
  8
ELEM_04_SUPERIOR
100
AcDbVertex
100
AcDbPolyFaceMeshVertex
 10
12119962.14892311
 20
3531499.898895734
 30
10.50138319655997
 70
192
  0
VERTEX
  5
2CB4
330
17
100
AcDbEntity
  8
ELEM_04_SUPERIOR
100
AcDbVertex
100
AcDbPolyFaceMeshVertex
 10
12119952.63365343
 20
3531495.940573598
 30
10.13979927406365
 70
192
  0
VERTEX
  5
2CB5
330
17
100
AcDbEntity
  8
ELEM_04_SUPERIOR
100
AcDbVertex
100
AcDbPolyFaceMeshVertex
 10
12119960.43336224
 20
3531502.078812634
 30
10.51448356405984
 70
192
  0
VERTEX
  5
2CBC
330
17
100
AcDbEntity
  8
ELEM_04_SUPERIOR
100
AcDbVertex
100
AcDbPolyFaceMeshVertex
 10
12119951.75311385
 20
3531497.124609944
 30
10.13946790989698
 70
192
  0
VERTEX
  5
2CBD
330
17
100
AcDbEntity
  8
ELEM_04_SUPERIOR
100
AcDbVertex
100
AcDbPolyFaceMeshVertex
 10
12119959.52115606
 20
3531503.237931051
 30
10.5218588773931
 70
192
  0
VERTEX
  5
2CC4
330
17
100
AcDbEntity
  8
ELEM_04_SUPERIOR
100
AcDbVertex
100
AcDbPolyFaceMeshVertex
 10
12119950.45230281
 20
3531498.873773113
 30
10.13897906573032
 70
192
  0
VERTEX
  5
2CC5
330
17
100
AcDbEntity
  8
ELEM_04_SUPERIOR
100
AcDbVertex
100
AcDbPolyFaceMeshVertex
 10
12119958.17356689
 20
3531504.950279988
 30
10.53275452489299
 70
192
  0
VERTEX
  5
2CCC
330
17
100
AcDbEntity
  8
ELEM_04_SUPERIOR
100
AcDbVertex
100
AcDbPolyFaceMeshVertex
 10
12119948.74173864
 20
3531501.173919432
 30
10.13833930323032
 70
192
  0
VERTEX
  5
2CCD
330
17
100
AcDbEntity
  8
ELEM_04_SUPERIOR
100
AcDbVertex
100
AcDbPolyFaceMeshVertex
 10
12119956.42164782
 20
3531507.182873948
 30
10.54685882739284
 70
192
  0
VERTEX
  5
2CD4
330
17
100
AcDbEntity
  8
ELEM_04_SUPERIOR
100
AcDbVertex
100
AcDbPolyFaceMeshVertex
 10
12119948.32218567
 20
3531501.738078408
 30
10.13818182323033
 70
192
  0
VERTEX
  5
2CD5
330
17
100
AcDbEntity
  8
ELEM_04_SUPERIOR
100
AcDbVertex
100
AcDbPolyFaceMeshVertex
 10
12119955.99287571
 20
3531507.73126524
 30
10.55032010655947
 70
192
  0
VERTEX
  5
2CDC
330
17
100
AcDbEntity
  8
ELEM_04_SUPERIOR
100
AcDbVertex
100
AcDbPolyFaceMeshVertex
 10
12119945.71043893
 20
3531505.250016921
 30
10.137204134897
 70
192
  0
VERTEX
  5
2CDD
330
17
100
AcDbEntity
  8
ELEM_04_SUPERIOR
100
AcDbVertex
100
AcDbPolyFaceMeshVertex
 10
12119953.33198536
 20
3531511.152108136
 30
10.57185877739259
 70
192
  0
VERTEX
  5
2CE4
330
17
100
AcDbEntity
  8
ELEM_04_SUPERIOR
100
AcDbVertex
100
AcDbPolyFaceMeshVertex
 10
12119943.3571956
 20
3531508.414357706
 30
10.13632159073035
 70
192
  0
VERTEX
  5
2CE5
330
17
100
AcDbEntity
  8
ELEM_04_SUPERIOR
100
AcDbVertex
100
AcDbPolyFaceMeshVertex
 10
12119950.94671782
 20
3531514.244654444
 30
10.59127146822572
 70
192
  0
VERTEX
  5
2CEC
330
17
100
AcDbEntity
  8
ELEM_04_SUPERIOR
100
AcDbVertex
100
AcDbPolyFaceMeshVertex
 10
12119942.7119049
 20
3531509.349979194
 30
10.13606568573035
 70
192
  0
VERTEX
  5
2CED
330
17
100
AcDbEntity
  8
ELEM_04_SUPERIOR
100
AcDbVertex
100
AcDbPolyFaceMeshVertex
 10
12119950.26220476
 20
3531515.136742554
 30
10.59685872739233
 70
192
  0
VERTEX
  5
2CF4
330
17
100
AcDbEntity
  8
ELEM_04_SUPERIOR
100
AcDbVertex
100
AcDbPolyFaceMeshVertex
 10
12119942.40341798
 20
3531509.797261764
 30
10.13594429489702
 70
192
  0
VERTEX
  5
2CF5
330
17
100
AcDbEntity
  8
ELEM_04_SUPERIOR
100
AcDbVertex
100
AcDbPolyFaceMeshVertex
 10
12119949.93529596
 20
3531515.563516635
 30
10.59953260655897
 70
192
  0
VERTEX
  5
2CFC
330
17
100
AcDbEntity
  8
ELEM_04_SUPERIOR
100
AcDbVertex
100
AcDbPolyFaceMeshVertex
 10
12119939.82617248
 20
3531513.534075157
 30
10.13493051739702
 70
192
  0
VERTEX
  5
2CFD
330
17
100
AcDbEntity
  8
ELEM_04_SUPERIOR
100
AcDbVertex
100
AcDbPolyFaceMeshVertex
 10
12119947.21238802
 20
3531519.136675499
 30
10.62185867739208
 70
192
  0
VERTEX
  5
2D04
330
17
100
AcDbEntity
  8
ELEM_04_SUPERIOR
100
AcDbVertex
100
AcDbPolyFaceMeshVertex
 10
12119937.07734924
 20
3531517.519664299
 30
10.1338445615637
 70
192
  0
VERTEX
  5
2D05
330
17
100
AcDbEntity
  8
ELEM_04_SUPERIOR
100
AcDbVertex
100
AcDbPolyFaceMeshVertex
 10
12119944.32462477
 20
3531522.962668504
 30
10.6456840890585
 70
192
  0
VERTEX
  5
2D0C
330
17
100
AcDbEntity
  8
ELEM_04_SUPERIOR
100
AcDbVertex
100
AcDbPolyFaceMeshVertex
 10
12119936.94174583
 20
3531517.716278078
 30
10.13379206823037
 70
192
  0
VERTEX
  5
2D0D
330
17
100
AcDbEntity
  8
ELEM_04_SUPERIOR
100
AcDbVertex
100
AcDbPolyFaceMeshVertex
 10
12119944.18261062
 20
3531523.151808547
 30
10.64685862739183
 70
192
  0
VERTEX
  5
2D14
330
17
100
AcDbEntity
  8
ELEM_04_SUPERIOR
100
AcDbVertex
100
AcDbPolyFaceMeshVertex
 10
12119936.72588997
 20
3531518.029253174
 30
10.13370676656371
 70
192
  0
VERTEX
  5
2D15
330
17
100
AcDbEntity
  8
ELEM_04_SUPERIOR
100
AcDbVertex
100
AcDbPolyFaceMeshVertex
 10
12119943.95663338
 20
3531523.452952957
 30
10.64873198322514
 70
192
  0
VERTEX
  5
2D1C
330
17
100
AcDbEntity
  8
ELEM_04_SUPERIOR
100
AcDbVertex
100
AcDbPolyFaceMeshVertex
 10
12119934.05847733
 20
3531521.896801213
 30
10.13265689989705
 70
192
  0
VERTEX
  5
2D1D
330
17
100
AcDbEntity
  8
ELEM_04_SUPERIOR
100
AcDbVertex
100
AcDbPolyFaceMeshVertex
 10
12119941.17294472
 20
3531527.182036705
 30
10.67185857739157
 70
192
  0
VERTEX
  5
2D24
330
17
100
AcDbEntity
  8
ELEM_04_SUPERIOR
100
AcDbVertex
100
AcDbPolyFaceMeshVertex
 10
12119931.17622259
 20
3531526.075854535
 30
10.13152173156373
 70
192
  0
VERTEX
  5
2D25
330
17
100
AcDbEntity
  8
ELEM_04_SUPERIOR
100
AcDbVertex
100
AcDbPolyFaceMeshVertex
 10
12119938.18346579
 20
3531531.227264836
 30
10.69685852739132
 70
192
  0
VERTEX
  5
2D2C
330
17
100
AcDbEntity
  8
ELEM_04_SUPERIOR
100
AcDbVertex
100
AcDbPolyFaceMeshVertex
 10
12119931.04836195
 20
3531526.261241304
 30
10.13146923823039
 70
192
  0
VERTEX
  5
2D2D
330
17
100
AcDbEntity
  8
ELEM_04_SUPERIOR
100
AcDbVertex
100
AcDbPolyFaceMeshVertex
 10
12119938.05129742
 20
3531531.407090591
 30
10.6979707298913
 70
192
  0
VERTEX
  5
2D34
330
17
100
AcDbEntity
  8
ELEM_04_SUPERIOR
100
AcDbVertex
100
AcDbPolyFaceMeshVertex
 10
12119929.77138616
 20
3531528.112763191
 30
10.1309672707304
 70
192
  0
VERTEX
  5
2D35
330
17
100
AcDbEntity
  8
ELEM_04_SUPERIOR
100
AcDbVertex
100
AcDbPolyFaceMeshVertex
 10
12119936.73337683
 20
3531533.204810093
 30
10.70904682322453
 70
192
  0
VERTEX
  5
2D3C
330
17
100
AcDbEntity
  8
ELEM_04_SUPERIOR
100
AcDbVertex
100
AcDbPolyFaceMeshVertex
 10
12119928.29483727
 20
3531530.253648016
 30
10.15293244989684
 70
192
  0
VERTEX
  5
2D3D
330
17
100
AcDbEntity
  8
ELEM_04_SUPERIOR
100
AcDbVertex
100
AcDbPolyFaceMeshVertex
 10
12119935.21425257
 20
3531535.28739123
 30
10.72185847739106
 70
192
  0
VERTEX
  5
2D44
330
17
100
AcDbEntity
  8
ELEM_04_SUPERIOR
100
AcDbVertex
100
AcDbPolyFaceMeshVertex
 10
12119925.41417703
 20
3531534.430391631
 30
10.19578669489641
 70
192
  0
VERTEX
  5
2D45
330
17
100
AcDbEntity
  8
ELEM_04_SUPERIOR
100
AcDbVertex
100
AcDbPolyFaceMeshVertex
 10
12119932.26537723
 20
3531539.362310902
 30
10.74685842739081
 70
192
  0
VERTEX
  5
2D4C
330
17
100
AcDbEntity
  8
ELEM_04_SUPERIOR
100
AcDbVertex
100
AcDbPolyFaceMeshVertex
 10
12119925.37083394
 20
3531534.493232713
 30
10.19643301906307
 70
192
  0
VERTEX
  5
2D4D
330
17
100
AcDbEntity
  8
ELEM_04_SUPERIOR
100
AcDbVertex
100
AcDbPolyFaceMeshVertex
 10
12119932.22116144
 20
3531539.423741226
 30
10.74723572322414
 70
192
  0
VERTEX
  5
2D54
330
17
100
AcDbEntity
  8
ELEM_04_SUPERIOR
100
AcDbVertex
100
AcDbPolyFaceMeshVertex
 10
12119924.06003603
 20
3531536.393789936
 30
10.21593101156287
 70
192
  0
VERTEX
  5
2D55
330
17
100
AcDbEntity
  8
ELEM_04_SUPERIOR
100
AcDbVertex
100
AcDbPolyFaceMeshVertex
 10
12119930.88600663
 20
3531541.283228976
 30
10.75861365322402
 70
192
  0
VERTEX
  5
2D5C
330
17
100
AcDbEntity
  8
ELEM_04_SUPERIOR
100
AcDbVertex
100
AcDbPolyFaceMeshVertex
 10
12119922.5340942
 20
3531538.606288791
 30
10.23863109739598
 70
192
  0
VERTEX
  5
2D5D
330
17
100
AcDbEntity
  8
ELEM_04_SUPERIOR
100
AcDbVertex
100
AcDbPolyFaceMeshVertex
 10
12119929.33691196
 20
3531543.451925425
 30
10.77185837739055
 70
192
  0
VERTEX
  5
2D64
330
17
100
AcDbEntity
  8
ELEM_04_SUPERIOR
100
AcDbVertex
100
AcDbPolyFaceMeshVertex
 10
12119919.69330592
 20
3531542.725224123
 30
10.28089151156221
 70
192
  0
VERTEX
  5
2D65
330
17
100
AcDbEntity
  8
ELEM_04_SUPERIOR
100
AcDbVertex
100
AcDbPolyFaceMeshVertex
 10
12119926.46803319
 20
3531547.500657485
 30
10.7965236823903
 70
192
  0
VERTEX
  5
2D6C
330
17
100
AcDbEntity
  8
ELEM_04_SUPERIOR
100
AcDbVertex
100
AcDbPolyFaceMeshVertex
 10
12119919.65445101
 20
3531542.781556031
 30
10.28147221906221
 70
192
  0
VERTEX
  5
2D6D
330
17
100
AcDbEntity
  8
ELEM_04_SUPERIOR
100
AcDbVertex
100
AcDbPolyFaceMeshVertex
 10
12119926.42893221
 20
3531547.556133097
 30
10.7968583273903
 70
192
  0
VERTEX
  5
2D74
330
17
100
AcDbEntity
  8
ELEM_04_SUPERIOR
100
AcDbVertex
100
AcDbPolyFaceMeshVertex
 10
12119916.7751031
 20
3531546.956400044
 30
10.32430677906177
 70
192
  0
VERTEX
  5
2D75
330
17
100
AcDbEntity
  8
ELEM_04_SUPERIOR
100
AcDbVertex
100
AcDbPolyFaceMeshVertex
 10
12119923.54151017
 20
3531551.674825645
 30
10.82185827739005
 70
192
  0
VERTEX
  5
2D7C
330
17
100
AcDbEntity
  8
ELEM_04_SUPERIOR
100
AcDbVertex
100
AcDbPolyFaceMeshVertex
 10
12119914.01577791
 20
3531550.957215533
 30
10.36535328489468
 70
192
  0
VERTEX
  5
2D7D
330
17
100
AcDbEntity
  8
ELEM_04_SUPERIOR
100
AcDbVertex
100
AcDbPolyFaceMeshVertex
 10
12119920.79366462
 20
3531555.635532948
 30
10.84581820322314
 70
192
  0
VERTEX
  5
2D84
330
17
100
AcDbEntity
  8
ELEM_04_SUPERIOR
100
AcDbVertex
100
AcDbPolyFaceMeshVertex
 10
12119913.89589954
 20
3531551.131027521
 30
10.367138058228
 70
192
  0
VERTEX
  5
2D85
330
17
100
AcDbEntity
  8
ELEM_04_SUPERIOR
100
AcDbVertex
100
AcDbPolyFaceMeshVertex
 10
12119920.674718
 20
3531555.80790465
 30
10.84685822738979
 70
192
  0
VERTEX
  5
2D8C
330
17
100
AcDbEntity
  8
ELEM_04_SUPERIOR
100
AcDbVertex
100
AcDbPolyFaceMeshVertex
 10
12119917.86456614
 20
3531559.902614308
 30
10.87154321738954
 70
192
  0
VERTEX
  5
2D90
330
17
100
AcDbEntity
  8
ELEM_04_SUPERIOR
100
AcDbVertex
100
AcDbPolyFaceMeshVertex
 10
12119911.05319197
 20
3531555.252738438
 30
10.40942799989424
 70
192
  0
VERTEX
  5
2D95
330
17
100
AcDbEntity
  8
ELEM_04_SUPERIOR
100
AcDbVertex
100
AcDbPolyFaceMeshVertex
 10
12119917.82862462
 20
3531559.955265121
 30
10.87185817738954
 70
192
  0
VERTEX
  5
2D98
330
17
100
AcDbEntity
  8
ELEM_04_SUPERIOR
100
AcDbVertex
100
AcDbPolyFaceMeshVertex
 10
12119911.01670254
 20
3531555.305648437
 30
10.40996933739423
 70
192
  0
VERTEX
  5
2D9C
330
17
100
AcDbEntity
  8
ELEM_04_SUPERIOR
100
AcDbVertex
100
AcDbPolyFaceMeshVertex
 10
12119915.19973551
 20
3531563.826021816
 30
10.8951160048893
 70
192
  0
VERTEX
  5
2DA0
330
17
100
AcDbEntity
  8
ELEM_04_SUPERIOR
100
AcDbVertex
100
AcDbPolyFaceMeshVertex
 10
12119908.33824661
 20
3531559.189203662
 30
10.44981505822716
 70
192
  0
VERTEX
  5
2DA5
330
17
100
AcDbEntity
  8
ELEM_04_SUPERIOR
100
AcDbVertex
100
AcDbPolyFaceMeshVertex
 10
12119915.00330546
 20
3531564.116805355
 30
10.89686140822261
 70
192
  0
VERTEX
  5
2DA8
330
17
100
AcDbEntity
  8
ELEM_04_SUPERIOR
100
AcDbVertex
100
AcDbPolyFaceMeshVertex
 10
12119908.13736447
 20
3531559.480469483
 30
10.4528038973938
 70
192
  0
VERTEX
  5
2DAC
330
17
100
AcDbEntity
  8
ELEM_04_SUPERIOR
100
AcDbVertex
100
AcDbPolyFaceMeshVertex
 10
12119912.19882944
 20
3531568.292420363
 30
10.92186135822236
 70
192
  0
VERTEX
  5
2DB0
330
17
100
AcDbEntity
  8
ELEM_04_SUPERIOR
100
AcDbVertex
100
AcDbPolyFaceMeshVertex
 10
12119905.25774425
 20
3531563.655703916
 30
10.49564173822669
 70
192
  0
VERTEX
  5
2DB5
330
17
100
AcDbEntity
  8
ELEM_04_SUPERIOR
100
AcDbVertex
100
AcDbPolyFaceMeshVertex
 10
12119912.06285859
 20
3531568.496022318
 30
10.92307526655569
 70
192
  0
VERTEX
  5
2DB8
330
17
100
AcDbEntity
  8
ELEM_04_SUPERIOR
100
AcDbVertex
100
AcDbPolyFaceMeshVertex
 10
12119905.11757392
 20
3531563.858941698
 30
10.49772834822667
 70
192
  0
VERTEX
  5
2DBC
330
17
100
AcDbEntity
  8
ELEM_04_SUPERIOR
100
AcDbVertex
100
AcDbPolyFaceMeshVertex
 10
12119902.77878923
 20
3531567.499803838
 30
10.53427683155963
 70
192
  0
VERTEX
  5
2DBD
330
17
100
AcDbEntity
  8
ELEM_04_SUPERIOR
100
AcDbVertex
100
AcDbPolyFaceMeshVertex
 10
12119909.68762383
 20
3531572.070060446
 30
10.94440396405547
 70
192
  0
VERTEX
  5
2DC4
330
17
100
AcDbEntity
  8
ELEM_04_SUPERIOR
100
AcDbVertex
100
AcDbPolyFaceMeshVertex
 10
12119902.50966247
 20
3531567.918762974
 30
10.53848285989293
 70
192
  0
VERTEX
  5
2DC5
330
17
100
AcDbEntity
  8
ELEM_04_SUPERIOR
100
AcDbVertex
100
AcDbPolyFaceMeshVertex
 10
12119909.41526545
 20
3531572.48200516
 30
10.94686130822211
 70
192
  0
VERTEX
  5
2DCC
330
17
100
AcDbEntity
  8
ELEM_04_SUPERIOR
100
AcDbVertex
100
AcDbPolyFaceMeshVertex
 10
12119899.76866729
 20
3531572.185762314
 30
10.58131741989249
 70
192
  0
VERTEX
  5
2DCD
330
17
100
AcDbEntity
  8
ELEM_04_SUPERIOR
100
AcDbVertex
100
AcDbPolyFaceMeshVertex
 10
12119906.6526824
 20
3531576.685454759
 30
10.97186125822186
 70
192
  0
VERTEX
  5
2DD4
330
17
100
AcDbEntity
  8
ELEM_04_SUPERIOR
100
AcDbVertex
100
AcDbPolyFaceMeshVertex
 10
12119898.38592728
 20
3531574.338323626
 30
10.6029249882256
 70
192
  0
VERTEX
  5
2DD5
330
17
100
AcDbEntity
  8
ELEM_04_SUPERIOR
100
AcDbVertex
100
AcDbPolyFaceMeshVertex
 10
12119905.26694698
 20
3531578.81132321
 30
10.98447278155506
 70
192
  0
VERTEX
  5
2DDC
330
17
100
AcDbEntity
  8
ELEM_04_SUPERIOR
100
AcDbVertex
100
AcDbPolyFaceMeshVertex
 10
12119897.37411172
 20
3531575.913448429
 30
10.61873860489211
 70
192
  0
VERTEX
  5
2DDD
330
17
100
AcDbEntity
  8
ELEM_04_SUPERIOR
100
AcDbVertex
100
AcDbPolyFaceMeshVertex
 10
12119904.25631252
 20
3531580.369171145
 30
10.99370176572163
 70
192
  0
VERTEX
  5
2DE4
330
17
100
AcDbEntity
  8
ELEM_04_SUPERIOR
100
AcDbVertex
100
AcDbPolyFaceMeshVertex
 10
12119897.02788865
 20
3531576.452423728
 30
10.62414869905872
 70
192
  0
VERTEX
  5
2DE5
330
17
100
AcDbEntity
  8
ELEM_04_SUPERIOR
100
AcDbVertex
100
AcDbPolyFaceMeshVertex
 10
12119903.91115244
 20
3531580.902664172
 30
10.9968612082216
 70
192
  0
VERTEX
  5
2DEC
330
17
100
AcDbEntity
  8
ELEM_04_SUPERIOR
100
AcDbVertex
100
AcDbPolyFaceMeshVertex
 10
12119895.08700671
 20
3531579.473861256
 30
10.65448000322508
 70
192
  0
VERTEX
  5
2DED
330
17
100
AcDbEntity
  8
ELEM_04_SUPERIOR
100
AcDbVertex
100
AcDbPolyFaceMeshVertex
 10
12119901.98245552
 20
3531583.897435085
 30
11.01456458488809
 70
192
  0
VERTEX
  5
2DF5
330
17
100
AcDbEntity
  8
ELEM_04_SUPERIOR
100
AcDbVertex
100
AcDbPolyFaceMeshVertex
 10
12119901.1907445
 20
3531585.133531694
 30
11.02915445072127
 70
192
  0
VERTEX
  5
2DF8
330
17
100
AcDbEntity
  8
ELEM_04_SUPERIOR
100
AcDbVertex
100
AcDbPolyFaceMeshVertex
 10
12119894.28718875
 20
3531580.718960471
 30
10.66697997822495
 70
192
  0
VERTEX
  5
2DFD
330
17
100
AcDbEntity
  8
ELEM_04_SUPERIOR
100
AcDbVertex
100
AcDbPolyFaceMeshVertex
 10
12119898.90671364
 20
3531588.722018613
 30
11.07143783072084
 70
192
  0
VERTEX
  5
2E00
330
17
100
AcDbEntity
  8
ELEM_04_SUPERIOR
100
AcDbVertex
100
AcDbPolyFaceMeshVertex
 10
12119891.96943092
 20
3531584.327096299
 30
10.70320037822458
 70
192
  0
VERTEX
  5
2E05
330
17
100
AcDbEntity
  8
ELEM_04_SUPERIOR
100
AcDbVertex
100
AcDbPolyFaceMeshVertex
 10
12119898.49152418
 20
3531589.377945777
 30
11.07915435072077
 70
192
  0
VERTEX
  5
2E08
330
17
100
AcDbEntity
  8
ELEM_04_SUPERIOR
100
AcDbVertex
100
AcDbPolyFaceMeshVertex
 10
12119891.54643636
 20
3531584.985585795
 30
10.70980797655785
 70
192
  0
VERTEX
  5
2E0C
330
17
100
AcDbEntity
  8
ELEM_04_SUPERIOR
100
AcDbVertex
100
AcDbPolyFaceMeshVertex
 10
12119895.81355709
 20
3531593.635801435
 30
11.12915425072026
 70
192
  0
VERTEX
  5
2E10
330
17
100
AcDbEntity
  8
ELEM_04_SUPERIOR
100
AcDbVertex
100
AcDbPolyFaceMeshVertex
 10
12119888.80548712
 20
3531589.252512958
 30
10.75264253655742
 70
192
  0
VERTEX
  5
2E14
330
17
100
AcDbEntity
  8
ELEM_04_SUPERIOR
100
AcDbVertex
100
AcDbPolyFaceMeshVertex
 10
12119893.64037903
 20
3531597.126158628
 30
11.17002687238651
 70
192
  0
VERTEX
  5
2E18
330
17
100
AcDbEntity
  8
ELEM_04_SUPERIOR
100
AcDbVertex
100
AcDbPolyFaceMeshVertex
 10
12119886.56475013
 20
3531592.740740889
 30
10.78765887072373
 70
192
  0
VERTEX
  5
2E1D
330
17
100
AcDbEntity
  8
ELEM_04_SUPERIOR
100
AcDbVertex
100
AcDbPolyFaceMeshVertex
 10
12119893.15691543
 20
3531597.906996961
 30
11.17915415071975
 70
192
  0
VERTEX
  5
2E20
330
17
100
AcDbEntity
  8
ELEM_04_SUPERIOR
100
AcDbVertex
100
AcDbPolyFaceMeshVertex
 10
12119886.06420651
 20
3531593.519951929
 30
10.79548365822365
 70
192
  0
VERTEX
  5
2E25
330
17
100
AcDbEntity
  8
ELEM_04_SUPERIOR
100
AcDbVertex
100
AcDbPolyFaceMeshVertex
 10
12119893.09957302
 20
3531597.999716592
 30
11.18024010655307
 70
192
  0
VERTEX
  5
2E28
330
17
100
AcDbEntity
  8
ELEM_04_SUPERIOR
100
AcDbVertex
100
AcDbPolyFaceMeshVertex
 10
12119886.00479062
 20
3531593.612451744
 30
10.79641213405697
 70
192
  0
VERTEX
  5
2E2C
330
17
100
AcDbEntity
  8
ELEM_04_SUPERIOR
100
AcDbVertex
100
AcDbPolyFaceMeshVertex
 10
12119890.52166151
 20
3531602.191420806
 30
11.22915405071924
 70
192
  0
VERTEX
  5
2E30
330
17
100
AcDbEntity
  8
ELEM_04_SUPERIOR
100
AcDbVertex
100
AcDbPolyFaceMeshVertex
 10
12119883.32246003
 20
3531597.788122527
 30
10.83832806072321
 70
192
  0
VERTEX
  5
2E34
330
17
100
AcDbEntity
  8
ELEM_04_SUPERIOR
100
AcDbVertex
100
AcDbPolyFaceMeshVertex
 10
12119888.45879162
 20
3531605.579107601
 30
11.26858310571885
 70
192
  0
VERTEX
  5
2E38
330
17
100
AcDbEntity
  8
ELEM_04_SUPERIOR
100
AcDbVertex
100
AcDbPolyFaceMeshVertex
 10
12119881.16006934
 20
3531601.154385479
 30
10.87212064405621
 70
192
  0
VERTEX
  5
2E3D
330
17
100
AcDbEntity
  8
ELEM_04_SUPERIOR
100
AcDbVertex
100
AcDbPolyFaceMeshVertex
 10
12119887.90786425
 20
3531606.488967985
 30
11.27915395071873
 70
192
  0
VERTEX
  5
2E40
330
17
100
AcDbEntity
  8
ELEM_04_SUPERIOR
100
AcDbVertex
100
AcDbPolyFaceMeshVertex
 10
12119880.58010987
 20
3531602.057231443
 30
10.88118558655611
 70
192
  0
VERTEX
  5
2E44
330
17
100
AcDbEntity
  8
ELEM_04_SUPERIOR
100
AcDbVertex
100
AcDbPolyFaceMeshVertex
 10
12119885.31558596
 20
3531610.79952695
 30
11.32915713155156
 70
192
  0
VERTEX
  5
2E48
330
17
100
AcDbEntity
  8
ELEM_04_SUPERIOR
100
AcDbVertex
100
AcDbPolyFaceMeshVertex
 10
12119877.83701497
 20
3531606.327498492
 30
10.92405295488901
 70
192
  0
VERTEX
  5
2E4C
330
17
100
AcDbEntity
  8
ELEM_04_SUPERIOR
100
AcDbVertex
100
AcDbPolyFaceMeshVertex
 10
12119883.36335234
 20
3531614.078345852
 30
11.36708684571784
 70
192
  0
VERTEX
  5
2E50
330
17
100
AcDbEntity
  8
ELEM_04_SUPERIOR
100
AcDbVertex
100
AcDbPolyFaceMeshVertex
 10
12119875.75539183
 20
3531609.568033349
 30
10.95658241738868
 70
192
  0
VERTEX
  5
2E55
330
17
100
AcDbEntity
  8
ELEM_04_SUPERIOR
100
AcDbVertex
100
AcDbPolyFaceMeshVertex
 10
12119882.74489229
 20
3531615.122995993
 30
11.37915703155105
 70
192
  0
VERTEX
  5
2E58
330
17
100
AcDbEntity
  8
ELEM_04_SUPERIOR
100
AcDbVertex
100
AcDbPolyFaceMeshVertex
 10
12119875.09304079
 20
3531610.59913365
 30
10.96693344655524
 70
192
  0
VERTEX
  5
2E5D
330
17
100
AcDbEntity
  8
ELEM_04_SUPERIOR
100
AcDbVertex
100
AcDbPolyFaceMeshVertex
 10
12119882.72045336
 20
3531615.164337774
 30
11.37963275238438
 70
192
  0
VERTEX
  5
2E60
330
17
100
AcDbEntity
  8
ELEM_04_SUPERIOR
100
AcDbVertex
100
AcDbPolyFaceMeshVertex
 10
12119875.06683678
 20
3531610.639927532
 30
10.9673435507219
 70
192
  0
VERTEX
  5
2E64
330
17
100
AcDbEntity
  8
ELEM_04_SUPERIOR
100
AcDbVertex
100
AcDbPolyFaceMeshVertex
 10
12119881.3686516
 20
3531617.458001166
 30
11.40609923488411
 70
192
  0
VERTEX
  5
2E68
330
17
100
AcDbEntity
  8
ELEM_04_SUPERIOR
100
AcDbVertex
100
AcDbPolyFaceMeshVertex
 10
12119873.67137369
 20
3531612.935224778
 30
10.99003051322167
 70
192
  0
VERTEX
  5
2E6D
330
17
100
AcDbEntity
  8
ELEM_04_SUPERIOR
100
AcDbVertex
100
AcDbPolyFaceMeshVertex
 10
12119880.19584883
 20
3531619.459266849
 30
11.42915693155054
 70
192
  0
VERTEX
  5
2E70
330
17
100
AcDbEntity
  8
ELEM_04_SUPERIOR
100
AcDbVertex
100
AcDbPolyFaceMeshVertex
 10
12119872.45548701
 20
3531614.9351486
 30
11.00980081488814
 70
192
  0
VERTEX
  5
2E74
330
17
100
AcDbEntity
  8
ELEM_04_SUPERIOR
100
AcDbVertex
100
AcDbPolyFaceMeshVertex
 10
12119878.96680601
 20
3531621.567917486
 30
11.45341541321696
 70
192
  0
VERTEX
  5
2E78
330
17
100
AcDbEntity
  8
ELEM_04_SUPERIOR
100
AcDbVertex
100
AcDbPolyFaceMeshVertex
 10
12119871.17602107
 20
3531617.039655545
 30
11.03060129822126
 70
192
  0
VERTEX
  5
2E7C
330
17
100
AcDbEntity
  8
ELEM_04_SUPERIOR
100
AcDbVertex
100
AcDbPolyFaceMeshVertex
 10
12119877.71948567
 20
3531623.720026043
 30
11.47814305405004
 70
192
  0
VERTEX
  5
2E80
330
17
100
AcDbEntity
  8
ELEM_04_SUPERIOR
100
AcDbVertex
100
AcDbPolyFaceMeshVertex
 10
12119869.87191935
 20
3531619.184680783
 30
11.04026007155449
 70
192
  0
VERTEX
  5
2E85
330
17
100
AcDbEntity
  8
ELEM_04_SUPERIOR
100
AcDbVertex
100
AcDbPolyFaceMeshVertex
 10
12119877.66851793
 20
3531623.808224685
 30
11.47915683155004
 70
192
  0
VERTEX
  5
2E88
330
17
100
AcDbEntity
  8
ELEM_04_SUPERIOR
100
AcDbVertex
100
AcDbPolyFaceMeshVertex
 10
12119869.81851066
 20
3531619.272528376
 30
11.04065705238783
 70
192
  0
VERTEX
  5
2E8C
330
17
100
AcDbEntity
  8
ELEM_04_SUPERIOR
100
AcDbVertex
100
AcDbPolyFaceMeshVertex
 10
12119875.16296519
 20
3531628.169767801
 30
11.52915673154953
 70
192
  0
VERTEX
  5
2E90
330
17
100
AcDbEntity
  8
ELEM_04_SUPERIOR
100
AcDbVertex
100
AcDbPolyFaceMeshVertex
 10
12119867.18094048
 20
3531623.610872718
 30
11.06019441488763
 70
192
  0
VERTEX
  5
2E94
330
17
100
AcDbEntity
  8
ELEM_04_SUPERIOR
100
AcDbVertex
100
AcDbPolyFaceMeshVertex
 10
12119872.80517464
 20
3531632.320783121
 30
11.57661070488238
 70
192
  0
VERTEX
  5
2E98
330
17
100
AcDbEntity
  8
ELEM_04_SUPERIOR
100
AcDbVertex
100
AcDbPolyFaceMeshVertex
 10
12119864.67699863
 20
3531627.729434035
 30
11.07874096572077
 70
192
  0
VERTEX
  5
2E9D
330
17
100
AcDbEntity
  8
ELEM_04_SUPERIOR
100
AcDbVertex
100
AcDbPolyFaceMeshVertex
 10
12119872.67924969
 20
3531632.543781361
 30
11.57915663154902
 70
192
  0
VERTEX
  5
2EA0
330
17
100
AcDbEntity
  8
ELEM_04_SUPERIOR
100
AcDbVertex
100
AcDbPolyFaceMeshVertex
 10
12119864.54265507
 20
3531627.950404721
 30
11.07973505822076
 70
192
  0
VERTEX
  5
2EA4
330
17
100
AcDbEntity
  8
ELEM_04_SUPERIOR
100
AcDbVertex
100
AcDbPolyFaceMeshVertex
 10
12119870.21743375
 20
3531636.930160384
 30
11.62915653154851
 70
192
  0
VERTEX
  5
2EA8
330
17
100
AcDbEntity
  8
ELEM_04_SUPERIOR
100
AcDbVertex
100
AcDbPolyFaceMeshVertex
 10
12119861.90351337
 20
3531632.291340922
 30
11.09928226322056
 70
192
  0
VERTEX
  5
2EAD
330
17
100
AcDbEntity
  8
ELEM_04_SUPERIOR
100
AcDbVertex
100
AcDbPolyFaceMeshVertex
 10
12119870.08016696
 20
3531637.176255692
 30
11.63195836321515
 70
192
  0
VERTEX
  5
2EB0
330
17
100
AcDbEntity
  8
ELEM_04_SUPERIOR
100
AcDbVertex
100
AcDbPolyFaceMeshVertex
 10
12119861.75563636
 20
3531632.534575342
 30
11.10037806155388
 70
192
  0
VERTEX
  5
2EB4
330
17
100
AcDbEntity
  8
ELEM_04_SUPERIOR
100
AcDbVertex
100
AcDbPolyFaceMeshVertex
 10
12119867.97881289
 20
3531640.964040112
 30
11.67501601988138
 70
192
  0
VERTEX
  5
2EB8
330
17
100
AcDbEntity
  8
ELEM_04_SUPERIOR
100
AcDbVertex
100
AcDbPolyFaceMeshVertex
 10
12119859.48207792
 20
3531636.274187286
 30
11.11721857905371
 70
192
  0
VERTEX
  5
2EBD
330
17
100
AcDbEntity
  8
ELEM_04_SUPERIOR
100
AcDbVertex
100
AcDbPolyFaceMeshVertex
 10
12119867.77758298
 20
3531641.328793318
 30
11.67915643154801
 70
192
  0
VERTEX
  5
2EC0
330
17
100
AcDbEntity
  8
ELEM_04_SUPERIOR
100
AcDbVertex
100
AcDbPolyFaceMeshVertex
 10
12119859.26338413
 20
3531636.633897853
 30
11.11883931072036
 70
192
  0
VERTEX
  5
2EC4
330
17
100
AcDbEntity
  8
ELEM_04_SUPERIOR
100
AcDbVertex
100
AcDbPolyFaceMeshVertex
 10
12119865.35975317
 20
3531645.739568617
 30
11.7291563315475
 70
192
  0
VERTEX
  5
2EC8
330
17
100
AcDbEntity
  8
ELEM_04_SUPERIOR
100
AcDbVertex
100
AcDbPolyFaceMeshVertex
 10
12119856.62213941
 20
3531640.978295332
 30
11.13840291988683
 70
192
  0
VERTEX
  5
2ECC
330
17
100
AcDbEntity
  8
ELEM_04_SUPERIOR
100
AcDbVertex
100
AcDbPolyFaceMeshVertex
 10
12119863.24161108
 20
3531649.647185474
 30
11.77333931404705
 70
192
  0
VERTEX
  5
2ED0
330
17
100
AcDbEntity
  8
ELEM_04_SUPERIOR
100
AcDbVertex
100
AcDbPolyFaceMeshVertex
 10
12119854.28715721
 20
3531644.818940537
 30
11.15569619238665
 70
192
  0
VERTEX
  5
2ED5
330
17
100
AcDbEntity
  8
ELEM_04_SUPERIOR
100
AcDbVertex
100
AcDbPolyFaceMeshVertex
 10
12119862.96400993
 20
3531650.162381294
 30
11.77915623154699
 70
192
  0
VERTEX
  5
2ED8
330
17
100
AcDbEntity
  8
ELEM_04_SUPERIOR
100
AcDbVertex
100
AcDbPolyFaceMeshVertex
 10
12119853.97964142
 20
3531645.324749893
 30
11.15797309071997
 70
192
  0
VERTEX
  5
2EDD
330
17
100
AcDbEntity
  8
ELEM_04_SUPERIOR
100
AcDbVertex
100
AcDbPolyFaceMeshVertex
 10
12119862.8841282
 20
3531650.310770106
 30
11.78082945654697
 70
192
  0
VERTEX
  5
2EE0
330
17
100
AcDbEntity
  8
ELEM_04_SUPERIOR
100
AcDbVertex
100
AcDbPolyFaceMeshVertex
 10
12119853.89108516
 20
3531645.47040905
 30
11.15862925738662
 70
192
  0
VERTEX
  5
2EE5
330
17
100
AcDbEntity
  8
ELEM_04_SUPERIOR
100
AcDbVertex
100
AcDbPolyFaceMeshVertex
 10
12119862.74520131
 20
3531650.568971688
 30
11.78373299404694
 70
192
  0
VERTEX
  5
2EE8
330
17
100
AcDbEntity
  8
ELEM_04_SUPERIOR
100
AcDbVertex
100
AcDbPolyFaceMeshVertex
 10
12119853.73700739
 20
3531645.723843584
 30
11.15977098738661
 70
192
  0
VERTEX
  5
2EEC
330
17
100
AcDbEntity
  8
ELEM_04_SUPERIOR
100
AcDbVertex
100
AcDbPolyFaceMeshVertex
 10
12119860.59040904
 20
3531654.597116519
 30
11.82565220154651
 70
192
  0
VERTEX
  5
2EF0
330
17
100
AcDbEntity
  8
ELEM_04_SUPERIOR
100
AcDbVertex
100
AcDbPolyFaceMeshVertex
 10
12119851.45654935
 20
3531649.737739756
 30
11.17753669988643
 70
192
  0
VERTEX
  5
2EF5
330
17
100
AcDbEntity
  8
ELEM_04_SUPERIOR
100
AcDbVertex
100
AcDbPolyFaceMeshVertex
 10
12119859.23988024
 20
3531657.144417855
 30
11.84892643321295
 70
192
  0
VERTEX
  5
2EF8
330
17
100
AcDbEntity
  8
ELEM_04_SUPERIOR
100
AcDbVertex
100
AcDbPolyFaceMeshVertex
 10
12119850.01699186
 20
3531652.271543742
 30
11.18874730738632
 70
192
  0
VERTEX
  5
2EFD
330
17
100
AcDbEntity
  8
ELEM_04_SUPERIOR
100
AcDbVertex
100
AcDbPolyFaceMeshVertex
 10
12119858.58899571
 20
3531658.378414732
 30
11.85930370904617
 70
192
  0
VERTEX
  5
2F00
330
17
100
AcDbEntity
  8
ELEM_04_SUPERIOR
100
AcDbVertex
100
AcDbPolyFaceMeshVertex
 10
12119849.32031675
 20
3531653.497774885
 30
11.1941738057196
 70
192
  0
VERTEX
  5
2F05
330
17
100
AcDbEntity
  8
ELEM_04_SUPERIOR
100
AcDbVertex
100
AcDbPolyFaceMeshVertex
 10
12119858.23901282
 20
3531659.043662745
 30
11.86465474821279
 70
192
  0
VERTEX
  5
2F08
330
17
100
AcDbEntity
  8
ELEM_04_SUPERIOR
100
AcDbVertex
100
AcDbPolyFaceMeshVertex
 10
12119848.94492708
 20
3531654.158511754
 30
11.1971003090529
 70
192
  0
VERTEX
  5
2F0C
330
17
100
AcDbEntity
  8
ELEM_04_SUPERIOR
100
AcDbVertex
100
AcDbPolyFaceMeshVertex
 10
12119855.90987706
 20
3531663.501911702
 30
11.8961540290458
 70
192
  0
VERTEX
  5
2F10
330
17
100
AcDbEntity
  8
ELEM_04_SUPERIOR
100
AcDbVertex
100
AcDbPolyFaceMeshVertex
 10
12119846.4324846
 20
3531658.580730599
 30
11.21667047988604
 70
192
  0
VERTEX
  5
2F14
330
17
100
AcDbEntity
  8
ELEM_04_SUPERIOR
100
AcDbVertex
100
AcDbPolyFaceMeshVertex
 10
12119854.02479553
 20
3531667.150460834
 30
11.91631474987893
 70
192
  0
VERTEX
  5
2F18
330
17
100
AcDbEntity
  8
ELEM_04_SUPERIOR
100
AcDbVertex
100
AcDbPolyFaceMeshVertex
 10
12119844.38049395
 20
3531662.192495029
 30
11.23265469988587
 70
192
  0
VERTEX
  5
2F1D
330
17
100
AcDbEntity
  8
ELEM_04_SUPERIOR
100
AcDbVertex
100
AcDbPolyFaceMeshVertex
 10
12119853.60306409
 20
3531667.971748563
 30
11.92015660571222
 70
192
  0
VERTEX
  5
2F20
330
17
100
AcDbEntity
  8
ELEM_04_SUPERIOR
100
AcDbVertex
100
AcDbPolyFaceMeshVertex
 10
12119843.91909068
 20
3531663.004619389
 30
11.23624721238584
 70
192
  0
VERTEX
  5
2F24
330
17
100
AcDbEntity
  8
ELEM_04_SUPERIOR
100
AcDbVertex
100
AcDbPolyFaceMeshVertex
 10
12119851.3186264
 20
3531672.453065059
 30
11.93665919737872
 70
192
  0
VERTEX
  5
2F28
330
17
100
AcDbEntity
  8
ELEM_04_SUPERIOR
100
AcDbVertex
100
AcDbPolyFaceMeshVertex
 10
12119841.40462392
 20
3531667.430397939
 30
11.25583378738564
 70
192
  0
VERTEX
  5
2F2C
330
17
100
AcDbEntity
  8
ELEM_04_SUPERIOR
100
AcDbVertex
100
AcDbPolyFaceMeshVertex
 10
12119849.55068374
 20
3531675.959685342
 30
11.94432650487864
 70
192
  0
VERTEX
  5
2F30
330
17
100
AcDbEntity
  8
ELEM_04_SUPERIOR
100
AcDbVertex
100
AcDbPolyFaceMeshVertex
 10
12119839.44066787
 20
3531670.887211892
 30
11.27113231321882
 70
192
  0
VERTEX
  5
2F35
330
17
100
AcDbEntity
  8
ELEM_04_SUPERIOR
100
AcDbVertex
100
AcDbPolyFaceMeshVertex
 10
12119849.05662305
 20
3531676.945746362
 30
11.94565852321196
 70
192
  0
VERTEX
  5
2F38
330
17
100
AcDbEntity
  8
ELEM_04_SUPERIOR
100
AcDbVertex
100
AcDbPolyFaceMeshVertex
 10
12119838.88895638
 20
3531671.858292627
 30
11.27543020488544
 70
192
  0
VERTEX
  5
2F3D
330
17
100
AcDbEntity
  8
ELEM_04_SUPERIOR
100
AcDbVertex
100
AcDbPolyFaceMeshVertex
 10
12119848.85331637
 20
3531677.352303948
 30
11.94610471654529
 70
192
  0
VERTEX
  5
2F40
330
17
100
AcDbEntity
  8
ELEM_04_SUPERIOR
100
AcDbVertex
100
AcDbPolyFaceMeshVertex
 10
12119838.66155197
 20
3531672.258551012
 30
11.27720185488542
 70
192
  0
VERTEX
  5
2F44
330
17
100
AcDbEntity
  8
ELEM_04_SUPERIOR
100
AcDbVertex
100
AcDbPolyFaceMeshVertex
 10
12119846.8171131
 20
3531681.449684204
 30
11.94716114487861
 70
192
  0
VERTEX
  5
2F48
330
17
100
AcDbEntity
  8
ELEM_04_SUPERIOR
100
AcDbVertex
100
AcDbPolyFaceMeshVertex
 10
12119836.3719601
 20
3531676.288526548
 30
11.29503646488524
 70
192
  0
VERTEX
  5
2F4D
330
17
100
AcDbEntity
  8
ELEM_04_SUPERIOR
100
AcDbVertex
100
AcDbPolyFaceMeshVertex
 10
12119845.16770695
 20
3531684.803424217
 30
11.94342099487865
 70
192
  0
VERTEX
  5
2F50
330
17
100
AcDbEntity
  8
ELEM_04_SUPERIOR
100
AcDbVertex
100
AcDbPolyFaceMeshVertex
 10
12119834.50084179
 20
3531679.581928754
 30
11.30960992655176
 70
192
  0
VERTEX
  5
2F55
330
17
100
AcDbEntity
  8
ELEM_04_SUPERIOR
100
AcDbVertex
100
AcDbPolyFaceMeshVertex
 10
12119844.6001523
 20
3531685.964760477
 30
11.94116050071201
 70
192
  0
VERTEX
  5
2F58
330
17
100
AcDbEntity
  8
ELEM_04_SUPERIOR
100
AcDbVertex
100
AcDbPolyFaceMeshVertex
 10
12119833.85350713
 20
3531680.72131952
 30
11.31465256738504
 70
192
  0
VERTEX
  5
2F5D
330
17
100
AcDbEntity
  8
ELEM_04_SUPERIOR
100
AcDbVertex
100
AcDbPolyFaceMeshVertex
 10
12119842.91072983
 20
3531689.444261392
 30
11.93144923404544
 70
192
  0
VERTEX
  5
2F60
330
17
100
AcDbEntity
  8
ELEM_04_SUPERIOR
100
AcDbVertex
100
AcDbPolyFaceMeshVertex
 10
12119831.91580431
 20
3531684.131919654
 30
11.32974768155155
 70
192
  0
VERTEX
  5
2F65
330
17
100
AcDbEntity
  8
ELEM_04_SUPERIOR
100
AcDbVertex
100
AcDbPolyFaceMeshVertex
 10
12119842.40579317
 20
3531690.49086691
 30
11.92766315237881
 70
192
  0
VERTEX
  5
2F68
330
17
100
AcDbEntity
  8
ELEM_04_SUPERIOR
100
AcDbVertex
100
AcDbPolyFaceMeshVertex
 10
12119831.3334728
 20
3531685.156897919
 30
11.34429161571807
 70
192
  0
VERTEX
  5
2F6D
330
17
100
AcDbEntity
  8
ELEM_04_SUPERIOR
100
AcDbVertex
100
AcDbPolyFaceMeshVertex
 10
12119840.87683954
 20
3531693.679003578
 30
11.91368680237895
 70
192
  0
VERTEX
  5
2F71
330
17
100
AcDbEntity
  8
ELEM_04_SUPERIOR
100
AcDbVertex
100
AcDbPolyFaceMeshVertex
 10
12119829.56101572
 20
3531688.276648897
 30
11.38856318071762
 70
192
  0
VERTEX
  5
2F75
330
17
100
AcDbEntity
  8
ELEM_04_SUPERIOR
100
AcDbVertex
100
AcDbPolyFaceMeshVertex
 10
12119840.28660122
 20
3531694.917491914
 30
11.90726293071235
 70
192
  0
VERTEX
  5
2F79
330
17
100
AcDbEntity
  8
ELEM_04_SUPERIOR
100
AcDbVertex
100
AcDbPolyFaceMeshVertex
 10
12119828.87303809
 20
3531689.487578234
 30
11.40574818571745
 70
192
  0
VERTEX
  5
2F7D
330
17
100
AcDbEntity
  8
ELEM_04_SUPERIOR
100
AcDbVertex
100
AcDbPolyFaceMeshVertex
 10
12119840.23409148
 20
3531695.027888677
 30
11.90666581904569
 70
192
  0
VERTEX
  5
2F81
330
17
100
AcDbEntity
  8
ELEM_04_SUPERIOR
100
AcDbVertex
100
AcDbPolyFaceMeshVertex
 10
12119828.81295619
 20
3531689.596072112
 30
11.40727705405077
 70
192
  0
VERTEX
  5
2F85
330
17
100
AcDbEntity
  8
ELEM_04_SUPERIOR
100
AcDbVertex
100
AcDbPolyFaceMeshVertex
 10
12119840.16172287
 20
3531695.180083253
 30
11.90583248737903
 70
192
  0
VERTEX
  5
2F89
330
17
100
AcDbEntity
  8
ELEM_04_SUPERIOR
100
AcDbVertex
100
AcDbPolyFaceMeshVertex
 10
12119828.73013155
 20
3531689.745642022
 30
11.40938662988408
 70
192
  0
VERTEX
  5
2F8D
330
17
100
AcDbEntity
  8
ELEM_04_SUPERIOR
100
AcDbVertex
100
AcDbPolyFaceMeshVertex
 10
12119838.92577389
 20
3531697.789605593
 30
11.89147884154585
 70
192
  0
VERTEX
  5
2F91
330
17
100
AcDbEntity
  8
ELEM_04_SUPERIOR
100
AcDbVertex
100
AcDbPolyFaceMeshVertex
 10
12119827.31076759
 20
3531692.308786502
 30
11.44553813238371
 70
192
  0
VERTEX
  5
2F95
330
17
100
AcDbEntity
  8
ELEM_04_SUPERIOR
100
AcDbVertex
100
AcDbPolyFaceMeshVertex
 10
12119838.08509972
 20
3531699.575710945
 30
11.88166914987928
 70
192
  0
VERTEX
  5
2F99
330
17
100
AcDbEntity
  8
ELEM_04_SUPERIOR
100
AcDbVertex
100
AcDbPolyFaceMeshVertex
 10
12119826.34007728
 20
3531694.061693102
 30
11.47026249238346
 70
192
  0
VERTEX
  5
2F9D
330
17
100
AcDbEntity
  8
ELEM_04_SUPERIOR
100
AcDbVertex
100
AcDbPolyFaceMeshVertex
 10
12119836.67600477
 20
3531702.590078276
 30
11.86513046904611
 70
192
  0
VERTEX
  5
2FA1
330
17
100
AcDbEntity
  8
ELEM_04_SUPERIOR
100
AcDbVertex
100
AcDbPolyFaceMeshVertex
 10
12119824.70331217
 20
3531697.01743194
 30
11.51194876071637
 70
192
  0
VERTEX
  5
2FA5
330
17
100
AcDbEntity
  8
ELEM_04_SUPERIOR
100
AcDbVertex
100
AcDbPolyFaceMeshVertex
 10
12119835.95887694
 20
3531704.134222168
 30
11.85666919987953
 70
192
  0
VERTEX
  5
2FA9
330
17
100
AcDbEntity
  8
ELEM_04_SUPERIOR
100
AcDbVertex
100
AcDbPolyFaceMeshVertex
 10
12119823.86554482
 20
3531698.530302931
 30
11.53328730071615
 70
192
  0
VERTEX
  5
2FAC
330
17
100
AcDbEntity
  8
ELEM_04_SUPERIOR
100
AcDbVertex
100
AcDbPolyFaceMeshVertex
 10
12119833.85547235
 20
3531708.703304237
 30
11.83166924987979
 70
192
  0
VERTEX
  5
2FB1
330
17
100
AcDbEntity
  8
ELEM_04_SUPERIOR
100
AcDbVertex
100
AcDbPolyFaceMeshVertex
 10
12119821.38923088
 20
3531703.002127977
 30
11.59635804071551
 70
192
  0
VERTEX
  5
2FB5
330
17
100
AcDbEntity
  8
ELEM_04_SUPERIOR
100
AcDbVertex
100
AcDbPolyFaceMeshVertex
 10
12119832.56781417
 20
3531711.530440972
 30
11.81622964821328
 70
192
  0
VERTEX
  5
2FB9
330
17
100
AcDbEntity
  8
ELEM_04_SUPERIOR
100
AcDbVertex
100
AcDbPolyFaceMeshVertex
 10
12119819.85889601
 20
3531705.765665756
 30
11.63533434071512
 70
192
  0
VERTEX
  5
2FBD
330
17
100
AcDbEntity
  8
ELEM_04_SUPERIOR
100
AcDbVertex
100
AcDbPolyFaceMeshVertex
 10
12119831.77493845
 20
3531713.282852166
 30
11.80666929988004
 70
192
  0
VERTEX
  5
2FC1
330
17
100
AcDbEntity
  8
ELEM_04_SUPERIOR
100
AcDbVertex
100
AcDbPolyFaceMeshVertex
 10
12119818.91101077
 20
3531707.477391336
 30
11.65947799321487
 70
192
  0
VERTEX
  5
2FC5
330
17
100
AcDbEntity
  8
ELEM_04_SUPERIOR
100
AcDbVertex
100
AcDbPolyFaceMeshVertex
 10
12119816.43075982
 20
3531711.956329228
 30
11.72265043904756
 70
192
  0
VERTEX
  5
2FC6
330
17
100
AcDbEntity
  8
ELEM_04_SUPERIOR
100
AcDbVertex
100
AcDbPolyFaceMeshVertex
 10
12119829.71733102
 20
3531717.87274128
 30
11.7816693498803
 70
192
  0
VERTEX
  5
2FCD
330
17
100
AcDbEntity
  8
ELEM_04_SUPERIOR
100
AcDbVertex
100
AcDbPolyFaceMeshVertex
 10
12119816.12128209
 20
3531712.515199501
 30
11.73053100071415
 70
192
  0
VERTEX
  5
2FCE
330
17
100
AcDbEntity
  8
ELEM_04_SUPERIOR
100
AcDbVertex
100
AcDbPolyFaceMeshVertex
 10
12119829.46232169
 20
3531718.445899581
 30
11.77854927738033
 70
192
  0
VERTEX
  5
2FD5
330
17
100
AcDbEntity
  8
ELEM_04_SUPERIOR
100
AcDbVertex
100
AcDbPolyFaceMeshVertex
 10
12119815.61245437
 20
3531713.434059212
 30
11.74349029238068
 70
192
  0
VERTEX
  5
2FD6
330
17
100
AcDbEntity
  8
ELEM_04_SUPERIOR
100
AcDbVertex
100
AcDbPolyFaceMeshVertex
 10
12119829.04388748
 20
3531719.388460033
 30
11.77342461571371
 70
192
  0
VERTEX
  5
2FDD
330
17
100
AcDbEntity
  8
ELEM_04_SUPERIOR
100
AcDbVertex
100
AcDbPolyFaceMeshVertex
 10
12119815.03620225
 20
3531714.525648236
 30
11.7587232015472
 70
192
  0
VERTEX
  5
2FDE
330
17
100
AcDbEntity
  8
ELEM_04_SUPERIOR
100
AcDbVertex
100
AcDbPolyFaceMeshVertex
 10
12119828.55269424
 20
3531720.498257682
 30
11.76739444404711
 70
192
  0
VERTEX
  5
2FE5
330
17
100
AcDbEntity
  8
ELEM_04_SUPERIOR
100
AcDbVertex
100
AcDbPolyFaceMeshVertex
 10
12119814.01142739
 20
3531716.466874669
 30
11.78580648071358
 70
192
  0
VERTEX
  5
2FE6
330
17
100
AcDbEntity
  8
ELEM_04_SUPERIOR
100
AcDbVertex
100
AcDbPolyFaceMeshVertex
 10
12119827.68269598
 20
3531722.472860032
 30
11.75666939988055
 70
192
  0
VERTEX
  5
2FED
330
17
100
AcDbEntity
  8
ELEM_04_SUPERIOR
100
AcDbVertex
100
AcDbPolyFaceMeshVertex
 10
12119825.67108911
 20
3531727.083096874
 30
11.73166944988081
 70
192
  0
VERTEX
  5
2FF0
330
17
100
AcDbEntity
  8
ELEM_04_SUPERIOR
100
AcDbVertex
100
AcDbPolyFaceMeshVertex
 10
12119811.62131734
 20
3531720.994454196
 30
11.84897564571294
 70
192
  0
VERTEX
  5
2FF5
330
17
100
AcDbEntity
  8
ELEM_04_SUPERIOR
100
AcDbVertex
100
AcDbPolyFaceMeshVertex
 10
12119824.62588123
 20
3531729.503643214
 30
11.71856580154761
 70
192
  0
VERTEX
  5
2FF8
330
17
100
AcDbEntity
  8
ELEM_04_SUPERIOR
100
AcDbVertex
100
AcDbPolyFaceMeshVertex
 10
12119810.3677667
 20
3531723.369049184
 30
11.88210878154594
 70
192
  0
VERTEX
  5
2FFD
330
17
100
AcDbEntity
  8
ELEM_04_SUPERIOR
100
AcDbVertex
100
AcDbPolyFaceMeshVertex
 10
12119809.22936347
 20
3531725.525517968
 30
11.77917591654699
 70
192
  0
VERTEX
  5
2FFE
330
17
100
AcDbEntity
  8
ELEM_04_SUPERIOR
100
AcDbVertex
100
AcDbPolyFaceMeshVertex
 10
12119823.68255634
 20
3531731.703333696
 30
11.70666949988106
 70
192
  0
VERTEX
  5
3005
330
17
100
AcDbEntity
  8
ELEM_04_SUPERIOR
100
AcDbVertex
100
AcDbPolyFaceMeshVertex
 10
12119806.83545093
 20
3531730.060295644
 30
11.56272621821585
 70
192
  0
VERTEX
  5
3006
330
17
100
AcDbEntity
  8
ELEM_04_SUPERIOR
100
AcDbVertex
100
AcDbPolyFaceMeshVertex
 10
12119821.71715017
 20
3531736.333455671
 30
11.68166954988131
 70
192
  0
VERTEX
  5
300D
330
17
100
AcDbEntity
  8
ELEM_04_SUPERIOR
100
AcDbVertex
100
AcDbPolyFaceMeshVertex
 10
12119820.79308378
 20
3531738.532883685
 30
11.66981261821476
 70
192
  0
VERTEX
  5
3011
330
17
100
AcDbEntity
  8
ELEM_04_SUPERIOR
100
AcDbVertex
100
AcDbPolyFaceMeshVertex
 10
12119805.69933115
 20
3531732.212446852
 30
11.4600000457169
 70
192
  0
VERTEX
  5
3015
330
17
100
AcDbEntity
  8
ELEM_04_SUPERIOR
100
AcDbVertex
100
AcDbPolyFaceMeshVertex
 10
12119820.46778259
 20
3531739.310644598
 30
11.66561971321481
 70
192
  0
VERTEX
  5
3019
330
17
100
AcDbEntity
  8
ELEM_04_SUPERIOR
100
AcDbVertex
100
AcDbPolyFaceMeshVertex
 10
12119805.29773091
 20
3531732.973196643
 30
11.42238201071728
 70
192
  0
VERTEX
  5
301D
330
17
100
AcDbEntity
  8
ELEM_04_SUPERIOR
100
AcDbVertex
100
AcDbPolyFaceMeshVertex
 10
12119819.7749198
 20
3531740.973347965
 30
11.65666959988157
 70
192
  0
VERTEX
  5
3020
330
17
100
AcDbEntity
  8
ELEM_04_SUPERIOR
100
AcDbVertex
100
AcDbPolyFaceMeshVertex
 10
12119804.43945507
 20
3531734.599020163
 30
11.34199175155143
 70
192
  0
VERTEX
  5
3025
330
17
100
AcDbEntity
  8
ELEM_04_SUPERIOR
100
AcDbVertex
100
AcDbPolyFaceMeshVertex
 10
12119818.30337091
 20
3531744.532832315
 30
11.63752593738176
 70
192
  0
VERTEX
  5
3028
330
17
100
AcDbEntity
  8
ELEM_04_SUPERIOR
100
AcDbVertex
100
AcDbPolyFaceMeshVertex
 10
12119802.60325795
 20
3531738.077323573
 30
11.17000062571984
 70
192
  0
VERTEX
  5
302D
330
17
100
AcDbEntity
  8
ELEM_04_SUPERIOR
100
AcDbVertex
100
AcDbPolyFaceMeshVertex
 10
12119817.85591117
 20
3531745.622889192
 30
11.63166964988182
 70
192
  0
VERTEX
  5
3030
330
17
100
AcDbEntity
  8
ELEM_04_SUPERIOR
100
AcDbVertex
100
AcDbPolyFaceMeshVertex
 10
12119802.06428265
 20
3531739.15136342
 30
11.12004993822035
 70
192
  0
VERTEX
  5
3035
330
17
100
AcDbEntity
  8
ELEM_04_SUPERIOR
100
AcDbVertex
100
AcDbPolyFaceMeshVertex
 10
12119817.05266803
 20
3531747.588853107
 30
11.62111192821526
 70
192
  0
VERTEX
  5
3038
330
17
100
AcDbEntity
  8
ELEM_04_SUPERIOR
100
AcDbVertex
100
AcDbPolyFaceMeshVertex
 10
12119801.09262777
 20
3531741.087625952
 30
11.03000090572127
 70
192
  0
VERTEX
  5
303D
330
17
100
AcDbEntity
  8
ELEM_04_SUPERIOR
100
AcDbVertex
100
AcDbPolyFaceMeshVertex
 10
12119815.96017677
 20
3531750.28197108
 30
11.60666969988207
 70
192
  0
VERTEX
  5
3040
330
17
100
AcDbEntity
  8
ELEM_04_SUPERIOR
100
AcDbVertex
100
AcDbPolyFaceMeshVertex
 10
12119799.76241061
 20
3531743.738404771
 30
10.90543422572253
 70
192
  0
VERTEX
  5
3045
330
17
100
AcDbEntity
  8
ELEM_04_SUPERIOR
100
AcDbVertex
100
AcDbPolyFaceMeshVertex
 10
12119814.08775926
 20
3531754.950472242
 30
11.58166974988233
 70
192
  0
VERTEX
  5
3048
330
17
100
AcDbEntity
  8
ELEM_04_SUPERIOR
100
AcDbVertex
100
AcDbPolyFaceMeshVertex
 10
12119797.45866522
 20
3531748.32917971
 30
10.68970631072472
 70
192
  0
VERTEX
  5
304D
330
17
100
AcDbEntity
  8
ELEM_04_SUPERIOR
100
AcDbVertex
100
AcDbPolyFaceMeshVertex
 10
12119813.40224554
 20
3531756.676741756
 30
11.57243748488242
 70
192
  0
VERTEX
  5
3050
330
17
100
AcDbEntity
  8
ELEM_04_SUPERIOR
100
AcDbVertex
100
AcDbPolyFaceMeshVertex
 10
12119796.60747598
 20
3531750.025377105
 30
10.6099984648922
 70
192
  0
VERTEX
  5
3055
330
17
100
AcDbEntity
  8
ELEM_04_SUPERIOR
100
AcDbVertex
100
AcDbPolyFaceMeshVertex
 10
12119812.23870784
 20
3531759.628277847
 30
11.55666979988258
 70
192
  0
VERTEX
  5
3058
330
17
100
AcDbEntity
  8
ELEM_04_SUPERIOR
100
AcDbVertex
100
AcDbPolyFaceMeshVertex
 10
12119795.15292836
 20
3531752.923921176
 30
10.47054992489362
 70
192
  0
VERTEX
  5
305D
330
17
100
AcDbEntity
  8
ELEM_04_SUPERIOR
100
AcDbVertex
100
AcDbPolyFaceMeshVertex
 10
12119811.9467432
 20
3531760.373204178
 30
11.55269342988262
 70
192
  0
VERTEX
  5
3060
330
17
100
AcDbEntity
  8
ELEM_04_SUPERIOR
100
AcDbVertex
100
AcDbPolyFaceMeshVertex
 10
12119798.12758662
 20
3531754.963326827
 30
10.65295055711229
 70
192
  0
VERTEX
  5
3061
330
17
100
AcDbEntity
  8
ELEM_04_SUPERIOR
100
AcDbVertex
100
AcDbPolyFaceMeshVertex
 10
12119811.94606079
 20
3531760.374949582
 30
11.55268030654929
 70
192
  0
VERTEX
  5
3064
330
17
100
AcDbEntity
  8
ELEM_04_SUPERIOR
100
AcDbVertex
100
AcDbPolyFaceMeshVertex
 10
12119794.78617713
 20
3531753.654756329
 30
10.43538923406064
 70
192
  0
VERTEX
  5
3065
330
17
100
AcDbEntity
  8
ELEM_04_SUPERIOR
100
AcDbVertex
100
AcDbPolyFaceMeshVertex
 10
12119810.41780926
 20
3531764.199649938
 30
11.53166984988284
 70
192
  0
VERTEX
  5
3068
330
17
100
AcDbEntity
  8
ELEM_04_SUPERIOR
100
AcDbVertex
100
AcDbPolyFaceMeshVertex
 10
12119793.04836236
 20
3531757.117777618
 30
10.268781955729
 70
192
  0
VERTEX
  5
306D
330
17
100
AcDbEntity
  8
ELEM_04_SUPERIOR
100
AcDbVertex
100
AcDbPolyFaceMeshVertex
 10
12119809.57962524
 20
3531766.233635371
 30
11.52044283821628
 70
192
  0
VERTEX
  5
3070
330
17
100
AcDbEntity
  8
ELEM_04_SUPERIOR
100
AcDbVertex
100
AcDbPolyFaceMeshVertex
 10
12119792.12232747
 20
3531758.963131538
 30
10.17999932489657
 70
192
  0
VERTEX
  5
3074
330
17
100
AcDbEntity
  8
ELEM_04_SUPERIOR
100
AcDbVertex
100
AcDbPolyFaceMeshVertex
 10
12119792.04410256
 20
3531759.165326016
 30
10.17081299156333
 70
192
  0
VERTEX
  5
3075
330
17
100
AcDbEntity
  8
ELEM_04_SUPERIOR
100
AcDbVertex
100
AcDbPolyFaceMeshVertex
 10
12119809.49049155
 20
3531766.447417752
 30
11.51926173821629
 70
192
  0
VERTEX
  5
307C
330
17
100
AcDbEntity
  8
ELEM_04_SUPERIOR
100
AcDbVertex
100
AcDbPolyFaceMeshVertex
 10
12119791.6969379
 20
3531760.062696269
 30
10.13003879489708
 70
192
  0
VERTEX
  5
307D
330
17
100
AcDbEntity
  8
ELEM_04_SUPERIOR
100
AcDbVertex
100
AcDbPolyFaceMeshVertex
 10
12119809.09291361
 20
3531767.395266905
 30
11.51401896654968
 70
192
  0
VERTEX
  5
29DF
330
17
100
AcDbEntity
  8
ELEM_04_SUPERIOR
100
AcDbFaceRecord
 10
0.0
 20
0.0
 30
0.0
 70
128
 71
1
 72
2
 73
3
  0
VERTEX
  5
29E3
330
17
100
AcDbEntity
  8
ELEM_04_SUPERIOR
100
AcDbFaceRecord
 10
0.0
 20
0.0
 30
0.0
 70
128
 71
3
 72
4
 73
1
  0
VERTEX
  5
29E7
330
17
100
AcDbEntity
  8
ELEM_04_SUPERIOR
100
AcDbFaceRecord
 10
0.0
 20
0.0
 30
0.0
 70
128
 71
5
 72
2
 73
1
  0
VERTEX
  5
29EB
330
17
100
AcDbEntity
  8
ELEM_04_SUPERIOR
100
AcDbFaceRecord
 10
0.0
 20
0.0
 30
0.0
 70
128
 71
6
 72
5
 73
1
  0
VERTEX
  5
29EF
330
17
100
AcDbEntity
  8
ELEM_04_SUPERIOR
100
AcDbFaceRecord
 10
0.0
 20
0.0
 30
0.0
 70
128
 71
7
 72
5
 73
6
  0
VERTEX
  5
29F3
330
17
100
AcDbEntity
  8
ELEM_04_SUPERIOR
100
AcDbFaceRecord
 10
0.0
 20
0.0
 30
0.0
 70
128
 71
8
 72
7
 73
6
  0
VERTEX
  5
29F7
330
17
100
AcDbEntity
  8
ELEM_04_SUPERIOR
100
AcDbFaceRecord
 10
0.0
 20
0.0
 30
0.0
 70
128
 71
9
 72
7
 73
8
  0
VERTEX
  5
29FB
330
17
100
AcDbEntity
  8
ELEM_04_SUPERIOR
100
AcDbFaceRecord
 10
0.0
 20
0.0
 30
0.0
 70
128
 71
10
 72
9
 73
8
  0
VERTEX
  5
29FF
330
17
100
AcDbEntity
  8
ELEM_04_SUPERIOR
100
AcDbFaceRecord
 10
0.0
 20
0.0
 30
0.0
 70
128
 71
11
 72
9
 73
10
  0
VERTEX
  5
2A03
330
17
100
AcDbEntity
  8
ELEM_04_SUPERIOR
100
AcDbFaceRecord
 10
0.0
 20
0.0
 30
0.0
 70
128
 71
12
 72
11
 73
10
  0
VERTEX
  5
2A07
330
17
100
AcDbEntity
  8
ELEM_04_SUPERIOR
100
AcDbFaceRecord
 10
0.0
 20
0.0
 30
0.0
 70
128
 71
13
 72
11
 73
12
  0
VERTEX
  5
2A0B
330
17
100
AcDbEntity
  8
ELEM_04_SUPERIOR
100
AcDbFaceRecord
 10
0.0
 20
0.0
 30
0.0
 70
128
 71
14
 72
13
 73
12
  0
VERTEX
  5
2A0F
330
17
100
AcDbEntity
  8
ELEM_04_SUPERIOR
100
AcDbFaceRecord
 10
0.0
 20
0.0
 30
0.0
 70
128
 71
15
 72
13
 73
14
  0
VERTEX
  5
2A13
330
17
100
AcDbEntity
  8
ELEM_04_SUPERIOR
100
AcDbFaceRecord
 10
0.0
 20
0.0
 30
0.0
 70
128
 71
16
 72
15
 73
14
  0
VERTEX
  5
2A17
330
17
100
AcDbEntity
  8
ELEM_04_SUPERIOR
100
AcDbFaceRecord
 10
0.0
 20
0.0
 30
0.0
 70
128
 71
16
 72
17
 73
15
  0
VERTEX
  5
2A1B
330
17
100
AcDbEntity
  8
ELEM_04_SUPERIOR
100
AcDbFaceRecord
 10
0.0
 20
0.0
 30
0.0
 70
128
 71
18
 72
17
 73
16
  0
VERTEX
  5
2A1F
330
17
100
AcDbEntity
  8
ELEM_04_SUPERIOR
100
AcDbFaceRecord
 10
0.0
 20
0.0
 30
0.0
 70
128
 71
19
 72
17
 73
18
  0
VERTEX
  5
2A23
330
17
100
AcDbEntity
  8
ELEM_04_SUPERIOR
100
AcDbFaceRecord
 10
0.0
 20
0.0
 30
0.0
 70
128
 71
20
 72
19
 73
18
  0
VERTEX
  5
2A27
330
17
100
AcDbEntity
  8
ELEM_04_SUPERIOR
100
AcDbFaceRecord
 10
0.0
 20
0.0
 30
0.0
 70
128
 71
21
 72
19
 73
20
  0
VERTEX
  5
2A2B
330
17
100
AcDbEntity
  8
ELEM_04_SUPERIOR
100
AcDbFaceRecord
 10
0.0
 20
0.0
 30
0.0
 70
128
 71
22
 72
21
 73
20
  0
VERTEX
  5
2A2F
330
17
100
AcDbEntity
  8
ELEM_04_SUPERIOR
100
AcDbFaceRecord
 10
0.0
 20
0.0
 30
0.0
 70
128
 71
22
 72
23
 73
21
  0
VERTEX
  5
2A33
330
17
100
AcDbEntity
  8
ELEM_04_SUPERIOR
100
AcDbFaceRecord
 10
0.0
 20
0.0
 30
0.0
 70
128
 71
24
 72
23
 73
22
  0
VERTEX
  5
2A37
330
17
100
AcDbEntity
  8
ELEM_04_SUPERIOR
100
AcDbFaceRecord
 10
0.0
 20
0.0
 30
0.0
 70
128
 71
25
 72
23
 73
24
  0
VERTEX
  5
2A3B
330
17
100
AcDbEntity
  8
ELEM_04_SUPERIOR
100
AcDbFaceRecord
 10
0.0
 20
0.0
 30
0.0
 70
128
 71
26
 72
25
 73
24
  0
VERTEX
  5
2A3F
330
17
100
AcDbEntity
  8
ELEM_04_SUPERIOR
100
AcDbFaceRecord
 10
0.0
 20
0.0
 30
0.0
 70
128
 71
26
 72
27
 73
25
  0
VERTEX
  5
2A43
330
17
100
AcDbEntity
  8
ELEM_04_SUPERIOR
100
AcDbFaceRecord
 10
0.0
 20
0.0
 30
0.0
 70
128
 71
28
 72
27
 73
26
  0
VERTEX
  5
2A47
330
17
100
AcDbEntity
  8
ELEM_04_SUPERIOR
100
AcDbFaceRecord
 10
0.0
 20
0.0
 30
0.0
 70
128
 71
29
 72
27
 73
28
  0
VERTEX
  5
2A4B
330
17
100
AcDbEntity
  8
ELEM_04_SUPERIOR
100
AcDbFaceRecord
 10
0.0
 20
0.0
 30
0.0
 70
128
 71
30
 72
29
 73
28
  0
VERTEX
  5
2A4F
330
17
100
AcDbEntity
  8
ELEM_04_SUPERIOR
100
AcDbFaceRecord
 10
0.0
 20
0.0
 30
0.0
 70
128
 71
31
 72
29
 73
30
  0
VERTEX
  5
2A53
330
17
100
AcDbEntity
  8
ELEM_04_SUPERIOR
100
AcDbFaceRecord
 10
0.0
 20
0.0
 30
0.0
 70
128
 71
32
 72
31
 73
30
  0
VERTEX
  5
2A57
330
17
100
AcDbEntity
  8
ELEM_04_SUPERIOR
100
AcDbFaceRecord
 10
0.0
 20
0.0
 30
0.0
 70
128
 71
32
 72
33
 73
31
  0
VERTEX
  5
2A5B
330
17
100
AcDbEntity
  8
ELEM_04_SUPERIOR
100
AcDbFaceRecord
 10
0.0
 20
0.0
 30
0.0
 70
128
 71
34
 72
33
 73
32
  0
VERTEX
  5
2A5F
330
17
100
AcDbEntity
  8
ELEM_04_SUPERIOR
100
AcDbFaceRecord
 10
0.0
 20
0.0
 30
0.0
 70
128
 71
34
 72
35
 73
33
  0
VERTEX
  5
2A63
330
17
100
AcDbEntity
  8
ELEM_04_SUPERIOR
100
AcDbFaceRecord
 10
0.0
 20
0.0
 30
0.0
 70
128
 71
36
 72
35
 73
34
  0
VERTEX
  5
2A67
330
17
100
AcDbEntity
  8
ELEM_04_SUPERIOR
100
AcDbFaceRecord
 10
0.0
 20
0.0
 30
0.0
 70
128
 71
36
 72
37
 73
35
  0
VERTEX
  5
2A6B
330
17
100
AcDbEntity
  8
ELEM_04_SUPERIOR
100
AcDbFaceRecord
 10
0.0
 20
0.0
 30
0.0
 70
128
 71
38
 72
37
 73
36
  0
VERTEX
  5
2A6F
330
17
100
AcDbEntity
  8
ELEM_04_SUPERIOR
100
AcDbFaceRecord
 10
0.0
 20
0.0
 30
0.0
 70
128
 71
38
 72
39
 73
37
  0
VERTEX
  5
2A73
330
17
100
AcDbEntity
  8
ELEM_04_SUPERIOR
100
AcDbFaceRecord
 10
0.0
 20
0.0
 30
0.0
 70
128
 71
40
 72
39
 73
38
  0
VERTEX
  5
2A77
330
17
100
AcDbEntity
  8
ELEM_04_SUPERIOR
100
AcDbFaceRecord
 10
0.0
 20
0.0
 30
0.0
 70
128
 71
40
 72
41
 73
39
  0
VERTEX
  5
2A7B
330
17
100
AcDbEntity
  8
ELEM_04_SUPERIOR
100
AcDbFaceRecord
 10
0.0
 20
0.0
 30
0.0
 70
128
 71
42
 72
41
 73
40
  0
VERTEX
  5
2A7F
330
17
100
AcDbEntity
  8
ELEM_04_SUPERIOR
100
AcDbFaceRecord
 10
0.0
 20
0.0
 30
0.0
 70
128
 71
42
 72
43
 73
41
  0
VERTEX
  5
2A83
330
17
100
AcDbEntity
  8
ELEM_04_SUPERIOR
100
AcDbFaceRecord
 10
0.0
 20
0.0
 30
0.0
 70
128
 71
44
 72
43
 73
42
  0
VERTEX
  5
2A87
330
17
100
AcDbEntity
  8
ELEM_04_SUPERIOR
100
AcDbFaceRecord
 10
0.0
 20
0.0
 30
0.0
 70
128
 71
44
 72
45
 73
43
  0
VERTEX
  5
2A8B
330
17
100
AcDbEntity
  8
ELEM_04_SUPERIOR
100
AcDbFaceRecord
 10
0.0
 20
0.0
 30
0.0
 70
128
 71
46
 72
45
 73
44
  0
VERTEX
  5
2A8F
330
17
100
AcDbEntity
  8
ELEM_04_SUPERIOR
100
AcDbFaceRecord
 10
0.0
 20
0.0
 30
0.0
 70
128
 71
46
 72
47
 73
45
  0
VERTEX
  5
2A93
330
17
100
AcDbEntity
  8
ELEM_04_SUPERIOR
100
AcDbFaceRecord
 10
0.0
 20
0.0
 30
0.0
 70
128
 71
48
 72
47
 73
46
  0
VERTEX
  5
2A97
330
17
100
AcDbEntity
  8
ELEM_04_SUPERIOR
100
AcDbFaceRecord
 10
0.0
 20
0.0
 30
0.0
 70
128
 71
48
 72
49
 73
47
  0
VERTEX
  5
2A9B
330
17
100
AcDbEntity
  8
ELEM_04_SUPERIOR
100
AcDbFaceRecord
 10
0.0
 20
0.0
 30
0.0
 70
128
 71
50
 72
49
 73
48
  0
VERTEX
  5
2A9F
330
17
100
AcDbEntity
  8
ELEM_04_SUPERIOR
100
AcDbFaceRecord
 10
0.0
 20
0.0
 30
0.0
 70
128
 71
50
 72
51
 73
49
  0
VERTEX
  5
2AA3
330
17
100
AcDbEntity
  8
ELEM_04_SUPERIOR
100
AcDbFaceRecord
 10
0.0
 20
0.0
 30
0.0
 70
128
 71
52
 72
51
 73
50
  0
VERTEX
  5
2AA7
330
17
100
AcDbEntity
  8
ELEM_04_SUPERIOR
100
AcDbFaceRecord
 10
0.0
 20
0.0
 30
0.0
 70
128
 71
52
 72
53
 73
51
  0
VERTEX
  5
2AAB
330
17
100
AcDbEntity
  8
ELEM_04_SUPERIOR
100
AcDbFaceRecord
 10
0.0
 20
0.0
 30
0.0
 70
128
 71
54
 72
53
 73
52
  0
VERTEX
  5
2AAF
330
17
100
AcDbEntity
  8
ELEM_04_SUPERIOR
100
AcDbFaceRecord
 10
0.0
 20
0.0
 30
0.0
 70
128
 71
54
 72
55
 73
53
  0
VERTEX
  5
2AB3
330
17
100
AcDbEntity
  8
ELEM_04_SUPERIOR
100
AcDbFaceRecord
 10
0.0
 20
0.0
 30
0.0
 70
128
 71
56
 72
55
 73
54
  0
VERTEX
  5
2AB7
330
17
100
AcDbEntity
  8
ELEM_04_SUPERIOR
100
AcDbFaceRecord
 10
0.0
 20
0.0
 30
0.0
 70
128
 71
56
 72
57
 73
55
  0
VERTEX
  5
2ABB
330
17
100
AcDbEntity
  8
ELEM_04_SUPERIOR
100
AcDbFaceRecord
 10
0.0
 20
0.0
 30
0.0
 70
128
 71
58
 72
57
 73
56
  0
VERTEX
  5
2ABF
330
17
100
AcDbEntity
  8
ELEM_04_SUPERIOR
100
AcDbFaceRecord
 10
0.0
 20
0.0
 30
0.0
 70
128
 71
58
 72
59
 73
57
  0
VERTEX
  5
2AC3
330
17
100
AcDbEntity
  8
ELEM_04_SUPERIOR
100
AcDbFaceRecord
 10
0.0
 20
0.0
 30
0.0
 70
128
 71
60
 72
59
 73
58
  0
VERTEX
  5
2AC7
330
17
100
AcDbEntity
  8
ELEM_04_SUPERIOR
100
AcDbFaceRecord
 10
0.0
 20
0.0
 30
0.0
 70
128
 71
60
 72
61
 73
59
  0
VERTEX
  5
2ACB
330
17
100
AcDbEntity
  8
ELEM_04_SUPERIOR
100
AcDbFaceRecord
 10
0.0
 20
0.0
 30
0.0
 70
128
 71
62
 72
61
 73
60
  0
VERTEX
  5
2ACF
330
17
100
AcDbEntity
  8
ELEM_04_SUPERIOR
100
AcDbFaceRecord
 10
0.0
 20
0.0
 30
0.0
 70
128
 71
62
 72
63
 73
61
  0
VERTEX
  5
2AD3
330
17
100
AcDbEntity
  8
ELEM_04_SUPERIOR
100
AcDbFaceRecord
 10
0.0
 20
0.0
 30
0.0
 70
128
 71
64
 72
63
 73
62
  0
VERTEX
  5
2AD7
330
17
100
AcDbEntity
  8
ELEM_04_SUPERIOR
100
AcDbFaceRecord
 10
0.0
 20
0.0
 30
0.0
 70
128
 71
64
 72
65
 73
63
  0
VERTEX
  5
2ADB
330
17
100
AcDbEntity
  8
ELEM_04_SUPERIOR
100
AcDbFaceRecord
 10
0.0
 20
0.0
 30
0.0
 70
128
 71
66
 72
65
 73
64
  0
VERTEX
  5
2ADF
330
17
100
AcDbEntity
  8
ELEM_04_SUPERIOR
100
AcDbFaceRecord
 10
0.0
 20
0.0
 30
0.0
 70
128
 71
66
 72
67
 73
65
  0
VERTEX
  5
2AE3
330
17
100
AcDbEntity
  8
ELEM_04_SUPERIOR
100
AcDbFaceRecord
 10
0.0
 20
0.0
 30
0.0
 70
128
 71
68
 72
67
 73
66
  0
VERTEX
  5
2AE7
330
17
100
AcDbEntity
  8
ELEM_04_SUPERIOR
100
AcDbFaceRecord
 10
0.0
 20
0.0
 30
0.0
 70
128
 71
68
 72
69
 73
67
  0
VERTEX
  5
2AEB
330
17
100
AcDbEntity
  8
ELEM_04_SUPERIOR
100
AcDbFaceRecord
 10
0.0
 20
0.0
 30
0.0
 70
128
 71
70
 72
69
 73
68
  0
VERTEX
  5
2AEF
330
17
100
AcDbEntity
  8
ELEM_04_SUPERIOR
100
AcDbFaceRecord
 10
0.0
 20
0.0
 30
0.0
 70
128
 71
70
 72
71
 73
69
  0
VERTEX
  5
2AF3
330
17
100
AcDbEntity
  8
ELEM_04_SUPERIOR
100
AcDbFaceRecord
 10
0.0
 20
0.0
 30
0.0
 70
128
 71
72
 72
71
 73
70
  0
VERTEX
  5
2AF7
330
17
100
AcDbEntity
  8
ELEM_04_SUPERIOR
100
AcDbFaceRecord
 10
0.0
 20
0.0
 30
0.0
 70
128
 71
72
 72
73
 73
71
  0
VERTEX
  5
2AFB
330
17
100
AcDbEntity
  8
ELEM_04_SUPERIOR
100
AcDbFaceRecord
 10
0.0
 20
0.0
 30
0.0
 70
128
 71
74
 72
73
 73
72
  0
VERTEX
  5
2AFF
330
17
100
AcDbEntity
  8
ELEM_04_SUPERIOR
100
AcDbFaceRecord
 10
0.0
 20
0.0
 30
0.0
 70
128
 71
74
 72
75
 73
73
  0
VERTEX
  5
2B03
330
17
100
AcDbEntity
  8
ELEM_04_SUPERIOR
100
AcDbFaceRecord
 10
0.0
 20
0.0
 30
0.0
 70
128
 71
76
 72
75
 73
74
  0
VERTEX
  5
2B07
330
17
100
AcDbEntity
  8
ELEM_04_SUPERIOR
100
AcDbFaceRecord
 10
0.0
 20
0.0
 30
0.0
 70
128
 71
76
 72
77
 73
75
  0
VERTEX
  5
2B0B
330
17
100
AcDbEntity
  8
ELEM_04_SUPERIOR
100
AcDbFaceRecord
 10
0.0
 20
0.0
 30
0.0
 70
128
 71
78
 72
77
 73
76
  0
VERTEX
  5
2B0F
330
17
100
AcDbEntity
  8
ELEM_04_SUPERIOR
100
AcDbFaceRecord
 10
0.0
 20
0.0
 30
0.0
 70
128
 71
79
 72
80
 73
77
  0
VERTEX
  5
2B13
330
17
100
AcDbEntity
  8
ELEM_04_SUPERIOR
100
AcDbFaceRecord
 10
0.0
 20
0.0
 30
0.0
 70
128
 71
79
 72
77
 73
78
  0
VERTEX
  5
2B17
330
17
100
AcDbEntity
  8
ELEM_04_SUPERIOR
100
AcDbFaceRecord
 10
0.0
 20
0.0
 30
0.0
 70
128
 71
81
 72
82
 73
80
  0
VERTEX
  5
2B1B
330
17
100
AcDbEntity
  8
ELEM_04_SUPERIOR
100
AcDbFaceRecord
 10
0.0
 20
0.0
 30
0.0
 70
128
 71
81
 72
80
 73
79
  0
VERTEX
  5
2B1F
330
17
100
AcDbEntity
  8
ELEM_04_SUPERIOR
100
AcDbFaceRecord
 10
0.0
 20
0.0
 30
0.0
 70
128
 71
83
 72
84
 73
82
  0
VERTEX
  5
2B23
330
17
100
AcDbEntity
  8
ELEM_04_SUPERIOR
100
AcDbFaceRecord
 10
0.0
 20
0.0
 30
0.0
 70
128
 71
83
 72
82
 73
81
  0
VERTEX
  5
2B27
330
17
100
AcDbEntity
  8
ELEM_04_SUPERIOR
100
AcDbFaceRecord
 10
0.0
 20
0.0
 30
0.0
 70
128
 71
85
 72
86
 73
84
  0
VERTEX
  5
2B2B
330
17
100
AcDbEntity
  8
ELEM_04_SUPERIOR
100
AcDbFaceRecord
 10
0.0
 20
0.0
 30
0.0
 70
128
 71
85
 72
84
 73
83
  0
VERTEX
  5
2B2F
330
17
100
AcDbEntity
  8
ELEM_04_SUPERIOR
100
AcDbFaceRecord
 10
0.0
 20
0.0
 30
0.0
 70
128
 71
87
 72
88
 73
86
  0
VERTEX
  5
2B33
330
17
100
AcDbEntity
  8
ELEM_04_SUPERIOR
100
AcDbFaceRecord
 10
0.0
 20
0.0
 30
0.0
 70
128
 71
87
 72
86
 73
85
  0
VERTEX
  5
2B37
330
17
100
AcDbEntity
  8
ELEM_04_SUPERIOR
100
AcDbFaceRecord
 10
0.0
 20
0.0
 30
0.0
 70
128
 71
89
 72
90
 73
88
  0
VERTEX
  5
2B3B
330
17
100
AcDbEntity
  8
ELEM_04_SUPERIOR
100
AcDbFaceRecord
 10
0.0
 20
0.0
 30
0.0
 70
128
 71
89
 72
88
 73
87
  0
VERTEX
  5
2B3F
330
17
100
AcDbEntity
  8
ELEM_04_SUPERIOR
100
AcDbFaceRecord
 10
0.0
 20
0.0
 30
0.0
 70
128
 71
91
 72
92
 73
90
  0
VERTEX
  5
2B43
330
17
100
AcDbEntity
  8
ELEM_04_SUPERIOR
100
AcDbFaceRecord
 10
0.0
 20
0.0
 30
0.0
 70
128
 71
91
 72
90
 73
89
  0
VERTEX
  5
2B47
330
17
100
AcDbEntity
  8
ELEM_04_SUPERIOR
100
AcDbFaceRecord
 10
0.0
 20
0.0
 30
0.0
 70
128
 71
93
 72
94
 73
92
  0
VERTEX
  5
2B4B
330
17
100
AcDbEntity
  8
ELEM_04_SUPERIOR
100
AcDbFaceRecord
 10
0.0
 20
0.0
 30
0.0
 70
128
 71
93
 72
92
 73
91
  0
VERTEX
  5
2B4F
330
17
100
AcDbEntity
  8
ELEM_04_SUPERIOR
100
AcDbFaceRecord
 10
0.0
 20
0.0
 30
0.0
 70
128
 71
95
 72
96
 73
94
  0
VERTEX
  5
2B53
330
17
100
AcDbEntity
  8
ELEM_04_SUPERIOR
100
AcDbFaceRecord
 10
0.0
 20
0.0
 30
0.0
 70
128
 71
95
 72
94
 73
93
  0
VERTEX
  5
2B57
330
17
100
AcDbEntity
  8
ELEM_04_SUPERIOR
100
AcDbFaceRecord
 10
0.0
 20
0.0
 30
0.0
 70
128
 71
97
 72
98
 73
96
  0
VERTEX
  5
2B5B
330
17
100
AcDbEntity
  8
ELEM_04_SUPERIOR
100
AcDbFaceRecord
 10
0.0
 20
0.0
 30
0.0
 70
128
 71
97
 72
96
 73
95
  0
VERTEX
  5
2B5F
330
17
100
AcDbEntity
  8
ELEM_04_SUPERIOR
100
AcDbFaceRecord
 10
0.0
 20
0.0
 30
0.0
 70
128
 71
99
 72
100
 73
98
  0
VERTEX
  5
2B63
330
17
100
AcDbEntity
  8
ELEM_04_SUPERIOR
100
AcDbFaceRecord
 10
0.0
 20
0.0
 30
0.0
 70
128
 71
99
 72
98
 73
97
  0
VERTEX
  5
2B67
330
17
100
AcDbEntity
  8
ELEM_04_SUPERIOR
100
AcDbFaceRecord
 10
0.0
 20
0.0
 30
0.0
 70
128
 71
101
 72
102
 73
100
  0
VERTEX
  5
2B6B
330
17
100
AcDbEntity
  8
ELEM_04_SUPERIOR
100
AcDbFaceRecord
 10
0.0
 20
0.0
 30
0.0
 70
128
 71
101
 72
100
 73
99
  0
VERTEX
  5
2B6F
330
17
100
AcDbEntity
  8
ELEM_04_SUPERIOR
100
AcDbFaceRecord
 10
0.0
 20
0.0
 30
0.0
 70
128
 71
103
 72
104
 73
102
  0
VERTEX
  5
2B73
330
17
100
AcDbEntity
  8
ELEM_04_SUPERIOR
100
AcDbFaceRecord
 10
0.0
 20
0.0
 30
0.0
 70
128
 71
103
 72
102
 73
101
  0
VERTEX
  5
2B77
330
17
100
AcDbEntity
  8
ELEM_04_SUPERIOR
100
AcDbFaceRecord
 10
0.0
 20
0.0
 30
0.0
 70
128
 71
105
 72
106
 73
104
  0
VERTEX
  5
2B7B
330
17
100
AcDbEntity
  8
ELEM_04_SUPERIOR
100
AcDbFaceRecord
 10
0.0
 20
0.0
 30
0.0
 70
128
 71
105
 72
104
 73
103
  0
VERTEX
  5
2B7F
330
17
100
AcDbEntity
  8
ELEM_04_SUPERIOR
100
AcDbFaceRecord
 10
0.0
 20
0.0
 30
0.0
 70
128
 71
107
 72
108
 73
106
  0
VERTEX
  5
2B83
330
17
100
AcDbEntity
  8
ELEM_04_SUPERIOR
100
AcDbFaceRecord
 10
0.0
 20
0.0
 30
0.0
 70
128
 71
107
 72
106
 73
105
  0
VERTEX
  5
2B87
330
17
100
AcDbEntity
  8
ELEM_04_SUPERIOR
100
AcDbFaceRecord
 10
0.0
 20
0.0
 30
0.0
 70
128
 71
109
 72
110
 73
108
  0
VERTEX
  5
2B8B
330
17
100
AcDbEntity
  8
ELEM_04_SUPERIOR
100
AcDbFaceRecord
 10
0.0
 20
0.0
 30
0.0
 70
128
 71
109
 72
108
 73
107
  0
VERTEX
  5
2B8F
330
17
100
AcDbEntity
  8
ELEM_04_SUPERIOR
100
AcDbFaceRecord
 10
0.0
 20
0.0
 30
0.0
 70
128
 71
111
 72
112
 73
110
  0
VERTEX
  5
2B93
330
17
100
AcDbEntity
  8
ELEM_04_SUPERIOR
100
AcDbFaceRecord
 10
0.0
 20
0.0
 30
0.0
 70
128
 71
111
 72
110
 73
109
  0
VERTEX
  5
2B97
330
17
100
AcDbEntity
  8
ELEM_04_SUPERIOR
100
AcDbFaceRecord
 10
0.0
 20
0.0
 30
0.0
 70
128
 71
113
 72
114
 73
112
  0
VERTEX
  5
2B9B
330
17
100
AcDbEntity
  8
ELEM_04_SUPERIOR
100
AcDbFaceRecord
 10
0.0
 20
0.0
 30
0.0
 70
128
 71
113
 72
112
 73
111
  0
VERTEX
  5
2B9F
330
17
100
AcDbEntity
  8
ELEM_04_SUPERIOR
100
AcDbFaceRecord
 10
0.0
 20
0.0
 30
0.0
 70
128
 71
115
 72
116
 73
114
  0
VERTEX
  5
2BA3
330
17
100
AcDbEntity
  8
ELEM_04_SUPERIOR
100
AcDbFaceRecord
 10
0.0
 20
0.0
 30
0.0
 70
128
 71
115
 72
114
 73
113
  0
VERTEX
  5
2BA7
330
17
100
AcDbEntity
  8
ELEM_04_SUPERIOR
100
AcDbFaceRecord
 10
0.0
 20
0.0
 30
0.0
 70
128
 71
117
 72
118
 73
116
  0
VERTEX
  5
2BAB
330
17
100
AcDbEntity
  8
ELEM_04_SUPERIOR
100
AcDbFaceRecord
 10
0.0
 20
0.0
 30
0.0
 70
128
 71
117
 72
116
 73
115
  0
VERTEX
  5
2BAF
330
17
100
AcDbEntity
  8
ELEM_04_SUPERIOR
100
AcDbFaceRecord
 10
0.0
 20
0.0
 30
0.0
 70
128
 71
119
 72
120
 73
118
  0
VERTEX
  5
2BB3
330
17
100
AcDbEntity
  8
ELEM_04_SUPERIOR
100
AcDbFaceRecord
 10
0.0
 20
0.0
 30
0.0
 70
128
 71
119
 72
118
 73
117
  0
VERTEX
  5
2BB7
330
17
100
AcDbEntity
  8
ELEM_04_SUPERIOR
100
AcDbFaceRecord
 10
0.0
 20
0.0
 30
0.0
 70
128
 71
121
 72
122
 73
120
  0
VERTEX
  5
2BBB
330
17
100
AcDbEntity
  8
ELEM_04_SUPERIOR
100
AcDbFaceRecord
 10
0.0
 20
0.0
 30
0.0
 70
128
 71
121
 72
120
 73
119
  0
VERTEX
  5
2BBF
330
17
100
AcDbEntity
  8
ELEM_04_SUPERIOR
100
AcDbFaceRecord
 10
0.0
 20
0.0
 30
0.0
 70
128
 71
123
 72
124
 73
122
  0
VERTEX
  5
2BC3
330
17
100
AcDbEntity
  8
ELEM_04_SUPERIOR
100
AcDbFaceRecord
 10
0.0
 20
0.0
 30
0.0
 70
128
 71
123
 72
122
 73
121
  0
VERTEX
  5
2BC7
330
17
100
AcDbEntity
  8
ELEM_04_SUPERIOR
100
AcDbFaceRecord
 10
0.0
 20
0.0
 30
0.0
 70
128
 71
125
 72
126
 73
124
  0
VERTEX
  5
2BCB
330
17
100
AcDbEntity
  8
ELEM_04_SUPERIOR
100
AcDbFaceRecord
 10
0.0
 20
0.0
 30
0.0
 70
128
 71
125
 72
124
 73
123
  0
VERTEX
  5
2BCF
330
17
100
AcDbEntity
  8
ELEM_04_SUPERIOR
100
AcDbFaceRecord
 10
0.0
 20
0.0
 30
0.0
 70
128
 71
127
 72
128
 73
126
  0
VERTEX
  5
2BD3
330
17
100
AcDbEntity
  8
ELEM_04_SUPERIOR
100
AcDbFaceRecord
 10
0.0
 20
0.0
 30
0.0
 70
128
 71
127
 72
126
 73
125
  0
VERTEX
  5
2BD7
330
17
100
AcDbEntity
  8
ELEM_04_SUPERIOR
100
AcDbFaceRecord
 10
0.0
 20
0.0
 30
0.0
 70
128
 71
129
 72
130
 73
128
  0
VERTEX
  5
2BDB
330
17
100
AcDbEntity
  8
ELEM_04_SUPERIOR
100
AcDbFaceRecord
 10
0.0
 20
0.0
 30
0.0
 70
128
 71
129
 72
128
 73
127
  0
VERTEX
  5
2BDF
330
17
100
AcDbEntity
  8
ELEM_04_SUPERIOR
100
AcDbFaceRecord
 10
0.0
 20
0.0
 30
0.0
 70
128
 71
131
 72
132
 73
130
  0
VERTEX
  5
2BE3
330
17
100
AcDbEntity
  8
ELEM_04_SUPERIOR
100
AcDbFaceRecord
 10
0.0
 20
0.0
 30
0.0
 70
128
 71
131
 72
130
 73
129
  0
VERTEX
  5
2BE7
330
17
100
AcDbEntity
  8
ELEM_04_SUPERIOR
100
AcDbFaceRecord
 10
0.0
 20
0.0
 30
0.0
 70
128
 71
133
 72
134
 73
132
  0
VERTEX
  5
2BEB
330
17
100
AcDbEntity
  8
ELEM_04_SUPERIOR
100
AcDbFaceRecord
 10
0.0
 20
0.0
 30
0.0
 70
128
 71
133
 72
132
 73
131
  0
VERTEX
  5
2BEF
330
17
100
AcDbEntity
  8
ELEM_04_SUPERIOR
100
AcDbFaceRecord
 10
0.0
 20
0.0
 30
0.0
 70
128
 71
135
 72
136
 73
134
  0
VERTEX
  5
2BF3
330
17
100
AcDbEntity
  8
ELEM_04_SUPERIOR
100
AcDbFaceRecord
 10
0.0
 20
0.0
 30
0.0
 70
128
 71
135
 72
134
 73
133
  0
VERTEX
  5
2BF7
330
17
100
AcDbEntity
  8
ELEM_04_SUPERIOR
100
AcDbFaceRecord
 10
0.0
 20
0.0
 30
0.0
 70
128
 71
137
 72
138
 73
136
  0
VERTEX
  5
2BFB
330
17
100
AcDbEntity
  8
ELEM_04_SUPERIOR
100
AcDbFaceRecord
 10
0.0
 20
0.0
 30
0.0
 70
128
 71
137
 72
136
 73
135
  0
VERTEX
  5
2BFF
330
17
100
AcDbEntity
  8
ELEM_04_SUPERIOR
100
AcDbFaceRecord
 10
0.0
 20
0.0
 30
0.0
 70
128
 71
139
 72
140
 73
138
  0
VERTEX
  5
2C03
330
17
100
AcDbEntity
  8
ELEM_04_SUPERIOR
100
AcDbFaceRecord
 10
0.0
 20
0.0
 30
0.0
 70
128
 71
139
 72
138
 73
137
  0
VERTEX
  5
2C07
330
17
100
AcDbEntity
  8
ELEM_04_SUPERIOR
100
AcDbFaceRecord
 10
0.0
 20
0.0
 30
0.0
 70
128
 71
141
 72
142
 73
140
  0
VERTEX
  5
2C0B
330
17
100
AcDbEntity
  8
ELEM_04_SUPERIOR
100
AcDbFaceRecord
 10
0.0
 20
0.0
 30
0.0
 70
128
 71
141
 72
140
 73
139
  0
VERTEX
  5
2C0F
330
17
100
AcDbEntity
  8
ELEM_04_SUPERIOR
100
AcDbFaceRecord
 10
0.0
 20
0.0
 30
0.0
 70
128
 71
143
 72
144
 73
142
  0
VERTEX
  5
2C13
330
17
100
AcDbEntity
  8
ELEM_04_SUPERIOR
100
AcDbFaceRecord
 10
0.0
 20
0.0
 30
0.0
 70
128
 71
143
 72
142
 73
141
  0
VERTEX
  5
2C17
330
17
100
AcDbEntity
  8
ELEM_04_SUPERIOR
100
AcDbFaceRecord
 10
0.0
 20
0.0
 30
0.0
 70
128
 71
145
 72
146
 73
144
  0
VERTEX
  5
2C1B
330
17
100
AcDbEntity
  8
ELEM_04_SUPERIOR
100
AcDbFaceRecord
 10
0.0
 20
0.0
 30
0.0
 70
128
 71
145
 72
144
 73
143
  0
VERTEX
  5
2C1F
330
17
100
AcDbEntity
  8
ELEM_04_SUPERIOR
100
AcDbFaceRecord
 10
0.0
 20
0.0
 30
0.0
 70
128
 71
147
 72
148
 73
146
  0
VERTEX
  5
2C23
330
17
100
AcDbEntity
  8
ELEM_04_SUPERIOR
100
AcDbFaceRecord
 10
0.0
 20
0.0
 30
0.0
 70
128
 71
147
 72
146
 73
145
  0
VERTEX
  5
2C27
330
17
100
AcDbEntity
  8
ELEM_04_SUPERIOR
100
AcDbFaceRecord
 10
0.0
 20
0.0
 30
0.0
 70
128
 71
149
 72
150
 73
148
  0
VERTEX
  5
2C2B
330
17
100
AcDbEntity
  8
ELEM_04_SUPERIOR
100
AcDbFaceRecord
 10
0.0
 20
0.0
 30
0.0
 70
128
 71
149
 72
148
 73
147
  0
VERTEX
  5
2C2F
330
17
100
AcDbEntity
  8
ELEM_04_SUPERIOR
100
AcDbFaceRecord
 10
0.0
 20
0.0
 30
0.0
 70
128
 71
151
 72
152
 73
150
  0
VERTEX
  5
2C33
330
17
100
AcDbEntity
  8
ELEM_04_SUPERIOR
100
AcDbFaceRecord
 10
0.0
 20
0.0
 30
0.0
 70
128
 71
151
 72
150
 73
149
  0
VERTEX
  5
2C37
330
17
100
AcDbEntity
  8
ELEM_04_SUPERIOR
100
AcDbFaceRecord
 10
0.0
 20
0.0
 30
0.0
 70
128
 71
153
 72
154
 73
152
  0
VERTEX
  5
2C3B
330
17
100
AcDbEntity
  8
ELEM_04_SUPERIOR
100
AcDbFaceRecord
 10
0.0
 20
0.0
 30
0.0
 70
128
 71
153
 72
152
 73
151
  0
VERTEX
  5
2C3F
330
17
100
AcDbEntity
  8
ELEM_04_SUPERIOR
100
AcDbFaceRecord
 10
0.0
 20
0.0
 30
0.0
 70
128
 71
155
 72
156
 73
154
  0
VERTEX
  5
2C43
330
17
100
AcDbEntity
  8
ELEM_04_SUPERIOR
100
AcDbFaceRecord
 10
0.0
 20
0.0
 30
0.0
 70
128
 71
155
 72
154
 73
153
  0
VERTEX
  5
2C47
330
17
100
AcDbEntity
  8
ELEM_04_SUPERIOR
100
AcDbFaceRecord
 10
0.0
 20
0.0
 30
0.0
 70
128
 71
157
 72
158
 73
156
  0
VERTEX
  5
2C4B
330
17
100
AcDbEntity
  8
ELEM_04_SUPERIOR
100
AcDbFaceRecord
 10
0.0
 20
0.0
 30
0.0
 70
128
 71
157
 72
156
 73
155
  0
VERTEX
  5
2C4F
330
17
100
AcDbEntity
  8
ELEM_04_SUPERIOR
100
AcDbFaceRecord
 10
0.0
 20
0.0
 30
0.0
 70
128
 71
159
 72
160
 73
158
  0
VERTEX
  5
2C53
330
17
100
AcDbEntity
  8
ELEM_04_SUPERIOR
100
AcDbFaceRecord
 10
0.0
 20
0.0
 30
0.0
 70
128
 71
159
 72
158
 73
157
  0
VERTEX
  5
2C57
330
17
100
AcDbEntity
  8
ELEM_04_SUPERIOR
100
AcDbFaceRecord
 10
0.0
 20
0.0
 30
0.0
 70
128
 71
161
 72
162
 73
160
  0
VERTEX
  5
2C5B
330
17
100
AcDbEntity
  8
ELEM_04_SUPERIOR
100
AcDbFaceRecord
 10
0.0
 20
0.0
 30
0.0
 70
128
 71
161
 72
160
 73
159
  0
VERTEX
  5
2C5F
330
17
100
AcDbEntity
  8
ELEM_04_SUPERIOR
100
AcDbFaceRecord
 10
0.0
 20
0.0
 30
0.0
 70
128
 71
163
 72
164
 73
162
  0
VERTEX
  5
2C63
330
17
100
AcDbEntity
  8
ELEM_04_SUPERIOR
100
AcDbFaceRecord
 10
0.0
 20
0.0
 30
0.0
 70
128
 71
163
 72
162
 73
161
  0
VERTEX
  5
2C67
330
17
100
AcDbEntity
  8
ELEM_04_SUPERIOR
100
AcDbFaceRecord
 10
0.0
 20
0.0
 30
0.0
 70
128
 71
165
 72
166
 73
164
  0
VERTEX
  5
2C6B
330
17
100
AcDbEntity
  8
ELEM_04_SUPERIOR
100
AcDbFaceRecord
 10
0.0
 20
0.0
 30
0.0
 70
128
 71
165
 72
164
 73
163
  0
VERTEX
  5
2C6F
330
17
100
AcDbEntity
  8
ELEM_04_SUPERIOR
100
AcDbFaceRecord
 10
0.0
 20
0.0
 30
0.0
 70
128
 71
167
 72
168
 73
166
  0
VERTEX
  5
2C73
330
17
100
AcDbEntity
  8
ELEM_04_SUPERIOR
100
AcDbFaceRecord
 10
0.0
 20
0.0
 30
0.0
 70
128
 71
167
 72
166
 73
165
  0
VERTEX
  5
2C77
330
17
100
AcDbEntity
  8
ELEM_04_SUPERIOR
100
AcDbFaceRecord
 10
0.0
 20
0.0
 30
0.0
 70
128
 71
169
 72
170
 73
168
  0
VERTEX
  5
2C7B
330
17
100
AcDbEntity
  8
ELEM_04_SUPERIOR
100
AcDbFaceRecord
 10
0.0
 20
0.0
 30
0.0
 70
128
 71
169
 72
168
 73
167
  0
VERTEX
  5
2C7F
330
17
100
AcDbEntity
  8
ELEM_04_SUPERIOR
100
AcDbFaceRecord
 10
0.0
 20
0.0
 30
0.0
 70
128
 71
171
 72
172
 73
170
  0
VERTEX
  5
2C83
330
17
100
AcDbEntity
  8
ELEM_04_SUPERIOR
100
AcDbFaceRecord
 10
0.0
 20
0.0
 30
0.0
 70
128
 71
171
 72
170
 73
169
  0
VERTEX
  5
2C87
330
17
100
AcDbEntity
  8
ELEM_04_SUPERIOR
100
AcDbFaceRecord
 10
0.0
 20
0.0
 30
0.0
 70
128
 71
173
 72
174
 73
172
  0
VERTEX
  5
2C8B
330
17
100
AcDbEntity
  8
ELEM_04_SUPERIOR
100
AcDbFaceRecord
 10
0.0
 20
0.0
 30
0.0
 70
128
 71
173
 72
172
 73
171
  0
VERTEX
  5
2C8F
330
17
100
AcDbEntity
  8
ELEM_04_SUPERIOR
100
AcDbFaceRecord
 10
0.0
 20
0.0
 30
0.0
 70
128
 71
175
 72
176
 73
174
  0
VERTEX
  5
2C93
330
17
100
AcDbEntity
  8
ELEM_04_SUPERIOR
100
AcDbFaceRecord
 10
0.0
 20
0.0
 30
0.0
 70
128
 71
175
 72
174
 73
173
  0
VERTEX
  5
2C97
330
17
100
AcDbEntity
  8
ELEM_04_SUPERIOR
100
AcDbFaceRecord
 10
0.0
 20
0.0
 30
0.0
 70
128
 71
177
 72
178
 73
176
  0
VERTEX
  5
2C9B
330
17
100
AcDbEntity
  8
ELEM_04_SUPERIOR
100
AcDbFaceRecord
 10
0.0
 20
0.0
 30
0.0
 70
128
 71
177
 72
176
 73
175
  0
VERTEX
  5
2C9F
330
17
100
AcDbEntity
  8
ELEM_04_SUPERIOR
100
AcDbFaceRecord
 10
0.0
 20
0.0
 30
0.0
 70
128
 71
179
 72
180
 73
178
  0
VERTEX
  5
2CA3
330
17
100
AcDbEntity
  8
ELEM_04_SUPERIOR
100
AcDbFaceRecord
 10
0.0
 20
0.0
 30
0.0
 70
128
 71
179
 72
178
 73
177
  0
VERTEX
  5
2CA7
330
17
100
AcDbEntity
  8
ELEM_04_SUPERIOR
100
AcDbFaceRecord
 10
0.0
 20
0.0
 30
0.0
 70
128
 71
181
 72
182
 73
180
  0
VERTEX
  5
2CAB
330
17
100
AcDbEntity
  8
ELEM_04_SUPERIOR
100
AcDbFaceRecord
 10
0.0
 20
0.0
 30
0.0
 70
128
 71
181
 72
180
 73
179
  0
VERTEX
  5
2CAF
330
17
100
AcDbEntity
  8
ELEM_04_SUPERIOR
100
AcDbFaceRecord
 10
0.0
 20
0.0
 30
0.0
 70
128
 71
183
 72
184
 73
182
  0
VERTEX
  5
2CB3
330
17
100
AcDbEntity
  8
ELEM_04_SUPERIOR
100
AcDbFaceRecord
 10
0.0
 20
0.0
 30
0.0
 70
128
 71
183
 72
182
 73
181
  0
VERTEX
  5
2CB7
330
17
100
AcDbEntity
  8
ELEM_04_SUPERIOR
100
AcDbFaceRecord
 10
0.0
 20
0.0
 30
0.0
 70
128
 71
185
 72
186
 73
184
  0
VERTEX
  5
2CBB
330
17
100
AcDbEntity
  8
ELEM_04_SUPERIOR
100
AcDbFaceRecord
 10
0.0
 20
0.0
 30
0.0
 70
128
 71
185
 72
184
 73
183
  0
VERTEX
  5
2CBF
330
17
100
AcDbEntity
  8
ELEM_04_SUPERIOR
100
AcDbFaceRecord
 10
0.0
 20
0.0
 30
0.0
 70
128
 71
187
 72
188
 73
186
  0
VERTEX
  5
2CC3
330
17
100
AcDbEntity
  8
ELEM_04_SUPERIOR
100
AcDbFaceRecord
 10
0.0
 20
0.0
 30
0.0
 70
128
 71
187
 72
186
 73
185
  0
VERTEX
  5
2CC7
330
17
100
AcDbEntity
  8
ELEM_04_SUPERIOR
100
AcDbFaceRecord
 10
0.0
 20
0.0
 30
0.0
 70
128
 71
189
 72
190
 73
188
  0
VERTEX
  5
2CCB
330
17
100
AcDbEntity
  8
ELEM_04_SUPERIOR
100
AcDbFaceRecord
 10
0.0
 20
0.0
 30
0.0
 70
128
 71
189
 72
188
 73
187
  0
VERTEX
  5
2CCF
330
17
100
AcDbEntity
  8
ELEM_04_SUPERIOR
100
AcDbFaceRecord
 10
0.0
 20
0.0
 30
0.0
 70
128
 71
191
 72
192
 73
190
  0
VERTEX
  5
2CD3
330
17
100
AcDbEntity
  8
ELEM_04_SUPERIOR
100
AcDbFaceRecord
 10
0.0
 20
0.0
 30
0.0
 70
128
 71
191
 72
190
 73
189
  0
VERTEX
  5
2CD7
330
17
100
AcDbEntity
  8
ELEM_04_SUPERIOR
100
AcDbFaceRecord
 10
0.0
 20
0.0
 30
0.0
 70
128
 71
193
 72
194
 73
192
  0
VERTEX
  5
2CDB
330
17
100
AcDbEntity
  8
ELEM_04_SUPERIOR
100
AcDbFaceRecord
 10
0.0
 20
0.0
 30
0.0
 70
128
 71
193
 72
192
 73
191
  0
VERTEX
  5
2CDF
330
17
100
AcDbEntity
  8
ELEM_04_SUPERIOR
100
AcDbFaceRecord
 10
0.0
 20
0.0
 30
0.0
 70
128
 71
195
 72
196
 73
194
  0
VERTEX
  5
2CE3
330
17
100
AcDbEntity
  8
ELEM_04_SUPERIOR
100
AcDbFaceRecord
 10
0.0
 20
0.0
 30
0.0
 70
128
 71
195
 72
194
 73
193
  0
VERTEX
  5
2CE7
330
17
100
AcDbEntity
  8
ELEM_04_SUPERIOR
100
AcDbFaceRecord
 10
0.0
 20
0.0
 30
0.0
 70
128
 71
197
 72
198
 73
196
  0
VERTEX
  5
2CEB
330
17
100
AcDbEntity
  8
ELEM_04_SUPERIOR
100
AcDbFaceRecord
 10
0.0
 20
0.0
 30
0.0
 70
128
 71
197
 72
196
 73
195
  0
VERTEX
  5
2CEF
330
17
100
AcDbEntity
  8
ELEM_04_SUPERIOR
100
AcDbFaceRecord
 10
0.0
 20
0.0
 30
0.0
 70
128
 71
199
 72
200
 73
198
  0
VERTEX
  5
2CF3
330
17
100
AcDbEntity
  8
ELEM_04_SUPERIOR
100
AcDbFaceRecord
 10
0.0
 20
0.0
 30
0.0
 70
128
 71
199
 72
198
 73
197
  0
VERTEX
  5
2CF7
330
17
100
AcDbEntity
  8
ELEM_04_SUPERIOR
100
AcDbFaceRecord
 10
0.0
 20
0.0
 30
0.0
 70
128
 71
201
 72
202
 73
200
  0
VERTEX
  5
2CFB
330
17
100
AcDbEntity
  8
ELEM_04_SUPERIOR
100
AcDbFaceRecord
 10
0.0
 20
0.0
 30
0.0
 70
128
 71
201
 72
200
 73
199
  0
VERTEX
  5
2CFF
330
17
100
AcDbEntity
  8
ELEM_04_SUPERIOR
100
AcDbFaceRecord
 10
0.0
 20
0.0
 30
0.0
 70
128
 71
203
 72
204
 73
202
  0
VERTEX
  5
2D03
330
17
100
AcDbEntity
  8
ELEM_04_SUPERIOR
100
AcDbFaceRecord
 10
0.0
 20
0.0
 30
0.0
 70
128
 71
203
 72
202
 73
201
  0
VERTEX
  5
2D07
330
17
100
AcDbEntity
  8
ELEM_04_SUPERIOR
100
AcDbFaceRecord
 10
0.0
 20
0.0
 30
0.0
 70
128
 71
205
 72
206
 73
204
  0
VERTEX
  5
2D0B
330
17
100
AcDbEntity
  8
ELEM_04_SUPERIOR
100
AcDbFaceRecord
 10
0.0
 20
0.0
 30
0.0
 70
128
 71
205
 72
204
 73
203
  0
VERTEX
  5
2D0F
330
17
100
AcDbEntity
  8
ELEM_04_SUPERIOR
100
AcDbFaceRecord
 10
0.0
 20
0.0
 30
0.0
 70
128
 71
207
 72
208
 73
206
  0
VERTEX
  5
2D13
330
17
100
AcDbEntity
  8
ELEM_04_SUPERIOR
100
AcDbFaceRecord
 10
0.0
 20
0.0
 30
0.0
 70
128
 71
207
 72
206
 73
205
  0
VERTEX
  5
2D17
330
17
100
AcDbEntity
  8
ELEM_04_SUPERIOR
100
AcDbFaceRecord
 10
0.0
 20
0.0
 30
0.0
 70
128
 71
209
 72
210
 73
208
  0
VERTEX
  5
2D1B
330
17
100
AcDbEntity
  8
ELEM_04_SUPERIOR
100
AcDbFaceRecord
 10
0.0
 20
0.0
 30
0.0
 70
128
 71
209
 72
208
 73
207
  0
VERTEX
  5
2D1F
330
17
100
AcDbEntity
  8
ELEM_04_SUPERIOR
100
AcDbFaceRecord
 10
0.0
 20
0.0
 30
0.0
 70
128
 71
211
 72
212
 73
210
  0
VERTEX
  5
2D23
330
17
100
AcDbEntity
  8
ELEM_04_SUPERIOR
100
AcDbFaceRecord
 10
0.0
 20
0.0
 30
0.0
 70
128
 71
211
 72
210
 73
209
  0
VERTEX
  5
2D27
330
17
100
AcDbEntity
  8
ELEM_04_SUPERIOR
100
AcDbFaceRecord
 10
0.0
 20
0.0
 30
0.0
 70
128
 71
213
 72
214
 73
212
  0
VERTEX
  5
2D2B
330
17
100
AcDbEntity
  8
ELEM_04_SUPERIOR
100
AcDbFaceRecord
 10
0.0
 20
0.0
 30
0.0
 70
128
 71
213
 72
212
 73
211
  0
VERTEX
  5
2D2F
330
17
100
AcDbEntity
  8
ELEM_04_SUPERIOR
100
AcDbFaceRecord
 10
0.0
 20
0.0
 30
0.0
 70
128
 71
215
 72
216
 73
214
  0
VERTEX
  5
2D33
330
17
100
AcDbEntity
  8
ELEM_04_SUPERIOR
100
AcDbFaceRecord
 10
0.0
 20
0.0
 30
0.0
 70
128
 71
215
 72
214
 73
213
  0
VERTEX
  5
2D37
330
17
100
AcDbEntity
  8
ELEM_04_SUPERIOR
100
AcDbFaceRecord
 10
0.0
 20
0.0
 30
0.0
 70
128
 71
217
 72
218
 73
216
  0
VERTEX
  5
2D3B
330
17
100
AcDbEntity
  8
ELEM_04_SUPERIOR
100
AcDbFaceRecord
 10
0.0
 20
0.0
 30
0.0
 70
128
 71
217
 72
216
 73
215
  0
VERTEX
  5
2D3F
330
17
100
AcDbEntity
  8
ELEM_04_SUPERIOR
100
AcDbFaceRecord
 10
0.0
 20
0.0
 30
0.0
 70
128
 71
219
 72
220
 73
218
  0
VERTEX
  5
2D43
330
17
100
AcDbEntity
  8
ELEM_04_SUPERIOR
100
AcDbFaceRecord
 10
0.0
 20
0.0
 30
0.0
 70
128
 71
219
 72
218
 73
217
  0
VERTEX
  5
2D47
330
17
100
AcDbEntity
  8
ELEM_04_SUPERIOR
100
AcDbFaceRecord
 10
0.0
 20
0.0
 30
0.0
 70
128
 71
221
 72
222
 73
220
  0
VERTEX
  5
2D4B
330
17
100
AcDbEntity
  8
ELEM_04_SUPERIOR
100
AcDbFaceRecord
 10
0.0
 20
0.0
 30
0.0
 70
128
 71
221
 72
220
 73
219
  0
VERTEX
  5
2D4F
330
17
100
AcDbEntity
  8
ELEM_04_SUPERIOR
100
AcDbFaceRecord
 10
0.0
 20
0.0
 30
0.0
 70
128
 71
223
 72
224
 73
222
  0
VERTEX
  5
2D53
330
17
100
AcDbEntity
  8
ELEM_04_SUPERIOR
100
AcDbFaceRecord
 10
0.0
 20
0.0
 30
0.0
 70
128
 71
223
 72
222
 73
221
  0
VERTEX
  5
2D57
330
17
100
AcDbEntity
  8
ELEM_04_SUPERIOR
100
AcDbFaceRecord
 10
0.0
 20
0.0
 30
0.0
 70
128
 71
225
 72
226
 73
224
  0
VERTEX
  5
2D5B
330
17
100
AcDbEntity
  8
ELEM_04_SUPERIOR
100
AcDbFaceRecord
 10
0.0
 20
0.0
 30
0.0
 70
128
 71
225
 72
224
 73
223
  0
VERTEX
  5
2D5F
330
17
100
AcDbEntity
  8
ELEM_04_SUPERIOR
100
AcDbFaceRecord
 10
0.0
 20
0.0
 30
0.0
 70
128
 71
227
 72
228
 73
226
  0
VERTEX
  5
2D63
330
17
100
AcDbEntity
  8
ELEM_04_SUPERIOR
100
AcDbFaceRecord
 10
0.0
 20
0.0
 30
0.0
 70
128
 71
227
 72
226
 73
225
  0
VERTEX
  5
2D67
330
17
100
AcDbEntity
  8
ELEM_04_SUPERIOR
100
AcDbFaceRecord
 10
0.0
 20
0.0
 30
0.0
 70
128
 71
229
 72
230
 73
228
  0
VERTEX
  5
2D6B
330
17
100
AcDbEntity
  8
ELEM_04_SUPERIOR
100
AcDbFaceRecord
 10
0.0
 20
0.0
 30
0.0
 70
128
 71
229
 72
228
 73
227
  0
VERTEX
  5
2D6F
330
17
100
AcDbEntity
  8
ELEM_04_SUPERIOR
100
AcDbFaceRecord
 10
0.0
 20
0.0
 30
0.0
 70
128
 71
231
 72
232
 73
230
  0
VERTEX
  5
2D73
330
17
100
AcDbEntity
  8
ELEM_04_SUPERIOR
100
AcDbFaceRecord
 10
0.0
 20
0.0
 30
0.0
 70
128
 71
231
 72
230
 73
229
  0
VERTEX
  5
2D77
330
17
100
AcDbEntity
  8
ELEM_04_SUPERIOR
100
AcDbFaceRecord
 10
0.0
 20
0.0
 30
0.0
 70
128
 71
233
 72
234
 73
232
  0
VERTEX
  5
2D7B
330
17
100
AcDbEntity
  8
ELEM_04_SUPERIOR
100
AcDbFaceRecord
 10
0.0
 20
0.0
 30
0.0
 70
128
 71
233
 72
232
 73
231
  0
VERTEX
  5
2D7F
330
17
100
AcDbEntity
  8
ELEM_04_SUPERIOR
100
AcDbFaceRecord
 10
0.0
 20
0.0
 30
0.0
 70
128
 71
235
 72
236
 73
234
  0
VERTEX
  5
2D83
330
17
100
AcDbEntity
  8
ELEM_04_SUPERIOR
100
AcDbFaceRecord
 10
0.0
 20
0.0
 30
0.0
 70
128
 71
235
 72
234
 73
233
  0
VERTEX
  5
2D87
330
17
100
AcDbEntity
  8
ELEM_04_SUPERIOR
100
AcDbFaceRecord
 10
0.0
 20
0.0
 30
0.0
 70
128
 71
237
 72
238
 73
236
  0
VERTEX
  5
2D8B
330
17
100
AcDbEntity
  8
ELEM_04_SUPERIOR
100
AcDbFaceRecord
 10
0.0
 20
0.0
 30
0.0
 70
128
 71
237
 72
236
 73
235
  0
VERTEX
  5
2D8F
330
17
100
AcDbEntity
  8
ELEM_04_SUPERIOR
100
AcDbFaceRecord
 10
0.0
 20
0.0
 30
0.0
 70
128
 71
239
 72
238
 73
237
  0
VERTEX
  5
2D93
330
17
100
AcDbEntity
  8
ELEM_04_SUPERIOR
100
AcDbFaceRecord
 10
0.0
 20
0.0
 30
0.0
 70
128
 71
240
 72
239
 73
237
  0
VERTEX
  5
2D97
330
17
100
AcDbEntity
  8
ELEM_04_SUPERIOR
100
AcDbFaceRecord
 10
0.0
 20
0.0
 30
0.0
 70
128
 71
240
 72
241
 73
239
  0
VERTEX
  5
2D9B
330
17
100
AcDbEntity
  8
ELEM_04_SUPERIOR
100
AcDbFaceRecord
 10
0.0
 20
0.0
 30
0.0
 70
128
 71
242
 72
241
 73
240
  0
VERTEX
  5
2D9F
330
17
100
AcDbEntity
  8
ELEM_04_SUPERIOR
100
AcDbFaceRecord
 10
0.0
 20
0.0
 30
0.0
 70
128
 71
243
 72
241
 73
242
  0
VERTEX
  5
2DA3
330
17
100
AcDbEntity
  8
ELEM_04_SUPERIOR
100
AcDbFaceRecord
 10
0.0
 20
0.0
 30
0.0
 70
128
 71
244
 72
243
 73
242
  0
VERTEX
  5
2DA7
330
17
100
AcDbEntity
  8
ELEM_04_SUPERIOR
100
AcDbFaceRecord
 10
0.0
 20
0.0
 30
0.0
 70
128
 71
244
 72
245
 73
243
  0
VERTEX
  5
2DAB
330
17
100
AcDbEntity
  8
ELEM_04_SUPERIOR
100
AcDbFaceRecord
 10
0.0
 20
0.0
 30
0.0
 70
128
 71
246
 72
245
 73
244
  0
VERTEX
  5
2DAF
330
17
100
AcDbEntity
  8
ELEM_04_SUPERIOR
100
AcDbFaceRecord
 10
0.0
 20
0.0
 30
0.0
 70
128
 71
247
 72
245
 73
246
  0
VERTEX
  5
2DB3
330
17
100
AcDbEntity
  8
ELEM_04_SUPERIOR
100
AcDbFaceRecord
 10
0.0
 20
0.0
 30
0.0
 70
128
 71
248
 72
247
 73
246
  0
VERTEX
  5
2DB7
330
17
100
AcDbEntity
  8
ELEM_04_SUPERIOR
100
AcDbFaceRecord
 10
0.0
 20
0.0
 30
0.0
 70
128
 71
248
 72
249
 73
247
  0
VERTEX
  5
2DBB
330
17
100
AcDbEntity
  8
ELEM_04_SUPERIOR
100
AcDbFaceRecord
 10
0.0
 20
0.0
 30
0.0
 70
128
 71
250
 72
249
 73
248
  0
VERTEX
  5
2DBF
330
17
100
AcDbEntity
  8
ELEM_04_SUPERIOR
100
AcDbFaceRecord
 10
0.0
 20
0.0
 30
0.0
 70
128
 71
251
 72
252
 73
249
  0
VERTEX
  5
2DC3
330
17
100
AcDbEntity
  8
ELEM_04_SUPERIOR
100
AcDbFaceRecord
 10
0.0
 20
0.0
 30
0.0
 70
128
 71
251
 72
249
 73
250
  0
VERTEX
  5
2DC7
330
17
100
AcDbEntity
  8
ELEM_04_SUPERIOR
100
AcDbFaceRecord
 10
0.0
 20
0.0
 30
0.0
 70
128
 71
253
 72
254
 73
252
  0
VERTEX
  5
2DCB
330
17
100
AcDbEntity
  8
ELEM_04_SUPERIOR
100
AcDbFaceRecord
 10
0.0
 20
0.0
 30
0.0
 70
128
 71
253
 72
252
 73
251
  0
VERTEX
  5
2DCF
330
17
100
AcDbEntity
  8
ELEM_04_SUPERIOR
100
AcDbFaceRecord
 10
0.0
 20
0.0
 30
0.0
 70
128
 71
255
 72
256
 73
254
  0
VERTEX
  5
2DD3
330
17
100
AcDbEntity
  8
ELEM_04_SUPERIOR
100
AcDbFaceRecord
 10
0.0
 20
0.0
 30
0.0
 70
128
 71
255
 72
254
 73
253
  0
VERTEX
  5
2DD7
330
17
100
AcDbEntity
  8
ELEM_04_SUPERIOR
100
AcDbFaceRecord
 10
0.0
 20
0.0
 30
0.0
 70
128
 71
257
 72
258
 73
256
  0
VERTEX
  5
2DDB
330
17
100
AcDbEntity
  8
ELEM_04_SUPERIOR
100
AcDbFaceRecord
 10
0.0
 20
0.0
 30
0.0
 70
128
 71
257
 72
256
 73
255
  0
VERTEX
  5
2DDF
330
17
100
AcDbEntity
  8
ELEM_04_SUPERIOR
100
AcDbFaceRecord
 10
0.0
 20
0.0
 30
0.0
 70
128
 71
259
 72
260
 73
258
  0
VERTEX
  5
2DE3
330
17
100
AcDbEntity
  8
ELEM_04_SUPERIOR
100
AcDbFaceRecord
 10
0.0
 20
0.0
 30
0.0
 70
128
 71
259
 72
258
 73
257
  0
VERTEX
  5
2DE7
330
17
100
AcDbEntity
  8
ELEM_04_SUPERIOR
100
AcDbFaceRecord
 10
0.0
 20
0.0
 30
0.0
 70
128
 71
261
 72
262
 73
260
  0
VERTEX
  5
2DEB
330
17
100
AcDbEntity
  8
ELEM_04_SUPERIOR
100
AcDbFaceRecord
 10
0.0
 20
0.0
 30
0.0
 70
128
 71
261
 72
260
 73
259
  0
VERTEX
  5
2DEF
330
17
100
AcDbEntity
  8
ELEM_04_SUPERIOR
100
AcDbFaceRecord
 10
0.0
 20
0.0
 30
0.0
 70
128
 71
263
 72
264
 73
262
  0
VERTEX
  5
2DF3
330
17
100
AcDbEntity
  8
ELEM_04_SUPERIOR
100
AcDbFaceRecord
 10
0.0
 20
0.0
 30
0.0
 70
128
 71
263
 72
262
 73
261
  0
VERTEX
  5
2DF7
330
17
100
AcDbEntity
  8
ELEM_04_SUPERIOR
100
AcDbFaceRecord
 10
0.0
 20
0.0
 30
0.0
 70
128
 71
263
 72
265
 73
264
  0
VERTEX
  5
2DFB
330
17
100
AcDbEntity
  8
ELEM_04_SUPERIOR
100
AcDbFaceRecord
 10
0.0
 20
0.0
 30
0.0
 70
128
 71
266
 72
265
 73
263
  0
VERTEX
  5
2DFF
330
17
100
AcDbEntity
  8
ELEM_04_SUPERIOR
100
AcDbFaceRecord
 10
0.0
 20
0.0
 30
0.0
 70
128
 71
266
 72
267
 73
265
  0
VERTEX
  5
2E03
330
17
100
AcDbEntity
  8
ELEM_04_SUPERIOR
100
AcDbFaceRecord
 10
0.0
 20
0.0
 30
0.0
 70
128
 71
268
 72
267
 73
266
  0
VERTEX
  5
2E07
330
17
100
AcDbEntity
  8
ELEM_04_SUPERIOR
100
AcDbFaceRecord
 10
0.0
 20
0.0
 30
0.0
 70
128
 71
268
 72
269
 73
267
  0
VERTEX
  5
2E0B
330
17
100
AcDbEntity
  8
ELEM_04_SUPERIOR
100
AcDbFaceRecord
 10
0.0
 20
0.0
 30
0.0
 70
128
 71
270
 72
269
 73
268
  0
VERTEX
  5
2E0F
330
17
100
AcDbEntity
  8
ELEM_04_SUPERIOR
100
AcDbFaceRecord
 10
0.0
 20
0.0
 30
0.0
 70
128
 71
271
 72
269
 73
270
  0
VERTEX
  5
2E13
330
17
100
AcDbEntity
  8
ELEM_04_SUPERIOR
100
AcDbFaceRecord
 10
0.0
 20
0.0
 30
0.0
 70
128
 71
272
 72
271
 73
270
  0
VERTEX
  5
2E17
330
17
100
AcDbEntity
  8
ELEM_04_SUPERIOR
100
AcDbFaceRecord
 10
0.0
 20
0.0
 30
0.0
 70
128
 71
273
 72
271
 73
272
  0
VERTEX
  5
2E1B
330
17
100
AcDbEntity
  8
ELEM_04_SUPERIOR
100
AcDbFaceRecord
 10
0.0
 20
0.0
 30
0.0
 70
128
 71
274
 72
273
 73
272
  0
VERTEX
  5
2E1F
330
17
100
AcDbEntity
  8
ELEM_04_SUPERIOR
100
AcDbFaceRecord
 10
0.0
 20
0.0
 30
0.0
 70
128
 71
274
 72
275
 73
273
  0
VERTEX
  5
2E23
330
17
100
AcDbEntity
  8
ELEM_04_SUPERIOR
100
AcDbFaceRecord
 10
0.0
 20
0.0
 30
0.0
 70
128
 71
276
 72
275
 73
274
  0
VERTEX
  5
2E27
330
17
100
AcDbEntity
  8
ELEM_04_SUPERIOR
100
AcDbFaceRecord
 10
0.0
 20
0.0
 30
0.0
 70
128
 71
276
 72
277
 73
275
  0
VERTEX
  5
2E2B
330
17
100
AcDbEntity
  8
ELEM_04_SUPERIOR
100
AcDbFaceRecord
 10
0.0
 20
0.0
 30
0.0
 70
128
 71
278
 72
277
 73
276
  0
VERTEX
  5
2E2F
330
17
100
AcDbEntity
  8
ELEM_04_SUPERIOR
100
AcDbFaceRecord
 10
0.0
 20
0.0
 30
0.0
 70
128
 71
279
 72
277
 73
278
  0
VERTEX
  5
2E33
330
17
100
AcDbEntity
  8
ELEM_04_SUPERIOR
100
AcDbFaceRecord
 10
0.0
 20
0.0
 30
0.0
 70
128
 71
280
 72
279
 73
278
  0
VERTEX
  5
2E37
330
17
100
AcDbEntity
  8
ELEM_04_SUPERIOR
100
AcDbFaceRecord
 10
0.0
 20
0.0
 30
0.0
 70
128
 71
281
 72
279
 73
280
  0
VERTEX
  5
2E3B
330
17
100
AcDbEntity
  8
ELEM_04_SUPERIOR
100
AcDbFaceRecord
 10
0.0
 20
0.0
 30
0.0
 70
128
 71
282
 72
281
 73
280
  0
VERTEX
  5
2E3F
330
17
100
AcDbEntity
  8
ELEM_04_SUPERIOR
100
AcDbFaceRecord
 10
0.0
 20
0.0
 30
0.0
 70
128
 71
282
 72
283
 73
281
  0
VERTEX
  5
2E43
330
17
100
AcDbEntity
  8
ELEM_04_SUPERIOR
100
AcDbFaceRecord
 10
0.0
 20
0.0
 30
0.0
 70
128
 71
284
 72
283
 73
282
  0
VERTEX
  5
2E47
330
17
100
AcDbEntity
  8
ELEM_04_SUPERIOR
100
AcDbFaceRecord
 10
0.0
 20
0.0
 30
0.0
 70
128
 71
285
 72
283
 73
284
  0
VERTEX
  5
2E4B
330
17
100
AcDbEntity
  8
ELEM_04_SUPERIOR
100
AcDbFaceRecord
 10
0.0
 20
0.0
 30
0.0
 70
128
 71
286
 72
285
 73
284
  0
VERTEX
  5
2E4F
330
17
100
AcDbEntity
  8
ELEM_04_SUPERIOR
100
AcDbFaceRecord
 10
0.0
 20
0.0
 30
0.0
 70
128
 71
287
 72
285
 73
286
  0
VERTEX
  5
2E53
330
17
100
AcDbEntity
  8
ELEM_04_SUPERIOR
100
AcDbFaceRecord
 10
0.0
 20
0.0
 30
0.0
 70
128
 71
288
 72
287
 73
286
  0
VERTEX
  5
2E57
330
17
100
AcDbEntity
  8
ELEM_04_SUPERIOR
100
AcDbFaceRecord
 10
0.0
 20
0.0
 30
0.0
 70
128
 71
288
 72
289
 73
287
  0
VERTEX
  5
2E5B
330
17
100
AcDbEntity
  8
ELEM_04_SUPERIOR
100
AcDbFaceRecord
 10
0.0
 20
0.0
 30
0.0
 70
128
 71
290
 72
289
 73
288
  0
VERTEX
  5
2E5F
330
17
100
AcDbEntity
  8
ELEM_04_SUPERIOR
100
AcDbFaceRecord
 10
0.0
 20
0.0
 30
0.0
 70
128
 71
290
 72
291
 73
289
  0
VERTEX
  5
2E63
330
17
100
AcDbEntity
  8
ELEM_04_SUPERIOR
100
AcDbFaceRecord
 10
0.0
 20
0.0
 30
0.0
 70
128
 71
292
 72
291
 73
290
  0
VERTEX
  5
2E67
330
17
100
AcDbEntity
  8
ELEM_04_SUPERIOR
100
AcDbFaceRecord
 10
0.0
 20
0.0
 30
0.0
 70
128
 71
293
 72
291
 73
292
  0
VERTEX
  5
2E6B
330
17
100
AcDbEntity
  8
ELEM_04_SUPERIOR
100
AcDbFaceRecord
 10
0.0
 20
0.0
 30
0.0
 70
128
 71
294
 72
293
 73
292
  0
VERTEX
  5
2E6F
330
17
100
AcDbEntity
  8
ELEM_04_SUPERIOR
100
AcDbFaceRecord
 10
0.0
 20
0.0
 30
0.0
 70
128
 71
294
 72
295
 73
293
  0
VERTEX
  5
2E73
330
17
100
AcDbEntity
  8
ELEM_04_SUPERIOR
100
AcDbFaceRecord
 10
0.0
 20
0.0
 30
0.0
 70
128
 71
296
 72
295
 73
294
  0
VERTEX
  5
2E77
330
17
100
AcDbEntity
  8
ELEM_04_SUPERIOR
100
AcDbFaceRecord
 10
0.0
 20
0.0
 30
0.0
 70
128
 71
297
 72
295
 73
296
  0
VERTEX
  5
2E7B
330
17
100
AcDbEntity
  8
ELEM_04_SUPERIOR
100
AcDbFaceRecord
 10
0.0
 20
0.0
 30
0.0
 70
128
 71
298
 72
297
 73
296
  0
VERTEX
  5
2E7F
330
17
100
AcDbEntity
  8
ELEM_04_SUPERIOR
100
AcDbFaceRecord
 10
0.0
 20
0.0
 30
0.0
 70
128
 71
299
 72
297
 73
298
  0
VERTEX
  5
2E83
330
17
100
AcDbEntity
  8
ELEM_04_SUPERIOR
100
AcDbFaceRecord
 10
0.0
 20
0.0
 30
0.0
 70
128
 71
300
 72
299
 73
298
  0
VERTEX
  5
2E87
330
17
100
AcDbEntity
  8
ELEM_04_SUPERIOR
100
AcDbFaceRecord
 10
0.0
 20
0.0
 30
0.0
 70
128
 71
300
 72
301
 73
299
  0
VERTEX
  5
2E8B
330
17
100
AcDbEntity
  8
ELEM_04_SUPERIOR
100
AcDbFaceRecord
 10
0.0
 20
0.0
 30
0.0
 70
128
 71
302
 72
301
 73
300
  0
VERTEX
  5
2E8F
330
17
100
AcDbEntity
  8
ELEM_04_SUPERIOR
100
AcDbFaceRecord
 10
0.0
 20
0.0
 30
0.0
 70
128
 71
303
 72
301
 73
302
  0
VERTEX
  5
2E93
330
17
100
AcDbEntity
  8
ELEM_04_SUPERIOR
100
AcDbFaceRecord
 10
0.0
 20
0.0
 30
0.0
 70
128
 71
304
 72
303
 73
302
  0
VERTEX
  5
2E97
330
17
100
AcDbEntity
  8
ELEM_04_SUPERIOR
100
AcDbFaceRecord
 10
0.0
 20
0.0
 30
0.0
 70
128
 71
305
 72
303
 73
304
  0
VERTEX
  5
2E9B
330
17
100
AcDbEntity
  8
ELEM_04_SUPERIOR
100
AcDbFaceRecord
 10
0.0
 20
0.0
 30
0.0
 70
128
 71
306
 72
305
 73
304
  0
VERTEX
  5
2E9F
330
17
100
AcDbEntity
  8
ELEM_04_SUPERIOR
100
AcDbFaceRecord
 10
0.0
 20
0.0
 30
0.0
 70
128
 71
306
 72
307
 73
305
  0
VERTEX
  5
2EA3
330
17
100
AcDbEntity
  8
ELEM_04_SUPERIOR
100
AcDbFaceRecord
 10
0.0
 20
0.0
 30
0.0
 70
128
 71
308
 72
307
 73
306
  0
VERTEX
  5
2EA7
330
17
100
AcDbEntity
  8
ELEM_04_SUPERIOR
100
AcDbFaceRecord
 10
0.0
 20
0.0
 30
0.0
 70
128
 71
309
 72
307
 73
308
  0
VERTEX
  5
2EAB
330
17
100
AcDbEntity
  8
ELEM_04_SUPERIOR
100
AcDbFaceRecord
 10
0.0
 20
0.0
 30
0.0
 70
128
 71
310
 72
309
 73
308
  0
VERTEX
  5
2EAF
330
17
100
AcDbEntity
  8
ELEM_04_SUPERIOR
100
AcDbFaceRecord
 10
0.0
 20
0.0
 30
0.0
 70
128
 71
310
 72
311
 73
309
  0
VERTEX
  5
2EB3
330
17
100
AcDbEntity
  8
ELEM_04_SUPERIOR
100
AcDbFaceRecord
 10
0.0
 20
0.0
 30
0.0
 70
128
 71
312
 72
311
 73
310
  0
VERTEX
  5
2EB7
330
17
100
AcDbEntity
  8
ELEM_04_SUPERIOR
100
AcDbFaceRecord
 10
0.0
 20
0.0
 30
0.0
 70
128
 71
313
 72
311
 73
312
  0
VERTEX
  5
2EBB
330
17
100
AcDbEntity
  8
ELEM_04_SUPERIOR
100
AcDbFaceRecord
 10
0.0
 20
0.0
 30
0.0
 70
128
 71
314
 72
313
 73
312
  0
VERTEX
  5
2EBF
330
17
100
AcDbEntity
  8
ELEM_04_SUPERIOR
100
AcDbFaceRecord
 10
0.0
 20
0.0
 30
0.0
 70
128
 71
314
 72
315
 73
313
  0
VERTEX
  5
2EC3
330
17
100
AcDbEntity
  8
ELEM_04_SUPERIOR
100
AcDbFaceRecord
 10
0.0
 20
0.0
 30
0.0
 70
128
 71
316
 72
315
 73
314
  0
VERTEX
  5
2EC7
330
17
100
AcDbEntity
  8
ELEM_04_SUPERIOR
100
AcDbFaceRecord
 10
0.0
 20
0.0
 30
0.0
 70
128
 71
317
 72
315
 73
316
  0
VERTEX
  5
2ECB
330
17
100
AcDbEntity
  8
ELEM_04_SUPERIOR
100
AcDbFaceRecord
 10
0.0
 20
0.0
 30
0.0
 70
128
 71
318
 72
317
 73
316
  0
VERTEX
  5
2ECF
330
17
100
AcDbEntity
  8
ELEM_04_SUPERIOR
100
AcDbFaceRecord
 10
0.0
 20
0.0
 30
0.0
 70
128
 71
319
 72
317
 73
318
  0
VERTEX
  5
2ED3
330
17
100
AcDbEntity
  8
ELEM_04_SUPERIOR
100
AcDbFaceRecord
 10
0.0
 20
0.0
 30
0.0
 70
128
 71
320
 72
319
 73
318
  0
VERTEX
  5
2ED7
330
17
100
AcDbEntity
  8
ELEM_04_SUPERIOR
100
AcDbFaceRecord
 10
0.0
 20
0.0
 30
0.0
 70
128
 71
320
 72
321
 73
319
  0
VERTEX
  5
2EDB
330
17
100
AcDbEntity
  8
ELEM_04_SUPERIOR
100
AcDbFaceRecord
 10
0.0
 20
0.0
 30
0.0
 70
128
 71
322
 72
321
 73
320
  0
VERTEX
  5
2EDF
330
17
100
AcDbEntity
  8
ELEM_04_SUPERIOR
100
AcDbFaceRecord
 10
0.0
 20
0.0
 30
0.0
 70
128
 71
322
 72
323
 73
321
  0
VERTEX
  5
2EE3
330
17
100
AcDbEntity
  8
ELEM_04_SUPERIOR
100
AcDbFaceRecord
 10
0.0
 20
0.0
 30
0.0
 70
128
 71
324
 72
323
 73
322
  0
VERTEX
  5
2EE7
330
17
100
AcDbEntity
  8
ELEM_04_SUPERIOR
100
AcDbFaceRecord
 10
0.0
 20
0.0
 30
0.0
 70
128
 71
324
 72
325
 73
323
  0
VERTEX
  5
2EEB
330
17
100
AcDbEntity
  8
ELEM_04_SUPERIOR
100
AcDbFaceRecord
 10
0.0
 20
0.0
 30
0.0
 70
128
 71
326
 72
325
 73
324
  0
VERTEX
  5
2EEF
330
17
100
AcDbEntity
  8
ELEM_04_SUPERIOR
100
AcDbFaceRecord
 10
0.0
 20
0.0
 30
0.0
 70
128
 71
327
 72
325
 73
326
  0
VERTEX
  5
2EF3
330
17
100
AcDbEntity
  8
ELEM_04_SUPERIOR
100
AcDbFaceRecord
 10
0.0
 20
0.0
 30
0.0
 70
128
 71
328
 72
327
 73
326
  0
VERTEX
  5
2EF7
330
17
100
AcDbEntity
  8
ELEM_04_SUPERIOR
100
AcDbFaceRecord
 10
0.0
 20
0.0
 30
0.0
 70
128
 71
328
 72
329
 73
327
  0
VERTEX
  5
2EFB
330
17
100
AcDbEntity
  8
ELEM_04_SUPERIOR
100
AcDbFaceRecord
 10
0.0
 20
0.0
 30
0.0
 70
128
 71
330
 72
329
 73
328
  0
VERTEX
  5
2EFF
330
17
100
AcDbEntity
  8
ELEM_04_SUPERIOR
100
AcDbFaceRecord
 10
0.0
 20
0.0
 30
0.0
 70
128
 71
330
 72
331
 73
329
  0
VERTEX
  5
2F03
330
17
100
AcDbEntity
  8
ELEM_04_SUPERIOR
100
AcDbFaceRecord
 10
0.0
 20
0.0
 30
0.0
 70
128
 71
332
 72
331
 73
330
  0
VERTEX
  5
2F07
330
17
100
AcDbEntity
  8
ELEM_04_SUPERIOR
100
AcDbFaceRecord
 10
0.0
 20
0.0
 30
0.0
 70
128
 71
332
 72
333
 73
331
  0
VERTEX
  5
2F0B
330
17
100
AcDbEntity
  8
ELEM_04_SUPERIOR
100
AcDbFaceRecord
 10
0.0
 20
0.0
 30
0.0
 70
128
 71
334
 72
333
 73
332
  0
VERTEX
  5
2F0F
330
17
100
AcDbEntity
  8
ELEM_04_SUPERIOR
100
AcDbFaceRecord
 10
0.0
 20
0.0
 30
0.0
 70
128
 71
335
 72
333
 73
334
  0
VERTEX
  5
2F13
330
17
100
AcDbEntity
  8
ELEM_04_SUPERIOR
100
AcDbFaceRecord
 10
0.0
 20
0.0
 30
0.0
 70
128
 71
336
 72
335
 73
334
  0
VERTEX
  5
2F17
330
17
100
AcDbEntity
  8
ELEM_04_SUPERIOR
100
AcDbFaceRecord
 10
0.0
 20
0.0
 30
0.0
 70
128
 71
337
 72
335
 73
336
  0
VERTEX
  5
2F1B
330
17
100
AcDbEntity
  8
ELEM_04_SUPERIOR
100
AcDbFaceRecord
 10
0.0
 20
0.0
 30
0.0
 70
128
 71
338
 72
337
 73
336
  0
VERTEX
  5
2F1F
330
17
100
AcDbEntity
  8
ELEM_04_SUPERIOR
100
AcDbFaceRecord
 10
0.0
 20
0.0
 30
0.0
 70
128
 71
338
 72
339
 73
337
  0
VERTEX
  5
2F23
330
17
100
AcDbEntity
  8
ELEM_04_SUPERIOR
100
AcDbFaceRecord
 10
0.0
 20
0.0
 30
0.0
 70
128
 71
340
 72
339
 73
338
  0
VERTEX
  5
2F27
330
17
100
AcDbEntity
  8
ELEM_04_SUPERIOR
100
AcDbFaceRecord
 10
0.0
 20
0.0
 30
0.0
 70
128
 71
341
 72
339
 73
340
  0
VERTEX
  5
2F2B
330
17
100
AcDbEntity
  8
ELEM_04_SUPERIOR
100
AcDbFaceRecord
 10
0.0
 20
0.0
 30
0.0
 70
128
 71
342
 72
341
 73
340
  0
VERTEX
  5
2F2F
330
17
100
AcDbEntity
  8
ELEM_04_SUPERIOR
100
AcDbFaceRecord
 10
0.0
 20
0.0
 30
0.0
 70
128
 71
343
 72
341
 73
342
  0
VERTEX
  5
2F33
330
17
100
AcDbEntity
  8
ELEM_04_SUPERIOR
100
AcDbFaceRecord
 10
0.0
 20
0.0
 30
0.0
 70
128
 71
344
 72
343
 73
342
  0
VERTEX
  5
2F37
330
17
100
AcDbEntity
  8
ELEM_04_SUPERIOR
100
AcDbFaceRecord
 10
0.0
 20
0.0
 30
0.0
 70
128
 71
344
 72
345
 73
343
  0
VERTEX
  5
2F3B
330
17
100
AcDbEntity
  8
ELEM_04_SUPERIOR
100
AcDbFaceRecord
 10
0.0
 20
0.0
 30
0.0
 70
128
 71
346
 72
345
 73
344
  0
VERTEX
  5
2F3F
330
17
100
AcDbEntity
  8
ELEM_04_SUPERIOR
100
AcDbFaceRecord
 10
0.0
 20
0.0
 30
0.0
 70
128
 71
346
 72
347
 73
345
  0
VERTEX
  5
2F43
330
17
100
AcDbEntity
  8
ELEM_04_SUPERIOR
100
AcDbFaceRecord
 10
0.0
 20
0.0
 30
0.0
 70
128
 71
348
 72
347
 73
346
  0
VERTEX
  5
2F47
330
17
100
AcDbEntity
  8
ELEM_04_SUPERIOR
100
AcDbFaceRecord
 10
0.0
 20
0.0
 30
0.0
 70
128
 71
349
 72
347
 73
348
  0
VERTEX
  5
2F4B
330
17
100
AcDbEntity
  8
ELEM_04_SUPERIOR
100
AcDbFaceRecord
 10
0.0
 20
0.0
 30
0.0
 70
128
 71
350
 72
349
 73
348
  0
VERTEX
  5
2F4F
330
17
100
AcDbEntity
  8
ELEM_04_SUPERIOR
100
AcDbFaceRecord
 10
0.0
 20
0.0
 30
0.0
 70
128
 71
350
 72
351
 73
349
  0
VERTEX
  5
2F53
330
17
100
AcDbEntity
  8
ELEM_04_SUPERIOR
100
AcDbFaceRecord
 10
0.0
 20
0.0
 30
0.0
 70
128
 71
352
 72
351
 73
350
  0
VERTEX
  5
2F57
330
17
100
AcDbEntity
  8
ELEM_04_SUPERIOR
100
AcDbFaceRecord
 10
0.0
 20
0.0
 30
0.0
 70
128
 71
352
 72
353
 73
351
  0
VERTEX
  5
2F5B
330
17
100
AcDbEntity
  8
ELEM_04_SUPERIOR
100
AcDbFaceRecord
 10
0.0
 20
0.0
 30
0.0
 70
128
 71
354
 72
353
 73
352
  0
VERTEX
  5
2F5F
330
17
100
AcDbEntity
  8
ELEM_04_SUPERIOR
100
AcDbFaceRecord
 10
0.0
 20
0.0
 30
0.0
 70
128
 71
354
 72
355
 73
353
  0
VERTEX
  5
2F63
330
17
100
AcDbEntity
  8
ELEM_04_SUPERIOR
100
AcDbFaceRecord
 10
0.0
 20
0.0
 30
0.0
 70
128
 71
356
 72
355
 73
354
  0
VERTEX
  5
2F67
330
17
100
AcDbEntity
  8
ELEM_04_SUPERIOR
100
AcDbFaceRecord
 10
0.0
 20
0.0
 30
0.0
 70
128
 71
356
 72
357
 73
355
  0
VERTEX
  5
2F6B
330
17
100
AcDbEntity
  8
ELEM_04_SUPERIOR
100
AcDbFaceRecord
 10
0.0
 20
0.0
 30
0.0
 70
128
 71
358
 72
357
 73
356
  0
VERTEX
  5
2F6F
330
17
100
AcDbEntity
  8
ELEM_04_SUPERIOR
100
AcDbFaceRecord
 10
0.0
 20
0.0
 30
0.0
 70
128
 71
358
 72
359
 73
357
  0
VERTEX
  5
2F73
330
17
100
AcDbEntity
  8
ELEM_04_SUPERIOR
100
AcDbFaceRecord
 10
0.0
 20
0.0
 30
0.0
 70
128
 71
358
 72
360
 73
359
  0
VERTEX
  5
2F77
330
17
100
AcDbEntity
  8
ELEM_04_SUPERIOR
100
AcDbFaceRecord
 10
0.0
 20
0.0
 30
0.0
 70
128
 71
360
 72
361
 73
359
  0
VERTEX
  5
2F7B
330
17
100
AcDbEntity
  8
ELEM_04_SUPERIOR
100
AcDbFaceRecord
 10
0.0
 20
0.0
 30
0.0
 70
128
 71
360
 72
362
 73
361
  0
VERTEX
  5
2F7F
330
17
100
AcDbEntity
  8
ELEM_04_SUPERIOR
100
AcDbFaceRecord
 10
0.0
 20
0.0
 30
0.0
 70
128
 71
362
 72
363
 73
361
  0
VERTEX
  5
2F83
330
17
100
AcDbEntity
  8
ELEM_04_SUPERIOR
100
AcDbFaceRecord
 10
0.0
 20
0.0
 30
0.0
 70
128
 71
362
 72
364
 73
363
  0
VERTEX
  5
2F87
330
17
100
AcDbEntity
  8
ELEM_04_SUPERIOR
100
AcDbFaceRecord
 10
0.0
 20
0.0
 30
0.0
 70
128
 71
364
 72
365
 73
363
  0
VERTEX
  5
2F8B
330
17
100
AcDbEntity
  8
ELEM_04_SUPERIOR
100
AcDbFaceRecord
 10
0.0
 20
0.0
 30
0.0
 70
128
 71
364
 72
366
 73
365
  0
VERTEX
  5
2F8F
330
17
100
AcDbEntity
  8
ELEM_04_SUPERIOR
100
AcDbFaceRecord
 10
0.0
 20
0.0
 30
0.0
 70
128
 71
366
 72
367
 73
365
  0
VERTEX
  5
2F93
330
17
100
AcDbEntity
  8
ELEM_04_SUPERIOR
100
AcDbFaceRecord
 10
0.0
 20
0.0
 30
0.0
 70
128
 71
366
 72
368
 73
367
  0
VERTEX
  5
2F97
330
17
100
AcDbEntity
  8
ELEM_04_SUPERIOR
100
AcDbFaceRecord
 10
0.0
 20
0.0
 30
0.0
 70
128
 71
368
 72
369
 73
367
  0
VERTEX
  5
2F9B
330
17
100
AcDbEntity
  8
ELEM_04_SUPERIOR
100
AcDbFaceRecord
 10
0.0
 20
0.0
 30
0.0
 70
128
 71
368
 72
370
 73
369
  0
VERTEX
  5
2F9F
330
17
100
AcDbEntity
  8
ELEM_04_SUPERIOR
100
AcDbFaceRecord
 10
0.0
 20
0.0
 30
0.0
 70
128
 71
370
 72
371
 73
369
  0
VERTEX
  5
2FA3
330
17
100
AcDbEntity
  8
ELEM_04_SUPERIOR
100
AcDbFaceRecord
 10
0.0
 20
0.0
 30
0.0
 70
128
 71
370
 72
372
 73
371
  0
VERTEX
  5
2FA7
330
17
100
AcDbEntity
  8
ELEM_04_SUPERIOR
100
AcDbFaceRecord
 10
0.0
 20
0.0
 30
0.0
 70
128
 71
372
 72
373
 73
371
  0
VERTEX
  5
2FAB
330
17
100
AcDbEntity
  8
ELEM_04_SUPERIOR
100
AcDbFaceRecord
 10
0.0
 20
0.0
 30
0.0
 70
128
 71
372
 72
374
 73
373
  0
VERTEX
  5
2FAF
330
17
100
AcDbEntity
  8
ELEM_04_SUPERIOR
100
AcDbFaceRecord
 10
0.0
 20
0.0
 30
0.0
 70
128
 71
375
 72
373
 73
374
  0
VERTEX
  5
2FB3
330
17
100
AcDbEntity
  8
ELEM_04_SUPERIOR
100
AcDbFaceRecord
 10
0.0
 20
0.0
 30
0.0
 70
128
 71
374
 72
376
 73
375
  0
VERTEX
  5
2FB7
330
17
100
AcDbEntity
  8
ELEM_04_SUPERIOR
100
AcDbFaceRecord
 10
0.0
 20
0.0
 30
0.0
 70
128
 71
376
 72
377
 73
375
  0
VERTEX
  5
2FBB
330
17
100
AcDbEntity
  8
ELEM_04_SUPERIOR
100
AcDbFaceRecord
 10
0.0
 20
0.0
 30
0.0
 70
128
 71
376
 72
378
 73
377
  0
VERTEX
  5
2FBF
330
17
100
AcDbEntity
  8
ELEM_04_SUPERIOR
100
AcDbFaceRecord
 10
0.0
 20
0.0
 30
0.0
 70
128
 71
378
 72
379
 73
377
  0
VERTEX
  5
2FC3
330
17
100
AcDbEntity
  8
ELEM_04_SUPERIOR
100
AcDbFaceRecord
 10
0.0
 20
0.0
 30
0.0
 70
128
 71
378
 72
380
 73
379
  0
VERTEX
  5
2FC7
330
17
100
AcDbEntity
  8
ELEM_04_SUPERIOR
100
AcDbFaceRecord
 10
0.0
 20
0.0
 30
0.0
 70
128
 71
380
 72
381
 73
382
  0
VERTEX
  5
2FCB
330
17
100
AcDbEntity
  8
ELEM_04_SUPERIOR
100
AcDbFaceRecord
 10
0.0
 20
0.0
 30
0.0
 70
128
 71
380
 72
382
 73
379
  0
VERTEX
  5
2FCF
330
17
100
AcDbEntity
  8
ELEM_04_SUPERIOR
100
AcDbFaceRecord
 10
0.0
 20
0.0
 30
0.0
 70
128
 71
381
 72
383
 73
384
  0
VERTEX
  5
2FD3
330
17
100
AcDbEntity
  8
ELEM_04_SUPERIOR
100
AcDbFaceRecord
 10
0.0
 20
0.0
 30
0.0
 70
128
 71
381
 72
384
 73
382
  0
VERTEX
  5
2FD7
330
17
100
AcDbEntity
  8
ELEM_04_SUPERIOR
100
AcDbFaceRecord
 10
0.0
 20
0.0
 30
0.0
 70
128
 71
383
 72
385
 73
386
  0
VERTEX
  5
2FDB
330
17
100
AcDbEntity
  8
ELEM_04_SUPERIOR
100
AcDbFaceRecord
 10
0.0
 20
0.0
 30
0.0
 70
128
 71
383
 72
386
 73
384
  0
VERTEX
  5
2FDF
330
17
100
AcDbEntity
  8
ELEM_04_SUPERIOR
100
AcDbFaceRecord
 10
0.0
 20
0.0
 30
0.0
 70
128
 71
385
 72
387
 73
388
  0
VERTEX
  5
2FE3
330
17
100
AcDbEntity
  8
ELEM_04_SUPERIOR
100
AcDbFaceRecord
 10
0.0
 20
0.0
 30
0.0
 70
128
 71
385
 72
388
 73
386
  0
VERTEX
  5
2FE7
330
17
100
AcDbEntity
  8
ELEM_04_SUPERIOR
100
AcDbFaceRecord
 10
0.0
 20
0.0
 30
0.0
 70
128
 71
387
 72
389
 73
390
  0
VERTEX
  5
2FEB
330
17
100
AcDbEntity
  8
ELEM_04_SUPERIOR
100
AcDbFaceRecord
 10
0.0
 20
0.0
 30
0.0
 70
128
 71
387
 72
390
 73
388
  0
VERTEX
  5
2FEF
330
17
100
AcDbEntity
  8
ELEM_04_SUPERIOR
100
AcDbFaceRecord
 10
0.0
 20
0.0
 30
0.0
 70
128
 71
389
 72
391
 73
390
  0
VERTEX
  5
2FF3
330
17
100
AcDbEntity
  8
ELEM_04_SUPERIOR
100
AcDbFaceRecord
 10
0.0
 20
0.0
 30
0.0
 70
128
 71
392
 72
391
 73
389
  0
VERTEX
  5
2FF7
330
17
100
AcDbEntity
  8
ELEM_04_SUPERIOR
100
AcDbFaceRecord
 10
0.0
 20
0.0
 30
0.0
 70
128
 71
392
 72
393
 73
391
  0
VERTEX
  5
2FFB
330
17
100
AcDbEntity
  8
ELEM_04_SUPERIOR
100
AcDbFaceRecord
 10
0.0
 20
0.0
 30
0.0
 70
128
 71
394
 72
393
 73
392
  0
VERTEX
  5
2FFF
330
17
100
AcDbEntity
  8
ELEM_04_SUPERIOR
100
AcDbFaceRecord
 10
0.0
 20
0.0
 30
0.0
 70
128
 71
394
 72
395
 73
396
  0
VERTEX
  5
3003
330
17
100
AcDbEntity
  8
ELEM_04_SUPERIOR
100
AcDbFaceRecord
 10
0.0
 20
0.0
 30
0.0
 70
128
 71
394
 72
396
 73
393
  0
VERTEX
  5
3007
330
17
100
AcDbEntity
  8
ELEM_04_SUPERIOR
100
AcDbFaceRecord
 10
0.0
 20
0.0
 30
0.0
 70
128
 71
395
 72
397
 73
398
  0
VERTEX
  5
300B
330
17
100
AcDbEntity
  8
ELEM_04_SUPERIOR
100
AcDbFaceRecord
 10
0.0
 20
0.0
 30
0.0
 70
128
 71
395
 72
398
 73
396
  0
VERTEX
  5
300F
330
17
100
AcDbEntity
  8
ELEM_04_SUPERIOR
100
AcDbFaceRecord
 10
0.0
 20
0.0
 30
0.0
 70
128
 71
397
 72
399
 73
398
  0
VERTEX
  5
3013
330
17
100
AcDbEntity
  8
ELEM_04_SUPERIOR
100
AcDbFaceRecord
 10
0.0
 20
0.0
 30
0.0
 70
128
 71
397
 72
400
 73
399
  0
VERTEX
  5
3017
330
17
100
AcDbEntity
  8
ELEM_04_SUPERIOR
100
AcDbFaceRecord
 10
0.0
 20
0.0
 30
0.0
 70
128
 71
400
 72
401
 73
399
  0
VERTEX
  5
301B
330
17
100
AcDbEntity
  8
ELEM_04_SUPERIOR
100
AcDbFaceRecord
 10
0.0
 20
0.0
 30
0.0
 70
128
 71
400
 72
402
 73
401
  0
VERTEX
  5
301F
330
17
100
AcDbEntity
  8
ELEM_04_SUPERIOR
100
AcDbFaceRecord
 10
0.0
 20
0.0
 30
0.0
 70
128
 71
402
 72
403
 73
401
  0
VERTEX
  5
3023
330
17
100
AcDbEntity
  8
ELEM_04_SUPERIOR
100
AcDbFaceRecord
 10
0.0
 20
0.0
 30
0.0
 70
128
 71
404
 72
403
 73
402
  0
VERTEX
  5
3027
330
17
100
AcDbEntity
  8
ELEM_04_SUPERIOR
100
AcDbFaceRecord
 10
0.0
 20
0.0
 30
0.0
 70
128
 71
404
 72
405
 73
403
  0
VERTEX
  5
302B
330
17
100
AcDbEntity
  8
ELEM_04_SUPERIOR
100
AcDbFaceRecord
 10
0.0
 20
0.0
 30
0.0
 70
128
 71
406
 72
405
 73
404
  0
VERTEX
  5
302F
330
17
100
AcDbEntity
  8
ELEM_04_SUPERIOR
100
AcDbFaceRecord
 10
0.0
 20
0.0
 30
0.0
 70
128
 71
406
 72
407
 73
405
  0
VERTEX
  5
3033
330
17
100
AcDbEntity
  8
ELEM_04_SUPERIOR
100
AcDbFaceRecord
 10
0.0
 20
0.0
 30
0.0
 70
128
 71
408
 72
407
 73
406
  0
VERTEX
  5
3037
330
17
100
AcDbEntity
  8
ELEM_04_SUPERIOR
100
AcDbFaceRecord
 10
0.0
 20
0.0
 30
0.0
 70
128
 71
408
 72
409
 73
407
  0
VERTEX
  5
303B
330
17
100
AcDbEntity
  8
ELEM_04_SUPERIOR
100
AcDbFaceRecord
 10
0.0
 20
0.0
 30
0.0
 70
128
 71
410
 72
409
 73
408
  0
VERTEX
  5
303F
330
17
100
AcDbEntity
  8
ELEM_04_SUPERIOR
100
AcDbFaceRecord
 10
0.0
 20
0.0
 30
0.0
 70
128
 71
410
 72
411
 73
409
  0
VERTEX
  5
3043
330
17
100
AcDbEntity
  8
ELEM_04_SUPERIOR
100
AcDbFaceRecord
 10
0.0
 20
0.0
 30
0.0
 70
128
 71
412
 72
411
 73
410
  0
VERTEX
  5
3047
330
17
100
AcDbEntity
  8
ELEM_04_SUPERIOR
100
AcDbFaceRecord
 10
0.0
 20
0.0
 30
0.0
 70
128
 71
412
 72
413
 73
411
  0
VERTEX
  5
304B
330
17
100
AcDbEntity
  8
ELEM_04_SUPERIOR
100
AcDbFaceRecord
 10
0.0
 20
0.0
 30
0.0
 70
128
 71
414
 72
413
 73
412
  0
VERTEX
  5
304F
330
17
100
AcDbEntity
  8
ELEM_04_SUPERIOR
100
AcDbFaceRecord
 10
0.0
 20
0.0
 30
0.0
 70
128
 71
414
 72
415
 73
413
  0
VERTEX
  5
3053
330
17
100
AcDbEntity
  8
ELEM_04_SUPERIOR
100
AcDbFaceRecord
 10
0.0
 20
0.0
 30
0.0
 70
128
 71
416
 72
415
 73
414
  0
VERTEX
  5
3057
330
17
100
AcDbEntity
  8
ELEM_04_SUPERIOR
100
AcDbFaceRecord
 10
0.0
 20
0.0
 30
0.0
 70
128
 71
416
 72
417
 73
415
  0
VERTEX
  5
305B
330
17
100
AcDbEntity
  8
ELEM_04_SUPERIOR
100
AcDbFaceRecord
 10
0.0
 20
0.0
 30
0.0
 70
128
 71
418
 72
417
 73
416
  0
VERTEX
  5
305F
330
17
100
AcDbEntity
  8
ELEM_04_SUPERIOR
100
AcDbFaceRecord
 10
0.0
 20
0.0
 30
0.0
 70
128
 71
418
 72
419
 73
417
  0
VERTEX
  5
3063
330
17
100
AcDbEntity
  8
ELEM_04_SUPERIOR
100
AcDbFaceRecord
 10
0.0
 20
0.0
 30
0.0
 70
128
 71
420
 72
421
 73
419
  0
VERTEX
  5
3067
330
17
100
AcDbEntity
  8
ELEM_04_SUPERIOR
100
AcDbFaceRecord
 10
0.0
 20
0.0
 30
0.0
 70
128
 71
422
 72
423
 73
421
  0
VERTEX
  5
306B
330
17
100
AcDbEntity
  8
ELEM_04_SUPERIOR
100
AcDbFaceRecord
 10
0.0
 20
0.0
 30
0.0
 70
128
 71
424
 72
423
 73
422
  0
VERTEX
  5
306F
330
17
100
AcDbEntity
  8
ELEM_04_SUPERIOR
100
AcDbFaceRecord
 10
0.0
 20
0.0
 30
0.0
 70
128
 71
424
 72
425
 73
423
  0
VERTEX
  5
3073
330
17
100
AcDbEntity
  8
ELEM_04_SUPERIOR
100
AcDbFaceRecord
 10
0.0
 20
0.0
 30
0.0
 70
128
 71
426
 72
425
 73
424
  0
VERTEX
  5
3077
330
17
100
AcDbEntity
  8
ELEM_04_SUPERIOR
100
AcDbFaceRecord
 10
0.0
 20
0.0
 30
0.0
 70
128
 71
427
 72
428
 73
425
  0
VERTEX
  5
307B
330
17
100
AcDbEntity
  8
ELEM_04_SUPERIOR
100
AcDbFaceRecord
 10
0.0
 20
0.0
 30
0.0
 70
128
 71
427
 72
425
 73
426
  0
VERTEX
  5
307F
330
17
100
AcDbEntity
  8
ELEM_04_SUPERIOR
100
AcDbFaceRecord
 10
0.0
 20
0.0
 30
0.0
 70
128
 71
429
 72
430
 73
428
  0
VERTEX
  5
3083
330
17
100
AcDbEntity
  8
ELEM_04_SUPERIOR
100
AcDbFaceRecord
 10
0.0
 20
0.0
 30
0.0
 70
128
 71
429
 72
428
 73
427
  0
SEQEND
  5
29DB
330
29DA
100
AcDbEntity
  8
ELEM_04_SUPERIOR
  0
POLYLINE
  5
3085
330
17
100
AcDbEntity
  8
ELEM_04_INFERIOR
100
AcDbPolyFaceMesh
 66
1
 10
0.0
 20
0.0
 30
0.0
 70
64
 71
430
 72
425
  0
VERTEX
  5
3087
330
17
100
AcDbEntity
  8
ELEM_04_INFERIOR
100
AcDbVertex
100
AcDbPolyFaceMeshVertex
 10
12120122.12849489
 20
3531296.616828548
 30
10.07432040239764
 70
192
  0
VERTEX
  5
3088
330
17
100
AcDbEntity
  8
ELEM_04_INFERIOR
100
AcDbVertex
100
AcDbPolyFaceMeshVertex
 10
12120116.61514305
 20
3531292.277913341
 30
10.5999984848923
 70
192
  0
VERTEX
  5
3089
330
17
100
AcDbEntity
  8
ELEM_04_INFERIOR
100
AcDbVertex
100
AcDbPolyFaceMeshVertex
 10
12120122.28164418
 20
3531296.422225918
 30
10.07557696156429
 70
192
  0
VERTEX
  5
308B
330
17
100
AcDbEntity
  8
ELEM_04_INFERIOR
100
AcDbVertex
100
AcDbPolyFaceMeshVertex
 10
12120110.49413823
 20
3531287.145656545
 30
9.32557846157192
 70
192
  0
VERTEX
  5
308F
330
17
100
AcDbEntity
  8
ELEM_04_INFERIOR
100
AcDbVertex
100
AcDbPolyFaceMeshVertex
 10
12120120.31501097
 20
3531298.921177613
 30
10.0594483848978
 70
192
  0
VERTEX
  5
3090
330
17
100
AcDbEntity
  8
ELEM_04_INFERIOR
100
AcDbVertex
100
AcDbPolyFaceMeshVertex
 10
12120114.79611453
 20
3531294.577898898
 30
10.5999984848923
 70
192
  0
VERTEX
  5
3097
330
17
100
AcDbEntity
  8
ELEM_04_INFERIOR
100
AcDbVertex
100
AcDbPolyFaceMeshVertex
 10
12120117.22282228
 20
3531302.850346264
 30
10.03408754323138
 70
192
  0
VERTEX
  5
3098
330
17
100
AcDbEntity
  8
ELEM_04_INFERIOR
100
AcDbVertex
100
AcDbPolyFaceMeshVertex
 10
12120111.69447047
 20
3531298.499623338
 30
10.5999984848923
 70
192
  0
VERTEX
  5
309F
330
17
100
AcDbEntity
  8
ELEM_04_INFERIOR
100
AcDbVertex
100
AcDbPolyFaceMeshVertex
 10
12120115.94413389
 20
3531304.475142883
 30
10.02360199989816
 70
192
  0
VERTEX
  5
30A0
330
17
100
AcDbEntity
  8
ELEM_04_INFERIOR
100
AcDbVertex
100
AcDbPolyFaceMeshVertex
 10
12120110.41187133
 20
3531300.121345817
 30
10.5999984848923
 70
192
  0
VERTEX
  5
30A7
330
17
100
AcDbEntity
  8
ELEM_04_INFERIOR
100
AcDbVertex
100
AcDbPolyFaceMeshVertex
 10
12120115.0472656
 20
3531305.614769869
 30
10.0162463715649
 70
192
  0
VERTEX
  5
30A8
330
17
100
AcDbEntity
  8
ELEM_04_INFERIOR
100
AcDbVertex
100
AcDbPolyFaceMeshVertex
 10
12120109.51226027
 20
3531301.258814014
 30
10.5999984848923
 70
192
  0
VERTEX
  5
30AF
330
17
100
AcDbEntity
  8
ELEM_04_INFERIOR
100
AcDbVertex
100
AcDbPolyFaceMeshVertex
 10
12120114.13063358
 20
3531306.779511634
 30
10.00894979823164
 70
192
  0
VERTEX
  5
30B0
330
17
100
AcDbEntity
  8
ELEM_04_INFERIOR
100
AcDbVertex
100
AcDbPolyFaceMeshVertex
 10
12120108.59282641
 20
3531302.421351059
 30
10.5999984848923
 70
192
  0
VERTEX
  5
30B7
330
17
100
AcDbEntity
  8
ELEM_04_INFERIOR
100
AcDbVertex
100
AcDbPolyFaceMeshVertex
 10
12120111.26032764
 20
3531310.426738592
 30
9.988966242398511
 70
192
  0
VERTEX
  5
30B8
330
17
100
AcDbEntity
  8
ELEM_04_INFERIOR
100
AcDbVertex
100
AcDbPolyFaceMeshVertex
 10
12120105.71374425
 20
3531306.061668582
 30
10.5999984848923
 70
192
  0
VERTEX
  5
30BF
330
17
100
AcDbEntity
  8
ELEM_04_INFERIOR
100
AcDbVertex
100
AcDbPolyFaceMeshVertex
 10
12120111.0384416
 20
3531310.708680285
 30
9.987601415731858
 70
192
  0
VERTEX
  5
30C3
330
17
100
AcDbEntity
  8
ELEM_04_INFERIOR
100
AcDbVertex
100
AcDbPolyFaceMeshVertex
 10
12120105.30266895
 20
3531306.194722778
 30
10.56268884822601
 70
192
  0
VERTEX
  5
30C7
330
17
100
AcDbEntity
  8
ELEM_04_INFERIOR
100
AcDbVertex
100
AcDbPolyFaceMeshVertex
 10
12120110.01429667
 20
3531312.010039231
 30
9.981643422398584
 70
192
  0
VERTEX
  5
30CB
330
17
100
AcDbEntity
  8
ELEM_04_INFERIOR
100
AcDbVertex
100
AcDbPolyFaceMeshVertex
 10
12120103.40528101
 20
3531306.808855408
 30
10.39046478322776
 70
192
  0
VERTEX
  5
30CF
330
17
100
AcDbEntity
  8
ELEM_04_INFERIOR
100
AcDbVertex
100
AcDbPolyFaceMeshVertex
 10
12120107.94625291
 20
3531314.637848936
 30
9.971292393232021
 70
192
  0
VERTEX
  5
30D3
330
17
100
AcDbEntity
  8
ELEM_04_INFERIOR
100
AcDbVertex
100
AcDbPolyFaceMeshVertex
 10
12120099.57391729
 20
3531308.048964476
 30
10.04269644989796
 70
192
  0
VERTEX
  5
30D9
330
17
100
AcDbEntity
  8
ELEM_04_INFERIOR
100
AcDbVertex
100
AcDbPolyFaceMeshVertex
 10
12120107.32508289
 20
3531315.4271551
 30
9.968621794898716
 70
192
  0
VERTEX
  5
30DB
330
17
100
AcDbEntity
  8
ELEM_04_INFERIOR
100
AcDbVertex
100
AcDbPolyFaceMeshVertex
 10
12120098.42310594
 20
3531308.421450608
 30
9.93824127823236
 70
192
  0
VERTEX
  5
30DF
330
17
100
AcDbEntity
  8
ELEM_04_INFERIOR
100
AcDbVertex
100
AcDbPolyFaceMeshVertex
 10
12120104.85406421
 20
3531318.567017587
 30
9.960016169065472
 70
192
  0
VERTEX
  5
30E0
330
17
100
AcDbEntity
  8
ELEM_04_INFERIOR
100
AcDbVertex
100
AcDbPolyFaceMeshVertex
 10
12120095.94751706
 20
3531311.557717302
 30
9.92236532573252
 70
192
  0
VERTEX
  5
30E7
330
17
100
AcDbEntity
  8
ELEM_04_INFERIOR
100
AcDbVertex
100
AcDbPolyFaceMeshVertex
 10
12120104.37925217
 20
3531319.170349713
 30
9.95873008239882
 70
192
  0
VERTEX
  5
30E8
330
17
100
AcDbEntity
  8
ELEM_04_INFERIOR
100
AcDbVertex
100
AcDbPolyFaceMeshVertex
 10
12120095.47182903
 20
3531312.160357172
 30
9.919314150732554
 70
192
  0
VERTEX
  5
30EF
330
17
100
AcDbEntity
  8
ELEM_04_INFERIOR
100
AcDbVertex
100
AcDbPolyFaceMeshVertex
 10
12120101.76187551
 20
3531322.496186239
 30
9.95377930489887
 70
192
  0
VERTEX
  5
30F0
330
17
100
AcDbEntity
  8
ELEM_04_INFERIOR
100
AcDbVertex
100
AcDbPolyFaceMeshVertex
 10
12120092.84960987
 20
3531315.482384649
 30
9.902499879899391
 70
192
  0
VERTEX
  5
30F7
330
17
100
AcDbEntity
  8
ELEM_04_INFERIOR
100
AcDbVertex
100
AcDbPolyFaceMeshVertex
 10
12120098.66968353
 20
3531326.425354889
 30
9.952575239065547
 70
192
  0
VERTEX
  5
30F8
330
17
100
AcDbEntity
  8
ELEM_04_INFERIOR
100
AcDbVertex
100
AcDbPolyFaceMeshVertex
 10
12120089.75170268
 20
3531319.407051997
 30
9.882631153232923
 70
192
  0
VERTEX
  5
30FF
330
17
100
AcDbEntity
  8
ELEM_04_INFERIOR
100
AcDbVertex
100
AcDbPolyFaceMeshVertex
 10
12120098.19487805
 20
3531327.028677173
 30
9.952837705732213
 70
192
  0
VERTEX
  5
3100
330
17
100
AcDbEntity
  8
ELEM_04_INFERIOR
100
AcDbVertex
100
AcDbPolyFaceMeshVertex
 10
12120089.27602122
 20
3531320.009685305
 30
9.879583259066287
 70
192
  0
VERTEX
  5
3107
330
17
100
AcDbEntity
  8
ELEM_04_INFERIOR
100
AcDbVertex
100
AcDbPolyFaceMeshVertex
 10
12120095.57749483
 20
3531330.354523539
 30
9.956410533232177
 70
192
  0
VERTEX
  5
3108
330
17
100
AcDbEntity
  8
ELEM_04_INFERIOR
100
AcDbVertex
100
AcDbPolyFaceMeshVertex
 10
12120086.65379549
 20
3531323.331722624
 30
9.862765707399793
 70
192
  0
VERTEX
  5
310F
330
17
100
AcDbEntity
  8
ELEM_04_INFERIOR
100
AcDbVertex
100
AcDbPolyFaceMeshVertex
 10
12120092.48530614
 20
3531334.28369219
 30
9.96528190656542
 70
192
  0
VERTEX
  5
3110
330
17
100
AcDbEntity
  8
ELEM_04_INFERIOR
100
AcDbVertex
100
AcDbPolyFaceMeshVertex
 10
12120083.5558883
 20
3531327.256389972
 30
9.842900261566664
 70
192
  0
VERTEX
  5
3117
330
17
100
AcDbEntity
  8
ELEM_04_INFERIOR
100
AcDbVertex
100
AcDbPolyFaceMeshVertex
 10
12120092.01050722
 20
3531334.887007913
 30
9.9670929265654
 70
192
  0
VERTEX
  5
3118
330
17
100
AcDbEntity
  8
ELEM_04_INFERIOR
100
AcDbVertex
100
AcDbPolyFaceMeshVertex
 10
12120083.08021012
 20
3531327.859013438
 30
9.839849086566694
 70
192
  0
VERTEX
  5
311F
330
17
100
AcDbEntity
  8
ELEM_04_INFERIOR
100
AcDbVertex
100
AcDbPolyFaceMeshVertex
 10
12120089.39311744
 20
3531338.212860841
 30
9.979192639898608
 70
192
  0
VERTEX
  5
3120
330
17
100
AcDbEntity
  8
ELEM_04_INFERIOR
100
AcDbVertex
100
AcDbPolyFaceMeshVertex
 10
12120080.45798111
 20
3531331.181057319
 30
9.823031534900196
 70
192
  0
VERTEX
  5
3127
330
17
100
AcDbEntity
  8
ELEM_04_INFERIOR
100
AcDbVertex
100
AcDbPolyFaceMeshVertex
 10
12120087.71198235
 20
3531340.349037671
 30
9.98886781739851
 70
192
  0
VERTEX
  5
3128
330
17
100
AcDbEntity
  8
ELEM_04_INFERIOR
100
AcDbVertex
100
AcDbPolyFaceMeshVertex
 10
12120078.77373579
 20
3531333.314789928
 30
9.812231031566975
 70
192
  0
VERTEX
  5
312F
330
17
100
AcDbEntity
  8
ELEM_04_INFERIOR
100
AcDbVertex
100
AcDbPolyFaceMeshVertex
 10
12120086.30092546
 20
3531342.142029492
 30
9.998136171565086
 70
192
  0
VERTEX
  5
3130
330
17
100
AcDbEntity
  8
ELEM_04_INFERIOR
100
AcDbVertex
100
AcDbPolyFaceMeshVertex
 10
12120077.36007392
 20
3531335.105727947
 30
9.80926515823367
 70
192
  0
VERTEX
  5
3137
330
17
100
AcDbEntity
  8
ELEM_04_INFERIOR
100
AcDbVertex
100
AcDbPolyFaceMeshVertex
 10
12120085.8261331
 20
3531342.745335372
 30
10.00149246406505
 70
192
  0
VERTEX
  5
3138
330
17
100
AcDbEntity
  8
ELEM_04_INFERIOR
100
AcDbVertex
100
AcDbPolyFaceMeshVertex
 10
12120076.8844023
 20
3531335.708341571
 30
9.808264504067012
 70
192
  0
VERTEX
  5
313F
330
17
100
AcDbEntity
  8
ELEM_04_INFERIOR
100
AcDbVertex
100
AcDbPolyFaceMeshVertex
 10
12120084.12536879
 20
3531344.906453096
 30
10.01448456406492
 70
192
  0
VERTEX
  5
3140
330
17
100
AcDbEntity
  8
ELEM_04_INFERIOR
100
AcDbVertex
100
AcDbPolyFaceMeshVertex
 10
12120075.18049495
 20
3531337.866985548
 30
9.804688395733717
 70
192
  0
VERTEX
  5
3147
330
17
100
AcDbEntity
  8
ELEM_04_INFERIOR
100
AcDbVertex
100
AcDbPolyFaceMeshVertex
 10
12120083.20873676
 20
3531346.071198142
 30
10.02189596656484
 70
192
  0
VERTEX
  5
3148
330
17
100
AcDbEntity
  8
ELEM_04_INFERIOR
100
AcDbVertex
100
AcDbPolyFaceMeshVertex
 10
12120074.26216673
 20
3531339.030395295
 30
9.802759265733737
 70
192
  0
VERTEX
  5
314F
330
17
100
AcDbEntity
  8
ELEM_04_INFERIOR
100
AcDbVertex
100
AcDbPolyFaceMeshVertex
 10
12120080.11654807
 20
3531350.000363512
 30
10.04690247823125
 70
192
  0
VERTEX
  5
3150
330
17
100
AcDbEntity
  8
ELEM_04_INFERIOR
100
AcDbVertex
100
AcDbPolyFaceMeshVertex
 10
12120071.16425954
 20
3531342.955062643
 30
9.796256654067138
 70
192
  0
VERTEX
  5
3157
330
17
100
AcDbEntity
  8
ELEM_04_INFERIOR
100
AcDbVertex
100
AcDbPolyFaceMeshVertex
 10
12120079.64176227
 20
3531350.603662831
 30
10.05074433406455
 70
192
  0
VERTEX
  5
3158
330
17
100
AcDbEntity
  8
ELEM_04_INFERIOR
100
AcDbVertex
100
AcDbPolyFaceMeshVertex
 10
12120070.68859448
 20
3531343.557672987
 30
9.795259280733813
 70
192
  0
VERTEX
  5
315F
330
17
100
AcDbEntity
  8
ELEM_04_INFERIOR
100
AcDbVertex
100
AcDbPolyFaceMeshVertex
 10
12120077.02435937
 20
3531353.929532163
 30
10.071912270731
 70
192
  0
VERTEX
  5
3160
330
17
100
AcDbEntity
  8
ELEM_04_INFERIOR
100
AcDbVertex
100
AcDbPolyFaceMeshVertex
 10
12120068.06635235
 20
3531346.879733271
 30
9.789754042400537
 70
192
  0
VERTEX
  5
3167
330
17
100
AcDbEntity
  8
ELEM_04_INFERIOR
100
AcDbVertex
100
AcDbPolyFaceMeshVertex
 10
12120073.93216739
 20
3531357.858700814
 30
10.09691878239741
 70
192
  0
VERTEX
  5
3168
330
17
100
AcDbEntity
  8
ELEM_04_INFERIOR
100
AcDbVertex
100
AcDbPolyFaceMeshVertex
 10
12120064.96844516
 20
3531350.804400618
 30
9.783248149900597
 70
192
  0
VERTEX
  5
316F
330
17
100
AcDbEntity
  8
ELEM_04_INFERIOR
100
AcDbVertex
100
AcDbPolyFaceMeshVertex
 10
12120073.45738815
 20
3531358.46199029
 30
10.10075735739738
 70
192
  0
VERTEX
  5
3170
330
17
100
AcDbEntity
  8
ELEM_04_INFERIOR
100
AcDbVertex
100
AcDbPolyFaceMeshVertex
 10
12120064.49278666
 20
3531351.407001118
 30
9.78225077656728
 70
192
  0
VERTEX
  5
3177
330
17
100
AcDbEntity
  8
ELEM_04_INFERIOR
100
AcDbVertex
100
AcDbPolyFaceMeshVertex
 10
12120070.8399787
 20
3531361.787869464
 30
10.12192529406383
 70
192
  0
VERTEX
  5
3178
330
17
100
AcDbEntity
  8
ELEM_04_INFERIOR
100
AcDbVertex
100
AcDbPolyFaceMeshVertex
 10
12120061.87053797
 20
3531354.729067965
 30
9.776745538234
 70
192
  0
VERTEX
  5
317F
330
17
100
AcDbEntity
  8
ELEM_04_INFERIOR
100
AcDbVertex
100
AcDbPolyFaceMeshVertex
 10
12120067.74778999
 20
3531365.717038116
 30
10.14693180573024
 70
192
  0
VERTEX
  5
3180
330
17
100
AcDbEntity
  8
ELEM_04_INFERIOR
100
AcDbVertex
100
AcDbPolyFaceMeshVertex
 10
12120058.7726275
 20
3531358.653738593
 30
9.7702429265674
 70
192
  0
VERTEX
  5
3187
330
17
100
AcDbEntity
  8
ELEM_04_INFERIOR
100
AcDbVertex
100
AcDbPolyFaceMeshVertex
 10
12120067.27301732
 20
3531366.32032103
 30
10.1507703807302
 70
192
  0
VERTEX
  5
3188
330
17
100
AcDbEntity
  8
ELEM_04_INFERIOR
100
AcDbVertex
100
AcDbPolyFaceMeshVertex
 10
12120058.29697884
 20
3531359.256329252
 30
9.769242272400742
 70
192
  0
VERTEX
  5
318F
330
17
100
AcDbEntity
  8
ELEM_04_INFERIOR
100
AcDbVertex
100
AcDbPolyFaceMeshVertex
 10
12120064.65560129
 20
3531369.646206767
 30
10.17193831739665
 70
192
  0
VERTEX
  5
3190
330
17
100
AcDbEntity
  8
ELEM_04_INFERIOR
100
AcDbVertex
100
AcDbPolyFaceMeshVertex
 10
12120055.67472031
 20
3531362.578405942
 30
9.763737034067466
 70
192
  0
VERTEX
  5
3197
330
17
100
AcDbEntity
  8
ELEM_04_INFERIOR
100
AcDbVertex
100
AcDbPolyFaceMeshVertex
 10
12120061.56340932
 20
3531373.575375417
 30
10.19694482906306
 70
192
  0
VERTEX
  5
3198
330
17
100
AcDbEntity
  8
ELEM_04_INFERIOR
100
AcDbVertex
100
AcDbPolyFaceMeshVertex
 10
12120052.57681312
 20
3531366.503073289
 30
9.757234422400867
 70
192
  0
VERTEX
  5
319F
330
17
100
AcDbEntity
  8
ELEM_04_INFERIOR
100
AcDbVertex
100
AcDbPolyFaceMeshVertex
 10
12120061.08864321
 20
3531374.178648489
 30
10.20078668489636
 70
192
  0
VERTEX
  5
31A0
330
17
100
AcDbEntity
  8
ELEM_04_INFERIOR
100
AcDbVertex
100
AcDbPolyFaceMeshVertex
 10
12120052.10117103
 20
3531367.105657386
 30
9.756237049067543
 70
192
  0
VERTEX
  5
31A7
330
17
100
AcDbEntity
  8
ELEM_04_INFERIOR
100
AcDbVertex
100
AcDbPolyFaceMeshVertex
 10
12120058.47122062
 20
3531377.504544068
 30
10.22195134072948
 70
192
  0
VERTEX
  5
31A8
330
17
100
AcDbEntity
  8
ELEM_04_INFERIOR
100
AcDbVertex
100
AcDbPolyFaceMeshVertex
 10
12120049.47890593
 20
3531370.427743918
 30
9.750731810734266
 70
192
  0
VERTEX
  5
31AF
330
17
100
AcDbEntity
  8
ELEM_04_INFERIOR
100
AcDbVertex
100
AcDbPolyFaceMeshVertex
 10
12120057.83650732
 20
3531378.311058202
 30
10.22708584489609
 70
192
  0
VERTEX
  5
31B0
330
17
100
AcDbEntity
  8
ELEM_04_INFERIOR
100
AcDbVertex
100
AcDbPolyFaceMeshVertex
 10
12120048.84302137
 20
3531371.233332857
 30
9.749396511567612
 70
192
  0
VERTEX
  5
31B8
330
17
100
AcDbEntity
  8
ELEM_04_INFERIOR
100
AcDbVertex
100
AcDbPolyFaceMeshVertex
 10
12120046.39226184
 20
3531374.361276077
 30
9.744225918234331
 70
192
  0
VERTEX
  5
31BB
330
17
100
AcDbEntity
  8
ELEM_04_INFERIOR
100
AcDbVertex
100
AcDbPolyFaceMeshVertex
 10
12120055.37903192
 20
3531381.433712718
 30
10.24696113322922
 70
192
  0
VERTEX
  5
31C0
330
17
100
AcDbEntity
  8
ELEM_04_INFERIOR
100
AcDbVertex
100
AcDbPolyFaceMeshVertex
 10
12120045.91880478
 20
3531374.965556363
 30
9.743228544901008
 70
192
  0
VERTEX
  5
31C3
330
17
100
AcDbEntity
  8
ELEM_04_INFERIOR
100
AcDbVertex
100
AcDbPolyFaceMeshVertex
 10
12120054.90427566
 20
3531382.036972666
 30
10.25079970822918
 70
192
  0
VERTEX
  5
31C8
330
17
100
AcDbEntity
  8
ELEM_04_INFERIOR
100
AcDbVertex
100
AcDbPolyFaceMeshVertex
 10
12120044.24177073
 20
3531377.105978593
 30
9.739691806567713
 70
192
  0
VERTEX
  5
31CB
330
17
100
AcDbEntity
  8
ELEM_04_INFERIOR
100
AcDbVertex
100
AcDbPolyFaceMeshVertex
 10
12120053.22264516
 20
3531384.173776136
 30
10.26439876239571
 70
192
  0
VERTEX
  5
31D0
330
17
100
AcDbEntity
  8
ELEM_04_INFERIOR
100
AcDbVertex
100
AcDbPolyFaceMeshVertex
 10
12120043.30852457
 20
3531378.297094976
 30
9.73772330656773
 70
192
  0
VERTEX
  5
31D3
330
17
100
AcDbEntity
  8
ELEM_04_INFERIOR
100
AcDbVertex
100
AcDbPolyFaceMeshVertex
 10
12120052.28684323
 20
3531385.36288137
 30
10.27173798656231
 70
192
  0
VERTEX
  5
31D8
330
17
100
AcDbEntity
  8
ELEM_04_INFERIOR
100
AcDbVertex
100
AcDbPolyFaceMeshVertex
 10
12120040.22479058
 20
3531382.232917156
 30
9.73122069490113
 70
192
  0
VERTEX
  5
31DB
330
17
100
AcDbEntity
  8
ELEM_04_INFERIOR
100
AcDbVertex
100
AcDbPolyFaceMeshVertex
 10
12120049.19465125
 20
3531389.29205002
 30
10.29273203906209
 70
192
  0
VERTEX
  5
31E0
330
17
100
AcDbEntity
  8
ELEM_04_INFERIOR
100
AcDbVertex
100
AcDbPolyFaceMeshVertex
 10
12120039.75134664
 20
3531382.837181041
 30
9.730220040734476
 70
192
  0
VERTEX
  5
31E3
330
17
100
AcDbEntity
  8
ELEM_04_INFERIOR
100
AcDbVertex
100
AcDbPolyFaceMeshVertex
 10
12120048.71991138
 20
3531389.895290284
 30
10.29551418572873
 70
192
  0
VERTEX
  5
31E8
330
17
100
AcDbEntity
  8
ELEM_04_INFERIOR
100
AcDbVertex
100
AcDbPolyFaceMeshVertex
 10
12120037.14105331
 20
3531386.168739337
 30
9.724714802401193
 70
192
  0
VERTEX
  5
31EB
330
17
100
AcDbEntity
  8
ELEM_04_INFERIOR
100
AcDbVertex
100
AcDbPolyFaceMeshVertex
 10
12120046.10246255
 20
3531393.22121539
 30
10.30872610156193
 70
192
  0
VERTEX
  5
31F0
330
17
100
AcDbEntity
  8
ELEM_04_INFERIOR
100
AcDbVertex
100
AcDbPolyFaceMeshVertex
 10
12120034.05731932
 20
3531390.104558238
 30
9.718212190734596
 70
192
  0
VERTEX
  5
31F3
330
17
100
AcDbEntity
  8
ELEM_04_INFERIOR
100
AcDbVertex
100
AcDbPolyFaceMeshVertex
 10
12120043.01027385
 20
3531397.150384042
 30
10.31972345489515
 70
192
  0
VERTEX
  5
31F8
330
17
100
AcDbEntity
  8
ELEM_04_INFERIOR
100
AcDbVertex
100
AcDbPolyFaceMeshVertex
 10
12120033.58388851
 20
3531390.708805718
 30
9.717214817401274
 70
192
  0
VERTEX
  5
31FB
330
17
100
AcDbEntity
  8
ELEM_04_INFERIOR
100
AcDbVertex
100
AcDbPolyFaceMeshVertex
 10
12120042.53554711
 20
3531397.753607901
 30
10.32096689072847
 70
192
  0
VERTEX
  5
3200
330
17
100
AcDbEntity
  8
ELEM_04_INFERIOR
100
AcDbVertex
100
AcDbPolyFaceMeshVertex
 10
12120030.97358205
 20
3531394.040380419
 30
9.711709579067996
 70
192
  0
VERTEX
  5
3203
330
17
100
AcDbEntity
  8
ELEM_04_INFERIOR
100
AcDbVertex
100
AcDbPolyFaceMeshVertex
 10
12120039.91808516
 20
3531401.079552692
 30
10.32571753739509
 70
192
  0
VERTEX
  5
3208
330
17
100
AcDbEntity
  8
ELEM_04_INFERIOR
100
AcDbVertex
100
AcDbPolyFaceMeshVertex
 10
12120030.92055394
 20
3531394.108060729
 30
9.711598030734663
 70
192
  0
VERTEX
  5
320B
330
17
100
AcDbEntity
  8
ELEM_04_INFERIOR
100
AcDbVertex
100
AcDbPolyFaceMeshVertex
 10
12120039.86490941
 20
3531401.147121455
 30
10.32577659239509
 70
192
  0
VERTEX
  5
3210
330
17
100
AcDbEntity
  8
ELEM_04_INFERIOR
100
AcDbVertex
100
AcDbPolyFaceMeshVertex
 10
12120027.88984806
 20
3531397.976202599
 30
9.705239775734727
 70
192
  0
VERTEX
  5
3213
330
17
100
AcDbEntity
  8
ELEM_04_INFERIOR
100
AcDbVertex
100
AcDbPolyFaceMeshVertex
 10
12120036.82589318
 20
3531405.008721342
 30
10.32671491072841
 70
192
  0
VERTEX
  5
3218
330
17
100
AcDbEntity
  8
ELEM_04_INFERIOR
100
AcDbVertex
100
AcDbPolyFaceMeshVertex
 10
12120027.41643037
 20
3531398.580430394
 30
9.704245683234738
 70
192
  0
VERTEX
  5
321B
330
17
100
AcDbEntity
  8
ELEM_04_INFERIOR
100
AcDbVertex
100
AcDbPolyFaceMeshVertex
 10
12120036.35118285
 20
3531405.611928798
 30
10.32642619739508
 70
192
  0
VERTEX
  5
3220
330
17
100
AcDbEntity
  8
ELEM_04_INFERIOR
100
AcDbVertex
100
AcDbPolyFaceMeshVertex
 10
12120024.80611079
 20
3531401.91202478
 30
9.698769972401461
 70
192
  0
VERTEX
  5
3223
330
17
100
AcDbEntity
  8
ELEM_04_INFERIOR
100
AcDbVertex
100
AcDbPolyFaceMeshVertex
 10
12120033.73370448
 20
3531408.937889994
 30
10.32271229406179
 70
192
  0
VERTEX
  5
3228
330
17
100
AcDbEntity
  8
ELEM_04_INFERIOR
100
AcDbVertex
100
AcDbPolyFaceMeshVertex
 10
12120021.72237351
 20
3531405.84784368
 30
9.692303449901523
 70
192
  0
VERTEX
  5
322B
330
17
100
AcDbEntity
  8
ELEM_04_INFERIOR
100
AcDbVertex
100
AcDbPolyFaceMeshVertex
 10
12120030.64151578
 20
3531412.867058644
 30
10.31370968739521
 70
192
  0
VERTEX
  5
3230
330
17
100
AcDbEntity
  8
ELEM_04_INFERIOR
100
AcDbVertex
100
AcDbPolyFaceMeshVertex
 10
12120021.24897223
 20
3531406.45205507
 30
9.691309357401536
 70
192
  0
VERTEX
  5
3233
330
17
100
AcDbEntity
  8
ELEM_04_INFERIOR
100
AcDbVertex
100
AcDbPolyFaceMeshVertex
 10
12120030.16681529
 20
3531413.470246414
 30
10.31188226322856
 70
192
  0
VERTEX
  5
3238
330
17
100
AcDbEntity
  8
ELEM_04_INFERIOR
100
AcDbVertex
100
AcDbPolyFaceMeshVertex
 10
12120018.63863952
 20
3531409.783665862
 30
9.685833646568256
 70
192
  0
VERTEX
  5
323B
330
17
100
AcDbEntity
  8
ELEM_04_INFERIOR
100
AcDbVertex
100
AcDbPolyFaceMeshVertex
 10
12120027.54932709
 20
3531416.796227294
 30
10.29970709072868
 70
192
  0
VERTEX
  5
3240
330
17
100
AcDbEntity
  8
ELEM_04_INFERIOR
100
AcDbVertex
100
AcDbPolyFaceMeshVertex
 10
12120015.55490225
 20
3531413.719488042
 30
9.679363843234992
 70
192
  0
VERTEX
  5
3243
330
17
100
AcDbEntity
  8
ELEM_04_INFERIOR
100
AcDbVertex
100
AcDbPolyFaceMeshVertex
 10
12120024.45713511
 20
3531420.725395945
 30
10.28070450406221
 70
192
  0
VERTEX
  5
3248
330
17
100
AcDbEntity
  8
ELEM_04_INFERIOR
100
AcDbVertex
100
AcDbPolyFaceMeshVertex
 10
12120015.08151737
 20
3531414.323676465
 30
9.678373031568334
 70
192
  0
VERTEX
  5
324B
330
17
100
AcDbEntity
  8
ELEM_04_INFERIOR
100
AcDbVertex
100
AcDbPolyFaceMeshVertex
 10
12120023.98245102
 20
3531421.328564031
 30
10.27734493072891
 70
192
  0
VERTEX
  5
3250
330
17
100
AcDbEntity
  8
ELEM_04_INFERIOR
100
AcDbVertex
100
AcDbPolyFaceMeshVertex
 10
12120013.40441115
 20
3531416.464190557
 30
9.674852697401702
 70
192
  0
VERTEX
  5
3253
330
17
100
AcDbEntity
  8
ELEM_04_INFERIOR
100
AcDbVertex
100
AcDbPolyFaceMeshVertex
 10
12120022.30075162
 20
3531423.465459363
 30
10.26449390656238
 70
192
  0
VERTEX
  5
3258
330
17
100
AcDbEntity
  8
ELEM_04_INFERIOR
100
AcDbVertex
100
AcDbPolyFaceMeshVertex
 10
12120012.47116827
 20
3531417.655306942
 30
9.672897320735057
 70
192
  0
VERTEX
  5
325B
330
17
100
AcDbEntity
  8
ELEM_04_INFERIOR
100
AcDbVertex
100
AcDbPolyFaceMeshVertex
 10
12120021.36494641
 20
3531424.654564597
 30
10.25693158572912
 70
192
  0
VERTEX
  5
3260
330
17
100
AcDbEntity
  8
ELEM_04_INFERIOR
100
AcDbVertex
100
AcDbPolyFaceMeshVertex
 10
12120009.387431
 20
3531421.591129122
 30
9.66642751740179
 70
192
  0
VERTEX
  5
3263
330
17
100
AcDbEntity
  8
ELEM_04_INFERIOR
100
AcDbVertex
100
AcDbPolyFaceMeshVertex
 10
12120018.27275771
 20
3531428.583733247
 30
10.23194475906271
 70
192
  0
VERTEX
  5
3268
330
17
100
AcDbEntity
  8
ELEM_04_INFERIOR
100
AcDbVertex
100
AcDbPolyFaceMeshVertex
 10
12120008.91405924
 20
3531422.195301142
 30
9.665433424901801
 70
192
  0
VERTEX
  5
326B
330
17
100
AcDbEntity
  8
ELEM_04_INFERIOR
100
AcDbVertex
100
AcDbPolyFaceMeshVertex
 10
12120017.79808675
 20
3531429.186884929
 30
10.22810946489608
 70
192
  0
VERTEX
  5
3270
330
17
100
AcDbEntity
  8
ELEM_04_INFERIOR
100
AcDbVertex
100
AcDbPolyFaceMeshVertex
 10
12120006.30369372
 20
3531425.526951303
 30
9.65995771406852
 70
192
  0
VERTEX
  5
3273
330
17
100
AcDbEntity
  8
ELEM_04_INFERIOR
100
AcDbVertex
100
AcDbPolyFaceMeshVertex
 10
12120015.18056901
 20
3531432.512901898
 30
10.2069579323963
 70
192
  0
VERTEX
  5
3278
330
17
100
AcDbEntity
  8
ELEM_04_INFERIOR
100
AcDbVertex
100
AcDbPolyFaceMeshVertex
 10
12120006.10055109
 20
3531425.786225719
 30
9.659531205735194
 70
192
  0
VERTEX
  5
327B
330
17
100
AcDbEntity
  8
ELEM_04_INFERIOR
100
AcDbVertex
100
AcDbPolyFaceMeshVertex
 10
12120014.97686535
 20
3531432.771739963
 30
10.20531095406298
 70
192
  0
VERTEX
  5
3280
330
17
100
AcDbEntity
  8
ELEM_04_INFERIOR
100
AcDbVertex
100
AcDbPolyFaceMeshVertex
 10
12120003.21995973
 20
3531429.462770203
 30
9.6584879007352
 70
192
  0
VERTEX
  5
3283
330
17
100
AcDbEntity
  8
ELEM_04_INFERIOR
100
AcDbVertex
100
AcDbPolyFaceMeshVertex
 10
12120012.08837704
 20
3531436.442067268
 30
10.18196782489655
 70
192
  0
VERTEX
  5
3288
330
17
100
AcDbEntity
  8
ELEM_04_INFERIOR
100
AcDbVertex
100
AcDbPolyFaceMeshVertex
 10
12120002.7466011
 20
3531430.066925818
 30
9.658317297401869
 70
192
  0
VERTEX
  5
328B
330
17
100
AcDbEntity
  8
ELEM_04_INFERIOR
100
AcDbVertex
100
AcDbPolyFaceMeshVertex
 10
12120011.61372248
 20
3531437.045202545
 30
10.17813253072992
 70
192
  0
VERTEX
  5
3290
330
17
100
AcDbEntity
  8
ELEM_04_INFERIOR
100
AcDbVertex
100
AcDbPolyFaceMeshVertex
 10
12120000.13622246
 20
3531433.398592384
 30
9.657369136568544
 70
192
  0
VERTEX
  5
3293
330
17
100
AcDbEntity
  8
ELEM_04_INFERIOR
100
AcDbVertex
100
AcDbPolyFaceMeshVertex
 10
12120008.99618834
 20
3531440.371235919
 30
10.15698099823013
 70
192
  0
VERTEX
  5
3298
330
17
100
AcDbEntity
  8
ELEM_04_INFERIOR
100
AcDbVertex
100
AcDbPolyFaceMeshVertex
 10
12119997.05248847
 20
3531437.334414564
 30
9.656250372401892
 70
192
  0
VERTEX
  5
329B
330
17
100
AcDbEntity
  8
ELEM_04_INFERIOR
100
AcDbVertex
100
AcDbPolyFaceMeshVertex
 10
12120005.90399964
 20
3531444.30040457
 30
10.13199417156372
 70
192
  0
VERTEX
  5
32A0
330
17
100
AcDbEntity
  8
ELEM_04_INFERIOR
100
AcDbVertex
100
AcDbPolyFaceMeshVertex
 10
12119996.57914297
 20
3531437.938550495
 30
9.656079769068564
 70
192
  0
VERTEX
  5
32A3
330
17
100
AcDbEntity
  8
ELEM_04_INFERIOR
100
AcDbVertex
100
AcDbPolyFaceMeshVertex
 10
12120005.4293582
 20
3531444.903520161
 30
10.12815559656376
 70
192
  0
VERTEX
  5
32A8
330
17
100
AcDbEntity
  8
ELEM_04_INFERIOR
100
AcDbVertex
100
AcDbPolyFaceMeshVertex
 10
12119993.9687512
 20
3531441.270236745
 30
9.655131608235237
 70
192
  0
VERTEX
  5
32AB
330
17
100
AcDbEntity
  8
ELEM_04_INFERIOR
100
AcDbVertex
100
AcDbPolyFaceMeshVertex
 10
12120002.81181095
 20
3531448.22957322
 30
10.10700406406398
 70
192
  0
VERTEX
  5
32B0
330
17
100
AcDbEntity
  8
ELEM_04_INFERIOR
100
AcDbVertex
100
AcDbPolyFaceMeshVertex
 10
12119990.88501393
 20
3531445.206055645
 30
9.65401284406858
 70
192
  0
VERTEX
  5
32B3
330
17
100
AcDbEntity
  8
ELEM_04_INFERIOR
100
AcDbVertex
100
AcDbPolyFaceMeshVertex
 10
12119999.71961897
 20
3531452.158741872
 30
10.08201723739757
 70
192
  0
VERTEX
  5
32B8
330
17
100
AcDbEntity
  8
ELEM_04_INFERIOR
100
AcDbVertex
100
AcDbPolyFaceMeshVertex
 10
12119990.41168483
 20
3531445.810175172
 30
9.65384224073525
 70
192
  0
VERTEX
  5
32BB
330
17
100
AcDbEntity
  8
ELEM_04_INFERIOR
100
AcDbVertex
100
AcDbPolyFaceMeshVertex
 10
12119999.24499393
 20
3531452.761837778
 30
10.07818194323093
 70
192
  0
VERTEX
  5
32C0
330
17
100
AcDbEntity
  8
ELEM_04_INFERIOR
100
AcDbVertex
100
AcDbPolyFaceMeshVertex
 10
12119987.80127995
 20
3531449.141877827
 30
9.652894079901928
 70
192
  0
VERTEX
  5
32C3
330
17
100
AcDbEntity
  8
ELEM_04_INFERIOR
100
AcDbVertex
100
AcDbPolyFaceMeshVertex
 10
12119996.62743027
 20
3531456.087910522
 30
10.05703041073115
 70
192
  0
VERTEX
  5
32C8
330
17
100
AcDbEntity
  8
ELEM_04_INFERIOR
100
AcDbVertex
100
AcDbPolyFaceMeshVertex
 10
12119984.71754267
 20
3531453.077700007
 30
9.65177531573527
 70
192
  0
VERTEX
  5
32CB
330
17
100
AcDbEntity
  8
ELEM_04_INFERIOR
100
AcDbVertex
100
AcDbPolyFaceMeshVertex
 10
12119993.53524157
 20
3531460.017079173
 30
10.0320403032314
 70
192
  0
VERTEX
  5
32D0
330
17
100
AcDbEntity
  8
ELEM_04_INFERIOR
100
AcDbVertex
100
AcDbPolyFaceMeshVertex
 10
12119984.24422669
 20
3531453.681799848
 30
9.651604712401939
 70
192
  0
VERTEX
  5
32D3
330
17
100
AcDbEntity
  8
ELEM_04_INFERIOR
100
AcDbVertex
100
AcDbPolyFaceMeshVertex
 10
12119993.06062966
 20
3531460.620158676
 30
10.02820500906478
 70
192
  0
VERTEX
  5
32D8
330
17
100
AcDbEntity
  8
ELEM_04_INFERIOR
100
AcDbVertex
100
AcDbPolyFaceMeshVertex
 10
12119982.54351815
 20
3531455.852438552
 30
9.650987915735277
 70
192
  0
VERTEX
  5
32DB
330
17
100
AcDbEntity
  8
ELEM_04_INFERIOR
100
AcDbVertex
100
AcDbPolyFaceMeshVertex
 10
12119991.35525578
 20
3531462.787129407
 30
10.01442550906492
 70
192
  0
VERTEX
  5
32E0
330
17
100
AcDbEntity
  8
ELEM_04_INFERIOR
100
AcDbVertex
100
AcDbPolyFaceMeshVertex
 10
12119981.63380868
 20
3531457.013518907
 30
9.650656551568616
 70
192
  0
VERTEX
  5
32E3
330
17
100
AcDbEntity
  8
ELEM_04_INFERIOR
100
AcDbVertex
100
AcDbPolyFaceMeshVertex
 10
12119990.44305287
 20
3531463.946247823
 30
10.00727001156499
 70
192
  0
VERTEX
  5
32E8
330
17
100
AcDbEntity
  8
ELEM_04_INFERIOR
100
AcDbVertex
100
AcDbPolyFaceMeshVertex
 10
12119980.63002132
 20
3531458.29466792
 30
9.650292379068619
 70
192
  0
VERTEX
  5
32EB
330
17
100
AcDbEntity
  8
ELEM_04_INFERIOR
100
AcDbVertex
100
AcDbPolyFaceMeshVertex
 10
12119989.43651289
 20
3531465.225231486
 30
9.999881574898401
 70
192
  0
VERTEX
  5
32F0
330
17
100
AcDbEntity
  8
ELEM_04_INFERIOR
100
AcDbVertex
100
AcDbPolyFaceMeshVertex
 10
12119978.61676747
 20
3531461.001831141
 30
9.64953778740196
 70
192
  0
VERTEX
  5
32F3
330
17
100
AcDbEntity
  8
ELEM_04_INFERIOR
100
AcDbVertex
100
AcDbPolyFaceMeshVertex
 10
12119987.3508609
 20
3531467.875416475
 30
9.986256274065205
 70
192
  0
VERTEX
  5
32F8
330
17
100
AcDbEntity
  8
ELEM_04_INFERIOR
100
AcDbVertex
100
AcDbPolyFaceMeshVertex
 10
12119978.15956038
 20
3531461.616626499
 30
9.649367184068627
 70
192
  0
VERTEX
  5
32FB
330
17
100
AcDbEntity
  8
ELEM_04_INFERIOR
100
AcDbVertex
100
AcDbPolyFaceMeshVertex
 10
12119986.87721355
 20
3531468.477268945
 30
9.983480689065235
 70
192
  0
VERTEX
  5
3300
330
17
100
AcDbEntity
  8
ELEM_04_INFERIOR
100
AcDbVertex
100
AcDbPolyFaceMeshVertex
 10
12119975.6319178
 20
3531465.015471407
 30
9.648419023235302
 70
192
  0
VERTEX
  5
3303
330
17
100
AcDbEntity
  8
ELEM_04_INFERIOR
100
AcDbVertex
100
AcDbPolyFaceMeshVertex
 10
12119984.2586722
 20
3531471.804585125
 30
9.970242526565366
 70
192
  0
VERTEX
  5
3308
330
17
100
AcDbEntity
  8
ELEM_04_INFERIOR
100
AcDbVertex
100
AcDbPolyFaceMeshVertex
 10
12119972.64706812
 20
3531469.029114954
 30
9.64730025906865
 70
192
  0
VERTEX
  5
330B
330
17
100
AcDbEntity
  8
ELEM_04_INFERIOR
100
AcDbVertex
100
AcDbPolyFaceMeshVertex
 10
12119981.1664835
 20
3531475.733753776
 30
9.959225488232148
 70
192
  0
VERTEX
  5
3310
330
17
100
AcDbEntity
  8
ELEM_04_INFERIOR
100
AcDbVertex
100
AcDbPolyFaceMeshVertex
 10
12119972.19208544
 20
3531469.640914912
 30
9.647129655735318
 70
192
  0
VERTEX
  5
3313
330
17
100
AcDbEntity
  8
ELEM_04_INFERIOR
100
AcDbVertex
100
AcDbPolyFaceMeshVertex
 10
12119980.6951393
 20
3531476.332676462
 30
9.957985333232159
 70
192
  0
VERTEX
  5
3318
330
17
100
AcDbEntity
  8
ELEM_04_INFERIOR
100
AcDbVertex
100
AcDbPolyFaceMeshVertex
 10
12119969.66221517
 20
3531473.042758502
 30
9.646181494901995
 70
192
  0
VERTEX
  5
331B
330
17
100
AcDbEntity
  8
ELEM_04_INFERIOR
100
AcDbVertex
100
AcDbPolyFaceMeshVertex
 10
12119978.07429481
 20
3531479.662919147
 30
9.953208439898876
 70
192
  0
VERTEX
  5
3320
330
17
100
AcDbEntity
  8
ELEM_04_INFERIOR
100
AcDbVertex
100
AcDbPolyFaceMeshVertex
 10
12119966.6773655
 20
3531477.056398768
 30
9.645062730735338
 70
192
  0
VERTEX
  5
3323
330
17
100
AcDbEntity
  8
ELEM_04_INFERIOR
100
AcDbVertex
100
AcDbPolyFaceMeshVertex
 10
12119974.98210282
 20
3531483.592087797
 30
9.95218810073222
 70
192
  0
VERTEX
  5
3328
330
17
100
AcDbEntity
  8
ELEM_04_INFERIOR
100
AcDbVertex
100
AcDbPolyFaceMeshVertex
 10
12119966.2246105
 20
3531477.665206606
 30
9.644892127402008
 70
192
  0
VERTEX
  5
332B
330
17
100
AcDbEntity
  8
ELEM_04_INFERIOR
100
AcDbVertex
100
AcDbPolyFaceMeshVertex
 10
12119974.51306833
 20
3531484.188083981
 30
9.952470252398882
 70
192
  0
VERTEX
  5
3330
330
17
100
AcDbEntity
  8
ELEM_04_INFERIOR
100
AcDbVertex
100
AcDbPolyFaceMeshVertex
 10
12119963.69251582
 20
3531481.070042316
 30
9.643943966568683
 70
192
  0
VERTEX
  5
3333
330
17
100
AcDbEntity
  8
ELEM_04_INFERIOR
100
AcDbVertex
100
AcDbPolyFaceMeshVertex
 10
12119971.88991413
 20
3531487.521256448
 30
9.95616775156551
 70
192
  0
VERTEX
  5
3338
330
17
100
AcDbEntity
  8
ELEM_04_INFERIOR
100
AcDbVertex
100
AcDbPolyFaceMeshVertex
 10
12119960.70766615
 20
3531485.083682583
 30
9.642825202402028
 70
192
  0
VERTEX
  5
333B
330
17
100
AcDbEntity
  8
ELEM_04_INFERIOR
100
AcDbVertex
100
AcDbPolyFaceMeshVertex
 10
12119968.79772543
 20
3531491.450425098
 30
9.965147392398752
 70
192
  0
VERTEX
  5
3340
330
17
100
AcDbEntity
  8
ELEM_04_INFERIOR
100
AcDbVertex
100
AcDbPolyFaceMeshVertex
 10
12119960.25713556
 20
3531485.689498301
 30
9.642654599068695
 70
192
  0
VERTEX
  5
3343
330
17
100
AcDbEntity
  8
ELEM_04_INFERIOR
100
AcDbVertex
100
AcDbPolyFaceMeshVertex
 10
12119968.33099408
 20
3531492.043488217
 30
9.966938727398736
 70
192
  0
VERTEX
  5
3348
330
17
100
AcDbEntity
  8
ELEM_04_INFERIOR
100
AcDbVertex
100
AcDbPolyFaceMeshVertex
 10
12119957.7228132
 20
3531489.097326129
 30
9.641706438235374
 70
192
  0
VERTEX
  5
334B
330
17
100
AcDbEntity
  8
ELEM_04_INFERIOR
100
AcDbVertex
100
AcDbPolyFaceMeshVertex
 10
12119965.70553673
 20
3531495.37959375
 30
9.979127023231944
 70
192
  0
VERTEX
  5
3350
330
17
100
AcDbEntity
  8
ELEM_04_INFERIOR
100
AcDbVertex
100
AcDbPolyFaceMeshVertex
 10
12119954.73796352
 20
3531493.110969678
 30
9.64058767406872
 70
192
  0
VERTEX
  5
3353
330
17
100
AcDbEntity
  8
ELEM_04_INFERIOR
100
AcDbVertex
100
AcDbPolyFaceMeshVertex
 10
12119962.61334475
 20
3531499.3087624
 30
9.998103363231753
 70
192
  0
VERTEX
  5
3358
330
17
100
AcDbEntity
  8
ELEM_04_INFERIOR
100
AcDbVertex
100
AcDbPolyFaceMeshVertex
 10
12119954.28966061
 20
3531493.713786713
 30
9.64042035156872
 70
192
  0
VERTEX
  5
335D
330
17
100
AcDbEntity
  8
ELEM_04_INFERIOR
100
AcDbVertex
100
AcDbPolyFaceMeshVertex
 10
12119962.14892311
 20
3531499.898895734
 30
10.00138419656505
 70
192
  0
VERTEX
  5
3360
330
17
100
AcDbEntity
  8
ELEM_04_INFERIOR
100
AcDbVertex
100
AcDbPolyFaceMeshVertex
 10
12119952.63365343
 20
3531495.940573598
 30
9.639796993235393
 70
192
  0
VERTEX
  5
3365
330
17
100
AcDbEntity
  8
ELEM_04_INFERIOR
100
AcDbVertex
100
AcDbPolyFaceMeshVertex
 10
12119960.43336224
 20
3531502.078812634
 30
10.01448456406492
 70
192
  0
VERTEX
  5
3368
330
17
100
AcDbEntity
  8
ELEM_04_INFERIOR
100
AcDbVertex
100
AcDbPolyFaceMeshVertex
 10
12119951.75311385
 20
3531497.124609944
 30
9.639468909902062
 70
192
  0
VERTEX
  5
336D
330
17
100
AcDbEntity
  8
ELEM_04_INFERIOR
100
AcDbVertex
100
AcDbPolyFaceMeshVertex
 10
12119959.52115606
 20
3531503.237931051
 30
10.02185987739818
 70
192
  0
VERTEX
  5
3370
330
17
100
AcDbEntity
  8
ELEM_04_INFERIOR
100
AcDbVertex
100
AcDbPolyFaceMeshVertex
 10
12119950.45230281
 20
3531498.873773113
 30
9.638980065735401
 70
192
  0
VERTEX
  5
3375
330
17
100
AcDbEntity
  8
ELEM_04_INFERIOR
100
AcDbVertex
100
AcDbPolyFaceMeshVertex
 10
12119958.17356689
 20
3531504.950279988
 30
10.03275552489807
 70
192
  0
VERTEX
  5
3378
330
17
100
AcDbEntity
  8
ELEM_04_INFERIOR
100
AcDbVertex
100
AcDbPolyFaceMeshVertex
 10
12119948.74173864
 20
3531501.173919432
 30
9.638340303235406
 70
192
  0
VERTEX
  5
337B
330
17
100
AcDbEntity
  8
ELEM_04_INFERIOR
100
AcDbVertex
100
AcDbPolyFaceMeshVertex
 10
12119956.42164782
 20
3531507.182873948
 30
10.04685982739792
 70
192
  0
VERTEX
  5
3380
330
17
100
AcDbEntity
  8
ELEM_04_INFERIOR
100
AcDbVertex
100
AcDbPolyFaceMeshVertex
 10
12119948.32218567
 20
3531501.738078408
 30
9.638182823235407
 70
192
  0
VERTEX
  5
3383
330
17
100
AcDbEntity
  8
ELEM_04_INFERIOR
100
AcDbVertex
100
AcDbPolyFaceMeshVertex
 10
12119955.99287571
 20
3531507.73126524
 30
10.05032110656455
 70
192
  0
VERTEX
  5
3388
330
17
100
AcDbEntity
  8
ELEM_04_INFERIOR
100
AcDbVertex
100
AcDbPolyFaceMeshVertex
 10
12119945.71043893
 20
3531505.250016921
 30
9.637201854068753
 70
192
  0
VERTEX
  5
338B
330
17
100
AcDbEntity
  8
ELEM_04_INFERIOR
100
AcDbVertex
100
AcDbPolyFaceMeshVertex
 10
12119953.33198536
 20
3531511.152108136
 30
10.07185977739767
 70
192
  0
VERTEX
  5
3390
330
17
100
AcDbEntity
  8
ELEM_04_INFERIOR
100
AcDbVertex
100
AcDbPolyFaceMeshVertex
 10
12119943.3571956
 20
3531508.414357706
 30
9.636319309902094
 70
192
  0
VERTEX
  5
3393
330
17
100
AcDbEntity
  8
ELEM_04_INFERIOR
100
AcDbVertex
100
AcDbPolyFaceMeshVertex
 10
12119950.94671782
 20
3531514.244654444
 30
10.0912724682308
 70
192
  0
VERTEX
  5
3398
330
17
100
AcDbEntity
  8
ELEM_04_INFERIOR
100
AcDbVertex
100
AcDbPolyFaceMeshVertex
 10
12119942.7119049
 20
3531509.349979194
 30
9.636066685735427
 70
192
  0
VERTEX
  5
339B
330
17
100
AcDbEntity
  8
ELEM_04_INFERIOR
100
AcDbVertex
100
AcDbPolyFaceMeshVertex
 10
12119950.26220476
 20
3531515.136742554
 30
10.09685972739741
 70
192
  0
VERTEX
  5
33A0
330
17
100
AcDbEntity
  8
ELEM_04_INFERIOR
100
AcDbVertex
100
AcDbPolyFaceMeshVertex
 10
12119942.40341798
 20
3531509.797261764
 30
9.635945294902099
 70
192
  0
VERTEX
  5
33A3
330
17
100
AcDbEntity
  8
ELEM_04_INFERIOR
100
AcDbVertex
100
AcDbPolyFaceMeshVertex
 10
12119949.93529596
 20
3531515.563516635
 30
10.09953032573072
 70
192
  0
VERTEX
  5
33A8
330
17
100
AcDbEntity
  8
ELEM_04_INFERIOR
100
AcDbVertex
100
AcDbPolyFaceMeshVertex
 10
12119939.82617248
 20
3531513.534075157
 30
9.634928236568776
 70
192
  0
VERTEX
  5
33AB
330
17
100
AcDbEntity
  8
ELEM_04_INFERIOR
100
AcDbVertex
100
AcDbPolyFaceMeshVertex
 10
12119947.21238802
 20
3531519.136675499
 30
10.12185967739716
 70
192
  0
VERTEX
  5
33B0
330
17
100
AcDbEntity
  8
ELEM_04_INFERIOR
100
AcDbVertex
100
AcDbPolyFaceMeshVertex
 10
12119937.07734924
 20
3531517.519664299
 30
9.633845561568787
 70
192
  0
VERTEX
  5
33B3
330
17
100
AcDbEntity
  8
ELEM_04_INFERIOR
100
AcDbVertex
100
AcDbPolyFaceMeshVertex
 10
12119944.32462477
 20
3531522.962668504
 30
10.14568508906358
 70
192
  0
VERTEX
  5
33B8
330
17
100
AcDbEntity
  8
ELEM_04_INFERIOR
100
AcDbVertex
100
AcDbPolyFaceMeshVertex
 10
12119936.94174583
 20
3531517.716278078
 30
9.633793068235454
 70
192
  0
VERTEX
  5
33BB
330
17
100
AcDbEntity
  8
ELEM_04_INFERIOR
100
AcDbVertex
100
AcDbPolyFaceMeshVertex
 10
12119944.18261062
 20
3531523.151808547
 30
10.1468596273969
 70
192
  0
VERTEX
  5
33C0
330
17
100
AcDbEntity
  8
ELEM_04_INFERIOR
100
AcDbVertex
100
AcDbPolyFaceMeshVertex
 10
12119936.72588997
 20
3531518.029253174
 30
9.633707766568786
 70
192
  0
VERTEX
  5
33C3
330
17
100
AcDbEntity
  8
ELEM_04_INFERIOR
100
AcDbVertex
100
AcDbPolyFaceMeshVertex
 10
12119943.95663338
 20
3531523.452952957
 30
10.14872970239689
 70
192
  0
VERTEX
  5
33C8
330
17
100
AcDbEntity
  8
ELEM_04_INFERIOR
100
AcDbVertex
100
AcDbPolyFaceMeshVertex
 10
12119934.05847733
 20
3531521.896801213
 30
9.632657899902133
 70
192
  0
VERTEX
  5
33CB
330
17
100
AcDbEntity
  8
ELEM_04_INFERIOR
100
AcDbVertex
100
AcDbPolyFaceMeshVertex
 10
12119941.17294472
 20
3531527.182036705
 30
10.17185957739665
 70
192
  0
VERTEX
  5
33D0
330
17
100
AcDbEntity
  8
ELEM_04_INFERIOR
100
AcDbVertex
100
AcDbPolyFaceMeshVertex
 10
12119931.17622259
 20
3531526.075854535
 30
9.631519450735476
 70
192
  0
VERTEX
  5
33D3
330
17
100
AcDbEntity
  8
ELEM_04_INFERIOR
100
AcDbVertex
100
AcDbPolyFaceMeshVertex
 10
12119938.18346579
 20
3531531.227264836
 30
10.1968595273964
 70
192
  0
VERTEX
  5
33D8
330
17
100
AcDbEntity
  8
ELEM_04_INFERIOR
100
AcDbVertex
100
AcDbPolyFaceMeshVertex
 10
12119931.04836195
 20
3531526.261241304
 30
9.631470238235474
 70
192
  0
VERTEX
  5
33DB
330
17
100
AcDbEntity
  8
ELEM_04_INFERIOR
100
AcDbVertex
100
AcDbPolyFaceMeshVertex
 10
12119938.05129742
 20
3531531.407090591
 30
10.19796844906305
 70
192
  0
VERTEX
  5
33E0
330
17
100
AcDbEntity
  8
ELEM_04_INFERIOR
100
AcDbVertex
100
AcDbPolyFaceMeshVertex
 10
12119929.77138616
 20
3531528.112763191
 30
9.630968270735483
 70
192
  0
VERTEX
  5
33E3
330
17
100
AcDbEntity
  8
ELEM_04_INFERIOR
100
AcDbVertex
100
AcDbPolyFaceMeshVertex
 10
12119936.73337683
 20
3531533.204810093
 30
10.2090478232296
 70
192
  0
VERTEX
  5
33E8
330
17
100
AcDbEntity
  8
ELEM_04_INFERIOR
100
AcDbVertex
100
AcDbPolyFaceMeshVertex
 10
12119928.29483727
 20
3531530.253648016
 30
9.652933449901925
 70
192
  0
VERTEX
  5
33EB
330
17
100
AcDbEntity
  8
ELEM_04_INFERIOR
100
AcDbVertex
100
AcDbPolyFaceMeshVertex
 10
12119935.21425257
 20
3531535.28739123
 30
10.22185947739614
 70
192
  0
VERTEX
  5
33F0
330
17
100
AcDbEntity
  8
ELEM_04_INFERIOR
100
AcDbVertex
100
AcDbPolyFaceMeshVertex
 10
12119925.41417703
 20
3531534.430391631
 30
9.69578769490149
 70
192
  0
VERTEX
  5
33F3
330
17
100
AcDbEntity
  8
ELEM_04_INFERIOR
100
AcDbVertex
100
AcDbPolyFaceMeshVertex
 10
12119932.26537723
 20
3531539.362310902
 30
10.24685942739589
 70
192
  0
VERTEX
  5
33F8
330
17
100
AcDbEntity
  8
ELEM_04_INFERIOR
100
AcDbVertex
100
AcDbPolyFaceMeshVertex
 10
12119925.37083394
 20
3531534.493232713
 30
9.696430738234817
 70
192
  0
VERTEX
  5
33FB
330
17
100
AcDbEntity
  8
ELEM_04_INFERIOR
100
AcDbVertex
100
AcDbPolyFaceMeshVertex
 10
12119932.22116144
 20
3531539.423741226
 30
10.24723672322922
 70
192
  0
VERTEX
  5
3400
330
17
100
AcDbEntity
  8
ELEM_04_INFERIOR
100
AcDbVertex
100
AcDbPolyFaceMeshVertex
 10
12119924.06003603
 20
3531536.393789936
 30
9.715932011567952
 70
192
  0
VERTEX
  5
3403
330
17
100
AcDbEntity
  8
ELEM_04_INFERIOR
100
AcDbVertex
100
AcDbPolyFaceMeshVertex
 10
12119930.88600663
 20
3531541.283228976
 30
10.2586146532291
 70
192
  0
VERTEX
  5
3408
330
17
100
AcDbEntity
  8
ELEM_04_INFERIOR
100
AcDbVertex
100
AcDbPolyFaceMeshVertex
 10
12119922.5340942
 20
3531538.606288791
 30
9.738632097401055
 70
192
  0
VERTEX
  5
340B
330
17
100
AcDbEntity
  8
ELEM_04_INFERIOR
100
AcDbVertex
100
AcDbPolyFaceMeshVertex
 10
12119929.33691196
 20
3531543.451925425
 30
10.27185937739564
 70
192
  0
VERTEX
  5
3410
330
17
100
AcDbEntity
  8
ELEM_04_INFERIOR
100
AcDbVertex
100
AcDbPolyFaceMeshVertex
 10
12119919.69330592
 20
3531542.725224123
 30
9.780892511567293
 70
192
  0
VERTEX
  5
3413
330
17
100
AcDbEntity
  8
ELEM_04_INFERIOR
100
AcDbVertex
100
AcDbPolyFaceMeshVertex
 10
12119926.46803319
 20
3531547.500657485
 30
10.29652140156205
 70
192
  0
VERTEX
  5
3418
330
17
100
AcDbEntity
  8
ELEM_04_INFERIOR
100
AcDbVertex
100
AcDbPolyFaceMeshVertex
 10
12119919.65445101
 20
3531542.781556031
 30
9.781469938233954
 70
192
  0
VERTEX
  5
341B
330
17
100
AcDbEntity
  8
ELEM_04_INFERIOR
100
AcDbVertex
100
AcDbPolyFaceMeshVertex
 10
12119926.42893221
 20
3531547.556133097
 30
10.29685932739538
 70
192
  0
VERTEX
  5
3420
330
17
100
AcDbEntity
  8
ELEM_04_INFERIOR
100
AcDbVertex
100
AcDbPolyFaceMeshVertex
 10
12119916.7751031
 20
3531546.956400044
 30
9.824304498233518
 70
192
  0
VERTEX
  5
3423
330
17
100
AcDbEntity
  8
ELEM_04_INFERIOR
100
AcDbVertex
100
AcDbPolyFaceMeshVertex
 10
12119923.54151017
 20
3531551.674825645
 30
10.32185927739512
 70
192
  0
VERTEX
  5
3428
330
17
100
AcDbEntity
  8
ELEM_04_INFERIOR
100
AcDbVertex
100
AcDbPolyFaceMeshVertex
 10
12119914.01577791
 20
3531550.957215533
 30
9.865354284899768
 70
192
  0
VERTEX
  5
342B
330
17
100
AcDbEntity
  8
ELEM_04_INFERIOR
100
AcDbVertex
100
AcDbPolyFaceMeshVertex
 10
12119920.79366462
 20
3531555.635532948
 30
10.34581920322822
 70
192
  0
VERTEX
  5
3430
330
17
100
AcDbEntity
  8
ELEM_04_INFERIOR
100
AcDbVertex
100
AcDbPolyFaceMeshVertex
 10
12119913.89589954
 20
3531551.131027521
 30
9.867139058233082
 70
192
  0
VERTEX
  5
3433
330
17
100
AcDbEntity
  8
ELEM_04_INFERIOR
100
AcDbVertex
100
AcDbPolyFaceMeshVertex
 10
12119920.674718
 20
3531555.80790465
 30
10.34685922739488
 70
192
  0
VERTEX
  5
3437
330
17
100
AcDbEntity
  8
ELEM_04_INFERIOR
100
AcDbVertex
100
AcDbPolyFaceMeshVertex
 10
12119917.86456614
 20
3531559.902614308
 30
10.37154421739462
 70
192
  0
VERTEX
  5
3438
330
17
100
AcDbEntity
  8
ELEM_04_INFERIOR
100
AcDbVertex
100
AcDbPolyFaceMeshVertex
 10
12119911.05319197
 20
3531555.252738438
 30
9.909425719065986
 70
192
  0
VERTEX
  5
343F
330
17
100
AcDbEntity
  8
ELEM_04_INFERIOR
100
AcDbVertex
100
AcDbPolyFaceMeshVertex
 10
12119917.82862462
 20
3531559.955265121
 30
10.37185917739462
 70
192
  0
VERTEX
  5
3440
330
17
100
AcDbEntity
  8
ELEM_04_INFERIOR
100
AcDbVertex
100
AcDbPolyFaceMeshVertex
 10
12119911.01670254
 20
3531555.305648437
 30
9.909970337399312
 70
192
  0
VERTEX
  5
3447
330
17
100
AcDbEntity
  8
ELEM_04_INFERIOR
100
AcDbVertex
100
AcDbPolyFaceMeshVertex
 10
12119915.19973551
 20
3531563.826021816
 30
10.39511700489438
 70
192
  0
VERTEX
  5
3448
330
17
100
AcDbEntity
  8
ELEM_04_INFERIOR
100
AcDbVertex
100
AcDbPolyFaceMeshVertex
 10
12119908.33824661
 20
3531559.189203662
 30
9.949816058232242
 70
192
  0
VERTEX
  5
344F
330
17
100
AcDbEntity
  8
ELEM_04_INFERIOR
100
AcDbVertex
100
AcDbPolyFaceMeshVertex
 10
12119915.00330546
 20
3531564.116805355
 30
10.39685912739437
 70
192
  0
VERTEX
  5
3450
330
17
100
AcDbEntity
  8
ELEM_04_INFERIOR
100
AcDbVertex
100
AcDbPolyFaceMeshVertex
 10
12119908.13736447
 20
3531559.480469483
 30
9.95280489739888
 70
192
  0
VERTEX
  5
3457
330
17
100
AcDbEntity
  8
ELEM_04_INFERIOR
100
AcDbVertex
100
AcDbPolyFaceMeshVertex
 10
12119912.19882944
 20
3531568.292420363
 30
10.42185907739411
 70
192
  0
VERTEX
  5
3458
330
17
100
AcDbEntity
  8
ELEM_04_INFERIOR
100
AcDbVertex
100
AcDbPolyFaceMeshVertex
 10
12119905.25774425
 20
3531563.655703916
 30
9.995642738231776
 70
192
  0
VERTEX
  5
345F
330
17
100
AcDbEntity
  8
ELEM_04_INFERIOR
100
AcDbVertex
100
AcDbPolyFaceMeshVertex
 10
12119912.06285859
 20
3531568.496022318
 30
10.42307626656076
 70
192
  0
VERTEX
  5
3460
330
17
100
AcDbEntity
  8
ELEM_04_INFERIOR
100
AcDbVertex
100
AcDbPolyFaceMeshVertex
 10
12119905.11757392
 20
3531563.858941698
 30
9.997726067398425
 70
192
  0
VERTEX
  5
3468
330
17
100
AcDbEntity
  8
ELEM_04_INFERIOR
100
AcDbVertex
100
AcDbPolyFaceMeshVertex
 10
12119902.77878923
 20
3531567.499803838
 30
10.03427783156471
 70
192
  0
VERTEX
  5
346B
330
17
100
AcDbEntity
  8
ELEM_04_INFERIOR
100
AcDbVertex
100
AcDbPolyFaceMeshVertex
 10
12119909.68762383
 20
3531572.070060446
 30
10.44440496406055
 70
192
  0
VERTEX
  5
3470
330
17
100
AcDbEntity
  8
ELEM_04_INFERIOR
100
AcDbVertex
100
AcDbPolyFaceMeshVertex
 10
12119902.50966247
 20
3531567.918762974
 30
10.03848385989801
 70
192
  0
VERTEX
  5
3473
330
17
100
AcDbEntity
  8
ELEM_04_INFERIOR
100
AcDbVertex
100
AcDbPolyFaceMeshVertex
 10
12119909.41526545
 20
3531572.48200516
 30
10.44685902739386
 70
192
  0
VERTEX
  5
3478
330
17
100
AcDbEntity
  8
ELEM_04_INFERIOR
100
AcDbVertex
100
AcDbPolyFaceMeshVertex
 10
12119899.76866729
 20
3531572.185762314
 30
10.08131841989757
 70
192
  0
VERTEX
  5
347B
330
17
100
AcDbEntity
  8
ELEM_04_INFERIOR
100
AcDbVertex
100
AcDbPolyFaceMeshVertex
 10
12119906.6526824
 20
3531576.685454759
 30
10.4718589773936
 70
192
  0
VERTEX
  5
3480
330
17
100
AcDbEntity
  8
ELEM_04_INFERIOR
100
AcDbVertex
100
AcDbPolyFaceMeshVertex
 10
12119898.38592728
 20
3531574.338323626
 30
10.10292598823069
 70
192
  0
VERTEX
  5
3483
330
17
100
AcDbEntity
  8
ELEM_04_INFERIOR
100
AcDbVertex
100
AcDbPolyFaceMeshVertex
 10
12119905.26694698
 20
3531578.81132321
 30
10.48447378156014
 70
192
  0
VERTEX
  5
3488
330
17
100
AcDbEntity
  8
ELEM_04_INFERIOR
100
AcDbVertex
100
AcDbPolyFaceMeshVertex
 10
12119897.37411172
 20
3531575.913448429
 30
10.11873632406386
 70
192
  0
VERTEX
  5
348B
330
17
100
AcDbEntity
  8
ELEM_04_INFERIOR
100
AcDbVertex
100
AcDbPolyFaceMeshVertex
 10
12119904.25631252
 20
3531580.369171145
 30
10.49370276572672
 70
192
  0
VERTEX
  5
3490
330
17
100
AcDbEntity
  8
ELEM_04_INFERIOR
100
AcDbVertex
100
AcDbPolyFaceMeshVertex
 10
12119897.02788865
 20
3531576.452423728
 30
10.1241496990638
 70
192
  0
VERTEX
  5
3493
330
17
100
AcDbEntity
  8
ELEM_04_INFERIOR
100
AcDbVertex
100
AcDbPolyFaceMeshVertex
 10
12119903.91115244
 20
3531580.902664172
 30
10.49685892739335
 70
192
  0
VERTEX
  5
3498
330
17
100
AcDbEntity
  8
ELEM_04_INFERIOR
100
AcDbVertex
100
AcDbPolyFaceMeshVertex
 10
12119895.08700671
 20
3531579.473861256
 30
10.15447772239683
 70
192
  0
VERTEX
  5
349B
330
17
100
AcDbEntity
  8
ELEM_04_INFERIOR
100
AcDbVertex
100
AcDbPolyFaceMeshVertex
 10
12119901.98245552
 20
3531583.897435085
 30
10.51456558489317
 70
192
  0
VERTEX
  5
349F
330
17
100
AcDbEntity
  8
ELEM_04_INFERIOR
100
AcDbVertex
100
AcDbPolyFaceMeshVertex
 10
12119901.1907445
 20
3531585.133531694
 30
10.52915545072635
 70
192
  0
VERTEX
  5
34A0
330
17
100
AcDbEntity
  8
ELEM_04_INFERIOR
100
AcDbVertex
100
AcDbPolyFaceMeshVertex
 10
12119894.28718875
 20
3531580.718960471
 30
10.1669776973967
 70
192
  0
VERTEX
  5
34A7
330
17
100
AcDbEntity
  8
ELEM_04_INFERIOR
100
AcDbVertex
100
AcDbPolyFaceMeshVertex
 10
12119898.90671364
 20
3531588.722018613
 30
10.57143883072592
 70
192
  0
VERTEX
  5
34A8
330
17
100
AcDbEntity
  8
ELEM_04_INFERIOR
100
AcDbVertex
100
AcDbPolyFaceMeshVertex
 10
12119891.96943092
 20
3531584.327096299
 30
10.20319809739633
 70
192
  0
VERTEX
  5
34AF
330
17
100
AcDbEntity
  8
ELEM_04_INFERIOR
100
AcDbVertex
100
AcDbPolyFaceMeshVertex
 10
12119898.49152418
 20
3531589.377945777
 30
10.57915535072584
 70
192
  0
VERTEX
  5
34B0
330
17
100
AcDbEntity
  8
ELEM_04_INFERIOR
100
AcDbVertex
100
AcDbPolyFaceMeshVertex
 10
12119891.54643636
 20
3531584.985585795
 30
10.20980897656293
 70
192
  0
VERTEX
  5
34B7
330
17
100
AcDbEntity
  8
ELEM_04_INFERIOR
100
AcDbVertex
100
AcDbPolyFaceMeshVertex
 10
12119895.81355709
 20
3531593.635801435
 30
10.62915525072534
 70
192
  0
VERTEX
  5
34B8
330
17
100
AcDbEntity
  8
ELEM_04_INFERIOR
100
AcDbVertex
100
AcDbPolyFaceMeshVertex
 10
12119888.80548712
 20
3531589.252512958
 30
10.2526435365625
 70
192
  0
VERTEX
  5
34BF
330
17
100
AcDbEntity
  8
ELEM_04_INFERIOR
100
AcDbVertex
100
AcDbPolyFaceMeshVertex
 10
12119893.64037903
 20
3531597.126158628
 30
10.67002787239159
 70
192
  0
VERTEX
  5
34C0
330
17
100
AcDbEntity
  8
ELEM_04_INFERIOR
100
AcDbVertex
100
AcDbPolyFaceMeshVertex
 10
12119886.56475013
 20
3531592.740740889
 30
10.28765987072881
 70
192
  0
VERTEX
  5
34C7
330
17
100
AcDbEntity
  8
ELEM_04_INFERIOR
100
AcDbVertex
100
AcDbPolyFaceMeshVertex
 10
12119893.15691543
 20
3531597.906996961
 30
10.67915515072483
 70
192
  0
VERTEX
  5
34C8
330
17
100
AcDbEntity
  8
ELEM_04_INFERIOR
100
AcDbVertex
100
AcDbPolyFaceMeshVertex
 10
12119886.06420651
 20
3531593.519951929
 30
10.2954813773954
 70
192
  0
VERTEX
  5
34CF
330
17
100
AcDbEntity
  8
ELEM_04_INFERIOR
100
AcDbVertex
100
AcDbPolyFaceMeshVertex
 10
12119893.09957302
 20
3531597.999716592
 30
10.68023782572482
 70
192
  0
VERTEX
  5
34D0
330
17
100
AcDbEntity
  8
ELEM_04_INFERIOR
100
AcDbVertex
100
AcDbPolyFaceMeshVertex
 10
12119886.00479062
 20
3531593.612451744
 30
10.29640985322872
 70
192
  0
VERTEX
  5
34D7
330
17
100
AcDbEntity
  8
ELEM_04_INFERIOR
100
AcDbVertex
100
AcDbPolyFaceMeshVertex
 10
12119890.52166151
 20
3531602.191420806
 30
10.72915505072432
 70
192
  0
VERTEX
  5
34D8
330
17
100
AcDbEntity
  8
ELEM_04_INFERIOR
100
AcDbVertex
100
AcDbPolyFaceMeshVertex
 10
12119883.32246003
 20
3531597.788122527
 30
10.33832906072829
 70
192
  0
VERTEX
  5
34DF
330
17
100
AcDbEntity
  8
ELEM_04_INFERIOR
100
AcDbVertex
100
AcDbPolyFaceMeshVertex
 10
12119888.45879162
 20
3531605.579107601
 30
10.76858082489059
 70
192
  0
VERTEX
  5
34E0
330
17
100
AcDbEntity
  8
ELEM_04_INFERIOR
100
AcDbVertex
100
AcDbPolyFaceMeshVertex
 10
12119881.16006934
 20
3531601.154385479
 30
10.37212164406128
 70
192
  0
VERTEX
  5
34E7
330
17
100
AcDbEntity
  8
ELEM_04_INFERIOR
100
AcDbVertex
100
AcDbPolyFaceMeshVertex
 10
12119887.90786425
 20
3531606.488967985
 30
10.77915495072382
 70
192
  0
VERTEX
  5
34E8
330
17
100
AcDbEntity
  8
ELEM_04_INFERIOR
100
AcDbVertex
100
AcDbPolyFaceMeshVertex
 10
12119880.58010987
 20
3531602.057231443
 30
10.38118330572786
 70
192
  0
VERTEX
  5
34EF
330
17
100
AcDbEntity
  8
ELEM_04_INFERIOR
100
AcDbVertex
100
AcDbPolyFaceMeshVertex
 10
12119885.31558596
 20
3531610.79952695
 30
10.82915485072331
 70
192
  0
VERTEX
  5
34F0
330
17
100
AcDbEntity
  8
ELEM_04_INFERIOR
100
AcDbVertex
100
AcDbPolyFaceMeshVertex
 10
12119877.83701497
 20
3531606.327498492
 30
10.42405067406076
 70
192
  0
VERTEX
  5
34F7
330
17
100
AcDbEntity
  8
ELEM_04_INFERIOR
100
AcDbVertex
100
AcDbPolyFaceMeshVertex
 10
12119883.36335234
 20
3531614.078345852
 30
10.86708784572292
 70
192
  0
VERTEX
  5
34F8
330
17
100
AcDbEntity
  8
ELEM_04_INFERIOR
100
AcDbVertex
100
AcDbPolyFaceMeshVertex
 10
12119875.75539183
 20
3531609.568033349
 30
10.45658341739376
 70
192
  0
VERTEX
  5
34FF
330
17
100
AcDbEntity
  8
ELEM_04_INFERIOR
100
AcDbVertex
100
AcDbPolyFaceMeshVertex
 10
12119882.74489229
 20
3531615.122995993
 30
10.8791547507228
 70
192
  0
VERTEX
  5
3500
330
17
100
AcDbEntity
  8
ELEM_04_INFERIOR
100
AcDbVertex
100
AcDbPolyFaceMeshVertex
 10
12119875.09304079
 20
3531610.59913365
 30
10.46693444656032
 70
192
  0
VERTEX
  5
3507
330
17
100
AcDbEntity
  8
ELEM_04_INFERIOR
100
AcDbVertex
100
AcDbPolyFaceMeshVertex
 10
12119882.72045336
 20
3531615.164337774
 30
10.87963375238946
 70
192
  0
VERTEX
  5
3508
330
17
100
AcDbEntity
  8
ELEM_04_INFERIOR
100
AcDbVertex
100
AcDbPolyFaceMeshVertex
 10
12119875.06683678
 20
3531610.639927532
 30
10.46734455072698
 70
192
  0
VERTEX
  5
350F
330
17
100
AcDbEntity
  8
ELEM_04_INFERIOR
100
AcDbVertex
100
AcDbPolyFaceMeshVertex
 10
12119881.3686516
 20
3531617.458001166
 30
10.90609695405586
 70
192
  0
VERTEX
  5
3510
330
17
100
AcDbEntity
  8
ELEM_04_INFERIOR
100
AcDbVertex
100
AcDbPolyFaceMeshVertex
 10
12119873.67137369
 20
3531612.935224778
 30
10.49003151322675
 70
192
  0
VERTEX
  5
3517
330
17
100
AcDbEntity
  8
ELEM_04_INFERIOR
100
AcDbVertex
100
AcDbPolyFaceMeshVertex
 10
12119880.19584883
 20
3531619.459266849
 30
10.92915465072229
 70
192
  0
VERTEX
  5
3518
330
17
100
AcDbEntity
  8
ELEM_04_INFERIOR
100
AcDbVertex
100
AcDbPolyFaceMeshVertex
 10
12119872.45548701
 20
3531614.9351486
 30
10.50979853405988
 70
192
  0
VERTEX
  5
351F
330
17
100
AcDbEntity
  8
ELEM_04_INFERIOR
100
AcDbVertex
100
AcDbPolyFaceMeshVertex
 10
12119878.96680601
 20
3531621.567917486
 30
10.95341641322204
 70
192
  0
VERTEX
  5
3520
330
17
100
AcDbEntity
  8
ELEM_04_INFERIOR
100
AcDbVertex
100
AcDbPolyFaceMeshVertex
 10
12119871.17602107
 20
3531617.039655545
 30
10.53060229822634
 70
192
  0
VERTEX
  5
3527
330
17
100
AcDbEntity
  8
ELEM_04_INFERIOR
100
AcDbVertex
100
AcDbPolyFaceMeshVertex
 10
12119877.71948567
 20
3531623.720026043
 30
10.97814405405513
 70
192
  0
VERTEX
  5
3528
330
17
100
AcDbEntity
  8
ELEM_04_INFERIOR
100
AcDbVertex
100
AcDbPolyFaceMeshVertex
 10
12119869.87191935
 20
3531619.184680783
 30
10.54026107155957
 70
192
  0
VERTEX
  5
352F
330
17
100
AcDbEntity
  8
ELEM_04_INFERIOR
100
AcDbVertex
100
AcDbPolyFaceMeshVertex
 10
12119877.66851793
 20
3531623.808224685
 30
10.97915455072178
 70
192
  0
VERTEX
  5
3530
330
17
100
AcDbEntity
  8
ELEM_04_INFERIOR
100
AcDbVertex
100
AcDbPolyFaceMeshVertex
 10
12119869.81851066
 20
3531619.272528376
 30
10.54065805239291
 70
192
  0
VERTEX
  5
3537
330
17
100
AcDbEntity
  8
ELEM_04_INFERIOR
100
AcDbVertex
100
AcDbPolyFaceMeshVertex
 10
12119875.16296519
 20
3531628.169767801
 30
11.02915445072127
 70
192
  0
VERTEX
  5
3538
330
17
100
AcDbEntity
  8
ELEM_04_INFERIOR
100
AcDbVertex
100
AcDbPolyFaceMeshVertex
 10
12119867.18094048
 20
3531623.610872718
 30
10.56019213405937
 70
192
  0
VERTEX
  5
353F
330
17
100
AcDbEntity
  8
ELEM_04_INFERIOR
100
AcDbVertex
100
AcDbPolyFaceMeshVertex
 10
12119872.80517464
 20
3531632.320783121
 30
11.07660842405413
 70
192
  0
VERTEX
  5
3540
330
17
100
AcDbEntity
  8
ELEM_04_INFERIOR
100
AcDbVertex
100
AcDbPolyFaceMeshVertex
 10
12119864.67699863
 20
3531627.729434035
 30
10.57873868489252
 70
192
  0
VERTEX
  5
3547
330
17
100
AcDbEntity
  8
ELEM_04_INFERIOR
100
AcDbVertex
100
AcDbPolyFaceMeshVertex
 10
12119872.67924969
 20
3531632.543781361
 30
11.07915435072077
 70
192
  0
VERTEX
  5
3548
330
17
100
AcDbEntity
  8
ELEM_04_INFERIOR
100
AcDbVertex
100
AcDbPolyFaceMeshVertex
 10
12119864.54265507
 20
3531627.950404721
 30
10.57973605822584
 70
192
  0
VERTEX
  5
354F
330
17
100
AcDbEntity
  8
ELEM_04_INFERIOR
100
AcDbVertex
100
AcDbPolyFaceMeshVertex
 10
12119870.21743375
 20
3531636.930160384
 30
11.12915425072026
 70
192
  0
VERTEX
  5
3550
330
17
100
AcDbEntity
  8
ELEM_04_INFERIOR
100
AcDbVertex
100
AcDbPolyFaceMeshVertex
 10
12119861.90351337
 20
3531632.291340922
 30
10.59928326322564
 70
192
  0
VERTEX
  5
3557
330
17
100
AcDbEntity
  8
ELEM_04_INFERIOR
100
AcDbVertex
100
AcDbPolyFaceMeshVertex
 10
12119870.08016696
 20
3531637.176255692
 30
11.1319560823869
 70
192
  0
VERTEX
  5
3558
330
17
100
AcDbEntity
  8
ELEM_04_INFERIOR
100
AcDbVertex
100
AcDbPolyFaceMeshVertex
 10
12119861.75563636
 20
3531632.534575342
 30
10.60037906155896
 70
192
  0
VERTEX
  5
355F
330
17
100
AcDbEntity
  8
ELEM_04_INFERIOR
100
AcDbVertex
100
AcDbPolyFaceMeshVertex
 10
12119867.97881289
 20
3531640.964040112
 30
11.17501373905313
 70
192
  0
VERTEX
  5
3560
330
17
100
AcDbEntity
  8
ELEM_04_INFERIOR
100
AcDbVertex
100
AcDbPolyFaceMeshVertex
 10
12119859.48207792
 20
3531636.274187286
 30
10.6172195790588
 70
192
  0
VERTEX
  5
3567
330
17
100
AcDbEntity
  8
ELEM_04_INFERIOR
100
AcDbVertex
100
AcDbPolyFaceMeshVertex
 10
12119867.77758298
 20
3531641.328793318
 30
11.17915415071975
 70
192
  0
VERTEX
  5
3568
330
17
100
AcDbEntity
  8
ELEM_04_INFERIOR
100
AcDbVertex
100
AcDbPolyFaceMeshVertex
 10
12119859.26338413
 20
3531636.633897853
 30
10.61883702989211
 70
192
  0
VERTEX
  5
356F
330
17
100
AcDbEntity
  8
ELEM_04_INFERIOR
100
AcDbVertex
100
AcDbPolyFaceMeshVertex
 10
12119865.35975317
 20
3531645.739568617
 30
11.22915733155257
 70
192
  0
VERTEX
  5
3570
330
17
100
AcDbEntity
  8
ELEM_04_INFERIOR
100
AcDbVertex
100
AcDbPolyFaceMeshVertex
 10
12119856.62213941
 20
3531640.978295332
 30
10.63840063905858
 70
192
  0
VERTEX
  5
3577
330
17
100
AcDbEntity
  8
ELEM_04_INFERIOR
100
AcDbVertex
100
AcDbPolyFaceMeshVertex
 10
12119863.24161108
 20
3531649.647185474
 30
11.27333703321879
 70
192
  0
VERTEX
  5
3578
330
17
100
AcDbEntity
  8
ELEM_04_INFERIOR
100
AcDbVertex
100
AcDbPolyFaceMeshVertex
 10
12119854.28715721
 20
3531644.818940537
 30
10.65569719239173
 70
192
  0
VERTEX
  5
357F
330
17
100
AcDbEntity
  8
ELEM_04_INFERIOR
100
AcDbVertex
100
AcDbPolyFaceMeshVertex
 10
12119862.96400993
 20
3531650.162381294
 30
11.27915723155207
 70
192
  0
VERTEX
  5
3580
330
17
100
AcDbEntity
  8
ELEM_04_INFERIOR
100
AcDbVertex
100
AcDbPolyFaceMeshVertex
 10
12119853.97964142
 20
3531645.324749893
 30
10.65797409072504
 70
192
  0
VERTEX
  5
3587
330
17
100
AcDbEntity
  8
ELEM_04_INFERIOR
100
AcDbVertex
100
AcDbPolyFaceMeshVertex
 10
12119862.8841282
 20
3531650.310770106
 30
11.28083045655205
 70
192
  0
VERTEX
  5
3588
330
17
100
AcDbEntity
  8
ELEM_04_INFERIOR
100
AcDbVertex
100
AcDbPolyFaceMeshVertex
 10
12119853.89108516
 20
3531645.47040905
 30
10.65863025739171
 70
192
  0
VERTEX
  5
358F
330
17
100
AcDbEntity
  8
ELEM_04_INFERIOR
100
AcDbVertex
100
AcDbPolyFaceMeshVertex
 10
12119862.74520131
 20
3531650.568971688
 30
11.28373399405202
 70
192
  0
VERTEX
  5
3590
330
17
100
AcDbEntity
  8
ELEM_04_INFERIOR
100
AcDbVertex
100
AcDbPolyFaceMeshVertex
 10
12119853.73700739
 20
3531645.723843584
 30
10.65977198739169
 70
192
  0
VERTEX
  5
3597
330
17
100
AcDbEntity
  8
ELEM_04_INFERIOR
100
AcDbVertex
100
AcDbPolyFaceMeshVertex
 10
12119860.59040904
 20
3531654.597116519
 30
11.32565320155159
 70
192
  0
VERTEX
  5
3598
330
17
100
AcDbEntity
  8
ELEM_04_INFERIOR
100
AcDbVertex
100
AcDbPolyFaceMeshVertex
 10
12119851.45654935
 20
3531649.737739756
 30
10.67753441905818
 70
192
  0
VERTEX
  5
359F
330
17
100
AcDbEntity
  8
ELEM_04_INFERIOR
100
AcDbVertex
100
AcDbPolyFaceMeshVertex
 10
12119859.23988024
 20
3531657.144417855
 30
11.34892415238469
 70
192
  0
VERTEX
  5
35A0
330
17
100
AcDbEntity
  8
ELEM_04_INFERIOR
100
AcDbVertex
100
AcDbPolyFaceMeshVertex
 10
12119850.01699186
 20
3531652.271543742
 30
10.6887483073914
 70
192
  0
VERTEX
  5
35A7
330
17
100
AcDbEntity
  8
ELEM_04_INFERIOR
100
AcDbVertex
100
AcDbPolyFaceMeshVertex
 10
12119858.58899571
 20
3531658.378414732
 30
11.35930142821792
 70
192
  0
VERTEX
  5
35A8
330
17
100
AcDbEntity
  8
ELEM_04_INFERIOR
100
AcDbVertex
100
AcDbPolyFaceMeshVertex
 10
12119849.32031675
 20
3531653.497774885
 30
10.69417480572468
 70
192
  0
VERTEX
  5
35AF
330
17
100
AcDbEntity
  8
ELEM_04_INFERIOR
100
AcDbVertex
100
AcDbPolyFaceMeshVertex
 10
12119858.23901282
 20
3531659.043662745
 30
11.36465246738453
 70
192
  0
VERTEX
  5
35B0
330
17
100
AcDbEntity
  8
ELEM_04_INFERIOR
100
AcDbVertex
100
AcDbPolyFaceMeshVertex
 10
12119848.94492708
 20
3531654.158511754
 30
10.69709802822465
 70
192
  0
VERTEX
  5
35B7
330
17
100
AcDbEntity
  8
ELEM_04_INFERIOR
100
AcDbVertex
100
AcDbPolyFaceMeshVertex
 10
12119855.90987706
 20
3531663.501911702
 30
11.39615502905088
 70
192
  0
VERTEX
  5
35B8
330
17
100
AcDbEntity
  8
ELEM_04_INFERIOR
100
AcDbVertex
100
AcDbPolyFaceMeshVertex
 10
12119846.4324846
 20
3531658.580730599
 30
10.71667147989112
 70
192
  0
VERTEX
  5
35BF
330
17
100
AcDbEntity
  8
ELEM_04_INFERIOR
100
AcDbVertex
100
AcDbPolyFaceMeshVertex
 10
12119854.02479553
 20
3531667.150460834
 30
11.41631246905068
 70
192
  0
VERTEX
  5
35C0
330
17
100
AcDbEntity
  8
ELEM_04_INFERIOR
100
AcDbVertex
100
AcDbPolyFaceMeshVertex
 10
12119844.38049395
 20
3531662.192495029
 30
10.73265241905762
 70
192
  0
VERTEX
  5
35C7
330
17
100
AcDbEntity
  8
ELEM_04_INFERIOR
100
AcDbVertex
100
AcDbPolyFaceMeshVertex
 10
12119853.60306409
 20
3531667.971748563
 30
11.4201576057173
 70
192
  0
VERTEX
  5
35C8
330
17
100
AcDbEntity
  8
ELEM_04_INFERIOR
100
AcDbVertex
100
AcDbPolyFaceMeshVertex
 10
12119843.91909068
 20
3531663.004619389
 30
10.73624821239092
 70
192
  0
VERTEX
  5
35CF
330
17
100
AcDbEntity
  8
ELEM_04_INFERIOR
100
AcDbVertex
100
AcDbPolyFaceMeshVertex
 10
12119851.3186264
 20
3531672.453065059
 30
11.43665691655047
 70
192
  0
VERTEX
  5
35D0
330
17
100
AcDbEntity
  8
ELEM_04_INFERIOR
100
AcDbVertex
100
AcDbPolyFaceMeshVertex
 10
12119841.40462392
 20
3531667.430397939
 30
10.75583478739072
 70
192
  0
VERTEX
  5
35D7
330
17
100
AcDbEntity
  8
ELEM_04_INFERIOR
100
AcDbVertex
100
AcDbPolyFaceMeshVertex
 10
12119849.55068374
 20
3531675.959685342
 30
11.44432750488372
 70
192
  0
VERTEX
  5
35D8
330
17
100
AcDbEntity
  8
ELEM_04_INFERIOR
100
AcDbVertex
100
AcDbPolyFaceMeshVertex
 10
12119839.44066787
 20
3531670.887211892
 30
10.77113331322389
 70
192
  0
VERTEX
  5
35DF
330
17
100
AcDbEntity
  8
ELEM_04_INFERIOR
100
AcDbVertex
100
AcDbPolyFaceMeshVertex
 10
12119849.05662305
 20
3531676.945746362
 30
11.44565952321704
 70
192
  0
VERTEX
  5
35E0
330
17
100
AcDbEntity
  8
ELEM_04_INFERIOR
100
AcDbVertex
100
AcDbPolyFaceMeshVertex
 10
12119838.88895638
 20
3531671.858292627
 30
10.77543120489052
 70
192
  0
VERTEX
  5
35E7
330
17
100
AcDbEntity
  8
ELEM_04_INFERIOR
100
AcDbVertex
100
AcDbPolyFaceMeshVertex
 10
12119848.85331637
 20
3531677.352303948
 30
11.44610243571704
 70
192
  0
VERTEX
  5
35E8
330
17
100
AcDbEntity
  8
ELEM_04_INFERIOR
100
AcDbVertex
100
AcDbPolyFaceMeshVertex
 10
12119838.66155197
 20
3531672.258551012
 30
10.77719957405717
 70
192
  0
VERTEX
  5
35EF
330
17
100
AcDbEntity
  8
ELEM_04_INFERIOR
100
AcDbVertex
100
AcDbPolyFaceMeshVertex
 10
12119846.8171131
 20
3531681.449684204
 30
11.44716214488369
 70
192
  0
VERTEX
  5
35F0
330
17
100
AcDbEntity
  8
ELEM_04_INFERIOR
100
AcDbVertex
100
AcDbPolyFaceMeshVertex
 10
12119836.3719601
 20
3531676.288526548
 30
10.79503746489032
 70
192
  0
VERTEX
  5
35F7
330
17
100
AcDbEntity
  8
ELEM_04_INFERIOR
100
AcDbVertex
100
AcDbPolyFaceMeshVertex
 10
12119845.16770695
 20
3531684.803424217
 30
11.4434187140504
 70
192
  0
VERTEX
  5
35F8
330
17
100
AcDbEntity
  8
ELEM_04_INFERIOR
100
AcDbVertex
100
AcDbPolyFaceMeshVertex
 10
12119834.50084179
 20
3531679.581928754
 30
10.80961092655684
 70
192
  0
VERTEX
  5
35FF
330
17
100
AcDbEntity
  8
ELEM_04_INFERIOR
100
AcDbVertex
100
AcDbPolyFaceMeshVertex
 10
12119844.6001523
 20
3531685.964760477
 30
11.44116150071709
 70
192
  0
VERTEX
  5
3600
330
17
100
AcDbEntity
  8
ELEM_04_INFERIOR
100
AcDbVertex
100
AcDbPolyFaceMeshVertex
 10
12119833.85350713
 20
3531680.72131952
 30
10.81465356739012
 70
192
  0
VERTEX
  5
3607
330
17
100
AcDbEntity
  8
ELEM_04_INFERIOR
100
AcDbVertex
100
AcDbPolyFaceMeshVertex
 10
12119842.91072983
 20
3531689.444261392
 30
11.43144695321719
 70
192
  0
VERTEX
  5
3608
330
17
100
AcDbEntity
  8
ELEM_04_INFERIOR
100
AcDbVertex
100
AcDbPolyFaceMeshVertex
 10
12119831.91580431
 20
3531684.131919654
 30
10.8297454007233
 70
192
  0
VERTEX
  5
360F
330
17
100
AcDbEntity
  8
ELEM_04_INFERIOR
100
AcDbVertex
100
AcDbPolyFaceMeshVertex
 10
12119842.40579317
 20
3531690.49086691
 30
11.42766415238389
 70
192
  0
VERTEX
  5
3610
330
17
100
AcDbEntity
  8
ELEM_04_INFERIOR
100
AcDbVertex
100
AcDbPolyFaceMeshVertex
 10
12119831.3334728
 20
3531685.156897919
 30
10.84429261572315
 70
192
  0
VERTEX
  5
3617
330
17
100
AcDbEntity
  8
ELEM_04_INFERIOR
100
AcDbVertex
100
AcDbPolyFaceMeshVertex
 10
12119829.56101572
 20
3531688.276648897
 30
10.8885641807227
 70
192
  0
VERTEX
  5
3619
330
17
100
AcDbEntity
  8
ELEM_04_INFERIOR
100
AcDbVertex
100
AcDbPolyFaceMeshVertex
 10
12119840.87683954
 20
3531693.679003578
 30
11.4136845215507
 70
192
  0
VERTEX
  5
361F
330
17
100
AcDbEntity
  8
ELEM_04_INFERIOR
100
AcDbVertex
100
AcDbPolyFaceMeshVertex
 10
12119828.87303809
 20
3531689.487578234
 30
10.90574918572253
 70
192
  0
VERTEX
  5
3621
330
17
100
AcDbEntity
  8
ELEM_04_INFERIOR
100
AcDbVertex
100
AcDbPolyFaceMeshVertex
 10
12119840.28660122
 20
3531694.917491914
 30
11.40726393071743
 70
192
  0
VERTEX
  5
3627
330
17
100
AcDbEntity
  8
ELEM_04_INFERIOR
100
AcDbVertex
100
AcDbPolyFaceMeshVertex
 10
12119828.81295619
 20
3531689.596072112
 30
10.90727805405585
 70
192
  0
VERTEX
  5
3629
330
17
100
AcDbEntity
  8
ELEM_04_INFERIOR
100
AcDbVertex
100
AcDbPolyFaceMeshVertex
 10
12119840.23409148
 20
3531695.027888677
 30
11.40666353821744
 70
192
  0
VERTEX
  5
362F
330
17
100
AcDbEntity
  8
ELEM_04_INFERIOR
100
AcDbVertex
100
AcDbPolyFaceMeshVertex
 10
12119828.73013155
 20
3531689.745642022
 30
10.90938762988916
 70
192
  0
VERTEX
  5
3631
330
17
100
AcDbEntity
  8
ELEM_04_INFERIOR
100
AcDbVertex
100
AcDbPolyFaceMeshVertex
 10
12119840.16172287
 20
3531695.180083253
 30
11.40583020655078
 70
192
  0
VERTEX
  5
3637
330
17
100
AcDbEntity
  8
ELEM_04_INFERIOR
100
AcDbVertex
100
AcDbPolyFaceMeshVertex
 10
12119827.31076759
 20
3531692.308786502
 30
10.94553913238879
 70
192
  0
VERTEX
  5
3639
330
17
100
AcDbEntity
  8
ELEM_04_INFERIOR
100
AcDbVertex
100
AcDbPolyFaceMeshVertex
 10
12119838.92577389
 20
3531697.789605593
 30
11.39147984155092
 70
192
  0
VERTEX
  5
363F
330
17
100
AcDbEntity
  8
ELEM_04_INFERIOR
100
AcDbVertex
100
AcDbPolyFaceMeshVertex
 10
12119826.34007728
 20
3531694.061693102
 30
10.97026349238854
 70
192
  0
VERTEX
  5
3641
330
17
100
AcDbEntity
  8
ELEM_04_INFERIOR
100
AcDbVertex
100
AcDbPolyFaceMeshVertex
 10
12119838.08509972
 20
3531699.575710945
 30
11.38167014988436
 70
192
  0
VERTEX
  5
3647
330
17
100
AcDbEntity
  8
ELEM_04_INFERIOR
100
AcDbVertex
100
AcDbPolyFaceMeshVertex
 10
12119824.70331217
 20
3531697.01743194
 30
11.01194976072145
 70
192
  0
VERTEX
  5
3649
330
17
100
AcDbEntity
  8
ELEM_04_INFERIOR
100
AcDbVertex
100
AcDbPolyFaceMeshVertex
 10
12119836.67600477
 20
3531702.590078276
 30
11.36513146905119
 70
192
  0
VERTEX
  5
364F
330
17
100
AcDbEntity
  8
ELEM_04_INFERIOR
100
AcDbVertex
100
AcDbPolyFaceMeshVertex
 10
12119823.86554482
 20
3531698.530302931
 30
11.03328830072123
 70
192
  0
VERTEX
  5
3651
330
17
100
AcDbEntity
  8
ELEM_04_INFERIOR
100
AcDbVertex
100
AcDbPolyFaceMeshVertex
 10
12119835.95887694
 20
3531704.134222168
 30
11.35667019988461
 70
192
  0
VERTEX
  5
3657
330
17
100
AcDbEntity
  8
ELEM_04_INFERIOR
100
AcDbVertex
100
AcDbPolyFaceMeshVertex
 10
12119821.38923088
 20
3531703.002127977
 30
11.09635904072059
 70
192
  0
VERTEX
  5
3659
330
17
100
AcDbEntity
  8
ELEM_04_INFERIOR
100
AcDbVertex
100
AcDbPolyFaceMeshVertex
 10
12119833.85547235
 20
3531708.703304237
 30
11.33166696905153
 70
192
  0
VERTEX
  5
365F
330
17
100
AcDbEntity
  8
ELEM_04_INFERIOR
100
AcDbVertex
100
AcDbPolyFaceMeshVertex
 10
12119819.85889601
 20
3531705.765665756
 30
11.1353353407202
 70
192
  0
VERTEX
  5
3661
330
17
100
AcDbEntity
  8
ELEM_04_INFERIOR
100
AcDbVertex
100
AcDbPolyFaceMeshVertex
 10
12119832.56781417
 20
3531711.530440972
 30
11.31622736738502
 70
192
  0
VERTEX
  5
3667
330
17
100
AcDbEntity
  8
ELEM_04_INFERIOR
100
AcDbVertex
100
AcDbPolyFaceMeshVertex
 10
12119818.91101077
 20
3531707.477391336
 30
11.15947899321995
 70
192
  0
VERTEX
  5
3669
330
17
100
AcDbEntity
  8
ELEM_04_INFERIOR
100
AcDbVertex
100
AcDbPolyFaceMeshVertex
 10
12119831.77493845
 20
3531713.282852166
 30
11.30666701905179
 70
192
  0
VERTEX
  5
366F
330
17
100
AcDbEntity
  8
ELEM_04_INFERIOR
100
AcDbVertex
100
AcDbPolyFaceMeshVertex
 10
12119829.71733102
 20
3531717.87274128
 30
11.28166706905204
 70
192
  0
VERTEX
  5
3673
330
17
100
AcDbEntity
  8
ELEM_04_INFERIOR
100
AcDbVertex
100
AcDbPolyFaceMeshVertex
 10
12119816.43075982
 20
3531711.956329228
 30
11.22264815821931
 70
192
  0
VERTEX
  5
3677
330
17
100
AcDbEntity
  8
ELEM_04_INFERIOR
100
AcDbVertex
100
AcDbPolyFaceMeshVertex
 10
12119829.46232169
 20
3531718.445899581
 30
11.27855027738541
 70
192
  0
VERTEX
  5
367B
330
17
100
AcDbEntity
  8
ELEM_04_INFERIOR
100
AcDbVertex
100
AcDbPolyFaceMeshVertex
 10
12119816.12128209
 20
3531712.515199501
 30
11.23053200071923
 70
192
  0
VERTEX
  5
367F
330
17
100
AcDbEntity
  8
ELEM_04_INFERIOR
100
AcDbVertex
100
AcDbPolyFaceMeshVertex
 10
12119829.04388748
 20
3531719.388460033
 30
11.27342561571879
 70
192
  0
VERTEX
  5
3683
330
17
100
AcDbEntity
  8
ELEM_04_INFERIOR
100
AcDbVertex
100
AcDbPolyFaceMeshVertex
 10
12119815.61245437
 20
3531713.434059212
 30
11.24349129238576
 70
192
  0
VERTEX
  5
3687
330
17
100
AcDbEntity
  8
ELEM_04_INFERIOR
100
AcDbVertex
100
AcDbPolyFaceMeshVertex
 10
12119828.55269424
 20
3531720.498257682
 30
11.26739216321885
 70
192
  0
VERTEX
  5
368B
330
17
100
AcDbEntity
  8
ELEM_04_INFERIOR
100
AcDbVertex
100
AcDbPolyFaceMeshVertex
 10
12119815.03620225
 20
3531714.525648236
 30
11.25872092071894
 70
192
  0
VERTEX
  5
3691
330
17
100
AcDbEntity
  8
ELEM_04_INFERIOR
100
AcDbVertex
100
AcDbPolyFaceMeshVertex
 10
12119827.68269598
 20
3531722.472860032
 30
11.2566671190523
 70
192
  0
VERTEX
  5
3693
330
17
100
AcDbEntity
  8
ELEM_04_INFERIOR
100
AcDbVertex
100
AcDbPolyFaceMeshVertex
 10
12119814.01142739
 20
3531716.466874669
 30
11.28580748071867
 70
192
  0
VERTEX
  5
3697
330
17
100
AcDbEntity
  8
ELEM_04_INFERIOR
100
AcDbVertex
100
AcDbPolyFaceMeshVertex
 10
12119825.67108911
 20
3531727.083096874
 30
11.23166716905255
 70
192
  0
VERTEX
  5
3698
330
17
100
AcDbEntity
  8
ELEM_04_INFERIOR
100
AcDbVertex
100
AcDbPolyFaceMeshVertex
 10
12119811.62131734
 20
3531720.994454196
 30
11.34897664571802
 70
192
  0
VERTEX
  5
369F
330
17
100
AcDbEntity
  8
ELEM_04_INFERIOR
100
AcDbVertex
100
AcDbPolyFaceMeshVertex
 10
12119824.62588123
 20
3531729.503643214
 30
11.21856352071935
 70
192
  0
VERTEX
  5
36A0
330
17
100
AcDbEntity
  8
ELEM_04_INFERIOR
100
AcDbVertex
100
AcDbPolyFaceMeshVertex
 10
12119810.3677667
 20
3531723.369049184
 30
11.38210650071769
 70
192
  0
VERTEX
  5
36A9
330
17
100
AcDbEntity
  8
ELEM_04_INFERIOR
100
AcDbVertex
100
AcDbPolyFaceMeshVertex
 10
12119823.68255634
 20
3531731.703333696
 30
11.2066672190528
 70
192
  0
VERTEX
  5
36AB
330
17
100
AcDbEntity
  8
ELEM_04_INFERIOR
100
AcDbVertex
100
AcDbPolyFaceMeshVertex
 10
12119809.22936347
 20
3531725.525517968
 30
11.27917691655207
 70
192
  0
VERTEX
  5
36B1
330
17
100
AcDbEntity
  8
ELEM_04_INFERIOR
100
AcDbVertex
100
AcDbPolyFaceMeshVertex
 10
12119821.71715017
 20
3531736.333455671
 30
11.18166726905306
 70
192
  0
VERTEX
  5
36B3
330
17
100
AcDbEntity
  8
ELEM_04_INFERIOR
100
AcDbVertex
100
AcDbPolyFaceMeshVertex
 10
12119806.83545093
 20
3531730.060295644
 30
11.0627239373876
 70
192
  0
VERTEX
  5
36B7
330
17
100
AcDbEntity
  8
ELEM_04_INFERIOR
100
AcDbVertex
100
AcDbPolyFaceMeshVertex
 10
12119805.69933115
 20
3531732.212446852
 30
10.96000104572198
 70
192
  0
VERTEX
  5
36B9
330
17
100
AcDbEntity
  8
ELEM_04_INFERIOR
100
AcDbVertex
100
AcDbPolyFaceMeshVertex
 10
12119820.79308378
 20
3531738.532883685
 30
11.16981033738651
 70
192
  0
VERTEX
  5
36BF
330
17
100
AcDbEntity
  8
ELEM_04_INFERIOR
100
AcDbVertex
100
AcDbPolyFaceMeshVertex
 10
12119805.29773091
 20
3531732.973196643
 30
10.92238301072236
 70
192
  0
VERTEX
  5
36C1
330
17
100
AcDbEntity
  8
ELEM_04_INFERIOR
100
AcDbVertex
100
AcDbPolyFaceMeshVertex
 10
12119820.46778259
 20
3531739.310644598
 30
11.16562071321988
 70
192
  0
VERTEX
  5
36C7
330
17
100
AcDbEntity
  8
ELEM_04_INFERIOR
100
AcDbVertex
100
AcDbPolyFaceMeshVertex
 10
12119819.7749198
 20
3531740.973347965
 30
11.15666731905331
 70
192
  0
VERTEX
  5
36C8
330
17
100
AcDbEntity
  8
ELEM_04_INFERIOR
100
AcDbVertex
100
AcDbPolyFaceMeshVertex
 10
12119804.43945507
 20
3531734.599020163
 30
10.84199275155651
 70
192
  0
VERTEX
  5
36CF
330
17
100
AcDbEntity
  8
ELEM_04_INFERIOR
100
AcDbVertex
100
AcDbPolyFaceMeshVertex
 10
12119818.30337091
 20
3531744.532832315
 30
11.13752365655351
 70
192
  0
VERTEX
  5
36D0
330
17
100
AcDbEntity
  8
ELEM_04_INFERIOR
100
AcDbVertex
100
AcDbPolyFaceMeshVertex
 10
12119802.60325795
 20
3531738.077323573
 30
10.67000162572492
 70
192
  0
VERTEX
  5
36D7
330
17
100
AcDbEntity
  8
ELEM_04_INFERIOR
100
AcDbVertex
100
AcDbPolyFaceMeshVertex
 10
12119817.85591117
 20
3531745.622889192
 30
11.13166736905357
 70
192
  0
VERTEX
  5
36D8
330
17
100
AcDbEntity
  8
ELEM_04_INFERIOR
100
AcDbVertex
100
AcDbPolyFaceMeshVertex
 10
12119802.06428265
 20
3531739.15136342
 30
10.62005093822543
 70
192
  0
VERTEX
  5
36DF
330
17
100
AcDbEntity
  8
ELEM_04_INFERIOR
100
AcDbVertex
100
AcDbPolyFaceMeshVertex
 10
12119817.05266803
 20
3531747.588853107
 30
11.12111292822034
 70
192
  0
VERTEX
  5
36E0
330
17
100
AcDbEntity
  8
ELEM_04_INFERIOR
100
AcDbVertex
100
AcDbPolyFaceMeshVertex
 10
12119801.09262777
 20
3531741.087625952
 30
10.52999862489301
 70
192
  0
VERTEX
  5
36E7
330
17
100
AcDbEntity
  8
ELEM_04_INFERIOR
100
AcDbVertex
100
AcDbPolyFaceMeshVertex
 10
12119815.96017677
 20
3531750.28197108
 30
11.10666741905382
 70
192
  0
VERTEX
  5
36E8
330
17
100
AcDbEntity
  8
ELEM_04_INFERIOR
100
AcDbVertex
100
AcDbPolyFaceMeshVertex
 10
12119799.76241061
 20
3531743.738404771
 30
10.40543522572761
 70
192
  0
VERTEX
  5
36EF
330
17
100
AcDbEntity
  8
ELEM_04_INFERIOR
100
AcDbVertex
100
AcDbPolyFaceMeshVertex
 10
12119814.08775926
 20
3531754.950472242
 30
11.08166746905407
 70
192
  0
VERTEX
  5
36F0
330
17
100
AcDbEntity
  8
ELEM_04_INFERIOR
100
AcDbVertex
100
AcDbPolyFaceMeshVertex
 10
12119797.45866522
 20
3531748.32917971
 30
10.1897073107298
 70
192
  0
VERTEX
  5
36F7
330
17
100
AcDbEntity
  8
ELEM_04_INFERIOR
100
AcDbVertex
100
AcDbPolyFaceMeshVertex
 10
12119813.40224554
 20
3531756.676741756
 30
11.0724384848875
 70
192
  0
VERTEX
  5
36F8
330
17
100
AcDbEntity
  8
ELEM_04_INFERIOR
100
AcDbVertex
100
AcDbPolyFaceMeshVertex
 10
12119796.60747598
 20
3531750.025377105
 30
10.10999946489728
 70
192
  0
VERTEX
  5
36FF
330
17
100
AcDbEntity
  8
ELEM_04_INFERIOR
100
AcDbVertex
100
AcDbPolyFaceMeshVertex
 10
12119812.23870784
 20
3531759.628277847
 30
11.05666751905433
 70
192
  0
VERTEX
  5
3700
330
17
100
AcDbEntity
  8
ELEM_04_INFERIOR
100
AcDbVertex
100
AcDbPolyFaceMeshVertex
 10
12119795.15292836
 20
3531752.923921176
 30
9.9705509248987
 70
192
  0
VERTEX
  5
3707
330
17
100
AcDbEntity
  8
ELEM_04_INFERIOR
100
AcDbVertex
100
AcDbPolyFaceMeshVertex
 10
12119811.9467432
 20
3531760.373204178
 30
11.05269114905437
 70
192
  0
VERTEX
  5
3708
330
17
100
AcDbEntity
  8
ELEM_04_INFERIOR
100
AcDbVertex
100
AcDbPolyFaceMeshVertex
 10
12119794.78597372
 20
3531753.655163152
 30
9.935370549065722
 70
192
  0
VERTEX
  5
370F
330
17
100
AcDbEntity
  8
ELEM_04_INFERIOR
100
AcDbVertex
100
AcDbPolyFaceMeshVertex
 10
12119798.12758652
 20
3531754.963326786
 30
10.1529509114687
 70
192
  0
VERTEX
  5
3710
330
17
100
AcDbEntity
  8
ELEM_04_INFERIOR
100
AcDbVertex
100
AcDbPolyFaceMeshVertex
 10
12119811.94606079
 20
3531760.374949582
 30
11.05267802572104
 70
192
  0
VERTEX
  5
3713
330
17
100
AcDbEntity
  8
ELEM_04_INFERIOR
100
AcDbVertex
100
AcDbPolyFaceMeshVertex
 10
12119809.57962524
 20
3531766.233635371
 30
11.02044383822136
 70
192
  0
VERTEX
  5
3714
330
17
100
AcDbEntity
  8
ELEM_04_INFERIOR
100
AcDbVertex
100
AcDbPolyFaceMeshVertex
 10
12119792.12232747
 20
3531758.963131538
 30
9.68000032490165
 70
192
  0
VERTEX
  5
3715
330
17
100
AcDbEntity
  8
ELEM_04_INFERIOR
100
AcDbVertex
100
AcDbPolyFaceMeshVertex
 10
12119793.04836236
 20
3531757.117777618
 30
9.768779674900747
 70
192
  0
VERTEX
  5
3719
330
17
100
AcDbEntity
  8
ELEM_04_INFERIOR
100
AcDbVertex
100
AcDbPolyFaceMeshVertex
 10
12119810.41780926
 20
3531764.199649938
 30
11.03166756905458
 70
192
  0
VERTEX
  5
371C
330
17
100
AcDbEntity
  8
ELEM_04_INFERIOR
100
AcDbVertex
100
AcDbPolyFaceMeshVertex
 10
12119792.04410256
 20
3531759.165326016
 30
9.67081399156841
 70
192
  0
VERTEX
  5
371F
330
17
100
AcDbEntity
  8
ELEM_04_INFERIOR
100
AcDbVertex
100
AcDbPolyFaceMeshVertex
 10
12119809.49049155
 20
3531766.447417752
 30
11.01926273822138
 70
192
  0
VERTEX
  5
3724
330
17
100
AcDbEntity
  8
ELEM_04_INFERIOR
100
AcDbVertex
100
AcDbPolyFaceMeshVertex
 10
12119791.6969379
 20
3531760.062696269
 30
9.630039794902158
 70
192
  0
VERTEX
  5
3727
330
17
100
AcDbEntity
  8
ELEM_04_INFERIOR
100
AcDbVertex
100
AcDbPolyFaceMeshVertex
 10
12119809.09291361
 20
3531767.395266905
 30
11.01401996655476
 70
192
  0
VERTEX
  5
308A
330
17
100
AcDbEntity
  8
ELEM_04_INFERIOR
100
AcDbFaceRecord
 10
0.0
 20
0.0
 30
0.0
 70
128
 71
1
 72
2
 73
3
  0
VERTEX
  5
308E
330
17
100
AcDbEntity
  8
ELEM_04_INFERIOR
100
AcDbFaceRecord
 10
0.0
 20
0.0
 30
0.0
 70
128
 71
4
 72
3
 73
2
  0
VERTEX
  5
3092
330
17
100
AcDbEntity
  8
ELEM_04_INFERIOR
100
AcDbFaceRecord
 10
0.0
 20
0.0
 30
0.0
 70
128
 71
5
 72
6
 73
2
  0
VERTEX
  5
3096
330
17
100
AcDbEntity
  8
ELEM_04_INFERIOR
100
AcDbFaceRecord
 10
0.0
 20
0.0
 30
0.0
 70
128
 71
5
 72
2
 73
1
  0
VERTEX
  5
309A
330
17
100
AcDbEntity
  8
ELEM_04_INFERIOR
100
AcDbFaceRecord
 10
0.0
 20
0.0
 30
0.0
 70
128
 71
7
 72
8
 73
6
  0
VERTEX
  5
309E
330
17
100
AcDbEntity
  8
ELEM_04_INFERIOR
100
AcDbFaceRecord
 10
0.0
 20
0.0
 30
0.0
 70
128
 71
7
 72
6
 73
5
  0
VERTEX
  5
30A2
330
17
100
AcDbEntity
  8
ELEM_04_INFERIOR
100
AcDbFaceRecord
 10
0.0
 20
0.0
 30
0.0
 70
128
 71
9
 72
10
 73
8
  0
VERTEX
  5
30A6
330
17
100
AcDbEntity
  8
ELEM_04_INFERIOR
100
AcDbFaceRecord
 10
0.0
 20
0.0
 30
0.0
 70
128
 71
9
 72
8
 73
7
  0
VERTEX
  5
30AA
330
17
100
AcDbEntity
  8
ELEM_04_INFERIOR
100
AcDbFaceRecord
 10
0.0
 20
0.0
 30
0.0
 70
128
 71
11
 72
12
 73
10
  0
VERTEX
  5
30AE
330
17
100
AcDbEntity
  8
ELEM_04_INFERIOR
100
AcDbFaceRecord
 10
0.0
 20
0.0
 30
0.0
 70
128
 71
11
 72
10
 73
9
  0
VERTEX
  5
30B2
330
17
100
AcDbEntity
  8
ELEM_04_INFERIOR
100
AcDbFaceRecord
 10
0.0
 20
0.0
 30
0.0
 70
128
 71
13
 72
14
 73
12
  0
VERTEX
  5
30B6
330
17
100
AcDbEntity
  8
ELEM_04_INFERIOR
100
AcDbFaceRecord
 10
0.0
 20
0.0
 30
0.0
 70
128
 71
13
 72
12
 73
11
  0
VERTEX
  5
30BA
330
17
100
AcDbEntity
  8
ELEM_04_INFERIOR
100
AcDbFaceRecord
 10
0.0
 20
0.0
 30
0.0
 70
128
 71
15
 72
16
 73
14
  0
VERTEX
  5
30BE
330
17
100
AcDbEntity
  8
ELEM_04_INFERIOR
100
AcDbFaceRecord
 10
0.0
 20
0.0
 30
0.0
 70
128
 71
15
 72
14
 73
13
  0
VERTEX
  5
30C2
330
17
100
AcDbEntity
  8
ELEM_04_INFERIOR
100
AcDbFaceRecord
 10
0.0
 20
0.0
 30
0.0
 70
128
 71
17
 72
16
 73
15
  0
VERTEX
  5
30C6
330
17
100
AcDbEntity
  8
ELEM_04_INFERIOR
100
AcDbFaceRecord
 10
0.0
 20
0.0
 30
0.0
 70
128
 71
18
 72
16
 73
17
  0
VERTEX
  5
30CA
330
17
100
AcDbEntity
  8
ELEM_04_INFERIOR
100
AcDbFaceRecord
 10
0.0
 20
0.0
 30
0.0
 70
128
 71
19
 72
18
 73
17
  0
VERTEX
  5
30CE
330
17
100
AcDbEntity
  8
ELEM_04_INFERIOR
100
AcDbFaceRecord
 10
0.0
 20
0.0
 30
0.0
 70
128
 71
20
 72
18
 73
19
  0
VERTEX
  5
30D2
330
17
100
AcDbEntity
  8
ELEM_04_INFERIOR
100
AcDbFaceRecord
 10
0.0
 20
0.0
 30
0.0
 70
128
 71
21
 72
20
 73
19
  0
VERTEX
  5
30D6
330
17
100
AcDbEntity
  8
ELEM_04_INFERIOR
100
AcDbFaceRecord
 10
0.0
 20
0.0
 30
0.0
 70
128
 71
22
 72
20
 73
21
  0
VERTEX
  5
30DA
330
17
100
AcDbEntity
  8
ELEM_04_INFERIOR
100
AcDbFaceRecord
 10
0.0
 20
0.0
 30
0.0
 70
128
 71
22
 72
21
 73
23
  0
VERTEX
  5
30DE
330
17
100
AcDbEntity
  8
ELEM_04_INFERIOR
100
AcDbFaceRecord
 10
0.0
 20
0.0
 30
0.0
 70
128
 71
24
 72
22
 73
23
  0
VERTEX
  5
30E2
330
17
100
AcDbEntity
  8
ELEM_04_INFERIOR
100
AcDbFaceRecord
 10
0.0
 20
0.0
 30
0.0
 70
128
 71
25
 72
26
 73
24
  0
VERTEX
  5
30E6
330
17
100
AcDbEntity
  8
ELEM_04_INFERIOR
100
AcDbFaceRecord
 10
0.0
 20
0.0
 30
0.0
 70
128
 71
25
 72
24
 73
23
  0
VERTEX
  5
30EA
330
17
100
AcDbEntity
  8
ELEM_04_INFERIOR
100
AcDbFaceRecord
 10
0.0
 20
0.0
 30
0.0
 70
128
 71
27
 72
28
 73
26
  0
VERTEX
  5
30EE
330
17
100
AcDbEntity
  8
ELEM_04_INFERIOR
100
AcDbFaceRecord
 10
0.0
 20
0.0
 30
0.0
 70
128
 71
27
 72
26
 73
25
  0
VERTEX
  5
30F2
330
17
100
AcDbEntity
  8
ELEM_04_INFERIOR
100
AcDbFaceRecord
 10
0.0
 20
0.0
 30
0.0
 70
128
 71
29
 72
30
 73
28
  0
VERTEX
  5
30F6
330
17
100
AcDbEntity
  8
ELEM_04_INFERIOR
100
AcDbFaceRecord
 10
0.0
 20
0.0
 30
0.0
 70
128
 71
29
 72
28
 73
27
  0
VERTEX
  5
30FA
330
17
100
AcDbEntity
  8
ELEM_04_INFERIOR
100
AcDbFaceRecord
 10
0.0
 20
0.0
 30
0.0
 70
128
 71
31
 72
32
 73
30
  0
VERTEX
  5
30FE
330
17
100
AcDbEntity
  8
ELEM_04_INFERIOR
100
AcDbFaceRecord
 10
0.0
 20
0.0
 30
0.0
 70
128
 71
31
 72
30
 73
29
  0
VERTEX
  5
3102
330
17
100
AcDbEntity
  8
ELEM_04_INFERIOR
100
AcDbFaceRecord
 10
0.0
 20
0.0
 30
0.0
 70
128
 71
33
 72
34
 73
32
  0
VERTEX
  5
3106
330
17
100
AcDbEntity
  8
ELEM_04_INFERIOR
100
AcDbFaceRecord
 10
0.0
 20
0.0
 30
0.0
 70
128
 71
33
 72
32
 73
31
  0
VERTEX
  5
310A
330
17
100
AcDbEntity
  8
ELEM_04_INFERIOR
100
AcDbFaceRecord
 10
0.0
 20
0.0
 30
0.0
 70
128
 71
35
 72
36
 73
34
  0
VERTEX
  5
310E
330
17
100
AcDbEntity
  8
ELEM_04_INFERIOR
100
AcDbFaceRecord
 10
0.0
 20
0.0
 30
0.0
 70
128
 71
35
 72
34
 73
33
  0
VERTEX
  5
3112
330
17
100
AcDbEntity
  8
ELEM_04_INFERIOR
100
AcDbFaceRecord
 10
0.0
 20
0.0
 30
0.0
 70
128
 71
37
 72
38
 73
36
  0
VERTEX
  5
3116
330
17
100
AcDbEntity
  8
ELEM_04_INFERIOR
100
AcDbFaceRecord
 10
0.0
 20
0.0
 30
0.0
 70
128
 71
37
 72
36
 73
35
  0
VERTEX
  5
311A
330
17
100
AcDbEntity
  8
ELEM_04_INFERIOR
100
AcDbFaceRecord
 10
0.0
 20
0.0
 30
0.0
 70
128
 71
39
 72
40
 73
38
  0
VERTEX
  5
311E
330
17
100
AcDbEntity
  8
ELEM_04_INFERIOR
100
AcDbFaceRecord
 10
0.0
 20
0.0
 30
0.0
 70
128
 71
38
 72
37
 73
39
  0
VERTEX
  5
3122
330
17
100
AcDbEntity
  8
ELEM_04_INFERIOR
100
AcDbFaceRecord
 10
0.0
 20
0.0
 30
0.0
 70
128
 71
41
 72
42
 73
40
  0
VERTEX
  5
3126
330
17
100
AcDbEntity
  8
ELEM_04_INFERIOR
100
AcDbFaceRecord
 10
0.0
 20
0.0
 30
0.0
 70
128
 71
41
 72
40
 73
39
  0
VERTEX
  5
312A
330
17
100
AcDbEntity
  8
ELEM_04_INFERIOR
100
AcDbFaceRecord
 10
0.0
 20
0.0
 30
0.0
 70
128
 71
43
 72
44
 73
42
  0
VERTEX
  5
312E
330
17
100
AcDbEntity
  8
ELEM_04_INFERIOR
100
AcDbFaceRecord
 10
0.0
 20
0.0
 30
0.0
 70
128
 71
43
 72
42
 73
41
  0
VERTEX
  5
3132
330
17
100
AcDbEntity
  8
ELEM_04_INFERIOR
100
AcDbFaceRecord
 10
0.0
 20
0.0
 30
0.0
 70
128
 71
45
 72
46
 73
44
  0
VERTEX
  5
3136
330
17
100
AcDbEntity
  8
ELEM_04_INFERIOR
100
AcDbFaceRecord
 10
0.0
 20
0.0
 30
0.0
 70
128
 71
45
 72
44
 73
43
  0
VERTEX
  5
313A
330
17
100
AcDbEntity
  8
ELEM_04_INFERIOR
100
AcDbFaceRecord
 10
0.0
 20
0.0
 30
0.0
 70
128
 71
47
 72
48
 73
46
  0
VERTEX
  5
313E
330
17
100
AcDbEntity
  8
ELEM_04_INFERIOR
100
AcDbFaceRecord
 10
0.0
 20
0.0
 30
0.0
 70
128
 71
46
 72
45
 73
47
  0
VERTEX
  5
3142
330
17
100
AcDbEntity
  8
ELEM_04_INFERIOR
100
AcDbFaceRecord
 10
0.0
 20
0.0
 30
0.0
 70
128
 71
49
 72
50
 73
48
  0
VERTEX
  5
3146
330
17
100
AcDbEntity
  8
ELEM_04_INFERIOR
100
AcDbFaceRecord
 10
0.0
 20
0.0
 30
0.0
 70
128
 71
49
 72
48
 73
47
  0
VERTEX
  5
314A
330
17
100
AcDbEntity
  8
ELEM_04_INFERIOR
100
AcDbFaceRecord
 10
0.0
 20
0.0
 30
0.0
 70
128
 71
51
 72
52
 73
50
  0
VERTEX
  5
314E
330
17
100
AcDbEntity
  8
ELEM_04_INFERIOR
100
AcDbFaceRecord
 10
0.0
 20
0.0
 30
0.0
 70
128
 71
51
 72
50
 73
49
  0
VERTEX
  5
3152
330
17
100
AcDbEntity
  8
ELEM_04_INFERIOR
100
AcDbFaceRecord
 10
0.0
 20
0.0
 30
0.0
 70
128
 71
53
 72
54
 73
52
  0
VERTEX
  5
3156
330
17
100
AcDbEntity
  8
ELEM_04_INFERIOR
100
AcDbFaceRecord
 10
0.0
 20
0.0
 30
0.0
 70
128
 71
53
 72
52
 73
51
  0
VERTEX
  5
315A
330
17
100
AcDbEntity
  8
ELEM_04_INFERIOR
100
AcDbFaceRecord
 10
0.0
 20
0.0
 30
0.0
 70
128
 71
55
 72
56
 73
54
  0
VERTEX
  5
315E
330
17
100
AcDbEntity
  8
ELEM_04_INFERIOR
100
AcDbFaceRecord
 10
0.0
 20
0.0
 30
0.0
 70
128
 71
54
 72
53
 73
55
  0
VERTEX
  5
3162
330
17
100
AcDbEntity
  8
ELEM_04_INFERIOR
100
AcDbFaceRecord
 10
0.0
 20
0.0
 30
0.0
 70
128
 71
57
 72
58
 73
56
  0
VERTEX
  5
3166
330
17
100
AcDbEntity
  8
ELEM_04_INFERIOR
100
AcDbFaceRecord
 10
0.0
 20
0.0
 30
0.0
 70
128
 71
57
 72
56
 73
55
  0
VERTEX
  5
316A
330
17
100
AcDbEntity
  8
ELEM_04_INFERIOR
100
AcDbFaceRecord
 10
0.0
 20
0.0
 30
0.0
 70
128
 71
59
 72
60
 73
58
  0
VERTEX
  5
316E
330
17
100
AcDbEntity
  8
ELEM_04_INFERIOR
100
AcDbFaceRecord
 10
0.0
 20
0.0
 30
0.0
 70
128
 71
59
 72
58
 73
57
  0
VERTEX
  5
3172
330
17
100
AcDbEntity
  8
ELEM_04_INFERIOR
100
AcDbFaceRecord
 10
0.0
 20
0.0
 30
0.0
 70
128
 71
61
 72
62
 73
60
  0
VERTEX
  5
3176
330
17
100
AcDbEntity
  8
ELEM_04_INFERIOR
100
AcDbFaceRecord
 10
0.0
 20
0.0
 30
0.0
 70
128
 71
60
 72
59
 73
61
  0
VERTEX
  5
317A
330
17
100
AcDbEntity
  8
ELEM_04_INFERIOR
100
AcDbFaceRecord
 10
0.0
 20
0.0
 30
0.0
 70
128
 71
63
 72
64
 73
62
  0
VERTEX
  5
317E
330
17
100
AcDbEntity
  8
ELEM_04_INFERIOR
100
AcDbFaceRecord
 10
0.0
 20
0.0
 30
0.0
 70
128
 71
63
 72
62
 73
61
  0
VERTEX
  5
3182
330
17
100
AcDbEntity
  8
ELEM_04_INFERIOR
100
AcDbFaceRecord
 10
0.0
 20
0.0
 30
0.0
 70
128
 71
65
 72
66
 73
64
  0
VERTEX
  5
3186
330
17
100
AcDbEntity
  8
ELEM_04_INFERIOR
100
AcDbFaceRecord
 10
0.0
 20
0.0
 30
0.0
 70
128
 71
65
 72
64
 73
63
  0
VERTEX
  5
318A
330
17
100
AcDbEntity
  8
ELEM_04_INFERIOR
100
AcDbFaceRecord
 10
0.0
 20
0.0
 30
0.0
 70
128
 71
67
 72
68
 73
66
  0
VERTEX
  5
318E
330
17
100
AcDbEntity
  8
ELEM_04_INFERIOR
100
AcDbFaceRecord
 10
0.0
 20
0.0
 30
0.0
 70
128
 71
66
 72
65
 73
67
  0
VERTEX
  5
3192
330
17
100
AcDbEntity
  8
ELEM_04_INFERIOR
100
AcDbFaceRecord
 10
0.0
 20
0.0
 30
0.0
 70
128
 71
69
 72
70
 73
68
  0
VERTEX
  5
3196
330
17
100
AcDbEntity
  8
ELEM_04_INFERIOR
100
AcDbFaceRecord
 10
0.0
 20
0.0
 30
0.0
 70
128
 71
69
 72
68
 73
67
  0
VERTEX
  5
319A
330
17
100
AcDbEntity
  8
ELEM_04_INFERIOR
100
AcDbFaceRecord
 10
0.0
 20
0.0
 30
0.0
 70
128
 71
71
 72
72
 73
70
  0
VERTEX
  5
319E
330
17
100
AcDbEntity
  8
ELEM_04_INFERIOR
100
AcDbFaceRecord
 10
0.0
 20
0.0
 30
0.0
 70
128
 71
71
 72
70
 73
69
  0
VERTEX
  5
31A2
330
17
100
AcDbEntity
  8
ELEM_04_INFERIOR
100
AcDbFaceRecord
 10
0.0
 20
0.0
 30
0.0
 70
128
 71
73
 72
74
 73
72
  0
VERTEX
  5
31A6
330
17
100
AcDbEntity
  8
ELEM_04_INFERIOR
100
AcDbFaceRecord
 10
0.0
 20
0.0
 30
0.0
 70
128
 71
72
 72
71
 73
73
  0
VERTEX
  5
31AA
330
17
100
AcDbEntity
  8
ELEM_04_INFERIOR
100
AcDbFaceRecord
 10
0.0
 20
0.0
 30
0.0
 70
128
 71
75
 72
76
 73
74
  0
VERTEX
  5
31AE
330
17
100
AcDbEntity
  8
ELEM_04_INFERIOR
100
AcDbFaceRecord
 10
0.0
 20
0.0
 30
0.0
 70
128
 71
75
 72
74
 73
73
  0
VERTEX
  5
31B2
330
17
100
AcDbEntity
  8
ELEM_04_INFERIOR
100
AcDbFaceRecord
 10
0.0
 20
0.0
 30
0.0
 70
128
 71
77
 72
78
 73
76
  0
VERTEX
  5
31B6
330
17
100
AcDbEntity
  8
ELEM_04_INFERIOR
100
AcDbFaceRecord
 10
0.0
 20
0.0
 30
0.0
 70
128
 71
76
 72
75
 73
77
  0
VERTEX
  5
31BA
330
17
100
AcDbEntity
  8
ELEM_04_INFERIOR
100
AcDbFaceRecord
 10
0.0
 20
0.0
 30
0.0
 70
128
 71
77
 72
79
 73
78
  0
VERTEX
  5
31BE
330
17
100
AcDbEntity
  8
ELEM_04_INFERIOR
100
AcDbFaceRecord
 10
0.0
 20
0.0
 30
0.0
 70
128
 71
80
 72
79
 73
77
  0
VERTEX
  5
31C2
330
17
100
AcDbEntity
  8
ELEM_04_INFERIOR
100
AcDbFaceRecord
 10
0.0
 20
0.0
 30
0.0
 70
128
 71
80
 72
81
 73
79
  0
VERTEX
  5
31C6
330
17
100
AcDbEntity
  8
ELEM_04_INFERIOR
100
AcDbFaceRecord
 10
0.0
 20
0.0
 30
0.0
 70
128
 71
82
 72
81
 73
80
  0
VERTEX
  5
31CA
330
17
100
AcDbEntity
  8
ELEM_04_INFERIOR
100
AcDbFaceRecord
 10
0.0
 20
0.0
 30
0.0
 70
128
 71
82
 72
83
 73
81
  0
VERTEX
  5
31CE
330
17
100
AcDbEntity
  8
ELEM_04_INFERIOR
100
AcDbFaceRecord
 10
0.0
 20
0.0
 30
0.0
 70
128
 71
84
 72
83
 73
82
  0
VERTEX
  5
31D2
330
17
100
AcDbEntity
  8
ELEM_04_INFERIOR
100
AcDbFaceRecord
 10
0.0
 20
0.0
 30
0.0
 70
128
 71
84
 72
85
 73
83
  0
VERTEX
  5
31D6
330
17
100
AcDbEntity
  8
ELEM_04_INFERIOR
100
AcDbFaceRecord
 10
0.0
 20
0.0
 30
0.0
 70
128
 71
86
 72
85
 73
84
  0
VERTEX
  5
31DA
330
17
100
AcDbEntity
  8
ELEM_04_INFERIOR
100
AcDbFaceRecord
 10
0.0
 20
0.0
 30
0.0
 70
128
 71
86
 72
87
 73
85
  0
VERTEX
  5
31DE
330
17
100
AcDbEntity
  8
ELEM_04_INFERIOR
100
AcDbFaceRecord
 10
0.0
 20
0.0
 30
0.0
 70
128
 71
88
 72
87
 73
86
  0
VERTEX
  5
31E2
330
17
100
AcDbEntity
  8
ELEM_04_INFERIOR
100
AcDbFaceRecord
 10
0.0
 20
0.0
 30
0.0
 70
128
 71
88
 72
89
 73
87
  0
VERTEX
  5
31E6
330
17
100
AcDbEntity
  8
ELEM_04_INFERIOR
100
AcDbFaceRecord
 10
0.0
 20
0.0
 30
0.0
 70
128
 71
90
 72
89
 73
88
  0
VERTEX
  5
31EA
330
17
100
AcDbEntity
  8
ELEM_04_INFERIOR
100
AcDbFaceRecord
 10
0.0
 20
0.0
 30
0.0
 70
128
 71
90
 72
91
 73
89
  0
VERTEX
  5
31EE
330
17
100
AcDbEntity
  8
ELEM_04_INFERIOR
100
AcDbFaceRecord
 10
0.0
 20
0.0
 30
0.0
 70
128
 71
92
 72
91
 73
90
  0
VERTEX
  5
31F2
330
17
100
AcDbEntity
  8
ELEM_04_INFERIOR
100
AcDbFaceRecord
 10
0.0
 20
0.0
 30
0.0
 70
128
 71
92
 72
93
 73
91
  0
VERTEX
  5
31F6
330
17
100
AcDbEntity
  8
ELEM_04_INFERIOR
100
AcDbFaceRecord
 10
0.0
 20
0.0
 30
0.0
 70
128
 71
94
 72
93
 73
92
  0
VERTEX
  5
31FA
330
17
100
AcDbEntity
  8
ELEM_04_INFERIOR
100
AcDbFaceRecord
 10
0.0
 20
0.0
 30
0.0
 70
128
 71
94
 72
95
 73
93
  0
VERTEX
  5
31FE
330
17
100
AcDbEntity
  8
ELEM_04_INFERIOR
100
AcDbFaceRecord
 10
0.0
 20
0.0
 30
0.0
 70
128
 71
96
 72
95
 73
94
  0
VERTEX
  5
3202
330
17
100
AcDbEntity
  8
ELEM_04_INFERIOR
100
AcDbFaceRecord
 10
0.0
 20
0.0
 30
0.0
 70
128
 71
96
 72
97
 73
95
  0
VERTEX
  5
3206
330
17
100
AcDbEntity
  8
ELEM_04_INFERIOR
100
AcDbFaceRecord
 10
0.0
 20
0.0
 30
0.0
 70
128
 71
98
 72
97
 73
96
  0
VERTEX
  5
320A
330
17
100
AcDbEntity
  8
ELEM_04_INFERIOR
100
AcDbFaceRecord
 10
0.0
 20
0.0
 30
0.0
 70
128
 71
98
 72
99
 73
97
  0
VERTEX
  5
320E
330
17
100
AcDbEntity
  8
ELEM_04_INFERIOR
100
AcDbFaceRecord
 10
0.0
 20
0.0
 30
0.0
 70
128
 71
100
 72
99
 73
98
  0
VERTEX
  5
3212
330
17
100
AcDbEntity
  8
ELEM_04_INFERIOR
100
AcDbFaceRecord
 10
0.0
 20
0.0
 30
0.0
 70
128
 71
100
 72
101
 73
99
  0
VERTEX
  5
3216
330
17
100
AcDbEntity
  8
ELEM_04_INFERIOR
100
AcDbFaceRecord
 10
0.0
 20
0.0
 30
0.0
 70
128
 71
102
 72
101
 73
100
  0
VERTEX
  5
321A
330
17
100
AcDbEntity
  8
ELEM_04_INFERIOR
100
AcDbFaceRecord
 10
0.0
 20
0.0
 30
0.0
 70
128
 71
102
 72
103
 73
101
  0
VERTEX
  5
321E
330
17
100
AcDbEntity
  8
ELEM_04_INFERIOR
100
AcDbFaceRecord
 10
0.0
 20
0.0
 30
0.0
 70
128
 71
104
 72
103
 73
102
  0
VERTEX
  5
3222
330
17
100
AcDbEntity
  8
ELEM_04_INFERIOR
100
AcDbFaceRecord
 10
0.0
 20
0.0
 30
0.0
 70
128
 71
104
 72
105
 73
103
  0
VERTEX
  5
3226
330
17
100
AcDbEntity
  8
ELEM_04_INFERIOR
100
AcDbFaceRecord
 10
0.0
 20
0.0
 30
0.0
 70
128
 71
106
 72
105
 73
104
  0
VERTEX
  5
322A
330
17
100
AcDbEntity
  8
ELEM_04_INFERIOR
100
AcDbFaceRecord
 10
0.0
 20
0.0
 30
0.0
 70
128
 71
106
 72
107
 73
105
  0
VERTEX
  5
322E
330
17
100
AcDbEntity
  8
ELEM_04_INFERIOR
100
AcDbFaceRecord
 10
0.0
 20
0.0
 30
0.0
 70
128
 71
108
 72
107
 73
106
  0
VERTEX
  5
3232
330
17
100
AcDbEntity
  8
ELEM_04_INFERIOR
100
AcDbFaceRecord
 10
0.0
 20
0.0
 30
0.0
 70
128
 71
108
 72
109
 73
107
  0
VERTEX
  5
3236
330
17
100
AcDbEntity
  8
ELEM_04_INFERIOR
100
AcDbFaceRecord
 10
0.0
 20
0.0
 30
0.0
 70
128
 71
110
 72
109
 73
108
  0
VERTEX
  5
323A
330
17
100
AcDbEntity
  8
ELEM_04_INFERIOR
100
AcDbFaceRecord
 10
0.0
 20
0.0
 30
0.0
 70
128
 71
110
 72
111
 73
109
  0
VERTEX
  5
323E
330
17
100
AcDbEntity
  8
ELEM_04_INFERIOR
100
AcDbFaceRecord
 10
0.0
 20
0.0
 30
0.0
 70
128
 71
112
 72
111
 73
110
  0
VERTEX
  5
3242
330
17
100
AcDbEntity
  8
ELEM_04_INFERIOR
100
AcDbFaceRecord
 10
0.0
 20
0.0
 30
0.0
 70
128
 71
112
 72
113
 73
111
  0
VERTEX
  5
3246
330
17
100
AcDbEntity
  8
ELEM_04_INFERIOR
100
AcDbFaceRecord
 10
0.0
 20
0.0
 30
0.0
 70
128
 71
114
 72
113
 73
112
  0
VERTEX
  5
324A
330
17
100
AcDbEntity
  8
ELEM_04_INFERIOR
100
AcDbFaceRecord
 10
0.0
 20
0.0
 30
0.0
 70
128
 71
114
 72
115
 73
113
  0
VERTEX
  5
324E
330
17
100
AcDbEntity
  8
ELEM_04_INFERIOR
100
AcDbFaceRecord
 10
0.0
 20
0.0
 30
0.0
 70
128
 71
116
 72
115
 73
114
  0
VERTEX
  5
3252
330
17
100
AcDbEntity
  8
ELEM_04_INFERIOR
100
AcDbFaceRecord
 10
0.0
 20
0.0
 30
0.0
 70
128
 71
116
 72
117
 73
115
  0
VERTEX
  5
3256
330
17
100
AcDbEntity
  8
ELEM_04_INFERIOR
100
AcDbFaceRecord
 10
0.0
 20
0.0
 30
0.0
 70
128
 71
118
 72
117
 73
116
  0
VERTEX
  5
325A
330
17
100
AcDbEntity
  8
ELEM_04_INFERIOR
100
AcDbFaceRecord
 10
0.0
 20
0.0
 30
0.0
 70
128
 71
118
 72
119
 73
117
  0
VERTEX
  5
325E
330
17
100
AcDbEntity
  8
ELEM_04_INFERIOR
100
AcDbFaceRecord
 10
0.0
 20
0.0
 30
0.0
 70
128
 71
120
 72
119
 73
118
  0
VERTEX
  5
3262
330
17
100
AcDbEntity
  8
ELEM_04_INFERIOR
100
AcDbFaceRecord
 10
0.0
 20
0.0
 30
0.0
 70
128
 71
120
 72
121
 73
119
  0
VERTEX
  5
3266
330
17
100
AcDbEntity
  8
ELEM_04_INFERIOR
100
AcDbFaceRecord
 10
0.0
 20
0.0
 30
0.0
 70
128
 71
122
 72
121
 73
120
  0
VERTEX
  5
326A
330
17
100
AcDbEntity
  8
ELEM_04_INFERIOR
100
AcDbFaceRecord
 10
0.0
 20
0.0
 30
0.0
 70
128
 71
122
 72
123
 73
121
  0
VERTEX
  5
326E
330
17
100
AcDbEntity
  8
ELEM_04_INFERIOR
100
AcDbFaceRecord
 10
0.0
 20
0.0
 30
0.0
 70
128
 71
124
 72
123
 73
122
  0
VERTEX
  5
3272
330
17
100
AcDbEntity
  8
ELEM_04_INFERIOR
100
AcDbFaceRecord
 10
0.0
 20
0.0
 30
0.0
 70
128
 71
124
 72
125
 73
123
  0
VERTEX
  5
3276
330
17
100
AcDbEntity
  8
ELEM_04_INFERIOR
100
AcDbFaceRecord
 10
0.0
 20
0.0
 30
0.0
 70
128
 71
126
 72
125
 73
124
  0
VERTEX
  5
327A
330
17
100
AcDbEntity
  8
ELEM_04_INFERIOR
100
AcDbFaceRecord
 10
0.0
 20
0.0
 30
0.0
 70
128
 71
126
 72
127
 73
125
  0
VERTEX
  5
327E
330
17
100
AcDbEntity
  8
ELEM_04_INFERIOR
100
AcDbFaceRecord
 10
0.0
 20
0.0
 30
0.0
 70
128
 71
128
 72
127
 73
126
  0
VERTEX
  5
3282
330
17
100
AcDbEntity
  8
ELEM_04_INFERIOR
100
AcDbFaceRecord
 10
0.0
 20
0.0
 30
0.0
 70
128
 71
128
 72
129
 73
127
  0
VERTEX
  5
3286
330
17
100
AcDbEntity
  8
ELEM_04_INFERIOR
100
AcDbFaceRecord
 10
0.0
 20
0.0
 30
0.0
 70
128
 71
130
 72
129
 73
128
  0
VERTEX
  5
328A
330
17
100
AcDbEntity
  8
ELEM_04_INFERIOR
100
AcDbFaceRecord
 10
0.0
 20
0.0
 30
0.0
 70
128
 71
130
 72
131
 73
129
  0
VERTEX
  5
328E
330
17
100
AcDbEntity
  8
ELEM_04_INFERIOR
100
AcDbFaceRecord
 10
0.0
 20
0.0
 30
0.0
 70
128
 71
132
 72
131
 73
130
  0
VERTEX
  5
3292
330
17
100
AcDbEntity
  8
ELEM_04_INFERIOR
100
AcDbFaceRecord
 10
0.0
 20
0.0
 30
0.0
 70
128
 71
132
 72
133
 73
131
  0
VERTEX
  5
3296
330
17
100
AcDbEntity
  8
ELEM_04_INFERIOR
100
AcDbFaceRecord
 10
0.0
 20
0.0
 30
0.0
 70
128
 71
134
 72
133
 73
132
  0
VERTEX
  5
329A
330
17
100
AcDbEntity
  8
ELEM_04_INFERIOR
100
AcDbFaceRecord
 10
0.0
 20
0.0
 30
0.0
 70
128
 71
134
 72
135
 73
133
  0
VERTEX
  5
329E
330
17
100
AcDbEntity
  8
ELEM_04_INFERIOR
100
AcDbFaceRecord
 10
0.0
 20
0.0
 30
0.0
 70
128
 71
136
 72
135
 73
134
  0
VERTEX
  5
32A2
330
17
100
AcDbEntity
  8
ELEM_04_INFERIOR
100
AcDbFaceRecord
 10
0.0
 20
0.0
 30
0.0
 70
128
 71
136
 72
137
 73
135
  0
VERTEX
  5
32A6
330
17
100
AcDbEntity
  8
ELEM_04_INFERIOR
100
AcDbFaceRecord
 10
0.0
 20
0.0
 30
0.0
 70
128
 71
138
 72
137
 73
136
  0
VERTEX
  5
32AA
330
17
100
AcDbEntity
  8
ELEM_04_INFERIOR
100
AcDbFaceRecord
 10
0.0
 20
0.0
 30
0.0
 70
128
 71
138
 72
139
 73
137
  0
VERTEX
  5
32AE
330
17
100
AcDbEntity
  8
ELEM_04_INFERIOR
100
AcDbFaceRecord
 10
0.0
 20
0.0
 30
0.0
 70
128
 71
140
 72
139
 73
138
  0
VERTEX
  5
32B2
330
17
100
AcDbEntity
  8
ELEM_04_INFERIOR
100
AcDbFaceRecord
 10
0.0
 20
0.0
 30
0.0
 70
128
 71
140
 72
141
 73
139
  0
VERTEX
  5
32B6
330
17
100
AcDbEntity
  8
ELEM_04_INFERIOR
100
AcDbFaceRecord
 10
0.0
 20
0.0
 30
0.0
 70
128
 71
142
 72
141
 73
140
  0
VERTEX
  5
32BA
330
17
100
AcDbEntity
  8
ELEM_04_INFERIOR
100
AcDbFaceRecord
 10
0.0
 20
0.0
 30
0.0
 70
128
 71
142
 72
143
 73
141
  0
VERTEX
  5
32BE
330
17
100
AcDbEntity
  8
ELEM_04_INFERIOR
100
AcDbFaceRecord
 10
0.0
 20
0.0
 30
0.0
 70
128
 71
144
 72
143
 73
142
  0
VERTEX
  5
32C2
330
17
100
AcDbEntity
  8
ELEM_04_INFERIOR
100
AcDbFaceRecord
 10
0.0
 20
0.0
 30
0.0
 70
128
 71
144
 72
145
 73
143
  0
VERTEX
  5
32C6
330
17
100
AcDbEntity
  8
ELEM_04_INFERIOR
100
AcDbFaceRecord
 10
0.0
 20
0.0
 30
0.0
 70
128
 71
146
 72
145
 73
144
  0
VERTEX
  5
32CA
330
17
100
AcDbEntity
  8
ELEM_04_INFERIOR
100
AcDbFaceRecord
 10
0.0
 20
0.0
 30
0.0
 70
128
 71
146
 72
147
 73
145
  0
VERTEX
  5
32CE
330
17
100
AcDbEntity
  8
ELEM_04_INFERIOR
100
AcDbFaceRecord
 10
0.0
 20
0.0
 30
0.0
 70
128
 71
148
 72
147
 73
146
  0
VERTEX
  5
32D2
330
17
100
AcDbEntity
  8
ELEM_04_INFERIOR
100
AcDbFaceRecord
 10
0.0
 20
0.0
 30
0.0
 70
128
 71
148
 72
149
 73
147
  0
VERTEX
  5
32D6
330
17
100
AcDbEntity
  8
ELEM_04_INFERIOR
100
AcDbFaceRecord
 10
0.0
 20
0.0
 30
0.0
 70
128
 71
150
 72
149
 73
148
  0
VERTEX
  5
32DA
330
17
100
AcDbEntity
  8
ELEM_04_INFERIOR
100
AcDbFaceRecord
 10
0.0
 20
0.0
 30
0.0
 70
128
 71
150
 72
151
 73
149
  0
VERTEX
  5
32DE
330
17
100
AcDbEntity
  8
ELEM_04_INFERIOR
100
AcDbFaceRecord
 10
0.0
 20
0.0
 30
0.0
 70
128
 71
152
 72
151
 73
150
  0
VERTEX
  5
32E2
330
17
100
AcDbEntity
  8
ELEM_04_INFERIOR
100
AcDbFaceRecord
 10
0.0
 20
0.0
 30
0.0
 70
128
 71
152
 72
153
 73
151
  0
VERTEX
  5
32E6
330
17
100
AcDbEntity
  8
ELEM_04_INFERIOR
100
AcDbFaceRecord
 10
0.0
 20
0.0
 30
0.0
 70
128
 71
154
 72
153
 73
152
  0
VERTEX
  5
32EA
330
17
100
AcDbEntity
  8
ELEM_04_INFERIOR
100
AcDbFaceRecord
 10
0.0
 20
0.0
 30
0.0
 70
128
 71
154
 72
155
 73
153
  0
VERTEX
  5
32EE
330
17
100
AcDbEntity
  8
ELEM_04_INFERIOR
100
AcDbFaceRecord
 10
0.0
 20
0.0
 30
0.0
 70
128
 71
156
 72
155
 73
154
  0
VERTEX
  5
32F2
330
17
100
AcDbEntity
  8
ELEM_04_INFERIOR
100
AcDbFaceRecord
 10
0.0
 20
0.0
 30
0.0
 70
128
 71
156
 72
157
 73
155
  0
VERTEX
  5
32F6
330
17
100
AcDbEntity
  8
ELEM_04_INFERIOR
100
AcDbFaceRecord
 10
0.0
 20
0.0
 30
0.0
 70
128
 71
158
 72
157
 73
156
  0
VERTEX
  5
32FA
330
17
100
AcDbEntity
  8
ELEM_04_INFERIOR
100
AcDbFaceRecord
 10
0.0
 20
0.0
 30
0.0
 70
128
 71
158
 72
159
 73
157
  0
VERTEX
  5
32FE
330
17
100
AcDbEntity
  8
ELEM_04_INFERIOR
100
AcDbFaceRecord
 10
0.0
 20
0.0
 30
0.0
 70
128
 71
160
 72
159
 73
158
  0
VERTEX
  5
3302
330
17
100
AcDbEntity
  8
ELEM_04_INFERIOR
100
AcDbFaceRecord
 10
0.0
 20
0.0
 30
0.0
 70
128
 71
160
 72
161
 73
159
  0
VERTEX
  5
3306
330
17
100
AcDbEntity
  8
ELEM_04_INFERIOR
100
AcDbFaceRecord
 10
0.0
 20
0.0
 30
0.0
 70
128
 71
162
 72
161
 73
160
  0
VERTEX
  5
330A
330
17
100
AcDbEntity
  8
ELEM_04_INFERIOR
100
AcDbFaceRecord
 10
0.0
 20
0.0
 30
0.0
 70
128
 71
162
 72
163
 73
161
  0
VERTEX
  5
330E
330
17
100
AcDbEntity
  8
ELEM_04_INFERIOR
100
AcDbFaceRecord
 10
0.0
 20
0.0
 30
0.0
 70
128
 71
164
 72
163
 73
162
  0
VERTEX
  5
3312
330
17
100
AcDbEntity
  8
ELEM_04_INFERIOR
100
AcDbFaceRecord
 10
0.0
 20
0.0
 30
0.0
 70
128
 71
164
 72
165
 73
163
  0
VERTEX
  5
3316
330
17
100
AcDbEntity
  8
ELEM_04_INFERIOR
100
AcDbFaceRecord
 10
0.0
 20
0.0
 30
0.0
 70
128
 71
166
 72
165
 73
164
  0
VERTEX
  5
331A
330
17
100
AcDbEntity
  8
ELEM_04_INFERIOR
100
AcDbFaceRecord
 10
0.0
 20
0.0
 30
0.0
 70
128
 71
166
 72
167
 73
165
  0
VERTEX
  5
331E
330
17
100
AcDbEntity
  8
ELEM_04_INFERIOR
100
AcDbFaceRecord
 10
0.0
 20
0.0
 30
0.0
 70
128
 71
168
 72
167
 73
166
  0
VERTEX
  5
3322
330
17
100
AcDbEntity
  8
ELEM_04_INFERIOR
100
AcDbFaceRecord
 10
0.0
 20
0.0
 30
0.0
 70
128
 71
168
 72
169
 73
167
  0
VERTEX
  5
3326
330
17
100
AcDbEntity
  8
ELEM_04_INFERIOR
100
AcDbFaceRecord
 10
0.0
 20
0.0
 30
0.0
 70
128
 71
170
 72
169
 73
168
  0
VERTEX
  5
332A
330
17
100
AcDbEntity
  8
ELEM_04_INFERIOR
100
AcDbFaceRecord
 10
0.0
 20
0.0
 30
0.0
 70
128
 71
170
 72
171
 73
169
  0
VERTEX
  5
332E
330
17
100
AcDbEntity
  8
ELEM_04_INFERIOR
100
AcDbFaceRecord
 10
0.0
 20
0.0
 30
0.0
 70
128
 71
172
 72
171
 73
170
  0
VERTEX
  5
3332
330
17
100
AcDbEntity
  8
ELEM_04_INFERIOR
100
AcDbFaceRecord
 10
0.0
 20
0.0
 30
0.0
 70
128
 71
172
 72
173
 73
171
  0
VERTEX
  5
3336
330
17
100
AcDbEntity
  8
ELEM_04_INFERIOR
100
AcDbFaceRecord
 10
0.0
 20
0.0
 30
0.0
 70
128
 71
174
 72
173
 73
172
  0
VERTEX
  5
333A
330
17
100
AcDbEntity
  8
ELEM_04_INFERIOR
100
AcDbFaceRecord
 10
0.0
 20
0.0
 30
0.0
 70
128
 71
174
 72
175
 73
173
  0
VERTEX
  5
333E
330
17
100
AcDbEntity
  8
ELEM_04_INFERIOR
100
AcDbFaceRecord
 10
0.0
 20
0.0
 30
0.0
 70
128
 71
176
 72
175
 73
174
  0
VERTEX
  5
3342
330
17
100
AcDbEntity
  8
ELEM_04_INFERIOR
100
AcDbFaceRecord
 10
0.0
 20
0.0
 30
0.0
 70
128
 71
176
 72
177
 73
175
  0
VERTEX
  5
3346
330
17
100
AcDbEntity
  8
ELEM_04_INFERIOR
100
AcDbFaceRecord
 10
0.0
 20
0.0
 30
0.0
 70
128
 71
178
 72
177
 73
176
  0
VERTEX
  5
334A
330
17
100
AcDbEntity
  8
ELEM_04_INFERIOR
100
AcDbFaceRecord
 10
0.0
 20
0.0
 30
0.0
 70
128
 71
178
 72
179
 73
177
  0
VERTEX
  5
334E
330
17
100
AcDbEntity
  8
ELEM_04_INFERIOR
100
AcDbFaceRecord
 10
0.0
 20
0.0
 30
0.0
 70
128
 71
180
 72
179
 73
178
  0
VERTEX
  5
3352
330
17
100
AcDbEntity
  8
ELEM_04_INFERIOR
100
AcDbFaceRecord
 10
0.0
 20
0.0
 30
0.0
 70
128
 71
180
 72
181
 73
179
  0
VERTEX
  5
3356
330
17
100
AcDbEntity
  8
ELEM_04_INFERIOR
100
AcDbFaceRecord
 10
0.0
 20
0.0
 30
0.0
 70
128
 71
182
 72
181
 73
180
  0
VERTEX
  5
335A
330
17
100
AcDbEntity
  8
ELEM_04_INFERIOR
100
AcDbFaceRecord
 10
0.0
 20
0.0
 30
0.0
 70
128
 71
182
 72
183
 73
181
  0
VERTEX
  5
335E
330
17
100
AcDbEntity
  8
ELEM_04_INFERIOR
100
AcDbFaceRecord
 10
0.0
 20
0.0
 30
0.0
 70
128
 71
183
 72
182
 73
184
  0
VERTEX
  5
3362
330
17
100
AcDbEntity
  8
ELEM_04_INFERIOR
100
AcDbFaceRecord
 10
0.0
 20
0.0
 30
0.0
 70
128
 71
184
 72
185
 73
183
  0
VERTEX
  5
3366
330
17
100
AcDbEntity
  8
ELEM_04_INFERIOR
100
AcDbFaceRecord
 10
0.0
 20
0.0
 30
0.0
 70
128
 71
185
 72
184
 73
186
  0
VERTEX
  5
336A
330
17
100
AcDbEntity
  8
ELEM_04_INFERIOR
100
AcDbFaceRecord
 10
0.0
 20
0.0
 30
0.0
 70
128
 71
186
 72
187
 73
185
  0
VERTEX
  5
336E
330
17
100
AcDbEntity
  8
ELEM_04_INFERIOR
100
AcDbFaceRecord
 10
0.0
 20
0.0
 30
0.0
 70
128
 71
187
 72
186
 73
188
  0
VERTEX
  5
3372
330
17
100
AcDbEntity
  8
ELEM_04_INFERIOR
100
AcDbFaceRecord
 10
0.0
 20
0.0
 30
0.0
 70
128
 71
188
 72
189
 73
187
  0
VERTEX
  5
3376
330
17
100
AcDbEntity
  8
ELEM_04_INFERIOR
100
AcDbFaceRecord
 10
0.0
 20
0.0
 30
0.0
 70
128
 71
189
 72
188
 73
190
  0
VERTEX
  5
337A
330
17
100
AcDbEntity
  8
ELEM_04_INFERIOR
100
AcDbFaceRecord
 10
0.0
 20
0.0
 30
0.0
 70
128
 71
190
 72
191
 73
189
  0
VERTEX
  5
337E
330
17
100
AcDbEntity
  8
ELEM_04_INFERIOR
100
AcDbFaceRecord
 10
0.0
 20
0.0
 30
0.0
 70
128
 71
192
 72
191
 73
190
  0
VERTEX
  5
3382
330
17
100
AcDbEntity
  8
ELEM_04_INFERIOR
100
AcDbFaceRecord
 10
0.0
 20
0.0
 30
0.0
 70
128
 71
192
 72
193
 73
191
  0
VERTEX
  5
3386
330
17
100
AcDbEntity
  8
ELEM_04_INFERIOR
100
AcDbFaceRecord
 10
0.0
 20
0.0
 30
0.0
 70
128
 71
194
 72
193
 73
192
  0
VERTEX
  5
338A
330
17
100
AcDbEntity
  8
ELEM_04_INFERIOR
100
AcDbFaceRecord
 10
0.0
 20
0.0
 30
0.0
 70
128
 71
194
 72
195
 73
193
  0
VERTEX
  5
338E
330
17
100
AcDbEntity
  8
ELEM_04_INFERIOR
100
AcDbFaceRecord
 10
0.0
 20
0.0
 30
0.0
 70
128
 71
196
 72
195
 73
194
  0
VERTEX
  5
3392
330
17
100
AcDbEntity
  8
ELEM_04_INFERIOR
100
AcDbFaceRecord
 10
0.0
 20
0.0
 30
0.0
 70
128
 71
196
 72
197
 73
195
  0
VERTEX
  5
3396
330
17
100
AcDbEntity
  8
ELEM_04_INFERIOR
100
AcDbFaceRecord
 10
0.0
 20
0.0
 30
0.0
 70
128
 71
198
 72
197
 73
196
  0
VERTEX
  5
339A
330
17
100
AcDbEntity
  8
ELEM_04_INFERIOR
100
AcDbFaceRecord
 10
0.0
 20
0.0
 30
0.0
 70
128
 71
198
 72
199
 73
197
  0
VERTEX
  5
339E
330
17
100
AcDbEntity
  8
ELEM_04_INFERIOR
100
AcDbFaceRecord
 10
0.0
 20
0.0
 30
0.0
 70
128
 71
200
 72
199
 73
198
  0
VERTEX
  5
33A2
330
17
100
AcDbEntity
  8
ELEM_04_INFERIOR
100
AcDbFaceRecord
 10
0.0
 20
0.0
 30
0.0
 70
128
 71
200
 72
201
 73
199
  0
VERTEX
  5
33A6
330
17
100
AcDbEntity
  8
ELEM_04_INFERIOR
100
AcDbFaceRecord
 10
0.0
 20
0.0
 30
0.0
 70
128
 71
202
 72
201
 73
200
  0
VERTEX
  5
33AA
330
17
100
AcDbEntity
  8
ELEM_04_INFERIOR
100
AcDbFaceRecord
 10
0.0
 20
0.0
 30
0.0
 70
128
 71
202
 72
203
 73
201
  0
VERTEX
  5
33AE
330
17
100
AcDbEntity
  8
ELEM_04_INFERIOR
100
AcDbFaceRecord
 10
0.0
 20
0.0
 30
0.0
 70
128
 71
204
 72
203
 73
202
  0
VERTEX
  5
33B2
330
17
100
AcDbEntity
  8
ELEM_04_INFERIOR
100
AcDbFaceRecord
 10
0.0
 20
0.0
 30
0.0
 70
128
 71
204
 72
205
 73
203
  0
VERTEX
  5
33B6
330
17
100
AcDbEntity
  8
ELEM_04_INFERIOR
100
AcDbFaceRecord
 10
0.0
 20
0.0
 30
0.0
 70
128
 71
206
 72
205
 73
204
  0
VERTEX
  5
33BA
330
17
100
AcDbEntity
  8
ELEM_04_INFERIOR
100
AcDbFaceRecord
 10
0.0
 20
0.0
 30
0.0
 70
128
 71
206
 72
207
 73
205
  0
VERTEX
  5
33BE
330
17
100
AcDbEntity
  8
ELEM_04_INFERIOR
100
AcDbFaceRecord
 10
0.0
 20
0.0
 30
0.0
 70
128
 71
208
 72
207
 73
206
  0
VERTEX
  5
33C2
330
17
100
AcDbEntity
  8
ELEM_04_INFERIOR
100
AcDbFaceRecord
 10
0.0
 20
0.0
 30
0.0
 70
128
 71
208
 72
209
 73
207
  0
VERTEX
  5
33C6
330
17
100
AcDbEntity
  8
ELEM_04_INFERIOR
100
AcDbFaceRecord
 10
0.0
 20
0.0
 30
0.0
 70
128
 71
210
 72
209
 73
208
  0
VERTEX
  5
33CA
330
17
100
AcDbEntity
  8
ELEM_04_INFERIOR
100
AcDbFaceRecord
 10
0.0
 20
0.0
 30
0.0
 70
128
 71
210
 72
211
 73
209
  0
VERTEX
  5
33CE
330
17
100
AcDbEntity
  8
ELEM_04_INFERIOR
100
AcDbFaceRecord
 10
0.0
 20
0.0
 30
0.0
 70
128
 71
212
 72
211
 73
210
  0
VERTEX
  5
33D2
330
17
100
AcDbEntity
  8
ELEM_04_INFERIOR
100
AcDbFaceRecord
 10
0.0
 20
0.0
 30
0.0
 70
128
 71
212
 72
213
 73
211
  0
VERTEX
  5
33D6
330
17
100
AcDbEntity
  8
ELEM_04_INFERIOR
100
AcDbFaceRecord
 10
0.0
 20
0.0
 30
0.0
 70
128
 71
214
 72
213
 73
212
  0
VERTEX
  5
33DA
330
17
100
AcDbEntity
  8
ELEM_04_INFERIOR
100
AcDbFaceRecord
 10
0.0
 20
0.0
 30
0.0
 70
128
 71
214
 72
215
 73
213
  0
VERTEX
  5
33DE
330
17
100
AcDbEntity
  8
ELEM_04_INFERIOR
100
AcDbFaceRecord
 10
0.0
 20
0.0
 30
0.0
 70
128
 71
216
 72
215
 73
214
  0
VERTEX
  5
33E2
330
17
100
AcDbEntity
  8
ELEM_04_INFERIOR
100
AcDbFaceRecord
 10
0.0
 20
0.0
 30
0.0
 70
128
 71
216
 72
217
 73
215
  0
VERTEX
  5
33E6
330
17
100
AcDbEntity
  8
ELEM_04_INFERIOR
100
AcDbFaceRecord
 10
0.0
 20
0.0
 30
0.0
 70
128
 71
218
 72
217
 73
216
  0
VERTEX
  5
33EA
330
17
100
AcDbEntity
  8
ELEM_04_INFERIOR
100
AcDbFaceRecord
 10
0.0
 20
0.0
 30
0.0
 70
128
 71
218
 72
219
 73
217
  0
VERTEX
  5
33EE
330
17
100
AcDbEntity
  8
ELEM_04_INFERIOR
100
AcDbFaceRecord
 10
0.0
 20
0.0
 30
0.0
 70
128
 71
220
 72
219
 73
218
  0
VERTEX
  5
33F2
330
17
100
AcDbEntity
  8
ELEM_04_INFERIOR
100
AcDbFaceRecord
 10
0.0
 20
0.0
 30
0.0
 70
128
 71
220
 72
221
 73
219
  0
VERTEX
  5
33F6
330
17
100
AcDbEntity
  8
ELEM_04_INFERIOR
100
AcDbFaceRecord
 10
0.0
 20
0.0
 30
0.0
 70
128
 71
222
 72
221
 73
220
  0
VERTEX
  5
33FA
330
17
100
AcDbEntity
  8
ELEM_04_INFERIOR
100
AcDbFaceRecord
 10
0.0
 20
0.0
 30
0.0
 70
128
 71
222
 72
223
 73
221
  0
VERTEX
  5
33FE
330
17
100
AcDbEntity
  8
ELEM_04_INFERIOR
100
AcDbFaceRecord
 10
0.0
 20
0.0
 30
0.0
 70
128
 71
224
 72
223
 73
222
  0
VERTEX
  5
3402
330
17
100
AcDbEntity
  8
ELEM_04_INFERIOR
100
AcDbFaceRecord
 10
0.0
 20
0.0
 30
0.0
 70
128
 71
224
 72
225
 73
223
  0
VERTEX
  5
3406
330
17
100
AcDbEntity
  8
ELEM_04_INFERIOR
100
AcDbFaceRecord
 10
0.0
 20
0.0
 30
0.0
 70
128
 71
226
 72
225
 73
224
  0
VERTEX
  5
340A
330
17
100
AcDbEntity
  8
ELEM_04_INFERIOR
100
AcDbFaceRecord
 10
0.0
 20
0.0
 30
0.0
 70
128
 71
226
 72
227
 73
225
  0
VERTEX
  5
340E
330
17
100
AcDbEntity
  8
ELEM_04_INFERIOR
100
AcDbFaceRecord
 10
0.0
 20
0.0
 30
0.0
 70
128
 71
228
 72
227
 73
226
  0
VERTEX
  5
3412
330
17
100
AcDbEntity
  8
ELEM_04_INFERIOR
100
AcDbFaceRecord
 10
0.0
 20
0.0
 30
0.0
 70
128
 71
228
 72
229
 73
227
  0
VERTEX
  5
3416
330
17
100
AcDbEntity
  8
ELEM_04_INFERIOR
100
AcDbFaceRecord
 10
0.0
 20
0.0
 30
0.0
 70
128
 71
230
 72
229
 73
228
  0
VERTEX
  5
341A
330
17
100
AcDbEntity
  8
ELEM_04_INFERIOR
100
AcDbFaceRecord
 10
0.0
 20
0.0
 30
0.0
 70
128
 71
230
 72
231
 73
229
  0
VERTEX
  5
341E
330
17
100
AcDbEntity
  8
ELEM_04_INFERIOR
100
AcDbFaceRecord
 10
0.0
 20
0.0
 30
0.0
 70
128
 71
232
 72
231
 73
230
  0
VERTEX
  5
3422
330
17
100
AcDbEntity
  8
ELEM_04_INFERIOR
100
AcDbFaceRecord
 10
0.0
 20
0.0
 30
0.0
 70
128
 71
232
 72
233
 73
231
  0
VERTEX
  5
3426
330
17
100
AcDbEntity
  8
ELEM_04_INFERIOR
100
AcDbFaceRecord
 10
0.0
 20
0.0
 30
0.0
 70
128
 71
234
 72
233
 73
232
  0
VERTEX
  5
342A
330
17
100
AcDbEntity
  8
ELEM_04_INFERIOR
100
AcDbFaceRecord
 10
0.0
 20
0.0
 30
0.0
 70
128
 71
234
 72
235
 73
233
  0
VERTEX
  5
342E
330
17
100
AcDbEntity
  8
ELEM_04_INFERIOR
100
AcDbFaceRecord
 10
0.0
 20
0.0
 30
0.0
 70
128
 71
236
 72
235
 73
234
  0
VERTEX
  5
3432
330
17
100
AcDbEntity
  8
ELEM_04_INFERIOR
100
AcDbFaceRecord
 10
0.0
 20
0.0
 30
0.0
 70
128
 71
236
 72
237
 73
235
  0
VERTEX
  5
3436
330
17
100
AcDbEntity
  8
ELEM_04_INFERIOR
100
AcDbFaceRecord
 10
0.0
 20
0.0
 30
0.0
 70
128
 71
238
 72
237
 73
236
  0
VERTEX
  5
343A
330
17
100
AcDbEntity
  8
ELEM_04_INFERIOR
100
AcDbFaceRecord
 10
0.0
 20
0.0
 30
0.0
 70
128
 71
239
 72
240
 73
237
  0
VERTEX
  5
343E
330
17
100
AcDbEntity
  8
ELEM_04_INFERIOR
100
AcDbFaceRecord
 10
0.0
 20
0.0
 30
0.0
 70
128
 71
239
 72
237
 73
238
  0
VERTEX
  5
3442
330
17
100
AcDbEntity
  8
ELEM_04_INFERIOR
100
AcDbFaceRecord
 10
0.0
 20
0.0
 30
0.0
 70
128
 71
241
 72
242
 73
240
  0
VERTEX
  5
3446
330
17
100
AcDbEntity
  8
ELEM_04_INFERIOR
100
AcDbFaceRecord
 10
0.0
 20
0.0
 30
0.0
 70
128
 71
241
 72
240
 73
239
  0
VERTEX
  5
344A
330
17
100
AcDbEntity
  8
ELEM_04_INFERIOR
100
AcDbFaceRecord
 10
0.0
 20
0.0
 30
0.0
 70
128
 71
243
 72
244
 73
242
  0
VERTEX
  5
344E
330
17
100
AcDbEntity
  8
ELEM_04_INFERIOR
100
AcDbFaceRecord
 10
0.0
 20
0.0
 30
0.0
 70
128
 71
243
 72
242
 73
241
  0
VERTEX
  5
3452
330
17
100
AcDbEntity
  8
ELEM_04_INFERIOR
100
AcDbFaceRecord
 10
0.0
 20
0.0
 30
0.0
 70
128
 71
245
 72
246
 73
244
  0
VERTEX
  5
3456
330
17
100
AcDbEntity
  8
ELEM_04_INFERIOR
100
AcDbFaceRecord
 10
0.0
 20
0.0
 30
0.0
 70
128
 71
245
 72
244
 73
243
  0
VERTEX
  5
345A
330
17
100
AcDbEntity
  8
ELEM_04_INFERIOR
100
AcDbFaceRecord
 10
0.0
 20
0.0
 30
0.0
 70
128
 71
247
 72
248
 73
246
  0
VERTEX
  5
345E
330
17
100
AcDbEntity
  8
ELEM_04_INFERIOR
100
AcDbFaceRecord
 10
0.0
 20
0.0
 30
0.0
 70
128
 71
247
 72
246
 73
245
  0
VERTEX
  5
3462
330
17
100
AcDbEntity
  8
ELEM_04_INFERIOR
100
AcDbFaceRecord
 10
0.0
 20
0.0
 30
0.0
 70
128
 71
249
 72
250
 73
248
  0
VERTEX
  5
3466
330
17
100
AcDbEntity
  8
ELEM_04_INFERIOR
100
AcDbFaceRecord
 10
0.0
 20
0.0
 30
0.0
 70
128
 71
249
 72
248
 73
247
  0
VERTEX
  5
346A
330
17
100
AcDbEntity
  8
ELEM_04_INFERIOR
100
AcDbFaceRecord
 10
0.0
 20
0.0
 30
0.0
 70
128
 71
249
 72
251
 73
250
  0
VERTEX
  5
346E
330
17
100
AcDbEntity
  8
ELEM_04_INFERIOR
100
AcDbFaceRecord
 10
0.0
 20
0.0
 30
0.0
 70
128
 71
252
 72
251
 73
249
  0
VERTEX
  5
3472
330
17
100
AcDbEntity
  8
ELEM_04_INFERIOR
100
AcDbFaceRecord
 10
0.0
 20
0.0
 30
0.0
 70
128
 71
252
 72
253
 73
251
  0
VERTEX
  5
3476
330
17
100
AcDbEntity
  8
ELEM_04_INFERIOR
100
AcDbFaceRecord
 10
0.0
 20
0.0
 30
0.0
 70
128
 71
254
 72
253
 73
252
  0
VERTEX
  5
347A
330
17
100
AcDbEntity
  8
ELEM_04_INFERIOR
100
AcDbFaceRecord
 10
0.0
 20
0.0
 30
0.0
 70
128
 71
254
 72
255
 73
253
  0
VERTEX
  5
347E
330
17
100
AcDbEntity
  8
ELEM_04_INFERIOR
100
AcDbFaceRecord
 10
0.0
 20
0.0
 30
0.0
 70
128
 71
256
 72
255
 73
254
  0
VERTEX
  5
3482
330
17
100
AcDbEntity
  8
ELEM_04_INFERIOR
100
AcDbFaceRecord
 10
0.0
 20
0.0
 30
0.0
 70
128
 71
256
 72
257
 73
255
  0
VERTEX
  5
3486
330
17
100
AcDbEntity
  8
ELEM_04_INFERIOR
100
AcDbFaceRecord
 10
0.0
 20
0.0
 30
0.0
 70
128
 71
258
 72
257
 73
256
  0
VERTEX
  5
348A
330
17
100
AcDbEntity
  8
ELEM_04_INFERIOR
100
AcDbFaceRecord
 10
0.0
 20
0.0
 30
0.0
 70
128
 71
258
 72
259
 73
257
  0
VERTEX
  5
348E
330
17
100
AcDbEntity
  8
ELEM_04_INFERIOR
100
AcDbFaceRecord
 10
0.0
 20
0.0
 30
0.0
 70
128
 71
260
 72
259
 73
258
  0
VERTEX
  5
3492
330
17
100
AcDbEntity
  8
ELEM_04_INFERIOR
100
AcDbFaceRecord
 10
0.0
 20
0.0
 30
0.0
 70
128
 71
260
 72
261
 73
259
  0
VERTEX
  5
3496
330
17
100
AcDbEntity
  8
ELEM_04_INFERIOR
100
AcDbFaceRecord
 10
0.0
 20
0.0
 30
0.0
 70
128
 71
262
 72
261
 73
260
  0
VERTEX
  5
349A
330
17
100
AcDbEntity
  8
ELEM_04_INFERIOR
100
AcDbFaceRecord
 10
0.0
 20
0.0
 30
0.0
 70
128
 71
262
 72
263
 73
261
  0
VERTEX
  5
349E
330
17
100
AcDbEntity
  8
ELEM_04_INFERIOR
100
AcDbFaceRecord
 10
0.0
 20
0.0
 30
0.0
 70
128
 71
264
 72
263
 73
262
  0
VERTEX
  5
34A2
330
17
100
AcDbEntity
  8
ELEM_04_INFERIOR
100
AcDbFaceRecord
 10
0.0
 20
0.0
 30
0.0
 70
128
 71
265
 72
266
 73
263
  0
VERTEX
  5
34A6
330
17
100
AcDbEntity
  8
ELEM_04_INFERIOR
100
AcDbFaceRecord
 10
0.0
 20
0.0
 30
0.0
 70
128
 71
263
 72
264
 73
265
  0
VERTEX
  5
34AA
330
17
100
AcDbEntity
  8
ELEM_04_INFERIOR
100
AcDbFaceRecord
 10
0.0
 20
0.0
 30
0.0
 70
128
 71
267
 72
268
 73
266
  0
VERTEX
  5
34AE
330
17
100
AcDbEntity
  8
ELEM_04_INFERIOR
100
AcDbFaceRecord
 10
0.0
 20
0.0
 30
0.0
 70
128
 71
267
 72
266
 73
265
  0
VERTEX
  5
34B2
330
17
100
AcDbEntity
  8
ELEM_04_INFERIOR
100
AcDbFaceRecord
 10
0.0
 20
0.0
 30
0.0
 70
128
 71
269
 72
270
 73
268
  0
VERTEX
  5
34B6
330
17
100
AcDbEntity
  8
ELEM_04_INFERIOR
100
AcDbFaceRecord
 10
0.0
 20
0.0
 30
0.0
 70
128
 71
269
 72
268
 73
267
  0
VERTEX
  5
34BA
330
17
100
AcDbEntity
  8
ELEM_04_INFERIOR
100
AcDbFaceRecord
 10
0.0
 20
0.0
 30
0.0
 70
128
 71
271
 72
272
 73
270
  0
VERTEX
  5
34BE
330
17
100
AcDbEntity
  8
ELEM_04_INFERIOR
100
AcDbFaceRecord
 10
0.0
 20
0.0
 30
0.0
 70
128
 71
271
 72
270
 73
269
  0
VERTEX
  5
34C2
330
17
100
AcDbEntity
  8
ELEM_04_INFERIOR
100
AcDbFaceRecord
 10
0.0
 20
0.0
 30
0.0
 70
128
 71
273
 72
274
 73
272
  0
VERTEX
  5
34C6
330
17
100
AcDbEntity
  8
ELEM_04_INFERIOR
100
AcDbFaceRecord
 10
0.0
 20
0.0
 30
0.0
 70
128
 71
273
 72
272
 73
271
  0
VERTEX
  5
34CA
330
17
100
AcDbEntity
  8
ELEM_04_INFERIOR
100
AcDbFaceRecord
 10
0.0
 20
0.0
 30
0.0
 70
128
 71
275
 72
276
 73
274
  0
VERTEX
  5
34CE
330
17
100
AcDbEntity
  8
ELEM_04_INFERIOR
100
AcDbFaceRecord
 10
0.0
 20
0.0
 30
0.0
 70
128
 71
275
 72
274
 73
273
  0
VERTEX
  5
34D2
330
17
100
AcDbEntity
  8
ELEM_04_INFERIOR
100
AcDbFaceRecord
 10
0.0
 20
0.0
 30
0.0
 70
128
 71
277
 72
278
 73
276
  0
VERTEX
  5
34D6
330
17
100
AcDbEntity
  8
ELEM_04_INFERIOR
100
AcDbFaceRecord
 10
0.0
 20
0.0
 30
0.0
 70
128
 71
277
 72
276
 73
275
  0
VERTEX
  5
34DA
330
17
100
AcDbEntity
  8
ELEM_04_INFERIOR
100
AcDbFaceRecord
 10
0.0
 20
0.0
 30
0.0
 70
128
 71
279
 72
280
 73
278
  0
VERTEX
  5
34DE
330
17
100
AcDbEntity
  8
ELEM_04_INFERIOR
100
AcDbFaceRecord
 10
0.0
 20
0.0
 30
0.0
 70
128
 71
279
 72
278
 73
277
  0
VERTEX
  5
34E2
330
17
100
AcDbEntity
  8
ELEM_04_INFERIOR
100
AcDbFaceRecord
 10
0.0
 20
0.0
 30
0.0
 70
128
 71
281
 72
282
 73
280
  0
VERTEX
  5
34E6
330
17
100
AcDbEntity
  8
ELEM_04_INFERIOR
100
AcDbFaceRecord
 10
0.0
 20
0.0
 30
0.0
 70
128
 71
281
 72
280
 73
279
  0
VERTEX
  5
34EA
330
17
100
AcDbEntity
  8
ELEM_04_INFERIOR
100
AcDbFaceRecord
 10
0.0
 20
0.0
 30
0.0
 70
128
 71
283
 72
284
 73
282
  0
VERTEX
  5
34EE
330
17
100
AcDbEntity
  8
ELEM_04_INFERIOR
100
AcDbFaceRecord
 10
0.0
 20
0.0
 30
0.0
 70
128
 71
283
 72
282
 73
281
  0
VERTEX
  5
34F2
330
17
100
AcDbEntity
  8
ELEM_04_INFERIOR
100
AcDbFaceRecord
 10
0.0
 20
0.0
 30
0.0
 70
128
 71
285
 72
286
 73
284
  0
VERTEX
  5
34F6
330
17
100
AcDbEntity
  8
ELEM_04_INFERIOR
100
AcDbFaceRecord
 10
0.0
 20
0.0
 30
0.0
 70
128
 71
285
 72
284
 73
283
  0
VERTEX
  5
34FA
330
17
100
AcDbEntity
  8
ELEM_04_INFERIOR
100
AcDbFaceRecord
 10
0.0
 20
0.0
 30
0.0
 70
128
 71
287
 72
288
 73
286
  0
VERTEX
  5
34FE
330
17
100
AcDbEntity
  8
ELEM_04_INFERIOR
100
AcDbFaceRecord
 10
0.0
 20
0.0
 30
0.0
 70
128
 71
287
 72
286
 73
285
  0
VERTEX
  5
3502
330
17
100
AcDbEntity
  8
ELEM_04_INFERIOR
100
AcDbFaceRecord
 10
0.0
 20
0.0
 30
0.0
 70
128
 71
289
 72
290
 73
288
  0
VERTEX
  5
3506
330
17
100
AcDbEntity
  8
ELEM_04_INFERIOR
100
AcDbFaceRecord
 10
0.0
 20
0.0
 30
0.0
 70
128
 71
289
 72
288
 73
287
  0
VERTEX
  5
350A
330
17
100
AcDbEntity
  8
ELEM_04_INFERIOR
100
AcDbFaceRecord
 10
0.0
 20
0.0
 30
0.0
 70
128
 71
291
 72
292
 73
290
  0
VERTEX
  5
350E
330
17
100
AcDbEntity
  8
ELEM_04_INFERIOR
100
AcDbFaceRecord
 10
0.0
 20
0.0
 30
0.0
 70
128
 71
291
 72
290
 73
289
  0
VERTEX
  5
3512
330
17
100
AcDbEntity
  8
ELEM_04_INFERIOR
100
AcDbFaceRecord
 10
0.0
 20
0.0
 30
0.0
 70
128
 71
293
 72
294
 73
292
  0
VERTEX
  5
3516
330
17
100
AcDbEntity
  8
ELEM_04_INFERIOR
100
AcDbFaceRecord
 10
0.0
 20
0.0
 30
0.0
 70
128
 71
293
 72
292
 73
291
  0
VERTEX
  5
351A
330
17
100
AcDbEntity
  8
ELEM_04_INFERIOR
100
AcDbFaceRecord
 10
0.0
 20
0.0
 30
0.0
 70
128
 71
295
 72
296
 73
294
  0
VERTEX
  5
351E
330
17
100
AcDbEntity
  8
ELEM_04_INFERIOR
100
AcDbFaceRecord
 10
0.0
 20
0.0
 30
0.0
 70
128
 71
295
 72
294
 73
293
  0
VERTEX
  5
3522
330
17
100
AcDbEntity
  8
ELEM_04_INFERIOR
100
AcDbFaceRecord
 10
0.0
 20
0.0
 30
0.0
 70
128
 71
297
 72
298
 73
296
  0
VERTEX
  5
3526
330
17
100
AcDbEntity
  8
ELEM_04_INFERIOR
100
AcDbFaceRecord
 10
0.0
 20
0.0
 30
0.0
 70
128
 71
297
 72
296
 73
295
  0
VERTEX
  5
352A
330
17
100
AcDbEntity
  8
ELEM_04_INFERIOR
100
AcDbFaceRecord
 10
0.0
 20
0.0
 30
0.0
 70
128
 71
299
 72
300
 73
298
  0
VERTEX
  5
352E
330
17
100
AcDbEntity
  8
ELEM_04_INFERIOR
100
AcDbFaceRecord
 10
0.0
 20
0.0
 30
0.0
 70
128
 71
299
 72
298
 73
297
  0
VERTEX
  5
3532
330
17
100
AcDbEntity
  8
ELEM_04_INFERIOR
100
AcDbFaceRecord
 10
0.0
 20
0.0
 30
0.0
 70
128
 71
301
 72
302
 73
300
  0
VERTEX
  5
3536
330
17
100
AcDbEntity
  8
ELEM_04_INFERIOR
100
AcDbFaceRecord
 10
0.0
 20
0.0
 30
0.0
 70
128
 71
301
 72
300
 73
299
  0
VERTEX
  5
353A
330
17
100
AcDbEntity
  8
ELEM_04_INFERIOR
100
AcDbFaceRecord
 10
0.0
 20
0.0
 30
0.0
 70
128
 71
303
 72
304
 73
302
  0
VERTEX
  5
353E
330
17
100
AcDbEntity
  8
ELEM_04_INFERIOR
100
AcDbFaceRecord
 10
0.0
 20
0.0
 30
0.0
 70
128
 71
303
 72
302
 73
301
  0
VERTEX
  5
3542
330
17
100
AcDbEntity
  8
ELEM_04_INFERIOR
100
AcDbFaceRecord
 10
0.0
 20
0.0
 30
0.0
 70
128
 71
305
 72
306
 73
304
  0
VERTEX
  5
3546
330
17
100
AcDbEntity
  8
ELEM_04_INFERIOR
100
AcDbFaceRecord
 10
0.0
 20
0.0
 30
0.0
 70
128
 71
305
 72
304
 73
303
  0
VERTEX
  5
354A
330
17
100
AcDbEntity
  8
ELEM_04_INFERIOR
100
AcDbFaceRecord
 10
0.0
 20
0.0
 30
0.0
 70
128
 71
307
 72
308
 73
306
  0
VERTEX
  5
354E
330
17
100
AcDbEntity
  8
ELEM_04_INFERIOR
100
AcDbFaceRecord
 10
0.0
 20
0.0
 30
0.0
 70
128
 71
307
 72
306
 73
305
  0
VERTEX
  5
3552
330
17
100
AcDbEntity
  8
ELEM_04_INFERIOR
100
AcDbFaceRecord
 10
0.0
 20
0.0
 30
0.0
 70
128
 71
309
 72
310
 73
308
  0
VERTEX
  5
3556
330
17
100
AcDbEntity
  8
ELEM_04_INFERIOR
100
AcDbFaceRecord
 10
0.0
 20
0.0
 30
0.0
 70
128
 71
309
 72
308
 73
307
  0
VERTEX
  5
355A
330
17
100
AcDbEntity
  8
ELEM_04_INFERIOR
100
AcDbFaceRecord
 10
0.0
 20
0.0
 30
0.0
 70
128
 71
311
 72
312
 73
310
  0
VERTEX
  5
355E
330
17
100
AcDbEntity
  8
ELEM_04_INFERIOR
100
AcDbFaceRecord
 10
0.0
 20
0.0
 30
0.0
 70
128
 71
311
 72
310
 73
309
  0
VERTEX
  5
3562
330
17
100
AcDbEntity
  8
ELEM_04_INFERIOR
100
AcDbFaceRecord
 10
0.0
 20
0.0
 30
0.0
 70
128
 71
313
 72
314
 73
312
  0
VERTEX
  5
3566
330
17
100
AcDbEntity
  8
ELEM_04_INFERIOR
100
AcDbFaceRecord
 10
0.0
 20
0.0
 30
0.0
 70
128
 71
313
 72
312
 73
311
  0
VERTEX
  5
356A
330
17
100
AcDbEntity
  8
ELEM_04_INFERIOR
100
AcDbFaceRecord
 10
0.0
 20
0.0
 30
0.0
 70
128
 71
315
 72
316
 73
314
  0
VERTEX
  5
356E
330
17
100
AcDbEntity
  8
ELEM_04_INFERIOR
100
AcDbFaceRecord
 10
0.0
 20
0.0
 30
0.0
 70
128
 71
315
 72
314
 73
313
  0
VERTEX
  5
3572
330
17
100
AcDbEntity
  8
ELEM_04_INFERIOR
100
AcDbFaceRecord
 10
0.0
 20
0.0
 30
0.0
 70
128
 71
317
 72
318
 73
316
  0
VERTEX
  5
3576
330
17
100
AcDbEntity
  8
ELEM_04_INFERIOR
100
AcDbFaceRecord
 10
0.0
 20
0.0
 30
0.0
 70
128
 71
317
 72
316
 73
315
  0
VERTEX
  5
357A
330
17
100
AcDbEntity
  8
ELEM_04_INFERIOR
100
AcDbFaceRecord
 10
0.0
 20
0.0
 30
0.0
 70
128
 71
319
 72
320
 73
318
  0
VERTEX
  5
357E
330
17
100
AcDbEntity
  8
ELEM_04_INFERIOR
100
AcDbFaceRecord
 10
0.0
 20
0.0
 30
0.0
 70
128
 71
319
 72
318
 73
317
  0
VERTEX
  5
3582
330
17
100
AcDbEntity
  8
ELEM_04_INFERIOR
100
AcDbFaceRecord
 10
0.0
 20
0.0
 30
0.0
 70
128
 71
321
 72
322
 73
320
  0
VERTEX
  5
3586
330
17
100
AcDbEntity
  8
ELEM_04_INFERIOR
100
AcDbFaceRecord
 10
0.0
 20
0.0
 30
0.0
 70
128
 71
321
 72
320
 73
319
  0
VERTEX
  5
358A
330
17
100
AcDbEntity
  8
ELEM_04_INFERIOR
100
AcDbFaceRecord
 10
0.0
 20
0.0
 30
0.0
 70
128
 71
323
 72
324
 73
322
  0
VERTEX
  5
358E
330
17
100
AcDbEntity
  8
ELEM_04_INFERIOR
100
AcDbFaceRecord
 10
0.0
 20
0.0
 30
0.0
 70
128
 71
323
 72
322
 73
321
  0
VERTEX
  5
3592
330
17
100
AcDbEntity
  8
ELEM_04_INFERIOR
100
AcDbFaceRecord
 10
0.0
 20
0.0
 30
0.0
 70
128
 71
325
 72
326
 73
324
  0
VERTEX
  5
3596
330
17
100
AcDbEntity
  8
ELEM_04_INFERIOR
100
AcDbFaceRecord
 10
0.0
 20
0.0
 30
0.0
 70
128
 71
325
 72
324
 73
323
  0
VERTEX
  5
359A
330
17
100
AcDbEntity
  8
ELEM_04_INFERIOR
100
AcDbFaceRecord
 10
0.0
 20
0.0
 30
0.0
 70
128
 71
327
 72
328
 73
326
  0
VERTEX
  5
359E
330
17
100
AcDbEntity
  8
ELEM_04_INFERIOR
100
AcDbFaceRecord
 10
0.0
 20
0.0
 30
0.0
 70
128
 71
327
 72
326
 73
325
  0
VERTEX
  5
35A2
330
17
100
AcDbEntity
  8
ELEM_04_INFERIOR
100
AcDbFaceRecord
 10
0.0
 20
0.0
 30
0.0
 70
128
 71
329
 72
330
 73
328
  0
VERTEX
  5
35A6
330
17
100
AcDbEntity
  8
ELEM_04_INFERIOR
100
AcDbFaceRecord
 10
0.0
 20
0.0
 30
0.0
 70
128
 71
329
 72
328
 73
327
  0
VERTEX
  5
35AA
330
17
100
AcDbEntity
  8
ELEM_04_INFERIOR
100
AcDbFaceRecord
 10
0.0
 20
0.0
 30
0.0
 70
128
 71
331
 72
332
 73
330
  0
VERTEX
  5
35AE
330
17
100
AcDbEntity
  8
ELEM_04_INFERIOR
100
AcDbFaceRecord
 10
0.0
 20
0.0
 30
0.0
 70
128
 71
331
 72
330
 73
329
  0
VERTEX
  5
35B2
330
17
100
AcDbEntity
  8
ELEM_04_INFERIOR
100
AcDbFaceRecord
 10
0.0
 20
0.0
 30
0.0
 70
128
 71
333
 72
334
 73
332
  0
VERTEX
  5
35B6
330
17
100
AcDbEntity
  8
ELEM_04_INFERIOR
100
AcDbFaceRecord
 10
0.0
 20
0.0
 30
0.0
 70
128
 71
333
 72
332
 73
331
  0
VERTEX
  5
35BA
330
17
100
AcDbEntity
  8
ELEM_04_INFERIOR
100
AcDbFaceRecord
 10
0.0
 20
0.0
 30
0.0
 70
128
 71
335
 72
336
 73
334
  0
VERTEX
  5
35BE
330
17
100
AcDbEntity
  8
ELEM_04_INFERIOR
100
AcDbFaceRecord
 10
0.0
 20
0.0
 30
0.0
 70
128
 71
335
 72
334
 73
333
  0
VERTEX
  5
35C2
330
17
100
AcDbEntity
  8
ELEM_04_INFERIOR
100
AcDbFaceRecord
 10
0.0
 20
0.0
 30
0.0
 70
128
 71
337
 72
338
 73
336
  0
VERTEX
  5
35C6
330
17
100
AcDbEntity
  8
ELEM_04_INFERIOR
100
AcDbFaceRecord
 10
0.0
 20
0.0
 30
0.0
 70
128
 71
337
 72
336
 73
335
  0
VERTEX
  5
35CA
330
17
100
AcDbEntity
  8
ELEM_04_INFERIOR
100
AcDbFaceRecord
 10
0.0
 20
0.0
 30
0.0
 70
128
 71
339
 72
340
 73
338
  0
VERTEX
  5
35CE
330
17
100
AcDbEntity
  8
ELEM_04_INFERIOR
100
AcDbFaceRecord
 10
0.0
 20
0.0
 30
0.0
 70
128
 71
339
 72
338
 73
337
  0
VERTEX
  5
35D2
330
17
100
AcDbEntity
  8
ELEM_04_INFERIOR
100
AcDbFaceRecord
 10
0.0
 20
0.0
 30
0.0
 70
128
 71
341
 72
342
 73
340
  0
VERTEX
  5
35D6
330
17
100
AcDbEntity
  8
ELEM_04_INFERIOR
100
AcDbFaceRecord
 10
0.0
 20
0.0
 30
0.0
 70
128
 71
341
 72
340
 73
339
  0
VERTEX
  5
35DA
330
17
100
AcDbEntity
  8
ELEM_04_INFERIOR
100
AcDbFaceRecord
 10
0.0
 20
0.0
 30
0.0
 70
128
 71
343
 72
344
 73
342
  0
VERTEX
  5
35DE
330
17
100
AcDbEntity
  8
ELEM_04_INFERIOR
100
AcDbFaceRecord
 10
0.0
 20
0.0
 30
0.0
 70
128
 71
343
 72
342
 73
341
  0
VERTEX
  5
35E2
330
17
100
AcDbEntity
  8
ELEM_04_INFERIOR
100
AcDbFaceRecord
 10
0.0
 20
0.0
 30
0.0
 70
128
 71
345
 72
346
 73
344
  0
VERTEX
  5
35E6
330
17
100
AcDbEntity
  8
ELEM_04_INFERIOR
100
AcDbFaceRecord
 10
0.0
 20
0.0
 30
0.0
 70
128
 71
345
 72
344
 73
343
  0
VERTEX
  5
35EA
330
17
100
AcDbEntity
  8
ELEM_04_INFERIOR
100
AcDbFaceRecord
 10
0.0
 20
0.0
 30
0.0
 70
128
 71
347
 72
348
 73
346
  0
VERTEX
  5
35EE
330
17
100
AcDbEntity
  8
ELEM_04_INFERIOR
100
AcDbFaceRecord
 10
0.0
 20
0.0
 30
0.0
 70
128
 71
347
 72
346
 73
345
  0
VERTEX
  5
35F2
330
17
100
AcDbEntity
  8
ELEM_04_INFERIOR
100
AcDbFaceRecord
 10
0.0
 20
0.0
 30
0.0
 70
128
 71
349
 72
350
 73
348
  0
VERTEX
  5
35F6
330
17
100
AcDbEntity
  8
ELEM_04_INFERIOR
100
AcDbFaceRecord
 10
0.0
 20
0.0
 30
0.0
 70
128
 71
349
 72
348
 73
347
  0
VERTEX
  5
35FA
330
17
100
AcDbEntity
  8
ELEM_04_INFERIOR
100
AcDbFaceRecord
 10
0.0
 20
0.0
 30
0.0
 70
128
 71
351
 72
352
 73
350
  0
VERTEX
  5
35FE
330
17
100
AcDbEntity
  8
ELEM_04_INFERIOR
100
AcDbFaceRecord
 10
0.0
 20
0.0
 30
0.0
 70
128
 71
351
 72
350
 73
349
  0
VERTEX
  5
3602
330
17
100
AcDbEntity
  8
ELEM_04_INFERIOR
100
AcDbFaceRecord
 10
0.0
 20
0.0
 30
0.0
 70
128
 71
353
 72
354
 73
352
  0
VERTEX
  5
3606
330
17
100
AcDbEntity
  8
ELEM_04_INFERIOR
100
AcDbFaceRecord
 10
0.0
 20
0.0
 30
0.0
 70
128
 71
353
 72
352
 73
351
  0
VERTEX
  5
360A
330
17
100
AcDbEntity
  8
ELEM_04_INFERIOR
100
AcDbFaceRecord
 10
0.0
 20
0.0
 30
0.0
 70
128
 71
355
 72
356
 73
354
  0
VERTEX
  5
360E
330
17
100
AcDbEntity
  8
ELEM_04_INFERIOR
100
AcDbFaceRecord
 10
0.0
 20
0.0
 30
0.0
 70
128
 71
355
 72
354
 73
353
  0
VERTEX
  5
3612
330
17
100
AcDbEntity
  8
ELEM_04_INFERIOR
100
AcDbFaceRecord
 10
0.0
 20
0.0
 30
0.0
 70
128
 71
357
 72
358
 73
356
  0
VERTEX
  5
3616
330
17
100
AcDbEntity
  8
ELEM_04_INFERIOR
100
AcDbFaceRecord
 10
0.0
 20
0.0
 30
0.0
 70
128
 71
357
 72
356
 73
355
  0
VERTEX
  5
361A
330
17
100
AcDbEntity
  8
ELEM_04_INFERIOR
100
AcDbFaceRecord
 10
0.0
 20
0.0
 30
0.0
 70
128
 71
359
 72
358
 73
360
  0
VERTEX
  5
361E
330
17
100
AcDbEntity
  8
ELEM_04_INFERIOR
100
AcDbFaceRecord
 10
0.0
 20
0.0
 30
0.0
 70
128
 71
360
 72
358
 73
357
  0
VERTEX
  5
3622
330
17
100
AcDbEntity
  8
ELEM_04_INFERIOR
100
AcDbFaceRecord
 10
0.0
 20
0.0
 30
0.0
 70
128
 71
361
 72
359
 73
362
  0
VERTEX
  5
3626
330
17
100
AcDbEntity
  8
ELEM_04_INFERIOR
100
AcDbFaceRecord
 10
0.0
 20
0.0
 30
0.0
 70
128
 71
362
 72
359
 73
360
  0
VERTEX
  5
362A
330
17
100
AcDbEntity
  8
ELEM_04_INFERIOR
100
AcDbFaceRecord
 10
0.0
 20
0.0
 30
0.0
 70
128
 71
363
 72
361
 73
364
  0
VERTEX
  5
362E
330
17
100
AcDbEntity
  8
ELEM_04_INFERIOR
100
AcDbFaceRecord
 10
0.0
 20
0.0
 30
0.0
 70
128
 71
364
 72
361
 73
362
  0
VERTEX
  5
3632
330
17
100
AcDbEntity
  8
ELEM_04_INFERIOR
100
AcDbFaceRecord
 10
0.0
 20
0.0
 30
0.0
 70
128
 71
365
 72
363
 73
366
  0
VERTEX
  5
3636
330
17
100
AcDbEntity
  8
ELEM_04_INFERIOR
100
AcDbFaceRecord
 10
0.0
 20
0.0
 30
0.0
 70
128
 71
366
 72
363
 73
364
  0
VERTEX
  5
363A
330
17
100
AcDbEntity
  8
ELEM_04_INFERIOR
100
AcDbFaceRecord
 10
0.0
 20
0.0
 30
0.0
 70
128
 71
367
 72
365
 73
368
  0
VERTEX
  5
363E
330
17
100
AcDbEntity
  8
ELEM_04_INFERIOR
100
AcDbFaceRecord
 10
0.0
 20
0.0
 30
0.0
 70
128
 71
368
 72
365
 73
366
  0
VERTEX
  5
3642
330
17
100
AcDbEntity
  8
ELEM_04_INFERIOR
100
AcDbFaceRecord
 10
0.0
 20
0.0
 30
0.0
 70
128
 71
369
 72
367
 73
370
  0
VERTEX
  5
3646
330
17
100
AcDbEntity
  8
ELEM_04_INFERIOR
100
AcDbFaceRecord
 10
0.0
 20
0.0
 30
0.0
 70
128
 71
370
 72
367
 73
368
  0
VERTEX
  5
364A
330
17
100
AcDbEntity
  8
ELEM_04_INFERIOR
100
AcDbFaceRecord
 10
0.0
 20
0.0
 30
0.0
 70
128
 71
371
 72
369
 73
372
  0
VERTEX
  5
364E
330
17
100
AcDbEntity
  8
ELEM_04_INFERIOR
100
AcDbFaceRecord
 10
0.0
 20
0.0
 30
0.0
 70
128
 71
372
 72
369
 73
370
  0
VERTEX
  5
3652
330
17
100
AcDbEntity
  8
ELEM_04_INFERIOR
100
AcDbFaceRecord
 10
0.0
 20
0.0
 30
0.0
 70
128
 71
373
 72
371
 73
374
  0
VERTEX
  5
3656
330
17
100
AcDbEntity
  8
ELEM_04_INFERIOR
100
AcDbFaceRecord
 10
0.0
 20
0.0
 30
0.0
 70
128
 71
374
 72
371
 73
372
  0
VERTEX
  5
365A
330
17
100
AcDbEntity
  8
ELEM_04_INFERIOR
100
AcDbFaceRecord
 10
0.0
 20
0.0
 30
0.0
 70
128
 71
375
 72
373
 73
376
  0
VERTEX
  5
365E
330
17
100
AcDbEntity
  8
ELEM_04_INFERIOR
100
AcDbFaceRecord
 10
0.0
 20
0.0
 30
0.0
 70
128
 71
376
 72
373
 73
374
  0
VERTEX
  5
3662
330
17
100
AcDbEntity
  8
ELEM_04_INFERIOR
100
AcDbFaceRecord
 10
0.0
 20
0.0
 30
0.0
 70
128
 71
377
 72
375
 73
378
  0
VERTEX
  5
3666
330
17
100
AcDbEntity
  8
ELEM_04_INFERIOR
100
AcDbFaceRecord
 10
0.0
 20
0.0
 30
0.0
 70
128
 71
378
 72
375
 73
376
  0
VERTEX
  5
366A
330
17
100
AcDbEntity
  8
ELEM_04_INFERIOR
100
AcDbFaceRecord
 10
0.0
 20
0.0
 30
0.0
 70
128
 71
379
 72
377
 73
380
  0
VERTEX
  5
366E
330
17
100
AcDbEntity
  8
ELEM_04_INFERIOR
100
AcDbFaceRecord
 10
0.0
 20
0.0
 30
0.0
 70
128
 71
380
 72
377
 73
378
  0
VERTEX
  5
3672
330
17
100
AcDbEntity
  8
ELEM_04_INFERIOR
100
AcDbFaceRecord
 10
0.0
 20
0.0
 30
0.0
 70
128
 71
381
 72
379
 73
380
  0
VERTEX
  5
3676
330
17
100
AcDbEntity
  8
ELEM_04_INFERIOR
100
AcDbFaceRecord
 10
0.0
 20
0.0
 30
0.0
 70
128
 71
382
 72
379
 73
381
  0
VERTEX
  5
367A
330
17
100
AcDbEntity
  8
ELEM_04_INFERIOR
100
AcDbFaceRecord
 10
0.0
 20
0.0
 30
0.0
 70
128
 71
383
 72
382
 73
381
  0
VERTEX
  5
367E
330
17
100
AcDbEntity
  8
ELEM_04_INFERIOR
100
AcDbFaceRecord
 10
0.0
 20
0.0
 30
0.0
 70
128
 71
384
 72
382
 73
383
  0
VERTEX
  5
3682
330
17
100
AcDbEntity
  8
ELEM_04_INFERIOR
100
AcDbFaceRecord
 10
0.0
 20
0.0
 30
0.0
 70
128
 71
385
 72
384
 73
383
  0
VERTEX
  5
3686
330
17
100
AcDbEntity
  8
ELEM_04_INFERIOR
100
AcDbFaceRecord
 10
0.0
 20
0.0
 30
0.0
 70
128
 71
386
 72
384
 73
385
  0
VERTEX
  5
368A
330
17
100
AcDbEntity
  8
ELEM_04_INFERIOR
100
AcDbFaceRecord
 10
0.0
 20
0.0
 30
0.0
 70
128
 71
387
 72
386
 73
385
  0
VERTEX
  5
368E
330
17
100
AcDbEntity
  8
ELEM_04_INFERIOR
100
AcDbFaceRecord
 10
0.0
 20
0.0
 30
0.0
 70
128
 71
388
 72
386
 73
387
  0
VERTEX
  5
3692
330
17
100
AcDbEntity
  8
ELEM_04_INFERIOR
100
AcDbFaceRecord
 10
0.0
 20
0.0
 30
0.0
 70
128
 71
388
 72
387
 73
389
  0
VERTEX
  5
3696
330
17
100
AcDbEntity
  8
ELEM_04_INFERIOR
100
AcDbFaceRecord
 10
0.0
 20
0.0
 30
0.0
 70
128
 71
390
 72
388
 73
389
  0
VERTEX
  5
369A
330
17
100
AcDbEntity
  8
ELEM_04_INFERIOR
100
AcDbFaceRecord
 10
0.0
 20
0.0
 30
0.0
 70
128
 71
391
 72
392
 73
390
  0
VERTEX
  5
369E
330
17
100
AcDbEntity
  8
ELEM_04_INFERIOR
100
AcDbFaceRecord
 10
0.0
 20
0.0
 30
0.0
 70
128
 71
390
 72
389
 73
391
  0
VERTEX
  5
36A2
330
17
100
AcDbEntity
  8
ELEM_04_INFERIOR
100
AcDbFaceRecord
 10
0.0
 20
0.0
 30
0.0
 70
128
 71
393
 72
394
 73
392
  0
VERTEX
  5
36A6
330
17
100
AcDbEntity
  8
ELEM_04_INFERIOR
100
AcDbFaceRecord
 10
0.0
 20
0.0
 30
0.0
 70
128
 71
392
 72
391
 73
393
  0
VERTEX
  5
36AA
330
17
100
AcDbEntity
  8
ELEM_04_INFERIOR
100
AcDbFaceRecord
 10
0.0
 20
0.0
 30
0.0
 70
128
 71
394
 72
393
 73
395
  0
VERTEX
  5
36AE
330
17
100
AcDbEntity
  8
ELEM_04_INFERIOR
100
AcDbFaceRecord
 10
0.0
 20
0.0
 30
0.0
 70
128
 71
396
 72
394
 73
395
  0
VERTEX
  5
36B2
330
17
100
AcDbEntity
  8
ELEM_04_INFERIOR
100
AcDbFaceRecord
 10
0.0
 20
0.0
 30
0.0
 70
128
 71
396
 72
395
 73
397
  0
VERTEX
  5
36B6
330
17
100
AcDbEntity
  8
ELEM_04_INFERIOR
100
AcDbFaceRecord
 10
0.0
 20
0.0
 30
0.0
 70
128
 71
398
 72
396
 73
397
  0
VERTEX
  5
36BA
330
17
100
AcDbEntity
  8
ELEM_04_INFERIOR
100
AcDbFaceRecord
 10
0.0
 20
0.0
 30
0.0
 70
128
 71
399
 72
398
 73
400
  0
VERTEX
  5
36BE
330
17
100
AcDbEntity
  8
ELEM_04_INFERIOR
100
AcDbFaceRecord
 10
0.0
 20
0.0
 30
0.0
 70
128
 71
400
 72
398
 73
397
  0
VERTEX
  5
36C2
330
17
100
AcDbEntity
  8
ELEM_04_INFERIOR
100
AcDbFaceRecord
 10
0.0
 20
0.0
 30
0.0
 70
128
 71
401
 72
399
 73
402
  0
VERTEX
  5
36C6
330
17
100
AcDbEntity
  8
ELEM_04_INFERIOR
100
AcDbFaceRecord
 10
0.0
 20
0.0
 30
0.0
 70
128
 71
402
 72
399
 73
400
  0
VERTEX
  5
36CA
330
17
100
AcDbEntity
  8
ELEM_04_INFERIOR
100
AcDbFaceRecord
 10
0.0
 20
0.0
 30
0.0
 70
128
 71
403
 72
404
 73
401
  0
VERTEX
  5
36CE
330
17
100
AcDbEntity
  8
ELEM_04_INFERIOR
100
AcDbFaceRecord
 10
0.0
 20
0.0
 30
0.0
 70
128
 71
403
 72
401
 73
402
  0
VERTEX
  5
36D2
330
17
100
AcDbEntity
  8
ELEM_04_INFERIOR
100
AcDbFaceRecord
 10
0.0
 20
0.0
 30
0.0
 70
128
 71
405
 72
406
 73
404
  0
VERTEX
  5
36D6
330
17
100
AcDbEntity
  8
ELEM_04_INFERIOR
100
AcDbFaceRecord
 10
0.0
 20
0.0
 30
0.0
 70
128
 71
405
 72
404
 73
403
  0
VERTEX
  5
36DA
330
17
100
AcDbEntity
  8
ELEM_04_INFERIOR
100
AcDbFaceRecord
 10
0.0
 20
0.0
 30
0.0
 70
128
 71
407
 72
408
 73
406
  0
VERTEX
  5
36DE
330
17
100
AcDbEntity
  8
ELEM_04_INFERIOR
100
AcDbFaceRecord
 10
0.0
 20
0.0
 30
0.0
 70
128
 71
407
 72
406
 73
405
  0
VERTEX
  5
36E2
330
17
100
AcDbEntity
  8
ELEM_04_INFERIOR
100
AcDbFaceRecord
 10
0.0
 20
0.0
 30
0.0
 70
128
 71
409
 72
410
 73
408
  0
VERTEX
  5
36E6
330
17
100
AcDbEntity
  8
ELEM_04_INFERIOR
100
AcDbFaceRecord
 10
0.0
 20
0.0
 30
0.0
 70
128
 71
409
 72
408
 73
407
  0
VERTEX
  5
36EA
330
17
100
AcDbEntity
  8
ELEM_04_INFERIOR
100
AcDbFaceRecord
 10
0.0
 20
0.0
 30
0.0
 70
128
 71
411
 72
412
 73
410
  0
VERTEX
  5
36EE
330
17
100
AcDbEntity
  8
ELEM_04_INFERIOR
100
AcDbFaceRecord
 10
0.0
 20
0.0
 30
0.0
 70
128
 71
411
 72
410
 73
409
  0
VERTEX
  5
36F2
330
17
100
AcDbEntity
  8
ELEM_04_INFERIOR
100
AcDbFaceRecord
 10
0.0
 20
0.0
 30
0.0
 70
128
 71
413
 72
414
 73
412
  0
VERTEX
  5
36F6
330
17
100
AcDbEntity
  8
ELEM_04_INFERIOR
100
AcDbFaceRecord
 10
0.0
 20
0.0
 30
0.0
 70
128
 71
413
 72
412
 73
411
  0
VERTEX
  5
36FA
330
17
100
AcDbEntity
  8
ELEM_04_INFERIOR
100
AcDbFaceRecord
 10
0.0
 20
0.0
 30
0.0
 70
128
 71
415
 72
416
 73
414
  0
VERTEX
  5
36FE
330
17
100
AcDbEntity
  8
ELEM_04_INFERIOR
100
AcDbFaceRecord
 10
0.0
 20
0.0
 30
0.0
 70
128
 71
415
 72
414
 73
413
  0
VERTEX
  5
3702
330
17
100
AcDbEntity
  8
ELEM_04_INFERIOR
100
AcDbFaceRecord
 10
0.0
 20
0.0
 30
0.0
 70
128
 71
417
 72
418
 73
416
  0
VERTEX
  5
3706
330
17
100
AcDbEntity
  8
ELEM_04_INFERIOR
100
AcDbFaceRecord
 10
0.0
 20
0.0
 30
0.0
 70
128
 71
417
 72
416
 73
415
  0
VERTEX
  5
370A
330
17
100
AcDbEntity
  8
ELEM_04_INFERIOR
100
AcDbFaceRecord
 10
0.0
 20
0.0
 30
0.0
 70
128
 71
419
 72
420
 73
418
  0
VERTEX
  5
370E
330
17
100
AcDbEntity
  8
ELEM_04_INFERIOR
100
AcDbFaceRecord
 10
0.0
 20
0.0
 30
0.0
 70
128
 71
419
 72
418
 73
417
  0
VERTEX
  5
3712
330
17
100
AcDbEntity
  8
ELEM_04_INFERIOR
100
AcDbFaceRecord
 10
0.0
 20
0.0
 30
0.0
 70
128
 71
421
 72
422
 73
419
  0
VERTEX
  5
3716
330
17
100
AcDbEntity
  8
ELEM_04_INFERIOR
100
AcDbFaceRecord
 10
0.0
 20
0.0
 30
0.0
 70
128
 71
423
 72
424
 73
425
  0
VERTEX
  5
371A
330
17
100
AcDbEntity
  8
ELEM_04_INFERIOR
100
AcDbFaceRecord
 10
0.0
 20
0.0
 30
0.0
 70
128
 71
423
 72
425
 73
426
  0
VERTEX
  5
371E
330
17
100
AcDbEntity
  8
ELEM_04_INFERIOR
100
AcDbFaceRecord
 10
0.0
 20
0.0
 30
0.0
 70
128
 71
423
 72
427
 73
424
  0
VERTEX
  5
3722
330
17
100
AcDbEntity
  8
ELEM_04_INFERIOR
100
AcDbFaceRecord
 10
0.0
 20
0.0
 30
0.0
 70
128
 71
428
 72
427
 73
423
  0
VERTEX
  5
3726
330
17
100
AcDbEntity
  8
ELEM_04_INFERIOR
100
AcDbFaceRecord
 10
0.0
 20
0.0
 30
0.0
 70
128
 71
428
 72
429
 73
427
  0
VERTEX
  5
372A
330
17
100
AcDbEntity
  8
ELEM_04_INFERIOR
100
AcDbFaceRecord
 10
0.0
 20
0.0
 30
0.0
 70
128
 71
430
 72
429
 73
428
  0
SEQEND
  5
3086
330
3085
100
AcDbEntity
  8
ELEM_04_INFERIOR
  0
ENDSEC
  0
SECTION
  2
OBJECTS
  0
DICTIONARY
  5
A
330
0
100
AcDbDictionary
281
1
  3
ACAD_COLOR
350
B
  3
ACAD_GROUP
350
C
  3
ACAD_LAYOUT
350
D
  3
ACAD_MATERIAL
350
E
  3
ACAD_MLEADERSTYLE
350
F
  3
ACAD_MLINESTYLE
350
10
  3
ACAD_PLOTSETTINGS
350
11
  3
ACAD_PLOTSTYLENAME
350
12
  3
ACAD_SCALELIST
350
14
  3
ACAD_TABLESTYLE
350
15
  3
ACAD_VISUALSTYLE
350
16
  3
EZDXF_META
350
2D
  0
DICTIONARY
  5
B
330
A
100
AcDbDictionary
281
1
  0
DICTIONARY
  5
C
330
A
100
AcDbDictionary
281
1
  0
DICTIONARY
  5
D
330
A
100
AcDbDictionary
281
1
  3
Model
350
1A
  3
Layout1
350
1E
  0
DICTIONARY
  5
E
330
A
100
AcDbDictionary
281
1
  3
ByBlock
350
1F
  3
ByLayer
350
20
  3
Global
350
21
  0
DICTIONARY
  5
F
330
A
100
AcDbDictionary
281
1
  3
Standard
350
2C
  0
DICTIONARY
  5
10
330
A
100
AcDbDictionary
281
1
  3
Standard
350
22
  0
DICTIONARY
  5
11
330
A
100
AcDbDictionary
281
1
  0
ACDBDICTIONARYWDFLT
  5
12
330
A
100
AcDbDictionary
281
1
  3
Normal
350
13
100
AcDbDictionaryWithDefault
340
13
  0
ACDBPLACEHOLDER
  5
13
330
12
  0
DICTIONARY
  5
14
330
A
100
AcDbDictionary
281
1
  0
DICTIONARY
  5
15
330
A
100
AcDbDictionary
281
1
  0
DICTIONARY
  5
16
330
A
100
AcDbDictionary
281
1
  3
2dWireframe
350
5A
  3
Basic
350
5B
  3
Brighten
350
5C
  3
ColorChange
350
5D
  3
Conceptual
350
5E
  3
Dim
350
5F
  3
EdgeColorOff
350
60
  3
Facepattern
350
61
  3
Flat
350
62
  3
FlatWithEdges
350
63
  3
Gouraud
350
64
  3
GouraudWithEdges
350
65
  3
Hidden
350
66
  3
JitterOff
350
67
  3
Linepattern
350
68
  3
Modeling
350
69
  3
OverhangOff
350
6A
  3
Realistic
350
6B
  3
Shaded
350
6C
  3
Shaded with edges
350
6D
  3
Shades of Gray
350
6E
  3
Sketchy
350
6F
  3
Thicken
350
70
  3
Wireframe
350
71
  3
X-Ray
350
72
  0
LAYOUT
  5
1A
330
D
100
AcDbPlotSettings
  1

  4
A3
  6

 40
7.5
 41
20.0
 42
7.5
 43
20.0
 44
420.0
 45
297.0
 46
0.0
 47
0.0
 48
0.0
 49
0.0
140
0.0
141
0.0
142
1.0
143
1.0
 70
1024
 72
1
 73
0
 74
5
  7

 75
16
 76
0
 77
2
 78
300
147
1.0
148
0.0
149
0.0
100
AcDbLayout
  1
Model
 70
1
 71
0
 10
0.0
 20
0.0
 11
420.0
 21
297.0
 12
0.0
 22
0.0
 32
0.0
 14
1e+20
 24
1e+20
 34
1e+20
 15
-1e+20
 25
-1e+20
 35
-1e+20
146
0.0
 13
0.0
 23
0.0
 33
0.0
 16
1.0
 26
0.0
 36
0.0
 17
0.0
 27
1.0
 37
0.0
 76
1
330
17
  0
LAYOUT
  5
1E
330
D
100
AcDbPlotSettings
  1

  4
A3
  6

 40
7.5
 41
20.0
 42
7.5
 43
20.0
 44
420.0
 45
297.0
 46
0.0
 47
0.0
 48
0.0
 49
0.0
140
0.0
141
0.0
142
1.0
143
1.0
 70
0
 72
1
 73
0
 74
5
  7

 75
16
 76
0
 77
2
 78
300
147
1.0
148
0.0
149
0.0
100
AcDbLayout
  1
Layout1
 70
1
 71
1
 10
0.0
 20
0.0
 11
420.0
 21
297.0
 12
0.0
 22
0.0
 32
0.0
 14
1e+20
 24
1e+20
 34
1e+20
 15
-1e+20
 25
-1e+20
 35
-1e+20
146
0.0
 13
0.0
 23
0.0
 33
0.0
 16
1.0
 26
0.0
 36
0.0
 17
0.0
 27
1.0
 37
0.0
 76
1
330
1B
  0
MATERIAL
  5
1F
102
{ACAD_REACTORS
330
E
102
}
330
E
100
AcDbMaterial
  1
ByBlock
  2

 70
0
 40
1.0
 71
1
 41
1.0
 91
-1023410177
 42
1.0
 72
1
  3

 73
1
 74
1
 75
1
 44
0.5
 73
0
 45
1.0
 46
1.0
 77
1
  4

 78
1
 79
1
170
1
 48
1.0
171
1
  6

172
1
173
1
174
1
140
1.0
141
1.0
175
1
  7

176
1
177
1
178
1
143
1.0
179
1
  8

270
1
271
1
272
1
145
1.0
146
1.0
273
1
  9

274
1
275
1
276
1
 42
1.0
 72
1
  3

 73
1
 74
1
 75
1
 94
63
  0
MATERIAL
  5
20
102
{ACAD_REACTORS
330
E
102
}
330
E
100
AcDbMaterial
  1
ByLayer
  2

 70
0
 40
1.0
 71
1
 41
1.0
 91
-1023410177
 42
1.0
 72
1
  3

 73
1
 74
1
 75
1
 44
0.5
 73
0
 45
1.0
 46
1.0
 77
1
  4

 78
1
 79
1
170
1
 48
1.0
171
1
  6

172
1
173
1
174
1
140
1.0
141
1.0
175
1
  7

176
1
177
1
178
1
143
1.0
179
1
  8

270
1
271
1
272
1
145
1.0
146
1.0
273
1
  9

274
1
275
1
276
1
 42
1.0
 72
1
  3

 73
1
 74
1
 75
1
 94
63
  0
MATERIAL
  5
21
102
{ACAD_REACTORS
330
E
102
}
330
E
100
AcDbMaterial
  1
Global
  2

 70
0
 40
1.0
 71
1
 41
1.0
 91
-1023410177
 42
1.0
 72
1
  3

 73
1
 74
1
 75
1
 44
0.5
 73
0
 45
1.0
 46
1.0
 77
1
  4

 78
1
 79
1
170
1
 48
1.0
171
1
  6

172
1
173
1
174
1
140
1.0
141
1.0
175
1
  7

176
1
177
1
178
1
143
1.0
179
1
  8

270
1
271
1
272
1
145
1.0
146
1.0
273
1
  9

274
1
275
1
276
1
 42
1.0
 72
1
  3

 73
1
 74
1
 75
1
 94
63
  0
MLINESTYLE
  5
22
102
{ACAD_REACTORS
330
10
102
}
330
10
100
AcDbMlineStyle
  2
Standard
 70
0
  3

 62
256
 51
90.0
 52
90.0
 71
2
 49
0.5
 62
256
  6
BYLAYER
 49
-0.5
 62
256
  6
BYLAYER
  0
MLEADERSTYLE
  5
2C
102
{ACAD_REACTORS
330
F
102
}
330
F
100
AcDbMLeaderStyle
179
2
170
2
171
1
172
0
 90
2
 40
0.0
 41
0.0
173
1
 91
-1056964608
 92
-2
290
1
 42
2.0
291
1
 43
8.0
  3
Standard
 44
4.0
300

342
29
174
1
175
1
176
0
178
1
 93
-1056964608
 45
4.0
292
0
297
0
 46
4.0
 94
-1056964608
 47
1.0
 49
1.0
140
1.0
294
1
141
0.0
177
0
142
1.0
295
0
296
0
143
3.75
271
0
272
9
273
9
  0
DICTIONARY
  5
2D
330
A
100
AcDbDictionary
280
1
281
1
  3
CREATED_BY_EZDXF
350
2E
  3
WRITTEN_BY_EZDXF
350
372D
  0
DICTIONARYVAR
  5
2E
330
2D
100
DictionaryVariables
280
0
  1
1.4.4 @ 2026-07-31T18:05:04.239857+00:00
  0
VISUALSTYLE
  5
5A
102
{ACAD_REACTORS
330
16
102
}
330
16
100
AcDbVisualStyle
  2
2dWireframe
 70
4
 90
0
 40
0.6
 62
7
290
0
291
0
  0
VISUALSTYLE
  5
5B
102
{ACAD_REACTORS
330
16
102
}
330
16
100
AcDbVisualStyle
  2
Basic
 70
7
 90
1
 40
0.6
 62
7
290
0
291
1
  0
VISUALSTYLE
  5
5C
102
{ACAD_REACTORS
330
16
102
}
330
16
100
AcDbVisualStyle
  2
Brighten
 70
12
 90
2
 40
0.6
 62
7
290
0
291
1
  0
VISUALSTYLE
  5
5D
102
{ACAD_REACTORS
330
16
102
}
330
16
100
AcDbVisualStyle
  2
ColorChange
 70
16
 90
2
 40
0.6
 62
8
290
0
291
1
  0
VISUALSTYLE
  5
5E
102
{ACAD_REACTORS
330
16
102
}
330
16
100
AcDbVisualStyle
  2
Conceptual
 70
9
 90
3
 40
0.6
 62
7
290
0
291
0
  0
VISUALSTYLE
  5
5F
102
{ACAD_REACTORS
330
16
102
}
330
16
100
AcDbVisualStyle
  2
Dim
 70
11
 90
2
 40
0.6
 62
7
290
0
291
1
  0
VISUALSTYLE
  5
60
102
{ACAD_REACTORS
330
16
102
}
330
16
100
AcDbVisualStyle
  2
EdgeColorOff
 70
22
 90
2
 40
0.6
 62
7
290
0
291
1
  0
VISUALSTYLE
  5
61
102
{ACAD_REACTORS
330
16
102
}
330
16
100
AcDbVisualStyle
  2
Facepattern
 70
15
 90
2
 40
0.6
 62
7
290
0
291
1
  0
VISUALSTYLE
  5
62
102
{ACAD_REACTORS
330
16
102
}
330
16
100
AcDbVisualStyle
  2
Flat
 70
0
 90
2
 40
0.6
 62
7
290
0
291
1
  0
VISUALSTYLE
  5
63
102
{ACAD_REACTORS
330
16
102
}
330
16
100
AcDbVisualStyle
  2
FlatWithEdges
 70
1
 90
2
 40
0.6
 62
7
290
0
291
1
  0
VISUALSTYLE
  5
64
102
{ACAD_REACTORS
330
16
102
}
330
16
100
AcDbVisualStyle
  2
Gouraud
 70
2
 90
2
 40
0.6
 62
7
290
0
291
1
  0
VISUALSTYLE
  5
65
102
{ACAD_REACTORS
330
16
102
}
330
16
100
AcDbVisualStyle
  2
GouraudWithEdges
 70
3
 90
2
 40
0.6
 62
7
290
0
291
1
  0
VISUALSTYLE
  5
66
102
{ACAD_REACTORS
330
16
102
}
330
16
100
AcDbVisualStyle
  2
Hidden
 70
6
 90
1
 40
0.6
 62
7
290
0
291
0
  0
VISUALSTYLE
  5
67
102
{ACAD_REACTORS
330
16
102
}
330
16
100
AcDbVisualStyle
  2
JitterOff
 70
20
 90
2
 40
0.6
 62
7
290
0
291
1
  0
VISUALSTYLE
  5
68
102
{ACAD_REACTORS
330
16
102
}
330
16
100
AcDbVisualStyle
  2
Linepattern
 70
14
 90
2
 40
0.6
 62
7
290
0
291
1
  0
VISUALSTYLE
  5
69
102
{ACAD_REACTORS
330
16
102
}
330
16
100
AcDbVisualStyle
  2
Modeling
 70
10
 90
2
 40
0.6
 62
7
290
0
291
0
  0
VISUALSTYLE
  5
6A
102
{ACAD_REACTORS
330
16
102
}
330
16
100
AcDbVisualStyle
  2
OverhangOff
 70
21
 90
2
 40
0.6
 62
7
290
0
291
1
  0
VISUALSTYLE
  5
6B
102
{ACAD_REACTORS
330
16
102
}
330
16
100
AcDbVisualStyle
  2
Realistic
 70
8
 90
2
 40
0.6
 62
7
290
0
291
0
  0
VISUALSTYLE
  5
6C
102
{ACAD_REACTORS
330
16
102
}
330
16
100
AcDbVisualStyle
  2
Shaded
 70
27
 90
2
 40
0.6
 62
7
290
0
291
0
  0
VISUALSTYLE
  5
6D
102
{ACAD_REACTORS
330
16
102
}
330
16
100
AcDbVisualStyle
  2
Shaded with edges
 70
26
 90
2
 40
0.6
 62
7
290
0
291
0
  0
VISUALSTYLE
  5
6E
102
{ACAD_REACTORS
330
16
102
}
330
16
100
AcDbVisualStyle
  2
Shades of Gray
 70
23
 90
2
 40
0.6
 62
7
290
0
291
0
  0
VISUALSTYLE
  5
6F
102
{ACAD_REACTORS
330
16
102
}
330
16
100
AcDbVisualStyle
  2
Sketchy
 70
24
 90
1
 40
0.6
 62
7
290
0
291
0
  0
VISUALSTYLE
  5
70
102
{ACAD_REACTORS
330
16
102
}
330
16
100
AcDbVisualStyle
  2
Thicken
 70
13
 90
2
 40
0.6
 62
7
290
0
291
1
  0
VISUALSTYLE
  5
71
102
{ACAD_REACTORS
330
16
102
}
330
16
100
AcDbVisualStyle
  2
Wireframe
 70
5
 90
0
 40
0.6
 62
7
290
0
291
0
  0
VISUALSTYLE
  5
72
102
{ACAD_REACTORS
330
16
102
}
330
16
100
AcDbVisualStyle
  2
X-Ray
 70
25
 90
2
 40
0.5
 62
7
290
0
291
0
  0
DICTIONARYVAR
  5
372D
330
2D
100
DictionaryVariables
280
0
  1
1.4.4 @ 2026-07-31T18:05:04.612896+00:00
  0
ENDSEC
  0
EOF
