SurfaceName,PieceId,RingType,RingId,Seq,X,Y
Gravel Surface 1,0,OUTER,0,0,1101.1197,731.8957
Gravel Surface 1,0,OUTER,0,1,1110.2342,739.1627
Gravel Surface 1,0,OUTER,0,2,1108.1950,741.5717
Gravel Surface 1,0,OUTER,0,3,1107.0669,743.1559
Gravel Surface 1,0,OUTER,0,4,1106.4556,746.8063
Gravel Surface 1,0,OUTER,0,5,1106.2230,750.2097
Gravel Surface 1,0,OUTER,0,6,1106.3582,751.8729
Gravel Surface 1,0,OUTER,0,7,1106.7987,753.8889
Gravel Surface 1,0,OUTER,0,8,1107.6213,756.0718
Gravel Surface 1,0,OUTER,0,9,1108.6091,757.3765
Gravel Surface 1,0,OUTER,0,10,1109.4890,758.3659
Gravel Surface 1,0,OUTER,0,11,1110.8032,759.5432
Gravel Surface 1,0,OUTER,0,12,1113.4307,761.0950
Gravel Surface 1,0,OUTER,0,13,1115.2155,761.7321
Gravel Surface 1,0,OUTER,0,14,1116.4077,761.9728
Gravel Surface 1,0,OUTER,0,15,1117.8020,762.0996
Gravel Surface 1,0,OUTER,0,16,1119.5495,762.0996
Gravel Surface 1,0,OUTER,0,17,1121.5146,761.7517
Gravel Surface 1,0,OUTER,0,18,1123.4870,761.0328
Gravel Surface 1,0,OUTER,0,19,1124.3280,760.6001
Gravel Surface 1,0,OUTER,0,20,1125.3876,759.9287
Gravel Surface 1,0,OUTER,0,21,1127.0408,758.4311
Gravel Surface 1,0,OUTER,0,22,1132.1029,752.1143
Gravel Surface 1,0,OUTER,0,23,1137.0024,745.8460
Gravel Surface 1,0,OUTER,0,24,1143.6203,737.4839
Gravel Surface 1,0,OUTER,0,25,1150.8414,728.3124
Gravel Surface 1,0,OUTER,0,26,1157.5834,719.9026
Gravel Surface 1,0,OUTER,0,27,1168.8378,705.5816
Gravel Surface 1,0,OUTER,0,28,1173.7630,699.4750
Gravel Surface 1,0,OUTER,0,29,1175.0765,697.8159
Gravel Surface 1,0,OUTER,0,30,1180.3308,690.9985
Gravel Surface 1,0,OUTER,0,31,1185.6482,684.3577
Gravel Surface 1,0,OUTER,0,32,1192.9396,675.0921
Gravel Surface 1,0,OUTER,0,33,1200.8122,665.2235
Gravel Surface 1,0,OUTER,0,34,1211.4472,651.5928
Gravel Surface 1,0,OUTER,0,35,1216.3010,645.5533
Gravel Surface 1,0,OUTER,0,36,1222.7268,637.4064
Gravel Surface 1,0,OUTER,0,37,1227.8068,630.7872
Gravel Surface 1,0,OUTER,0,38,1230.9759,626.8223
Gravel Surface 1,0,OUTER,0,39,1231.5368,625.8940
Gravel Surface 1,0,OUTER,0,40,1232.4983,624.1100
Gravel Surface 1,0,OUTER,0,41,1233.3324,621.3714
Gravel Surface 1,0,OUTER,0,42,1233.4677,619.5238
Gravel Surface 1,0,OUTER,0,43,1233.4210,617.9772
Gravel Surface 1,0,OUTER,0,44,1233.2521,616.6167
Gravel Surface 1,0,OUTER,0,45,1232.5790,614.0985
Gravel Surface 1,0,OUTER,0,46,1231.8082,612.7577
Gravel Surface 1,0,OUTER,0,47,1230.5149,610.9433
Gravel Surface 1,0,OUTER,0,48,1229.5267,609.8841
Gravel Surface 1,0,OUTER,0,49,1219.7233,601.3582
Gravel Surface 1,0,OUTER,0,50,1215.2615,607.1058
Gravel Surface 1,0,OUTER,0,51,1215.0320,607.4332
Gravel Surface 1,0,OUTER,0,52,1214.0153,608.7544
Gravel Surface 1,0,OUTER,0,53,1213.9374,608.8742
Gravel Surface 1,0,OUTER,0,54,1212.9422,610.1182
Gravel Surface 1,0,OUTER,0,55,1227.0860,621.2888
Gravel Surface 1,0,OUTER,0,56,1227.0151,621.3446
Gravel Surface 1,0,OUTER,0,57,1226.0160,621.7313
Gravel Surface 1,0,OUTER,0,58,1183.1997,675.9252
Gravel Surface 1,0,OUTER,0,59,1177.8244,671.8117
Gravel Surface 1,0,OUTER,0,60,1121.3822,743.0393
Gravel Surface 1,0,OUTER,0,61,1113.1548,736.5278
Gravel Surface 1,0,OUTER,0,62,1111.0383,739.2330
Gravel Surface 1,0,OUTER,0,63,1102.6436,732.6819
Gravel Surface 1,1,OUTER,0,0,1072.9020,702.3188
Gravel Surface 1,1,OUTER,0,1,1071.5174,704.6855
Gravel Surface 1,1,OUTER,0,2,1070.4582,707.0263
Gravel Surface 1,1,OUTER,0,3,1070.1450,707.7386
Gravel Surface 1,1,OUTER,0,4,1069.5342,710.2483
Gravel Surface 1,1,OUTER,0,5,1069.1897,712.7524
Gravel Surface 1,1,OUTER,0,6,1069.1897,714.5209
Gravel Surface 1,1,OUTER,0,7,1069.3787,717.0030
Gravel Surface 1,1,OUTER,0,8,1070.2243,720.5399
Gravel Surface 1,1,OUTER,0,9,1071.1806,722.7826
Gravel Surface 1,1,OUTER,0,10,1073.2026,726.1839
Gravel Surface 1,1,OUTER,0,11,1075.5671,728.7819
Gravel Surface 1,1,OUTER,0,12,1079.5788,731.9786
Gravel Surface 1,1,OUTER,0,13,1081.5939,733.7371
Gravel Surface 1,1,OUTER,0,14,1083.6398,735.4824
Gravel Surface 1,1,OUTER,0,15,1086.3966,737.4306
Gravel Surface 1,1,OUTER,0,16,1087.9713,736.8253
Gravel Surface 1,1,OUTER,0,17,1088.4322,736.6481
Gravel Surface 1,1,OUTER,0,18,1090.3783,736.0199
Gravel Surface 1,1,OUTER,0,19,1092.1964,735.1505
Gravel Surface 1,1,OUTER,0,20,1094.5614,733.0908
Gravel Surface 1,1,OUTER,0,21,1096.9259,730.7432
Gravel Surface 1,1,OUTER,0,22,1098.2413,729.6007
Gravel Surface 1,1,OUTER,0,23,1098.7741,730.0255
Gravel Surface 1,1,OUTER,0,24,1100.2787,730.8363
Gravel Surface 1,1,OUTER,0,25,1097.9137,728.9907
Gravel Surface 1,1,OUTER,0,26,1097.3054,728.4910
Gravel Surface 1,1,OUTER,0,27,1099.4485,725.7642
Gravel Surface 1,1,OUTER,0,28,1091.2315,719.2409
Gravel Surface 1,1,OUTER,0,29,1132.9728,666.2757
Gravel Surface 1,1,OUTER,0,30,1127.4617,661.8825
Gravel Surface 1,1,OUTER,0,31,1130.9579,657.4591
Gravel Surface 1,1,OUTER,0,32,1132.3344,655.7175
Gravel Surface 1,1,OUTER,0,33,1127.4827,651.8295
Gravel Surface 1,1,OUTER,0,34,1119.9429,644.2937
Gravel Surface 1,1,OUTER,0,35,1116.6984,648.3517
Gravel Surface 1,1,OUTER,0,36,1092.3771,678.7707
Gravel Surface 1,1,OUTER,0,37,1088.4300,683.7075
Gravel Surface 1,2,OUTER,0,0,1140.2781,645.6670
Gravel Surface 1,2,OUTER,0,1,1185.4496,588.5161
Gravel Surface 1,2,OUTER,0,2,1199.1511,599.2926
Gravel Surface 1,2,OUTER,0,3,1199.8980,598.3373
Gravel Surface 1,2,OUTER,0,4,1200.8464,596.2870
Gravel Surface 1,2,OUTER,0,5,1201.2662,596.5873
Gravel Surface 1,2,OUTER,0,6,1201.3103,596.5309
Gravel Surface 1,2,OUTER,0,7,1202.6560,597.5811
Gravel Surface 1,2,OUTER,0,8,1202.3894,596.8016
Gravel Surface 1,2,OUTER,0,9,1201.6855,596.2381
Gravel Surface 1,2,OUTER,0,10,1204.0261,593.3877
Gravel Surface 1,2,OUTER,0,11,1205.8709,591.2946
Gravel Surface 1,2,OUTER,0,12,1206.0999,590.8705
Gravel Surface 1,2,OUTER,0,13,1200.6496,586.4904
Gravel Surface 1,2,OUTER,0,14,1196.8669,583.3917
Gravel Surface 1,2,OUTER,0,15,1188.4556,576.6690
Gravel Surface 1,2,OUTER,0,16,1187.3283,575.7888
Gravel Surface 1,2,OUTER,0,17,1185.2815,574.4498
Gravel Surface 1,2,OUTER,0,18,1183.7377,573.8980
Gravel Surface 1,2,OUTER,0,19,1182.1633,573.4586
Gravel Surface 1,2,OUTER,0,20,1180.2797,573.4586
Gravel Surface 1,2,OUTER,0,21,1178.9097,573.5914
Gravel Surface 1,2,OUTER,0,22,1177.5807,573.9490
Gravel Surface 1,2,OUTER,0,23,1175.4306,575.1281
Gravel Surface 1,2,OUTER,0,24,1174.1834,576.0375
Gravel Surface 1,2,OUTER,0,25,1174.0842,576.1591
Gravel Surface 1,2,OUTER,0,26,1172.4647,578.2156
Gravel Surface 1,2,OUTER,0,27,1169.8139,581.8528
Gravel Surface 1,2,OUTER,0,28,1169.2139,582.6760
Gravel Surface 1,2,OUTER,0,29,1169.0447,582.9335
Gravel Surface 1,2,OUTER,0,30,1127.8004,634.6684
Gravel Surface 2,0,OUTER,0,0,940.8348,598.0909
Gravel Surface 2,0,OUTER,0,1,937.7263,595.6945
Gravel Surface 2,0,OUTER,0,2,906.9553,634.9558
Gravel Surface 2,0,OUTER,0,3,890.1125,656.2418
Gravel Surface 2,0,OUTER,0,4,941.9203,697.1325
Gravel Surface 2,0,OUTER,0,5,943.7155,696.0182
Gravel Surface 2,0,OUTER,0,6,947.8812,693.3522
Gravel Surface 2,0,OUTER,0,7,949.5639,692.2450
Gravel Surface 2,0,OUTER,0,8,954.0308,688.9814
Gravel Surface 2,0,OUTER,0,9,957.4730,686.4201
Gravel Surface 2,0,OUTER,0,10,961.5671,682.9778
Gravel Surface 2,0,OUTER,0,11,964.1445,680.6126
Gravel Surface 2,0,OUTER,0,12,969.3511,675.7353
Gravel Surface 2,0,OUTER,0,13,973.6463,671.1898
Gravel Surface 2,0,OUTER,0,14,980.6417,662.8693
Gravel Surface 2,0,OUTER,0,15,986.6880,655.2407
Gravel Surface 2,0,OUTER,0,16,990.0256,650.8582
Gravel Surface 2,0,OUTER,0,17,995.2542,644.1709
Gravel Surface 2,0,OUTER,0,18,997.6577,640.9073
Gravel Surface 2,0,OUTER,0,19,1001.8852,635.3020
Gravel Surface 2,0,OUTER,0,20,1009.6439,625.1840
Gravel Surface 2,0,OUTER,0,21,1018.7380,613.1811
Gravel Surface 2,0,OUTER,0,22,1018.6920,613.0809
Gravel Surface 2,0,OUTER,0,23,1018.1154,611.9404
Gravel Surface 2,0,OUTER,0,24,1017.3518,610.7906
Gravel Surface 2,0,OUTER,0,25,1016.8734,610.2205
Gravel Surface 2,0,OUTER,0,26,1016.3994,609.7245
Gravel Surface 2,0,OUTER,0,27,1013.5147,607.3460
Gravel Surface 2,0,OUTER,0,28,1001.3498,597.6392
Gravel Surface 2,0,OUTER,0,29,985.5369,585.0327
Gravel Surface 2,0,OUTER,0,30,969.7198,572.4673
Gravel Surface 2,0,OUTER,0,31,964.7156,568.5036
Gravel Surface 2,0,OUTER,0,32,953.8789,581.7090
Gravel Surface 2,0,OUTER,0,33,941.8076,596.8509
Gravel Surface 2,0,HOLE,0,0,978.3601,610.9831
Gravel Surface 2,0,HOLE,0,1,977.5842,610.3248
Gravel Surface 2,0,HOLE,0,2,983.7947,603.0455
Gravel Surface 2,0,HOLE,0,3,1004.7469,621.2384
Gravel Surface 2,0,HOLE,0,4,998.8842,628.3966
Gravel Surface 2,0,HOLE,1,0,961.1565,617.0306
Gravel Surface 2,0,HOLE,1,1,961.6096,616.3130
Gravel Surface 2,0,HOLE,1,2,966.9228,620.8746
Gravel Surface 2,0,HOLE,1,3,969.8025,623.0609
Gravel Surface 2,0,HOLE,1,4,972.9699,619.4234
Gravel Surface 2,0,HOLE,1,5,974.6723,620.8820
Gravel Surface 2,0,HOLE,1,6,977.3996,617.8271
Gravel Surface 2,0,HOLE,1,7,990.1814,628.8532
Gravel Surface 2,0,HOLE,1,8,994.0322,632.8224
Gravel Surface 2,0,HOLE,1,9,996.7755,634.9651
Gravel Surface 2,0,HOLE,1,10,994.6515,637.5460
Gravel Surface 2,0,HOLE,1,11,991.9880,635.3489
Gravel Surface 2,0,HOLE,1,12,987.5776,631.9396
Gravel Surface 2,0,HOLE,1,13,978.1534,642.9428
Gravel Surface 2,0,HOLE,1,14,963.4692,630.3339
Gravel Surface 2,0,HOLE,1,15,965.1887,628.3592
Gravel Surface 2,0,HOLE,1,16,958.1244,621.8326
Gravel Surface 2,0,HOLE,2,0,960.3637,660.3804
Gravel Surface 2,0,HOLE,2,1,951.0730,671.4445
Gravel Surface 2,0,HOLE,2,2,940.4309,662.5573
Gravel Surface 2,0,HOLE,2,3,949.8380,651.6756
Gravel Surface 2,0,HOLE,2,4,947.0314,649.2554
Gravel Surface 2,0,HOLE,2,5,941.5976,644.0721
Gravel Surface 2,0,HOLE,2,6,945.0739,638.5296
Gravel Surface 2,0,HOLE,2,7,950.9351,643.7578
Gravel Surface 2,0,HOLE,2,8,954.1681,646.0255
Gravel Surface 2,0,HOLE,2,9,954.4853,646.2997
Gravel Surface 2,0,HOLE,2,10,959.2072,640.8377
Gravel Surface 2,0,HOLE,2,11,963.6669,635.5129
Gravel Surface 2,0,HOLE,2,12,973.9548,644.1044
Gravel Surface 2,0,HOLE,2,13,964.6274,655.3029
Gravel Surface 2,0,HOLE,2,14,967.7677,657.3811
Gravel Surface 2,0,HOLE,2,15,974.1863,663.3679
Gravel Surface 2,0,HOLE,2,16,976.7730,664.8159
Gravel Surface 2,0,HOLE,2,17,971.6049,670.8343
Gravel Surface 2,0,HOLE,2,18,968.7141,668.3010
Gravel Surface 2,0,HOLE,2,19,969.2214,667.6911
Gravel Surface 2,0,HOLE,2,20,963.7396,663.1323
Pavement Surface 1,0,OUTER,0,0,870.3256,773.9006
Pavement Surface 1,0,OUTER,0,1,867.8010,775.8694
Pavement Surface 1,0,OUTER,0,2,865.5290,777.7055
Pavement Surface 1,0,OUTER,0,3,863.8150,779.1234
Pavement Surface 1,0,OUTER,0,4,861.3761,781.2035
Pavement Surface 1,0,OUTER,0,5,860.2102,782.2202
Pavement Surface 1,0,OUTER,0,6,858.1631,784.0654
Pavement Surface 1,0,OUTER,0,7,855.9946,786.0594
Pavement Surface 1,0,OUTER,0,8,853.3567,788.5755
Pavement Surface 1,0,OUTER,0,9,851.0927,790.8410
Pavement Surface 1,0,OUTER,0,10,849.3029,792.6583
Pavement Surface 1,0,OUTER,0,11,846.6435,795.4711
Pavement Surface 1,0,OUTER,0,12,846.0788,796.0803
Pavement Surface 1,0,OUTER,0,13,842.9458,799.5836
Pavement Surface 1,0,OUTER,0,14,839.9889,803.0601
Pavement Surface 1,0,OUTER,0,15,839.7685,803.3287
Pavement Surface 1,0,OUTER,0,16,837.2233,806.4784
Pavement Surface 1,0,OUTER,0,17,836.7519,807.0703
Pavement Surface 1,0,OUTER,0,18,834.0859,810.5481
Pavement Surface 1,0,OUTER,0,19,832.7529,812.3776
Pavement Surface 1,0,OUTER,0,20,831.6128,813.9527
Pavement Surface 1,0,OUTER,0,21,830.6865,815.2426
Pavement Surface 1,0,OUTER,0,22,788.8643,874.9208
Pavement Surface 1,0,OUTER,0,23,901.7689,963.6943
Pavement Surface 1,0,OUTER,0,24,933.6467,920.5352
Pavement Surface 1,0,OUTER,0,25,986.0109,854.5590
Pavement Surface 1,0,OUTER,0,26,1044.0094,780.9719
Pavement Surface 1,0,OUTER,0,27,1045.7477,779.0365
Pavement Surface 1,0,OUTER,0,28,1046.1693,771.1673
Pavement Surface 1,0,OUTER,0,29,1057.0621,757.3779
Pavement Surface 1,0,OUTER,0,30,1085.5312,779.6129
Pavement Surface 1,0,OUTER,0,31,1086.2539,780.0831
Pavement Surface 1,0,OUTER,0,32,1092.3749,785.2153
Pavement Surface 1,0,OUTER,0,33,1081.4735,798.9991
Pavement Surface 1,0,OUTER,0,34,1074.1829,801.3589
Pavement Surface 1,0,OUTER,0,35,1024.0024,864.9371
Pavement Surface 1,0,OUTER,0,36,956.1679,951.5305
Pavement Surface 1,0,OUTER,0,37,930.3878,986.1964
Pavement Surface 1,0,OUTER,0,38,942.9785,996.0961
Pavement Surface 1,0,OUTER,0,39,1099.7233,796.9243
Pavement Surface 1,0,OUTER,0,40,1100.3574,795.9471
Pavement Surface 1,0,OUTER,0,41,1100.8820,794.9705
Pavement Surface 1,0,OUTER,0,42,1101.7583,792.1013
Pavement Surface 1,0,OUTER,0,43,1101.7979,789.5929
Pavement Surface 1,0,OUTER,0,44,1101.3550,787.5915
Pavement Surface 1,0,OUTER,0,45,1100.5347,785.7592
Pavement Surface 1,0,OUTER,0,46,1099.4173,784.1877
Pavement Surface 1,0,OUTER,0,47,1098.1043,782.9271
Pavement Surface 1,0,OUTER,0,48,1025.8739,725.2465
Pavement Surface 1,0,OUTER,0,49,1022.3536,722.6399
Pavement Surface 1,0,OUTER,0,50,1018.5740,720.2514
Pavement Surface 1,0,OUTER,0,51,1014.5542,718.1158
Pavement Surface 1,0,OUTER,0,52,1010.3192,716.2656
Pavement Surface 1,0,OUTER,0,53,1007.5995,715.3207
Pavement Surface 1,0,OUTER,0,54,1005.5923,714.7054
Pavement Surface 1,0,OUTER,0,55,1002.7042,713.8937
Pavement Surface 1,0,OUTER,0,56,1000.8308,713.4447
Pavement Surface 1,0,OUTER,0,57,999.1825,713.1499
Pavement Surface 1,0,OUTER,0,58,991.4833,712.2245
Pavement Surface 1,0,OUTER,0,59,990.7311,712.2108
Pavement Surface 1,0,OUTER,0,60,983.3001,712.3806
Pavement Surface 1,0,OUTER,0,61,982.6364,712.4213
Pavement Surface 1,0,OUTER,0,62,975.1363,713.6695
Pavement Surface 1,0,OUTER,0,63,974.3311,713.8483
Pavement Surface 1,0,OUTER,0,64,959.0941,719.8363
Pavement Surface 1,0,OUTER,0,65,956.6647,721.2321
Pavement Surface 1,0,OUTER,0,66,888.3553,761.6761
Pavement Surface 1,0,OUTER,0,67,885.2031,763.6011
Pavement Surface 1,0,OUTER,0,68,885.2024,763.6015
Pavement Surface 1,0,OUTER,0,69,883.3618,764.7713
Pavement Surface 1,0,OUTER,0,70,883.3584,764.7735
Pavement Surface 1,0,OUTER,0,71,880.8691,766.3830
Pavement Surface 1,0,OUTER,0,72,879.5927,767.2426
Pavement Surface 1,0,OUTER,0,73,877.1326,768.9266
Pavement Surface 1,0,OUTER,0,74,874.0904,771.0906
Pavement Surface 1,0,HOLE,0,0,903.7192,825.4836
Pavement Surface 1,0,HOLE,0,1,887.4821,809.0974
Pavement Surface 1,0,HOLE,0,2,888.9590,783.7145
Pavement Surface 1,0,HOLE,0,3,902.1824,784.7958
Pavement Surface 1,0,HOLE,0,4,893.5466,775.4079
Pavement Surface 1,0,HOLE,0,5,909.2157,761.0838
Pavement Surface 1,0,HOLE,0,6,933.9765,789.0313
Pavement Surface 1,0,HOLE,0,7,923.3526,805.8540
Pavement Surface 10,0,OUTER,0,0,943.7339,301.7713
Pavement Surface 10,0,OUTER,0,1,945.7182,302.4489
Pavement Surface 10,0,OUTER,0,2,947.6590,303.2272
Pavement Surface 10,0,OUTER,0,3,949.5489,304.1022
Pavement Surface 10,0,OUTER,0,4,951.3806,305.0687
Pavement Surface 10,0,OUTER,0,5,953.1481,306.1213
Pavement Surface 10,0,OUTER,0,6,954.8457,307.2538
Pavement Surface 10,0,OUTER,0,7,956.4684,308.4598
Pavement Surface 10,0,OUTER,0,8,974.8164,322.8297
Pavement Surface 10,0,OUTER,0,9,977.4861,325.1168
Pavement Surface 10,0,OUTER,0,10,980.0193,327.7130
Pavement Surface 10,0,OUTER,0,11,982.3674,330.6100
Pavement Surface 10,0,OUTER,0,12,984.4814,333.7897
Pavement Surface 10,0,OUTER,0,13,986.3146,337.2238
Pavement Surface 10,0,OUTER,0,14,987.8248,340.8744
Pavement Surface 10,0,OUTER,0,15,988.9770,344.6945
Pavement Surface 10,0,OUTER,0,16,989.4105,346.6515
Pavement Surface 10,0,OUTER,0,17,989.7458,348.6303
Pavement Surface 10,0,OUTER,0,18,989.9814,350.6234
Pavement Surface 10,0,OUTER,0,19,990.1166,352.6233
Pavement Surface 10,0,OUTER,0,20,990.0869,356.6134
Pavement Surface 10,0,OUTER,0,21,989.7673,359.5963
Pavement Surface 10,0,OUTER,0,22,989.5165,361.2614
Pavement Surface 10,0,OUTER,0,23,988.9062,364.1987
Pavement Surface 10,0,OUTER,0,24,988.8742,364.3529
Pavement Surface 10,0,OUTER,0,25,988.5839,365.2872
Pavement Surface 10,0,OUTER,0,26,988.0416,367.0327
Pavement Surface 10,0,OUTER,0,27,987.7413,367.9992
Pavement Surface 10,0,OUTER,0,28,987.5013,368.5739
Pavement Surface 10,0,OUTER,0,29,987.2783,369.2100
Pavement Surface 10,0,OUTER,0,30,987.0431,369.6709
Pavement Surface 10,0,OUTER,0,31,984.1451,375.3515
Pavement Surface 10,0,OUTER,0,32,983.9986,375.6387
Pavement Surface 10,0,OUTER,0,33,983.5089,376.3331
Pavement Surface 10,0,OUTER,0,34,983.3511,376.5569
Pavement Surface 10,0,OUTER,0,35,980.7801,380.2307
Pavement Surface 10,0,OUTER,0,36,983.3745,376.6318
Pavement Surface 10,0,OUTER,0,37,1008.6906,341.2462
Pavement Surface 10,0,OUTER,0,38,1009.0550,340.7380
Pavement Surface 10,0,OUTER,0,39,1009.4845,340.2451
Pavement Surface 10,0,OUTER,0,40,1013.1139,336.0911
Pavement Surface 10,0,OUTER,0,41,1018.4922,331.6497
Pavement Surface 10,0,OUTER,0,42,1020.3634,330.4393
Pavement Surface 10,0,OUTER,0,43,1022.1374,329.4218
Pavement Surface 10,0,OUTER,0,44,1023.9586,328.4974
Pavement Surface 10,0,OUTER,0,45,1025.8291,327.6656
Pavement Surface 10,0,OUTER,0,46,1027.7131,326.9396
Pavement Surface 10,0,OUTER,0,47,1029.6311,326.3099
Pavement Surface 10,0,OUTER,0,48,1030.6773,326.0238
Pavement Surface 10,0,OUTER,0,49,1031.5659,325.7808
Pavement Surface 10,0,OUTER,0,50,1032.1488,325.6673
Pavement Surface 10,0,OUTER,0,51,1035.0935,325.0940
Pavement Surface 10,0,OUTER,0,52,1035.4549,325.0236
Pavement Surface 10,0,OUTER,0,53,1035.7166,324.9991
Pavement Surface 10,0,OUTER,0,54,1039.3998,324.6549
Pavement Surface 10,0,OUTER,0,55,1041.4052,324.6176
Pavement Surface 10,0,OUTER,0,56,1043.4374,324.6828
Pavement Surface 10,0,OUTER,0,57,1045.4571,324.8501
Pavement Surface 10,0,OUTER,0,58,1047.4642,325.1190
Pavement Surface 10,0,OUTER,0,59,1049.4721,325.4930
Pavement Surface 10,0,OUTER,0,60,1051.4824,325.9761
Pavement Surface 10,0,OUTER,0,61,1053.4525,326.5579
Pavement Surface 10,0,OUTER,0,62,1055.3563,327.2264
Pavement Surface 10,0,OUTER,0,63,1057.2350,327.9953
Pavement Surface 10,0,OUTER,0,64,1059.0714,328.8584
Pavement Surface 10,0,OUTER,0,65,1060.8527,329.8083
Pavement Surface 10,0,OUTER,0,66,1062.5728,330.8400
Pavement Surface 10,0,OUTER,0,67,1065.8092,333.1255
Pavement Surface 10,0,OUTER,0,68,1190.7942,431.0125
Pavement Surface 10,0,OUTER,0,69,1189.3893,429.6730
Pavement Surface 10,0,OUTER,0,70,1188.8201,428.8634
Pavement Surface 10,0,OUTER,0,71,1187.6528,426.6948
Pavement Surface 10,0,OUTER,0,72,1187.1384,424.8209
Pavement Surface 10,0,OUTER,0,73,1187.0102,423.3763
Pavement Surface 10,0,OUTER,0,74,1187.0721,421.9184
Pavement Surface 10,0,OUTER,0,75,1187.5063,419.9950
Pavement Surface 10,0,OUTER,0,76,1188.0444,418.6112
Pavement Surface 10,0,OUTER,0,77,1189.0873,416.9740
Pavement Surface 10,0,OUTER,0,78,1220.1560,377.2886
Pavement Surface 10,0,OUTER,0,79,1262.7243,320.0830
Pavement Surface 10,0,OUTER,0,80,1264.7043,316.5706
Pavement Surface 10,0,OUTER,0,81,1138.9460,222.9901
Pavement Surface 10,0,OUTER,0,82,1123.9575,241.4262
Pavement Surface 10,0,OUTER,0,83,1122.9919,242.5096
Pavement Surface 10,0,OUTER,0,84,1121.9498,243.4844
Pavement Surface 10,0,OUTER,0,85,1119.9121,244.9695
Pavement Surface 10,0,OUTER,0,86,1117.6840,246.1071
Pavement Surface 10,0,OUTER,0,87,1115.3143,246.8821
Pavement Surface 10,0,OUTER,0,88,1112.8487,247.2796
Pavement Surface 10,0,OUTER,0,89,1111.8563,247.3300
Pavement Surface 10,0,OUTER,0,90,1110.3513,247.2886
Pavement Surface 10,0,OUTER,0,91,1107.8829,246.9089
Pavement Surface 10,0,OUTER,0,92,1106.0555,246.3627
Pavement Surface 10,0,OUTER,0,93,1105.5257,246.1581
Pavement Surface 10,0,OUTER,0,94,1103.2715,245.0293
Pavement Surface 10,0,OUTER,0,95,1101.2409,243.5754
Pavement Surface 10,0,OUTER,0,96,1099.8482,242.2527
Pavement Surface 10,0,OUTER,0,97,1099.4614,241.8231
Pavement Surface 10,0,OUTER,0,98,1097.9762,239.8153
Pavement Surface 10,0,OUTER,0,99,1096.8184,237.5935
Pavement Surface 10,0,OUTER,0,100,1060.4861,152.2596
Pavement Surface 10,0,OUTER,0,101,1057.6301,148.9520
Pavement Surface 10,0,OUTER,0,102,1020.0979,126.1007
Pavement Surface 10,0,OUTER,0,103,1017.7739,129.3597
Pavement Surface 10,0,OUTER,0,104,1017.9439,129.4632
Pavement Surface 10,0,OUTER,0,105,1004.0160,151.4094
Pavement Surface 10,0,OUTER,0,106,999.1349,159.1007
Pavement Surface 10,0,OUTER,0,107,998.4690,160.1500
Pavement Surface 10,0,OUTER,0,108,989.7231,173.9309
Pavement Surface 10,0,OUTER,0,109,896.6225,320.6361
Pavement Surface 10,0,OUTER,0,110,897.1366,319.8808
Pavement Surface 10,0,OUTER,0,111,897.7297,318.9735
Pavement Surface 10,0,OUTER,0,112,898.3227,318.0662
Pavement Surface 10,0,OUTER,0,113,899.4712,316.4025
Pavement Surface 10,0,OUTER,0,114,900.7143,314.7841
Pavement Surface 10,0,OUTER,0,115,902.0492,313.2189
Pavement Surface 10,0,OUTER,0,116,903.4728,311.7145
Pavement Surface 10,0,OUTER,0,117,904.9808,310.2783
Pavement Surface 10,0,OUTER,0,118,906.5681,308.9170
Pavement Surface 10,0,OUTER,0,119,908.2291,307.6372
Pavement Surface 10,0,OUTER,0,120,909.9573,306.4446
Pavement Surface 10,0,OUTER,0,121,911.7456,305.3443
Pavement Surface 10,0,OUTER,0,122,913.5867,304.3407
Pavement Surface 10,0,OUTER,0,123,915.4726,303.4373
Pavement Surface 10,0,OUTER,0,124,917.3951,302.6367
Pavement Surface 10,0,OUTER,0,125,919.3459,301.9409
Pavement Surface 10,0,OUTER,0,126,921.3166,301.3506
Pavement Surface 10,0,OUTER,0,127,923.2989,300.8659
Pavement Surface 10,0,OUTER,0,128,925.2846,300.4861
Pavement Surface 10,0,OUTER,0,129,927.2870,300.2070
Pavement Surface 10,0,OUTER,0,130,929.3198,300.0284
Pavement Surface 10,0,OUTER,0,131,931.3757,299.9534
Pavement Surface 10,0,OUTER,0,132,933.4466,299.9848
Pavement Surface 10,0,OUTER,0,133,935.5245,300.1244
Pavement Surface 10,0,OUTER,0,134,937.6007,300.3732
Pavement Surface 10,0,OUTER,0,135,939.6667,300.7313
Pavement Surface 10,0,OUTER,0,136,941.7140,301.1979
Pavement Surface 11,0,OUTER,0,0,135.0400,1544.1890
Pavement Surface 11,0,OUTER,0,1,134.9146,1544.5590
Pavement Surface 11,0,OUTER,0,2,132.7336,1551.0543
Pavement Surface 11,0,OUTER,0,3,129.1539,1561.8266
Pavement Surface 11,0,OUTER,0,4,105.1656,1634.4792
Pavement Surface 11,0,OUTER,0,5,105.1260,1634.5936
Pavement Surface 11,0,OUTER,0,6,105.1291,1634.5946
Pavement Surface 11,0,OUTER,0,7,104.9027,1635.2757
Pavement Surface 11,0,OUTER,0,8,95.9882,1662.2751
Pavement Surface 11,0,OUTER,0,9,95.7226,1663.0817
Pavement Surface 11,0,OUTER,0,10,95.7195,1663.0807
Pavement Surface 11,0,OUTER,0,11,95.6471,1663.3080
Pavement Surface 11,0,OUTER,0,12,93.3103,1670.3856
Pavement Surface 11,0,OUTER,0,13,93.2151,1670.6755
Pavement Surface 11,0,OUTER,0,14,93.2119,1670.6745
Pavement Surface 11,0,OUTER,0,15,93.1775,1670.7878
Pavement Surface 11,0,OUTER,0,16,92.6459,1672.3978
Pavement Surface 11,0,OUTER,0,17,92.5871,1672.5773
Pavement Surface 11,0,OUTER,0,18,92.5840,1672.5763
Pavement Surface 11,0,OUTER,0,19,92.5104,1672.8081
Pavement Surface 11,0,OUTER,0,20,86.3129,1691.5676
Pavement Surface 11,0,OUTER,0,21,89.5347,1692.2642
Pavement Surface 11,0,OUTER,0,22,91.9343,1684.6388
Pavement Surface 11,0,OUTER,0,23,95.9060,1672.3496
Pavement Surface 11,0,OUTER,0,24,100.6797,1657.8063
Pavement Surface 11,0,OUTER,0,25,103.7105,1648.6958
Pavement Surface 11,0,OUTER,0,26,106.5055,1640.3723
Pavement Surface 11,0,OUTER,0,27,111.5168,1625.6493
Pavement Surface 11,0,OUTER,0,28,117.4473,1608.5435
Pavement Surface 11,0,OUTER,0,29,118.8295,1604.6362
Pavement Surface 11,0,OUTER,0,30,135.0875,1559.4376
Pavement Surface 11,0,OUTER,0,31,159.8568,1494.5707
Pavement Surface 11,0,OUTER,0,32,159.4780,1492.5937
Pavement Surface 11,0,OUTER,0,33,165.3920,1475.2792
Pavement Surface 11,0,OUTER,0,34,186.1509,1424.9589
Pavement Surface 11,0,OUTER,0,35,203.6415,1382.0405
Pavement Surface 11,0,OUTER,0,36,223.1786,1334.5240
Pavement Surface 11,0,OUTER,0,37,250.1956,1272.3162
Pavement Surface 11,0,OUTER,0,38,260.3413,1249.8148
Pavement Surface 11,0,OUTER,0,39,266.1522,1237.0967
Pavement Surface 11,0,OUTER,0,40,268.2169,1232.7610
Pavement Surface 11,0,OUTER,0,41,268.3745,1232.4788
Pavement Surface 11,0,OUTER,0,42,269.5736,1229.8619
Pavement Surface 11,0,OUTER,0,43,278.8084,1210.1296
Pavement Surface 11,0,OUTER,0,44,283.6545,1199.9616
Pavement Surface 11,0,OUTER,0,45,287.1468,1192.7041
Pavement Surface 11,0,OUTER,0,46,306.6810,1152.9540
Pavement Surface 11,0,OUTER,0,47,336.6862,1094.5277
Pavement Surface 11,0,OUTER,0,48,340.1228,1088.0323
Pavement Surface 11,0,OUTER,0,49,364.2784,1043.3800
Pavement Surface 11,0,OUTER,0,50,365.4519,1044.0493
Pavement Surface 11,0,OUTER,0,51,367.2040,1040.0856
Pavement Surface 11,0,OUTER,0,52,368.4494,1037.1246
Pavement Surface 11,0,OUTER,0,53,383.4911,1010.9692
Pavement Surface 11,0,OUTER,0,54,380.6338,1009.3260
Pavement Surface 11,0,OUTER,0,55,390.3867,992.3671
Pavement Surface 11,0,OUTER,0,56,393.2101,993.9909
Pavement Surface 11,0,OUTER,0,57,394.7305,994.8433
Pavement Surface 11,0,OUTER,0,58,400.1805,985.3690
Pavement Surface 11,0,OUTER,0,59,401.4797,983.1618
Pavement Surface 11,0,OUTER,0,60,404.3558,978.1104
Pavement Surface 11,0,OUTER,0,61,456.6832,887.1433
Pavement Surface 11,0,OUTER,0,62,485.8015,903.8888
Pavement Surface 11,0,OUTER,0,63,485.2002,904.9018
Pavement Surface 11,0,OUTER,0,64,491.2013,908.3530
Pavement Surface 11,0,OUTER,0,65,495.2769,901.0321
Pavement Surface 11,0,OUTER,0,66,499.7078,903.5909
Pavement Surface 11,0,OUTER,0,67,510.2819,885.2039
Pavement Surface 11,0,OUTER,0,68,528.2618,895.5436
Pavement Surface 11,0,OUTER,0,69,530.6899,891.1721
Pavement Surface 11,0,OUTER,0,70,537.1130,894.8660
Pavement Surface 11,0,OUTER,0,71,543.6422,883.6125
Pavement Surface 11,0,OUTER,0,72,559.0603,892.4970
Pavement Surface 11,0,OUTER,0,73,572.3169,869.4455
Pavement Surface 11,0,OUTER,0,74,574.4578,870.6767
Pavement Surface 11,0,OUTER,0,75,578.1515,864.2539
Pavement Surface 11,0,OUTER,0,76,582.4859,866.7466
Pavement Surface 11,0,OUTER,0,77,578.7922,873.1694
Pavement Surface 11,0,OUTER,0,78,580.7200,874.2781
Pavement Surface 11,0,OUTER,0,79,582.0382,871.9860
Pavement Surface 11,0,OUTER,0,80,604.1583,884.6993
Pavement Surface 11,0,OUTER,0,81,601.6016,889.2837
Pavement Surface 11,0,OUTER,0,82,605.8641,891.7350
Pavement Surface 11,0,OUTER,0,83,600.4055,901.2268
Pavement Surface 11,0,OUTER,0,84,594.0646,897.6562
Pavement Surface 11,0,OUTER,0,85,579.1606,923.5722
Pavement Surface 11,0,OUTER,0,86,581.0246,924.6169
Pavement Surface 11,0,OUTER,0,87,581.7694,925.0534
Pavement Surface 11,0,OUTER,0,88,567.6939,949.5290
Pavement Surface 11,0,OUTER,0,89,560.8309,945.5821
Pavement Surface 11,0,OUTER,0,90,550.5182,963.5148
Pavement Surface 11,0,OUTER,0,91,548.3602,967.1485
Pavement Surface 11,0,OUTER,0,92,548.4116,967.1779
Pavement Surface 11,0,OUTER,0,93,523.4014,1010.6672
Pavement Surface 11,0,OUTER,0,94,516.8295,1006.8878
Pavement Surface 11,0,OUTER,0,95,502.6927,1031.4698
Pavement Surface 11,0,OUTER,0,96,489.7597,1024.0322
Pavement Surface 11,0,OUTER,0,97,478.3371,1043.8946
Pavement Surface 11,0,OUTER,0,98,487.8908,1049.3888
Pavement Surface 11,0,OUTER,0,99,480.3384,1062.5325
Pavement Surface 11,0,OUTER,0,100,476.0040,1060.0399
Pavement Surface 11,0,OUTER,0,101,464.0140,1080.8888
Pavement Surface 11,0,OUTER,0,102,452.5723,1074.3098
Pavement Surface 11,0,OUTER,0,103,447.7354,1082.7208
Pavement Surface 11,0,OUTER,0,104,449.2475,1083.6394
Pavement Surface 11,0,OUTER,0,105,445.7848,1090.1391
Pavement Surface 11,0,OUTER,0,106,446.9868,1090.7953
Pavement Surface 11,0,OUTER,0,107,439.9838,1103.8652
Pavement Surface 11,0,OUTER,0,108,426.8259,1128.8157
Pavement Surface 11,0,OUTER,0,109,411.5957,1157.9007
Pavement Surface 11,0,OUTER,0,110,399.2629,1181.5927
Pavement Surface 11,0,OUTER,0,111,377.2293,1223.3825
Pavement Surface 11,0,OUTER,0,112,373.5004,1230.6000
Pavement Surface 11,0,OUTER,0,113,365.6796,1246.0051
Pavement Surface 11,0,OUTER,0,114,343.7958,1290.0387
Pavement Surface 11,0,OUTER,0,115,335.3248,1307.5510
Pavement Surface 11,0,OUTER,0,116,329.0000,1320.9401
Pavement Surface 11,0,OUTER,0,117,321.6380,1336.6191
Pavement Surface 11,0,OUTER,0,118,307.1989,1368.2424
Pavement Surface 11,0,OUTER,0,119,299.6988,1384.9204
Pavement Surface 11,0,OUTER,0,120,295.9136,1393.4925
Pavement Surface 11,0,OUTER,0,121,287.0058,1414.0773
Pavement Surface 11,0,OUTER,0,122,269.9131,1454.4741
Pavement Surface 11,0,OUTER,0,123,264.7889,1467.0236
Pavement Surface 11,0,OUTER,0,124,258.9164,1481.4668
Pavement Surface 11,0,OUTER,0,125,248.9048,1506.7171
Pavement Surface 11,0,OUTER,0,126,240.7521,1524.9998
Pavement Surface 11,0,OUTER,0,127,207.1133,1617.2698
Pavement Surface 11,0,OUTER,0,128,179.6928,1711.1407
Pavement Surface 11,0,OUTER,0,129,177.8076,1717.6819
Pavement Surface 11,0,OUTER,0,130,179.9869,1717.9365
Pavement Surface 11,0,OUTER,0,131,208.8467,1627.4200
Pavement Surface 11,0,OUTER,0,132,211.3162,1619.7483
Pavement Surface 11,0,OUTER,0,133,213.5176,1612.9771
Pavement Surface 11,0,OUTER,0,134,217.6421,1600.5220
Pavement Surface 11,0,OUTER,0,135,219.7773,1594.1776
Pavement Surface 11,0,OUTER,0,136,223.0054,1584.7130
Pavement Surface 11,0,OUTER,0,137,226.2802,1575.2644
Pavement Surface 11,0,OUTER,0,138,229.9387,1564.8811
Pavement Surface 11,0,OUTER,0,139,232.9696,1556.4164
Pavement Surface 11,0,OUTER,0,140,236.3840,1547.0174
Pavement Surface 11,0,OUTER,0,141,239.5252,1538.4919
Pavement Surface 11,0,OUTER,0,142,243.3521,1528.2706
Pavement Surface 11,0,OUTER,0,143,246.6644,1519.5527
Pavement Surface 11,0,OUTER,0,144,250.3040,1510.1101
Pavement Surface 11,0,OUTER,0,145,254.1505,1500.2819
Pavement Surface 11,0,OUTER,0,146,258.4886,1489.3664
Pavement Surface 11,0,OUTER,0,147,261.5795,1481.7129
Pavement Surface 11,0,OUTER,0,148,266.1133,1470.6174
Pavement Surface 11,0,OUTER,0,149,268.0496,1465.9427
Pavement Surface 11,0,OUTER,0,150,271.9573,1456.6075
Pavement Surface 11,0,OUTER,0,151,273.9286,1451.9473
Pavement Surface 11,0,OUTER,0,152,276.9122,1444.9593
Pavement Surface 11,0,OUTER,0,153,281.9302,1433.3561
Pavement Surface 11,0,OUTER,0,154,284.7623,1426.8961
Pavement Surface 11,0,OUTER,0,155,288.0532,1419.4658
Pavement Surface 11,0,OUTER,0,156,292.2657,1410.0718
Pavement Surface 11,0,OUTER,0,157,297.6335,1398.2926
Pavement Surface 11,0,OUTER,0,158,300.6108,1391.8249
Pavement Surface 11,0,OUTER,0,159,305.9248,1380.4496
Pavement Surface 11,0,OUTER,0,160,309.2122,1373.5035
Pavement Surface 11,0,OUTER,0,161,314.8876,1361.6789
Pavement Surface 11,0,OUTER,0,162,318.6668,1353.9117
Pavement Surface 11,0,OUTER,0,163,323.0807,1344.9386
Pavement Surface 11,0,OUTER,0,164,327.5389,1335.9874
Pavement Surface 11,0,OUTER,0,165,332.8783,1325.4130
Pavement Surface 11,0,OUTER,0,166,337.6236,1316.1376
Pavement Surface 11,0,OUTER,0,167,340.7509,1310.0755
Pavement Surface 11,0,OUTER,0,168,345.4370,1301.1058
Pavement Surface 11,0,OUTER,0,169,349.2025,1293.9795
Pavement Surface 11,0,OUTER,0,170,354.9433,1283.2373
Pavement Surface 11,0,OUTER,0,171,359.7634,1274.3389
Pavement Surface 11,0,OUTER,0,172,362.1901,1269.8988
Pavement Surface 11,0,OUTER,0,173,366.5179,1262.0450
Pavement Surface 11,0,OUTER,0,174,372.0077,1252.1994
Pavement Surface 11,0,OUTER,0,175,376.9828,1243.3867
Pavement Surface 11,0,OUTER,0,176,379.8713,1238.3169
Pavement Surface 11,0,OUTER,0,177,384.5278,1230.2146
Pavement Surface 11,0,OUTER,0,178,395.1003,1212.1364
Pavement Surface 11,0,OUTER,0,179,399.9133,1204.0420
Pavement Surface 11,0,OUTER,0,180,405.1287,1195.3695
Pavement Surface 11,0,OUTER,0,181,410.5093,1186.5253
Pavement Surface 11,0,OUTER,0,182,415.2292,1178.8602
Pavement Surface 11,0,OUTER,0,183,420.5068,1170.3663
Pavement Surface 11,0,OUTER,0,184,424.9378,1163.3067
Pavement Surface 11,0,OUTER,0,185,431.1877,1153.4574
Pavement Surface 11,0,OUTER,0,186,436.5906,1145.0426
Pavement Surface 11,0,OUTER,0,187,442.0351,1136.6547
Pavement Surface 11,0,OUTER,0,188,448.3204,1127.0827
Pavement Surface 11,0,OUTER,0,189,452.9836,1120.0574
Pavement Surface 11,0,OUTER,0,190,456.8243,1114.3191
Pavement Surface 11,0,OUTER,0,191,464.2252,1103.3751
Pavement Surface 11,0,OUTER,0,192,469.8772,1095.1183
Pavement Surface 11,0,OUTER,0,193,474.9992,1087.7163
Pavement Surface 11,0,OUTER,0,194,481.2971,1078.7066
Pavement Surface 11,0,OUTER,0,195,487.2946,1070.2202
Pavement Surface 11,0,OUTER,0,196,501.0225,1051.0139
Pavement Surface 11,0,OUTER,0,197,501.1478,1050.8389
Pavement Surface 11,0,OUTER,0,198,501.2939,1050.6345
Pavement Surface 11,0,OUTER,0,199,607.8235,901.6938
Pavement Surface 11,0,OUTER,0,200,614.5340,890.9512
Pavement Surface 11,0,OUTER,0,201,627.3959,868.6715
Pavement Surface 11,0,OUTER,0,202,626.1769,867.4507
Pavement Surface 11,0,OUTER,0,203,622.5151,865.2961
Pavement Surface 11,0,OUTER,0,204,608.2508,857.0920
Pavement Surface 11,0,OUTER,0,205,638.6627,804.2140
Pavement Surface 11,0,OUTER,0,206,661.8348,817.5585
Pavement Surface 11,0,OUTER,0,207,662.9698,818.0624
Pavement Surface 11,0,OUTER,0,208,663.5967,818.2790
Pavement Surface 11,0,OUTER,0,209,663.8798,818.3199
Pavement Surface 11,0,OUTER,0,210,679.9346,800.8697
Pavement Surface 11,0,OUTER,0,211,680.3413,800.2715
Pavement Surface 11,0,OUTER,0,212,681.2778,798.8950
Pavement Surface 11,0,OUTER,0,213,682.4676,796.9523
Pavement Surface 11,0,OUTER,0,214,683.6655,794.9428
Pavement Surface 11,0,OUTER,0,215,685.2897,791.6836
Pavement Surface 11,0,OUTER,0,216,685.9465,790.1937
Pavement Surface 11,0,OUTER,0,217,686.7487,788.2709
Pavement Surface 11,0,OUTER,0,218,687.5401,786.1837
Pavement Surface 11,0,OUTER,0,219,688.3815,783.6405
Pavement Surface 11,0,OUTER,0,220,688.9013,781.7669
Pavement Surface 11,0,OUTER,0,221,689.3925,779.8078
Pavement Surface 11,0,OUTER,0,222,689.8809,777.5573
Pavement Surface 11,0,OUTER,0,223,690.1627,775.9298
Pavement Surface 11,0,OUTER,0,224,690.5331,773.3049
Pavement Surface 11,0,OUTER,0,225,690.6992,771.9423
Pavement Surface 11,0,OUTER,0,226,690.8356,770.0152
Pavement Surface 11,0,OUTER,0,227,690.9377,767.7125
Pavement Surface 11,0,OUTER,0,228,690.9627,766.4517
Pavement Surface 11,0,OUTER,0,229,690.9295,764.4056
Pavement Surface 11,0,OUTER,0,230,690.8785,762.7758
Pavement Surface 11,0,OUTER,0,231,690.7400,761.1019
Pavement Surface 11,0,OUTER,0,232,690.5412,759.0887
Pavement Surface 11,0,OUTER,0,233,690.2355,756.8202
Pavement Surface 11,0,OUTER,0,234,689.8283,754.6008
Pavement Surface 11,0,OUTER,0,235,689.3906,752.5677
Pavement Surface 11,0,OUTER,0,236,689.1560,751.5956
Pavement Surface 11,0,OUTER,0,237,688.6169,749.5956
Pavement Surface 11,0,OUTER,0,238,687.7333,746.7834
Pavement Surface 11,0,OUTER,0,239,687.0961,744.9773
Pavement Surface 11,0,OUTER,0,240,686.6904,743.9640
Pavement Surface 11,0,OUTER,0,241,685.6678,741.5405
Pavement Surface 11,0,OUTER,0,242,684.5837,739.2411
Pavement Surface 11,0,OUTER,0,243,683.0555,736.4050
Pavement Surface 11,0,OUTER,0,244,682.0259,734.6901
Pavement Surface 11,0,OUTER,0,245,680.7947,732.7838
Pavement Surface 11,0,OUTER,0,246,679.4922,730.9129
Pavement Surface 11,0,OUTER,0,247,678.2999,729.3072
Pavement Surface 11,0,OUTER,0,248,676.2074,726.7780
Pavement Surface 11,0,OUTER,0,249,674.9105,725.3419
Pavement Surface 11,0,OUTER,0,250,673.2748,723.6567
Pavement Surface 11,0,OUTER,0,251,671.5446,722.0044
Pavement Surface 11,0,OUTER,0,252,670.5429,721.0842
Pavement Surface 11,0,OUTER,0,253,669.2824,720.0277
Pavement Surface 11,0,OUTER,0,254,667.9409,718.9422
Pavement Surface 11,0,OUTER,0,255,666.3544,717.7260
Pavement Surface 11,0,OUTER,0,256,666.4994,717.5047
Pavement Surface 11,0,OUTER,0,257,666.4986,717.5038
Pavement Surface 11,0,OUTER,0,258,665.7558,716.9516
Pavement Surface 11,0,OUTER,0,259,651.3116,706.7455
Pavement Surface 11,0,OUTER,0,260,651.0358,706.5835
Pavement Surface 11,0,OUTER,0,261,650.8257,706.4587
Pavement Surface 11,0,OUTER,0,262,648.4504,705.0480
Pavement Surface 11,0,OUTER,0,263,645.5247,703.4713
Pavement Surface 11,0,OUTER,0,264,643.7921,702.6112
Pavement Surface 11,0,OUTER,0,265,641.0110,701.3336
Pavement Surface 11,0,OUTER,0,266,636.3679,699.4806
Pavement Surface 11,0,OUTER,0,267,631.6019,697.9174
Pavement Surface 11,0,OUTER,0,268,626.7788,696.6631
Pavement Surface 11,0,OUTER,0,269,621.8676,695.7083
Pavement Surface 11,0,OUTER,0,270,616.9152,695.0639
Pavement Surface 11,0,OUTER,0,271,611.9272,694.7302
Pavement Surface 11,0,OUTER,0,272,606.9157,694.7102
Pavement Surface 11,0,OUTER,0,273,601.9246,695.0027
Pavement Surface 11,0,OUTER,0,274,596.9640,695.6059
Pavement Surface 11,0,OUTER,0,275,592.1536,696.4989
Pavement Surface 11,0,OUTER,0,276,589.5496,697.1067
Pavement Surface 11,0,OUTER,0,277,587.2017,697.7373
Pavement Surface 11,0,OUTER,0,278,582.4482,699.2531
Pavement Surface 11,0,OUTER,0,279,577.7847,701.0691
Pavement Surface 11,0,OUTER,0,280,573.2445,703.1733
Pavement Surface 11,0,OUTER,0,281,568.8509,705.5542
Pavement Surface 11,0,OUTER,0,282,565.0357,707.9243
Pavement Surface 11,0,OUTER,0,283,564.6121,708.2065
Pavement Surface 11,0,OUTER,0,284,560.5545,711.1134
Pavement Surface 11,0,OUTER,0,285,556.6822,714.2723
Pavement Surface 11,0,OUTER,0,286,553.0121,717.6689
Pavement Surface 11,0,OUTER,0,287,552.5871,718.1146
Pavement Surface 11,0,OUTER,0,288,550.6121,720.2073
Pavement Surface 11,0,OUTER,0,289,549.7090,721.1342
Pavement Surface 11,0,OUTER,0,290,549.4652,721.4038
Pavement Surface 11,0,OUTER,0,291,548.8947,722.0997
Pavement Surface 11,0,OUTER,0,292,548.6222,722.4070
Pavement Surface 11,0,OUTER,0,293,547.2992,723.9816
Pavement Surface 11,0,OUTER,0,294,546.3607,725.1279
Pavement Surface 11,0,OUTER,0,295,545.6191,726.1001
Pavement Surface 11,0,OUTER,0,296,544.0261,728.2731
Pavement Surface 11,0,OUTER,0,297,542.9665,729.7704
Pavement Surface 11,0,OUTER,0,298,542.9046,729.8604
Pavement Surface 11,0,OUTER,0,299,540.7686,733.1557
Pavement Surface 11,0,OUTER,0,300,538.5140,736.9211
Pavement Surface 11,0,OUTER,0,301,537.8318,738.0636
Pavement Surface 11,0,OUTER,0,302,537.8289,738.0619
Pavement Surface 11,0,OUTER,0,303,537.7897,738.1338
Pavement Surface 11,0,OUTER,0,304,533.3743,745.5077
Pavement Surface 11,0,OUTER,0,305,533.3714,745.5060
Pavement Surface 11,0,OUTER,0,306,533.3422,745.5609
Pavement Surface 11,0,OUTER,0,307,532.4285,747.0868
Pavement Surface 11,0,OUTER,0,308,528.2370,754.0872
Pavement Surface 11,0,OUTER,0,309,528.2341,754.0855
Pavement Surface 11,0,OUTER,0,310,528.1782,754.1847
Pavement Surface 11,0,OUTER,0,311,520.4615,767.0714
Pavement Surface 11,0,OUTER,0,312,517.9623,771.2460
Pavement Surface 11,0,OUTER,0,313,517.9594,771.2443
Pavement Surface 11,0,OUTER,0,314,517.8537,771.4263
Pavement Surface 11,0,OUTER,0,315,430.0829,918.0015
Pavement Surface 11,0,OUTER,0,316,429.9448,918.2308
Pavement Surface 11,0,OUTER,0,317,429.9477,918.2325
Pavement Surface 11,0,OUTER,0,318,429.3544,919.2180
Pavement Surface 11,0,OUTER,0,319,404.1328,961.3375
Pavement Surface 11,0,OUTER,0,320,399.8111,968.5784
Pavement Surface 11,0,OUTER,0,321,394.7058,977.1771
Pavement Surface 11,0,OUTER,0,322,388.6049,987.5473
Pavement Surface 11,0,OUTER,0,323,380.4588,1001.5485
Pavement Surface 11,0,OUTER,0,324,376.4246,1008.5421
Pavement Surface 11,0,OUTER,0,325,371.4797,1017.1784
Pavement Surface 11,0,OUTER,0,326,367.5750,1024.0535
Pavement Surface 11,0,OUTER,0,327,362.1807,1033.6014
Pavement Surface 11,0,OUTER,0,328,356.0478,1044.5672
Pavement Surface 11,0,OUTER,0,329,354.4228,1047.5022
Pavement Surface 11,0,OUTER,0,330,354.3822,1047.5696
Pavement Surface 11,0,OUTER,0,331,354.3851,1047.5712
Pavement Surface 11,0,OUTER,0,332,352.1574,1051.5936
Pavement Surface 11,0,OUTER,0,333,349.5518,1056.3026
Pavement Surface 11,0,OUTER,0,334,342.3630,1069.4336
Pavement Surface 11,0,OUTER,0,335,335.3639,1082.3715
Pavement Surface 11,0,OUTER,0,336,328.1838,1095.8031
Pavement Surface 11,0,OUTER,0,337,321.6556,1108.1693
Pavement Surface 11,0,OUTER,0,338,321.5569,1108.3511
Pavement Surface 11,0,OUTER,0,339,321.2649,1108.9040
Pavement Surface 11,0,OUTER,0,340,321.1933,1109.0408
Pavement Surface 11,0,OUTER,0,341,321.1963,1109.0423
Pavement Surface 11,0,OUTER,0,342,321.1086,1109.2030
Pavement Surface 11,0,OUTER,0,343,316.6001,1117.8323
Pavement Surface 11,0,OUTER,0,344,316.5709,1117.8857
Pavement Surface 11,0,OUTER,0,345,316.5739,1117.8872
Pavement Surface 11,0,OUTER,0,346,316.0317,1118.9314
Pavement Surface 11,0,OUTER,0,347,313.8633,1123.0965
Pavement Surface 11,0,OUTER,0,348,310.1637,1130.2628
Pavement Surface 11,0,OUTER,0,349,306.0195,1138.3617
Pavement Surface 11,0,OUTER,0,350,304.6561,1141.0334
Pavement Surface 11,0,OUTER,0,351,303.2869,1143.7019
Pavement Surface 11,0,OUTER,0,352,296.1297,1157.8735
Pavement Surface 11,0,OUTER,0,353,292.5098,1165.1348
Pavement Surface 11,0,OUTER,0,354,291.1667,1167.8333
Pavement Surface 11,0,OUTER,0,355,287.2372,1175.7457
Pavement Surface 11,0,OUTER,0,356,282.9600,1184.4731
Pavement Surface 11,0,OUTER,0,357,282.7229,1184.9394
Pavement Surface 11,0,OUTER,0,358,280.5086,1189.4709
Pavement Surface 11,0,OUTER,0,359,276.5051,1197.7283
Pavement Surface 11,0,OUTER,0,360,276.2963,1198.1662
Pavement Surface 11,0,OUTER,0,361,276.2933,1198.1648
Pavement Surface 11,0,OUTER,0,362,276.2429,1198.2738
Pavement Surface 11,0,OUTER,0,363,270.5515,1210.1138
Pavement Surface 11,0,OUTER,0,364,267.8154,1215.8665
Pavement Surface 11,0,OUTER,0,365,267.6740,1216.1678
Pavement Surface 11,0,OUTER,0,366,267.6710,1216.1664
Pavement Surface 11,0,OUTER,0,367,267.6022,1216.3158
Pavement Surface 11,0,OUTER,0,368,265.3540,1221.0526
Pavement Surface 11,0,OUTER,0,369,261.3892,1229.4751
Pavement Surface 11,0,OUTER,0,370,261.2724,1229.7248
Pavement Surface 11,0,OUTER,0,371,259.8175,1232.8444
Pavement Surface 11,0,OUTER,0,372,259.4704,1233.5861
Pavement Surface 11,0,OUTER,0,373,259.4674,1233.5847
Pavement Surface 11,0,OUTER,0,374,259.3835,1233.7671
Pavement Surface 11,0,OUTER,0,375,259.2701,1234.0083
Pavement Surface 11,0,OUTER,0,376,259.1677,1234.2244
Pavement Surface 11,0,OUTER,0,377,259.1707,1234.2258
Pavement Surface 11,0,OUTER,0,378,258.9653,1234.6565
Pavement Surface 11,0,OUTER,0,379,255.2494,1242.6516
Pavement Surface 11,0,OUTER,0,380,251.0633,1251.7333
Pavement Surface 11,0,OUTER,0,381,244.7408,1265.6033
Pavement Surface 11,0,OUTER,0,382,240.6253,1274.7388
Pavement Surface 11,0,OUTER,0,383,240.4063,1275.2246
Pavement Surface 11,0,OUTER,0,384,234.6228,1288.1981
Pavement Surface 11,0,OUTER,0,385,231.7428,1294.7224
Pavement Surface 11,0,OUTER,0,386,228.4464,1302.2457
Pavement Surface 11,0,OUTER,0,387,228.3107,1302.5554
Pavement Surface 11,0,OUTER,0,388,224.3823,1311.5912
Pavement Surface 11,0,OUTER,0,389,220.6745,1320.2080
Pavement Surface 11,0,OUTER,0,390,220.2840,1321.1149
Pavement Surface 11,0,OUTER,0,391,216.5970,1329.7482
Pavement Surface 11,0,OUTER,0,392,214.9199,1333.7163
Pavement Surface 11,0,OUTER,0,393,214.7644,1334.0847
Pavement Surface 11,0,OUTER,0,394,214.7613,1334.0834
Pavement Surface 11,0,OUTER,0,395,214.6671,1334.3097
Pavement Surface 11,0,OUTER,0,396,214.5713,1334.5312
Pavement Surface 11,0,OUTER,0,397,214.5744,1334.5325
Pavement Surface 11,0,OUTER,0,398,214.1870,1335.4369
Pavement Surface 11,0,OUTER,0,399,210.7903,1343.5155
Pavement Surface 11,0,OUTER,0,400,210.6994,1343.7295
Pavement Surface 11,0,OUTER,0,401,210.7025,1343.7308
Pavement Surface 11,0,OUTER,0,402,210.3008,1344.6796
Pavement Surface 11,0,OUTER,0,403,206.4454,1353.9357
Pavement Surface 11,0,OUTER,0,404,202.6209,1363.2048
Pavement Surface 11,0,OUTER,0,405,199.4486,1370.9725
Pavement Surface 11,0,OUTER,0,406,199.4244,1371.0259
Pavement Surface 11,0,OUTER,0,407,199.4275,1371.0271
Pavement Surface 11,0,OUTER,0,408,199.3408,1371.2353
Pavement Surface 11,0,OUTER,0,409,195.5696,1380.5376
Pavement Surface 11,0,OUTER,0,410,195.5222,1380.6515
Pavement Surface 11,0,OUTER,0,411,195.5252,1380.6527
Pavement Surface 11,0,OUTER,0,412,195.2754,1381.2677
Pavement Surface 11,0,OUTER,0,413,193.6582,1385.2802
Pavement Surface 11,0,OUTER,0,414,189.3502,1396.0760
Pavement Surface 11,0,OUTER,0,415,185.7936,1405.0795
Pavement Surface 11,0,OUTER,0,416,182.8021,1412.7268
Pavement Surface 11,0,OUTER,0,417,182.5204,1413.4462
Pavement Surface 11,0,OUTER,0,418,180.4088,1418.8745
Pavement Surface 11,0,OUTER,0,419,175.0638,1432.7727
Pavement Surface 11,0,OUTER,0,420,172.3646,1439.9000
Pavement Surface 11,0,OUTER,0,421,171.6535,1441.7793
Pavement Surface 11,0,OUTER,0,422,169.5144,1447.4253
Pavement Surface 11,0,OUTER,0,423,165.7497,1457.4995
Pavement Surface 11,0,OUTER,0,424,160.9686,1470.4573
Pavement Surface 11,0,OUTER,0,425,156.3568,1483.1431
Pavement Surface 11,0,OUTER,0,426,156.3363,1483.1930
Pavement Surface 11,0,OUTER,0,427,156.3394,1483.1941
Pavement Surface 11,0,OUTER,0,428,155.7688,1484.7588
Pavement Surface 11,0,OUTER,0,429,153.0061,1492.4537
Pavement Surface 11,0,OUTER,0,430,152.9595,1492.5843
Pavement Surface 11,0,OUTER,0,431,149.1260,1503.3697
Pavement Surface 11,0,OUTER,0,432,146.3423,1511.3026
Pavement Surface 11,0,OUTER,0,433,146.3089,1511.3900
Pavement Surface 11,0,OUTER,0,434,142.5163,1522.2840
Pavement Surface 11,0,OUTER,0,435,139.7834,1530.2295
Pavement Surface 11,0,HOLE,0,0,601.5495,802.1631
Pavement Surface 11,0,HOLE,0,1,600.8777,801.9584
Pavement Surface 11,0,HOLE,0,2,600.2141,801.7291
Pavement Surface 11,0,HOLE,0,3,599.5593,801.4755
Pavement Surface 11,0,HOLE,0,4,598.9144,801.1978
Pavement Surface 11,0,HOLE,0,5,598.2801,800.8965
Pavement Surface 11,0,HOLE,0,6,597.6592,800.5728
Pavement Surface 11,0,HOLE,0,7,597.0669,800.2358
Pavement Surface 11,0,HOLE,0,8,596.4506,799.8552
Pavement Surface 11,0,HOLE,0,9,595.8672,799.4634
Pavement Surface 11,0,HOLE,0,10,595.2991,799.0507
Pavement Surface 11,0,HOLE,0,11,594.7466,798.6172
Pavement Surface 11,0,HOLE,0,12,594.2106,798.1637
Pavement Surface 11,0,HOLE,0,13,593.6917,797.6906
Pavement Surface 11,0,HOLE,0,14,593.1906,797.1987
Pavement Surface 11,0,HOLE,0,15,592.7080,796.6886
Pavement Surface 11,0,HOLE,0,16,592.1673,796.0662
Pavement Surface 11,0,HOLE,0,17,591.8005,795.6160
Pavement Surface 11,0,HOLE,0,18,591.3778,795.0563
Pavement Surface 11,0,HOLE,0,19,590.9757,794.4807
Pavement Surface 11,0,HOLE,0,20,590.5950,793.8906
Pavement Surface 11,0,HOLE,0,21,590.2365,793.2868
Pavement Surface 11,0,HOLE,0,22,589.9005,792.6702
Pavement Surface 11,0,HOLE,0,23,589.5875,792.0417
Pavement Surface 11,0,HOLE,0,24,589.2979,791.4019
Pavement Surface 11,0,HOLE,0,25,589.0289,790.7431
Pavement Surface 11,0,HOLE,0,26,588.7907,790.0926
Pavement Surface 11,0,HOLE,0,27,588.5737,789.4248
Pavement Surface 11,0,HOLE,0,28,588.3814,788.7491
Pavement Surface 11,0,HOLE,0,29,588.2144,788.0673
Pavement Surface 11,0,HOLE,0,30,588.0727,787.3796
Pavement Surface 11,0,HOLE,0,31,587.9564,786.6871
Pavement Surface 11,0,HOLE,0,32,587.8659,785.9912
Pavement Surface 11,0,HOLE,0,33,587.8010,785.2904
Pavement Surface 11,0,HOLE,0,34,587.7621,784.5904
Pavement Surface 11,0,HOLE,0,35,587.7492,783.8884
Pavement Surface 11,0,HOLE,0,36,587.7621,783.1863
Pavement Surface 11,0,HOLE,0,37,587.8010,782.4863
Pavement Surface 11,0,HOLE,0,38,587.8659,781.7857
Pavement Surface 11,0,HOLE,0,39,587.9564,781.0896
Pavement Surface 11,0,HOLE,0,40,588.0727,780.3971
Pavement Surface 11,0,HOLE,0,41,588.2144,779.7094
Pavement Surface 11,0,HOLE,0,42,588.3815,779.0274
Pavement Surface 11,0,HOLE,0,43,588.5737,778.3520
Pavement Surface 11,0,HOLE,0,44,588.7907,777.6841
Pavement Surface 11,0,HOLE,0,45,589.0322,777.0248
Pavement Surface 11,0,HOLE,0,46,589.2979,776.3748
Pavement Surface 11,0,HOLE,0,47,589.5875,775.7351
Pavement Surface 11,0,HOLE,0,48,589.9005,775.1065
Pavement Surface 11,0,HOLE,0,49,590.2365,774.4899
Pavement Surface 11,0,HOLE,0,50,590.5134,774.0236
Pavement Surface 11,0,HOLE,0,51,590.9757,773.2961
Pavement Surface 11,0,HOLE,0,52,591.3778,772.7204
Pavement Surface 11,0,HOLE,0,53,591.8010,772.1601
Pavement Surface 11,0,HOLE,0,54,592.2446,771.6157
Pavement Surface 11,0,HOLE,0,55,592.7081,771.0880
Pavement Surface 11,0,HOLE,0,56,593.1906,770.5780
Pavement Surface 11,0,HOLE,0,57,593.6917,770.0861
Pavement Surface 11,0,HOLE,0,58,594.2106,769.6130
Pavement Surface 11,0,HOLE,0,59,594.7468,769.1593
Pavement Surface 11,0,HOLE,0,60,595.2996,768.7257
Pavement Surface 11,0,HOLE,0,61,595.8672,768.3133
Pavement Surface 11,0,HOLE,0,62,596.4501,767.9219
Pavement Surface 11,0,HOLE,0,63,597.0472,767.5523
Pavement Surface 11,0,HOLE,0,64,597.6560,767.2057
Pavement Surface 11,0,HOLE,0,65,598.2801,766.8804
Pavement Surface 11,0,HOLE,0,66,598.9141,766.5791
Pavement Surface 11,0,HOLE,0,67,599.5593,766.3014
Pavement Surface 11,0,HOLE,0,68,600.2097,766.0494
Pavement Surface 11,0,HOLE,0,69,600.8777,765.8184
Pavement Surface 11,0,HOLE,0,70,601.5495,765.6138
Pavement Surface 11,0,HOLE,0,71,602.2283,765.4341
Pavement Surface 11,0,HOLE,0,72,602.9133,765.2797
Pavement Surface 11,0,HOLE,0,73,603.6035,765.1507
Pavement Surface 11,0,HOLE,0,74,604.2981,765.0472
Pavement Surface 11,0,HOLE,0,75,604.9956,764.9696
Pavement Surface 11,0,HOLE,0,76,605.6962,764.9177
Pavement Surface 11,0,HOLE,0,77,606.2677,764.8965
Pavement Surface 11,0,HOLE,0,78,607.1002,764.8917
Pavement Surface 11,0,HOLE,0,79,607.8019,764.9177
Pavement Surface 11,0,HOLE,0,80,608.5022,764.9695
Pavement Surface 11,0,HOLE,0,81,609.1996,765.0472
Pavement Surface 11,0,HOLE,0,82,609.8946,765.1507
Pavement Surface 11,0,HOLE,0,83,610.5848,765.2797
Pavement Surface 11,0,HOLE,0,84,611.2698,765.4341
Pavement Surface 11,0,HOLE,0,85,611.9487,765.6138
Pavement Surface 11,0,HOLE,0,86,612.6204,765.8184
Pavement Surface 11,0,HOLE,0,87,613.2841,766.0477
Pavement Surface 11,0,HOLE,0,88,613.9389,766.3014
Pavement Surface 11,0,HOLE,0,89,614.5838,766.5790
Pavement Surface 11,0,HOLE,0,90,615.2181,766.8804
Pavement Surface 11,0,HOLE,0,91,615.8408,767.2049
Pavement Surface 11,0,HOLE,0,92,616.4345,767.5428
Pavement Surface 11,0,HOLE,0,93,617.0482,767.9220
Pavement Surface 11,0,HOLE,0,94,617.6310,768.3133
Pavement Surface 11,0,HOLE,0,95,618.1992,768.7261
Pavement Surface 11,0,HOLE,0,96,618.7517,769.1596
Pavement Surface 11,0,HOLE,0,97,619.5291,769.8332
Pavement Surface 11,0,HOLE,0,98,620.3077,770.5780
Pavement Surface 11,0,HOLE,0,99,620.7902,771.0881
Pavement Surface 11,0,HOLE,0,100,621.2629,771.6271
Pavement Surface 11,0,HOLE,0,101,621.6972,772.1601
Pavement Surface 11,0,HOLE,0,102,622.1201,772.7200
Pavement Surface 11,0,HOLE,0,103,622.5225,773.2960
Pavement Surface 11,0,HOLE,0,104,622.9032,773.8862
Pavement Surface 11,0,HOLE,0,105,623.4399,774.8168
Pavement Surface 11,0,HOLE,0,106,623.9107,775.7350
Pavement Surface 11,0,HOLE,0,107,624.2003,776.3748
Pavement Surface 11,0,HOLE,0,108,624.4660,777.0248
Pavement Surface 11,0,HOLE,0,109,624.7076,777.6841
Pavement Surface 11,0,HOLE,0,110,624.9246,778.3520
Pavement Surface 11,0,HOLE,0,111,625.2216,779.4554
Pavement Surface 11,0,HOLE,0,112,625.4255,780.3971
Pavement Surface 11,0,HOLE,0,113,625.5418,781.0896
Pavement Surface 11,0,HOLE,0,114,625.6324,781.7860
Pavement Surface 11,0,HOLE,0,115,625.6972,782.4852
Pavement Surface 11,0,HOLE,0,116,625.7361,783.1863
Pavement Surface 11,0,HOLE,0,117,625.7491,783.8884
Pavement Surface 11,0,HOLE,0,118,625.7361,784.5904
Pavement Surface 11,0,HOLE,0,119,625.6972,785.2916
Pavement Surface 11,0,HOLE,0,120,625.6324,785.9908
Pavement Surface 11,0,HOLE,0,121,625.5411,786.6911
Pavement Surface 11,0,HOLE,0,122,625.4255,787.3796
Pavement Surface 11,0,HOLE,0,123,625.2838,788.0673
Pavement Surface 11,0,HOLE,0,124,625.1167,788.7494
Pavement Surface 11,0,HOLE,0,125,624.9245,789.4248
Pavement Surface 11,0,HOLE,0,126,624.7076,790.0926
Pavement Surface 11,0,HOLE,0,127,624.4660,790.7520
Pavement Surface 11,0,HOLE,0,128,624.2003,791.4019
Pavement Surface 11,0,HOLE,0,129,623.9108,792.0417
Pavement Surface 11,0,HOLE,0,130,623.5980,792.6698
Pavement Surface 11,0,HOLE,0,131,623.2617,793.2868
Pavement Surface 11,0,HOLE,0,132,622.9028,793.8912
Pavement Surface 11,0,HOLE,0,133,622.5226,794.4807
Pavement Surface 11,0,HOLE,0,134,622.1205,795.0562
Pavement Surface 11,0,HOLE,0,135,621.6972,795.6167
Pavement Surface 11,0,HOLE,0,136,621.2536,796.1610
Pavement Surface 11,0,HOLE,0,137,620.7902,796.6886
Pavement Surface 11,0,HOLE,0,138,620.3077,797.1987
Pavement Surface 11,0,HOLE,0,139,619.8069,797.6903
Pavement Surface 11,0,HOLE,0,140,619.2876,798.1637
Pavement Surface 11,0,HOLE,0,141,618.7516,798.6172
Pavement Surface 11,0,HOLE,0,142,618.1991,799.0507
Pavement Surface 11,0,HOLE,0,143,617.6310,799.4635
Pavement Surface 11,0,HOLE,0,144,617.0480,799.8550
Pavement Surface 11,0,HOLE,0,145,616.4497,800.2254
Pavement Surface 11,0,HOLE,0,146,615.8408,800.5719
Pavement Surface 11,0,HOLE,0,147,615.2181,800.8965
Pavement Surface 11,0,HOLE,0,148,614.5838,801.1978
Pavement Surface 11,0,HOLE,0,149,613.9395,801.4752
Pavement Surface 11,0,HOLE,0,150,613.2841,801.7291
Pavement Surface 11,0,HOLE,0,151,612.6204,801.9584
Pavement Surface 11,0,HOLE,0,152,611.9487,802.1631
Pavement Surface 11,0,HOLE,0,153,611.2698,802.3427
Pavement Surface 11,0,HOLE,0,154,610.5848,802.4972
Pavement Surface 11,0,HOLE,0,155,609.8950,802.6261
Pavement Surface 11,0,HOLE,0,156,609.2000,802.7296
Pavement Surface 11,0,HOLE,0,157,608.5022,802.8073
Pavement Surface 11,0,HOLE,0,158,607.8019,802.8592
Pavement Surface 11,0,HOLE,0,159,607.1002,802.8851
Pavement Surface 11,0,HOLE,0,160,606.3980,802.8851
Pavement Surface 11,0,HOLE,0,161,605.6962,802.8592
Pavement Surface 11,0,HOLE,0,162,604.9960,802.8073
Pavement Surface 11,0,HOLE,0,163,604.2981,802.7296
Pavement Surface 11,0,HOLE,0,164,603.6028,802.6261
Pavement Surface 11,0,HOLE,0,165,602.9133,802.4972
Pavement Surface 11,0,HOLE,0,166,602.2283,802.3427
Pavement Surface 12,0,OUTER,0,0,669.3434,1440.7988
Pavement Surface 12,0,OUTER,0,1,667.0206,1443.7162
Pavement Surface 12,0,OUTER,0,2,666.0423,1444.9791
Pavement Surface 12,0,OUTER,0,3,664.3091,1447.2688
Pavement Surface 12,0,OUTER,0,4,662.3430,1449.9516
Pavement Surface 12,0,OUTER,0,5,660.4946,1452.5620
Pavement Surface 12,0,OUTER,0,6,659.1383,1454.5355
Pavement Surface 12,0,OUTER,0,7,657.0952,1457.6073
Pavement Surface 12,0,OUTER,0,8,655.3090,1460.3975
Pavement Surface 12,0,OUTER,0,9,653.9821,1462.5383
Pavement Surface 12,0,OUTER,0,10,652.8553,1464.4050
Pavement Surface 12,0,OUTER,0,11,650.8533,1467.8398
Pavement Surface 12,0,OUTER,0,12,643.1360,1481.5891
Pavement Surface 12,0,OUTER,0,13,653.5916,1487.4541
Pavement Surface 12,0,OUTER,0,14,674.7303,1449.7723
Pavement Surface 12,0,OUTER,0,15,677.4447,1451.9045
Pavement Surface 12,0,OUTER,0,16,672.7577,1457.8713
Pavement Surface 12,0,OUTER,0,17,666.4624,1468.4998
Pavement Surface 12,0,OUTER,0,18,656.6855,1485.9472
Pavement Surface 12,0,OUTER,0,19,655.9581,1488.8086
Pavement Surface 12,0,OUTER,0,20,696.2030,1512.8290
Pavement Surface 12,0,OUTER,0,21,703.5915,1510.7054
Pavement Surface 12,0,OUTER,0,22,712.6642,1506.6768
Pavement Surface 12,0,OUTER,0,23,724.5432,1502.9093
Pavement Surface 12,0,OUTER,0,24,748.5598,1499.7123
Pavement Surface 12,0,OUTER,0,25,766.6924,1491.2229
Pavement Surface 12,0,OUTER,0,26,798.5080,1448.3514
Pavement Surface 12,0,OUTER,0,27,815.0625,1409.4827
Pavement Surface 12,0,OUTER,0,28,819.3559,1397.0261
Pavement Surface 12,0,OUTER,0,29,824.8202,1384.9831
Pavement Surface 12,0,OUTER,0,30,826.3655,1378.0595
Pavement Surface 12,0,OUTER,0,31,824.0861,1375.6834
Pavement Surface 12,0,OUTER,0,32,819.3698,1372.1928
Pavement Surface 12,0,OUTER,0,33,826.9533,1375.4258
Pavement Surface 12,0,OUTER,0,34,843.7706,1300.0748
Pavement Surface 12,0,OUTER,0,35,842.5645,1298.3953
Pavement Surface 12,0,OUTER,0,36,842.9343,1292.5610
Pavement Surface 12,0,OUTER,0,37,845.6694,1287.4565
Pavement Surface 12,0,OUTER,0,38,847.9533,1281.3676
Pavement Surface 12,0,OUTER,0,39,862.6972,1215.4252
Pavement Surface 12,0,OUTER,0,40,946.9457,1041.2014
Pavement Surface 12,0,OUTER,0,41,962.6855,1020.5151
Pavement Surface 12,0,OUTER,0,42,953.3367,1013.1577
Pavement Surface 12,0,OUTER,0,43,953.4005,1013.0608
Pavement Surface 12,0,OUTER,0,44,955.3430,1014.1178
Pavement Surface 12,0,OUTER,0,45,962.9801,1020.1280
Pavement Surface 12,0,OUTER,0,46,991.3222,982.8793
Pavement Surface 12,0,OUTER,0,47,994.1279,978.6158
Pavement Surface 12,0,OUTER,0,48,996.3938,976.2452
Pavement Surface 12,0,OUTER,0,49,1026.3148,937.1055
Pavement Surface 12,0,OUTER,0,50,1149.1055,772.5113
Pavement Surface 12,0,OUTER,0,51,1150.9831,773.8306
Pavement Surface 12,0,OUTER,0,52,1151.2846,773.4479
Pavement Surface 12,0,OUTER,0,53,1146.5713,769.7353
Pavement Surface 12,0,OUTER,0,54,1144.9984,768.5001
Pavement Surface 12,0,OUTER,0,55,951.0834,1014.9091
Pavement Surface 12,0,OUTER,0,56,948.0676,1018.7836
Pavement Surface 12,0,OUTER,0,57,945.0710,1022.6731
Pavement Surface 12,0,OUTER,0,58,942.0940,1026.5776
Pavement Surface 12,0,OUTER,0,59,938.6204,1031.1851
Pavement Surface 12,0,OUTER,0,60,936.1986,1034.4311
Pavement Surface 12,0,OUTER,0,61,931.3900,1040.9615
Pavement Surface 12,0,OUTER,0,62,924.6378,1050.3076
Pavement Surface 12,0,OUTER,0,63,924.1265,1051.0434
Pavement Surface 12,0,OUTER,0,64,921.8063,1054.3191
Pavement Surface 12,0,OUTER,0,65,918.9878,1058.3395
Pavement Surface 12,0,OUTER,0,66,914.8879,1064.2652
Pavement Surface 12,0,OUTER,0,67,911.6062,1069.0760
Pavement Surface 12,0,OUTER,0,68,907.9157,1074.5606
Pavement Surface 12,0,OUTER,0,69,905.1985,1078.6502
Pavement Surface 12,0,OUTER,0,70,902.5019,1082.7534
Pavement Surface 12,0,OUTER,0,71,899.8258,1086.8700
Pavement Surface 12,0,OUTER,0,72,897.1703,1090.9999
Pavement Surface 12,0,OUTER,0,73,894.5355,1095.1430
Pavement Surface 12,0,OUTER,0,74,891.9214,1099.2993
Pavement Surface 12,0,OUTER,0,75,889.2722,1103.5591
Pavement Surface 12,0,OUTER,0,76,886.4175,1108.2043
Pavement Surface 12,0,OUTER,0,77,882.9130,1113.9871
Pavement Surface 12,0,OUTER,0,78,877.8211,1122.5531
Pavement Surface 12,0,OUTER,0,79,874.5255,1128.2049
Pavement Surface 12,0,OUTER,0,80,871.7635,1133.0093
Pavement Surface 12,0,OUTER,0,81,869.3390,1137.2790
Pavement Surface 12,0,OUTER,0,82,866.8019,1141.8009
Pavement Surface 12,0,OUTER,0,83,863.1107,1148.4818
Pavement Surface 12,0,OUTER,0,84,860.1113,1154.0026
Pavement Surface 12,0,OUTER,0,85,857.5385,1158.8062
Pavement Surface 12,0,OUTER,0,86,854.4155,1164.7248
Pavement Surface 12,0,OUTER,0,87,852.1793,1169.0238
Pavement Surface 12,0,OUTER,0,88,851.0776,1171.1868
Pavement Surface 12,0,OUTER,0,89,848.6047,1176.2951
Pavement Surface 12,0,OUTER,0,90,847.2681,1179.2200
Pavement Surface 12,0,OUTER,0,91,846.4042,1181.1796
Pavement Surface 12,0,OUTER,0,92,844.6678,1185.3016
Pavement Surface 12,0,OUTER,0,93,843.7725,1187.5332
Pavement Surface 12,0,OUTER,0,94,842.8640,1189.8812
Pavement Surface 12,0,OUTER,0,95,841.1713,1194.5100
Pavement Surface 12,0,OUTER,0,96,840.2852,1197.0847
Pavement Surface 12,0,OUTER,0,97,839.5907,1199.1867
Pavement Surface 12,0,OUTER,0,98,838.6856,1202.0510
Pavement Surface 12,0,OUTER,0,99,838.0327,1204.2158
Pavement Surface 12,0,OUTER,0,100,837.2879,1206.8010
Pavement Surface 12,0,OUTER,0,101,836.7702,1208.6792
Pavement Surface 12,0,OUTER,0,102,835.5328,1213.4925
Pavement Surface 12,0,OUTER,0,103,834.7882,1216.6570
Pavement Surface 12,0,OUTER,0,104,834.4123,1218.3489
Pavement Surface 12,0,OUTER,0,105,833.7802,1221.3651
Pavement Surface 12,0,OUTER,0,106,833.2936,1223.8612
Pavement Surface 12,0,OUTER,0,107,832.7928,1226.6273
Pavement Surface 12,0,OUTER,0,108,832.2357,1230.0028
Pavement Surface 12,0,OUTER,0,109,831.7673,1233.1661
Pavement Surface 12,0,OUTER,0,110,831.3066,1236.6863
Pavement Surface 12,0,OUTER,0,111,831.1298,1238.1840
Pavement Surface 12,0,OUTER,0,112,830.6174,1243.2396
Pavement Surface 12,0,OUTER,0,113,830.3772,1246.2307
Pavement Surface 12,0,OUTER,0,114,830.2319,1248.3319
Pavement Surface 12,0,OUTER,0,115,829.9756,1253.4598
Pavement Surface 12,0,OUTER,0,116,829.8763,1256.9655
Pavement Surface 12,0,OUTER,0,117,829.8507,1258.6223
Pavement Surface 12,0,OUTER,0,118,829.8596,1263.8186
Pavement Surface 12,0,OUTER,0,119,829.9358,1267.1335
Pavement Surface 12,0,OUTER,0,120,830.0409,1269.8864
Pavement Surface 12,0,OUTER,0,121,830.2830,1274.2136
Pavement Surface 12,0,OUTER,0,122,830.5120,1277.2852
Pavement Surface 12,0,OUTER,0,123,830.6481,1279.5974
Pavement Surface 12,0,OUTER,0,124,830.6785,1281.0704
Pavement Surface 12,0,OUTER,0,125,830.6741,1282.0824
Pavement Surface 12,0,OUTER,0,126,830.5617,1284.7751
Pavement Surface 12,0,OUTER,0,127,830.3618,1286.9655
Pavement Surface 12,0,OUTER,0,128,830.2866,1287.5920
Pavement Surface 12,0,OUTER,0,129,829.4557,1292.3143
Pavement Surface 12,0,OUTER,0,130,829.1843,1293.4517
Pavement Surface 12,0,OUTER,0,131,828.0999,1297.1551
Pavement Surface 12,0,OUTER,0,132,827.4212,1299.0483
Pavement Surface 12,0,OUTER,0,133,826.2591,1301.8385
Pavement Surface 12,0,OUTER,0,134,825.8966,1302.6219
Pavement Surface 12,0,OUTER,0,135,825.0352,1304.3520
Pavement Surface 12,0,OUTER,0,136,823.9502,1306.3190
Pavement Surface 12,0,OUTER,0,137,823.3967,1307.2475
Pavement Surface 12,0,OUTER,0,138,822.0399,1309.3477
Pavement Surface 12,0,OUTER,0,139,821.2012,1310.5388
Pavement Surface 12,0,OUTER,0,140,820.4177,1311.5883
Pavement Surface 12,0,OUTER,0,141,818.4435,1314.0004
Pavement Surface 12,0,OUTER,0,142,816.9979,1315.5864
Pavement Surface 12,0,OUTER,0,143,814.8391,1317.7016
Pavement Surface 12,0,OUTER,0,144,814.2395,1318.2699
Pavement Surface 12,0,OUTER,0,145,813.1105,1319.2555
Pavement Surface 12,0,OUTER,0,146,811.1331,1320.8449
Pavement Surface 12,0,OUTER,0,147,810.5949,1321.2315
Pavement Surface 12,0,OUTER,0,148,809.4049,1322.1049
Pavement Surface 12,0,OUTER,0,149,808.8256,1322.5024
Pavement Surface 12,0,OUTER,0,150,806.4167,1324.0313
Pavement Surface 12,0,OUTER,0,151,803.8933,1325.4353
Pavement Surface 12,0,OUTER,0,152,801.9638,1326.3841
Pavement Surface 12,0,OUTER,0,153,799.1849,1327.5201
Pavement Surface 12,0,OUTER,0,154,797.6192,1328.1602
Pavement Surface 12,0,OUTER,0,155,797.4622,1328.2072
Pavement Surface 12,0,OUTER,0,156,797.2955,1328.2737
Pavement Surface 12,0,OUTER,0,157,792.4598,1329.6808
Pavement Surface 12,0,OUTER,0,158,790.4949,1330.1669
Pavement Surface 12,0,OUTER,0,159,786.4395,1331.3055
Pavement Surface 12,0,OUTER,0,160,783.6756,1332.1888
Pavement Surface 12,0,OUTER,0,161,781.0952,1333.0942
Pavement Surface 12,0,OUTER,0,162,777.5024,1334.4895
Pavement Surface 12,0,OUTER,0,163,774.7609,1335.6635
Pavement Surface 12,0,OUTER,0,164,773.4712,1336.2497
Pavement Surface 12,0,OUTER,0,165,771.8417,1337.0224
Pavement Surface 12,0,OUTER,0,166,769.1501,1338.3788
Pavement Surface 12,0,OUTER,0,167,767.7281,1339.1370
Pavement Surface 12,0,OUTER,0,168,765.5553,1340.3671
Pavement Surface 12,0,OUTER,0,169,762.9707,1341.8956
Pavement Surface 12,0,OUTER,0,170,761.7500,1342.6612
Pavement Surface 12,0,OUTER,0,171,759.6639,1344.0368
Pavement Surface 12,0,OUTER,0,172,756.9752,1345.9020
Pavement Surface 12,0,OUTER,0,173,755.2998,1347.1660
Pavement Surface 12,0,OUTER,0,174,752.9175,1348.9901
Pavement Surface 12,0,OUTER,0,175,751.2834,1350.3297
Pavement Surface 12,0,OUTER,0,176,749.3368,1352.0032
Pavement Surface 12,0,OUTER,0,177,747.9602,1353.2404
Pavement Surface 12,0,OUTER,0,178,746.8412,1354.2809
Pavement Surface 12,0,OUTER,0,179,745.1482,1355.9176
Pavement Surface 12,0,OUTER,0,180,742.8339,1358.2852
Pavement Surface 12,0,OUTER,0,181,741.6813,1359.5250
Pavement Surface 12,0,OUTER,0,182,675.5118,1433.5571
Pavement Surface 12,0,OUTER,0,183,673.7637,1435.5394
Pavement Surface 12,0,OUTER,0,184,671.3369,1438.3814
Pavement Surface 13,0,OUTER,0,0,778.3636,1231.0139
Pavement Surface 13,0,OUTER,0,1,770.9133,1245.8604
Pavement Surface 13,0,OUTER,0,2,784.0416,1251.6838
Pavement Surface 13,0,OUTER,0,3,783.9731,1251.8479
Pavement Surface 13,0,OUTER,0,4,770.5466,1246.5913
Pavement Surface 13,0,OUTER,0,5,767.8827,1251.8996
Pavement Surface 13,0,OUTER,0,6,767.4571,1252.9997
Pavement Surface 13,0,OUTER,0,7,763.7418,1251.4341
Pavement Surface 13,0,OUTER,0,8,759.4318,1249.7377
Pavement Surface 13,0,OUTER,0,9,759.6171,1251.1783
Pavement Surface 13,0,OUTER,0,10,759.3561,1252.7158
Pavement Surface 13,0,OUTER,0,11,759.2943,1254.8366
Pavement Surface 13,0,OUTER,0,12,759.3826,1255.8877
Pavement Surface 13,0,OUTER,0,13,759.5429,1257.3370
Pavement Surface 13,0,OUTER,0,14,760.1088,1259.5619
Pavement Surface 13,0,OUTER,0,15,760.9567,1261.6486
Pavement Surface 13,0,OUTER,0,16,761.8835,1263.2686
Pavement Surface 13,0,OUTER,0,17,763.3726,1265.2915
Pavement Surface 13,0,OUTER,0,18,764.9650,1266.8845
Pavement Surface 13,0,OUTER,0,19,766.7945,1268.2714
Pavement Surface 13,0,OUTER,0,20,768.8178,1269.4027
Pavement Surface 13,0,OUTER,0,21,770.9788,1270.2415
Pavement Surface 13,0,OUTER,0,22,773.2134,1270.7680
Pavement Surface 13,0,OUTER,0,23,775.4557,1270.9806
Pavement Surface 13,0,OUTER,0,24,777.6444,1270.8948
Pavement Surface 13,0,OUTER,0,25,779.8962,1270.4926
Pavement Surface 13,0,OUTER,0,26,781.9514,1269.8461
Pavement Surface 13,0,OUTER,0,27,784.0269,1268.8649
Pavement Surface 13,0,OUTER,0,28,785.8697,1267.6563
Pavement Surface 13,0,OUTER,0,29,786.6745,1266.9693
Pavement Surface 13,0,OUTER,0,30,787.7334,1266.0316
Pavement Surface 13,0,OUTER,0,31,789.2076,1264.3268
Pavement Surface 13,0,OUTER,0,32,789.5084,1263.8827
Pavement Surface 13,0,OUTER,0,33,790.3187,1262.6263
Pavement Surface 13,0,OUTER,0,34,790.8010,1261.6428
Pavement Surface 13,0,OUTER,0,35,792.0114,1258.7190
Pavement Surface 13,0,OUTER,0,36,795.4225,1250.1065
Pavement Surface 13,0,OUTER,0,37,797.8846,1243.9819
Pavement Surface 13,0,OUTER,0,38,801.0757,1236.2128
Pavement Surface 13,0,OUTER,0,39,803.0063,1231.6006
Pavement Surface 13,0,OUTER,0,40,805.8954,1224.8168
Pavement Surface 13,0,OUTER,0,41,808.9363,1217.8227
Pavement Surface 13,0,OUTER,0,42,811.7400,1211.5002
Pavement Surface 13,0,OUTER,0,43,815.3877,1203.4461
Pavement Surface 13,0,OUTER,0,44,819.1397,1195.3540
Pavement Surface 13,0,OUTER,0,45,822.3776,1188.5187
Pavement Surface 13,0,OUTER,0,46,825.7528,1181.5324
Pavement Surface 13,0,OUTER,0,47,827.9566,1177.0442
Pavement Surface 13,0,OUTER,0,48,829.9806,1172.9713
Pavement Surface 13,0,OUTER,0,49,832.4312,1168.1013
Pavement Surface 13,0,OUTER,0,50,836.1918,1160.7578
Pavement Surface 13,0,OUTER,0,51,840.3052,1152.8840
Pavement Surface 13,0,OUTER,0,52,843.9232,1146.0997
Pavement Surface 13,0,OUTER,0,53,847.3313,1139.8215
Pavement Surface 13,0,OUTER,0,54,851.2172,1132.7903
Pavement Surface 13,0,OUTER,0,55,853.7895,1128.2084
Pavement Surface 13,0,OUTER,0,56,856.1333,1124.0822
Pavement Surface 13,0,OUTER,0,57,858.6239,1119.7467
Pavement Surface 13,0,OUTER,0,58,861.1486,1115.4092
Pavement Surface 13,0,OUTER,0,59,863.6635,1111.1321
Pavement Surface 13,0,OUTER,0,60,867.4889,1104.7125
Pavement Surface 13,0,OUTER,0,61,871.0559,1098.8225
Pavement Surface 13,0,OUTER,0,62,874.0199,1094.0000
Pavement Surface 13,0,OUTER,0,63,876.6607,1089.7543
Pavement Surface 13,0,OUTER,0,64,879.3227,1085.5218
Pavement Surface 13,0,OUTER,0,65,882.0058,1081.3027
Pavement Surface 13,0,OUTER,0,66,886.0577,1075.0182
Pavement Surface 13,0,OUTER,0,67,890.1813,1068.7267
Pavement Surface 13,0,OUTER,0,68,892.9482,1064.5622
Pavement Surface 13,0,OUTER,0,69,895.7360,1060.4115
Pavement Surface 13,0,OUTER,0,70,898.5479,1056.2775
Pavement Surface 13,0,OUTER,0,71,898.5856,1056.2261
Pavement Surface 13,0,OUTER,0,72,898.5829,1056.2243
Pavement Surface 13,0,OUTER,0,73,900.0482,1054.0780
Pavement Surface 13,0,OUTER,0,74,904.2232,1048.0437
Pavement Surface 13,0,OUTER,0,75,909.3783,1040.7216
Pavement Surface 13,0,OUTER,0,76,909.3803,1040.7187
Pavement Surface 13,0,OUTER,0,77,912.8514,1035.8660
Pavement Surface 13,0,OUTER,0,78,915.8263,1031.7540
Pavement Surface 13,0,OUTER,0,79,917.8436,1028.9956
Pavement Surface 13,0,OUTER,0,80,920.6864,1025.1851
Pavement Surface 13,0,OUTER,0,81,921.7494,1023.6970
Pavement Surface 13,0,OUTER,0,82,922.3809,1022.9135
Pavement Surface 13,0,OUTER,0,83,924.4843,1020.0491
Pavement Surface 13,0,OUTER,0,84,927.7558,1015.7026
Pavement Surface 13,0,OUTER,0,85,930.1040,1012.6270
Pavement Surface 13,0,OUTER,0,86,936.9072,1003.8172
Pavement Surface 13,0,OUTER,0,87,942.9785,996.0961
Pavement Surface 13,0,OUTER,0,88,930.3878,986.1964
Pavement Surface 13,0,OUTER,0,89,919.1173,1001.3514
Pavement Surface 13,0,OUTER,0,90,880.9468,1056.6958
Pavement Surface 13,0,OUTER,0,91,850.8326,1103.5686
Pavement Surface 13,0,OUTER,0,92,829.4973,1138.6605
Pavement Surface 13,0,OUTER,0,93,804.6242,1182.4408
Pavement Surface 13,0,OUTER,0,94,791.3728,1206.3709
Pavement Surface 14,0,OUTER,0,0,642.4599,1458.2810
Pavement Surface 14,0,OUTER,0,1,643.2522,1457.0131
Pavement Surface 14,0,OUTER,0,2,644.4929,1454.9775
Pavement Surface 14,0,OUTER,0,3,645.6235,1453.1624
Pavement Surface 14,0,OUTER,0,4,647.7808,1449.8144
Pavement Surface 14,0,OUTER,0,5,649.1348,1447.7855
Pavement Surface 14,0,OUTER,0,6,650.5827,1445.6733
Pavement Surface 14,0,OUTER,0,7,652.5489,1442.8947
Pavement Surface 14,0,OUTER,0,8,654.6435,1440.0413
Pavement Surface 14,0,OUTER,0,9,656.4924,1437.6078
Pavement Surface 14,0,OUTER,0,10,657.5368,1436.2665
Pavement Surface 14,0,OUTER,0,11,659.5967,1433.6883
Pavement Surface 14,0,OUTER,0,12,662.1516,1430.6075
Pavement Surface 14,0,OUTER,0,13,663.7146,1428.7990
Pavement Surface 14,0,OUTER,0,14,664.7503,1427.5982
Pavement Surface 14,0,OUTER,0,15,665.6918,1426.5427
Pavement Surface 14,0,OUTER,0,16,737.6261,1346.0455
Pavement Surface 14,0,OUTER,0,17,739.3842,1344.0607
Pavement Surface 14,0,OUTER,0,18,742.6515,1340.2759
Pavement Surface 14,0,OUTER,0,19,745.3603,1337.0387
Pavement Surface 14,0,OUTER,0,20,747.8775,1333.9455
Pavement Surface 14,0,OUTER,0,21,749.9920,1331.2782
Pavement Surface 14,0,OUTER,0,22,752.0684,1328.6023
Pavement Surface 14,0,OUTER,0,23,753.5605,1326.6383
Pavement Surface 14,0,OUTER,0,24,755.5357,1323.9766
Pavement Surface 14,0,OUTER,0,25,753.6455,1322.7879
Pavement Surface 14,0,OUTER,0,26,751.7928,1321.5023
Pavement Surface 14,0,OUTER,0,27,749.9893,1320.1249
Pavement Surface 14,0,OUTER,0,28,748.2414,1318.6585
Pavement Surface 14,0,OUTER,0,29,746.5557,1317.1068
Pavement Surface 14,0,OUTER,0,30,744.9383,1315.4734
Pavement Surface 14,0,OUTER,0,31,743.3949,1313.7632
Pavement Surface 14,0,OUTER,0,32,741.9310,1311.9813
Pavement Surface 14,0,OUTER,0,33,740.5514,1310.1334
Pavement Surface 14,0,OUTER,0,34,739.2605,1308.2255
Pavement Surface 14,0,OUTER,0,35,738.0619,1306.2641
Pavement Surface 14,0,OUTER,0,36,736.9587,1304.2558
Pavement Surface 14,0,OUTER,0,37,735.9535,1302.2077
Pavement Surface 14,0,OUTER,0,38,735.0480,1300.1268
Pavement Surface 14,0,OUTER,0,39,734.2433,1298.0202
Pavement Surface 14,0,OUTER,0,40,733.5540,1295.8701
Pavement Surface 14,0,OUTER,0,41,734.2499,1294.6291
Pavement Surface 14,0,OUTER,0,42,734.2910,1294.5558
Pavement Surface 14,0,OUTER,0,43,734.0509,1294.9838
Pavement Surface 15,0,OUTER,0,0,54.5718,1681.0858
Pavement Surface 15,0,OUTER,0,1,63.5222,1684.0414
Pavement Surface 15,0,OUTER,0,2,107.4274,1551.0876
Pavement Surface 15,0,OUTER,0,3,112.2113,1536.7726
Pavement Surface 15,0,OUTER,0,4,117.0659,1522.4847
Pavement Surface 15,0,OUTER,0,5,118.8507,1517.3073
Pavement Surface 15,0,OUTER,0,6,118.9047,1517.1597
Pavement Surface 15,0,OUTER,0,7,118.9006,1517.1583
Pavement Surface 15,0,OUTER,0,8,118.9196,1517.1078
Pavement Surface 15,0,OUTER,0,9,121.9917,1508.2214
Pavement Surface 15,0,OUTER,0,10,126.4962,1495.3765
Pavement Surface 15,0,OUTER,0,11,130.3618,1484.5051
Pavement Surface 15,0,OUTER,0,12,135.4754,1470.3080
Pavement Surface 15,0,OUTER,0,13,139.8895,1458.2338
Pavement Surface 15,0,OUTER,0,14,144.2385,1446.4912
Pavement Surface 15,0,OUTER,0,15,149.4634,1432.5777
Pavement Surface 15,0,OUTER,0,16,154.2862,1419.9204
Pavement Surface 15,0,OUTER,0,17,158.8711,1408.0351
Pavement Surface 15,0,OUTER,0,18,162.1215,1399.7220
Pavement Surface 15,0,OUTER,0,19,162.2390,1399.4147
Pavement Surface 15,0,OUTER,0,20,165.9088,1390.0982
Pavement Surface 15,0,OUTER,0,21,165.9363,1390.0371
Pavement Surface 15,0,OUTER,0,22,165.9321,1390.0355
Pavement Surface 15,0,OUTER,0,23,167.6589,1385.6856
Pavement Surface 15,0,OUTER,0,24,169.7549,1380.4118
Pavement Surface 15,0,OUTER,0,25,175.1482,1367.0107
Pavement Surface 15,0,OUTER,0,26,180.2061,1354.6173
Pavement Surface 15,0,OUTER,0,27,171.4762,1350.5734
Pavement Surface 15,0,OUTER,0,28,168.1401,1358.7398
Pavement Surface 15,0,OUTER,0,29,164.3594,1368.0831
Pavement Surface 15,0,OUTER,0,30,160.5515,1377.5854
Pavement Surface 15,0,OUTER,0,31,156.8822,1386.8310
Pavement Surface 15,0,OUTER,0,32,153.1905,1396.2234
Pavement Surface 15,0,OUTER,0,33,149.5303,1405.6283
Pavement Surface 15,0,OUTER,0,34,145.9014,1415.0452
Pavement Surface 15,0,OUTER,0,35,142.3044,1424.4723
Pavement Surface 15,0,OUTER,0,36,138.7342,1433.9233
Pavement Surface 15,0,OUTER,0,37,134.8436,1444.3330
Pavement Surface 15,0,OUTER,0,38,130.3236,1456.5770
Pavement Surface 15,0,OUTER,0,39,127.9362,1463.1116
Pavement Surface 15,0,OUTER,0,40,124.7897,1471.7956
Pavement Surface 15,0,OUTER,0,41,121.3790,1481.3009
Pavement Surface 15,0,OUTER,0,42,118.9986,1487.9918
Pavement Surface 15,0,OUTER,0,43,114.6554,1500.3243
Pavement Surface 15,0,OUTER,0,44,111.1870,1510.3036
Pavement Surface 15,0,OUTER,0,45,108.0645,1519.4013
Pavement Surface 15,0,OUTER,0,46,104.7575,1529.1607
Pavement Surface 15,0,OUTER,0,47,101.5942,1538.5878
Pavement Surface 15,0,OUTER,0,48,97.3953,1551.1753
Pavement Surface 16,0,OUTER,0,0,468.3078,1380.4624
Pavement Surface 16,0,OUTER,0,1,466.4309,1382.5749
Pavement Surface 16,0,OUTER,0,2,464.7611,1384.8547
Pavement Surface 16,0,OUTER,0,3,464.2033,1385.7889
Pavement Surface 16,0,OUTER,0,4,463.0043,1387.9310
Pavement Surface 16,0,OUTER,0,5,462.1193,1389.7879
Pavement Surface 16,0,OUTER,0,6,461.6177,1391.1523
Pavement Surface 16,0,OUTER,0,7,459.7738,1396.5818
Pavement Surface 16,0,OUTER,0,8,459.3272,1397.8188
Pavement Surface 16,0,OUTER,0,9,458.6083,1399.8818
Pavement Surface 16,0,OUTER,0,10,457.0441,1404.6443
Pavement Surface 16,0,OUTER,0,11,454.2118,1413.3755
Pavement Surface 16,0,OUTER,0,12,446.8872,1452.3837
Pavement Surface 16,0,OUTER,0,13,591.3115,1483.6616
Pavement Surface 16,0,OUTER,0,14,605.7048,1442.8396
Pavement Surface 16,0,OUTER,0,15,612.4347,1430.0992
Pavement Surface 16,0,OUTER,0,16,613.6736,1427.3561
Pavement Surface 16,0,OUTER,0,17,622.4680,1432.2631
Pavement Surface 16,0,OUTER,0,18,622.6010,1432.3210
Pavement Surface 16,0,OUTER,0,19,627.9446,1422.7649
Pavement Surface 16,0,OUTER,0,20,630.4995,1418.2994
Pavement Surface 16,0,OUTER,0,21,631.0614,1417.2111
Pavement Surface 16,0,OUTER,0,22,632.8376,1413.2395
Pavement Surface 16,0,OUTER,0,23,633.8189,1409.9038
Pavement Surface 16,0,OUTER,0,24,634.3285,1407.0228
Pavement Surface 16,0,OUTER,0,25,634.5574,1404.4453
Pavement Surface 16,0,OUTER,0,26,634.5421,1401.9262
Pavement Surface 16,0,OUTER,0,27,634.3475,1399.6946
Pavement Surface 16,0,OUTER,0,28,634.0155,1397.5717
Pavement Surface 16,0,OUTER,0,29,633.5611,1395.5166
Pavement Surface 16,0,OUTER,0,30,632.9849,1393.5840
Pavement Surface 16,0,OUTER,0,31,632.2604,1391.6379
Pavement Surface 16,0,OUTER,0,32,631.3550,1389.6974
Pavement Surface 16,0,OUTER,0,33,630.6822,1388.4702
Pavement Surface 16,0,OUTER,0,34,630.3002,1387.8003
Pavement Surface 16,0,OUTER,0,35,629.1321,1386.0114
Pavement Surface 16,0,OUTER,0,36,627.8536,1384.3204
Pavement Surface 16,0,OUTER,0,37,627.6843,1384.1255
Pavement Surface 16,0,OUTER,0,38,626.4671,1382.7243
Pavement Surface 16,0,OUTER,0,39,624.9720,1381.2214
Pavement Surface 16,0,OUTER,0,40,623.3595,1379.8200
Pavement Surface 16,0,OUTER,0,41,621.6141,1378.5357
Pavement Surface 16,0,OUTER,0,42,619.7498,1377.3559
Pavement Surface 16,0,OUTER,0,43,617.7572,1376.2885
Pavement Surface 16,0,OUTER,0,44,615.6217,1375.3445
Pavement Surface 16,0,OUTER,0,45,613.3256,1374.5403
Pavement Surface 16,0,OUTER,0,46,610.8446,1373.8975
Pavement Surface 16,0,OUTER,0,47,608.1464,1373.4456
Pavement Surface 16,0,OUTER,0,48,605.0016,1373.2145
Pavement Surface 16,0,OUTER,0,49,490.2392,1371.4256
Pavement Surface 16,0,OUTER,0,50,488.2520,1371.4604
Pavement Surface 16,0,OUTER,0,51,486.2582,1371.6284
Pavement Surface 16,0,OUTER,0,52,484.2711,1371.9305
Pavement Surface 16,0,OUTER,0,53,481.8786,1372.4909
Pavement Surface 16,0,OUTER,0,54,480.3713,1372.9327
Pavement Surface 16,0,OUTER,0,55,478.4680,1373.6336
Pavement Surface 16,0,OUTER,0,56,476.8288,1374.3638
Pavement Surface 16,0,OUTER,0,57,474.8992,1375.3679
Pavement Surface 16,0,OUTER,0,58,474.7236,1375.4812
Pavement Surface 16,0,OUTER,0,59,472.3555,1377.0091
Pavement Surface 16,0,OUTER,0,60,470.3656,1378.5439
Pavement Surface 17,0,OUTER,0,0,221.6737,1685.8116
Pavement Surface 17,0,OUTER,0,1,213.3523,1711.6497
Pavement Surface 17,0,OUTER,0,2,208.7585,1727.1111
Pavement Surface 17,0,OUTER,0,3,211.4271,1727.9620
Pavement Surface 17,0,OUTER,0,4,213.3191,1722.0447
Pavement Surface 17,0,OUTER,0,5,218.6292,1723.6519
Pavement Surface 17,0,OUTER,0,6,221.1251,1724.3538
Pavement Surface 17,0,OUTER,0,7,226.6756,1725.8733
Pavement Surface 17,0,OUTER,0,8,253.4738,1642.1845
Pavement Surface 17,0,OUTER,0,9,262.0895,1615.8946
Pavement Surface 17,0,OUTER,0,10,278.3372,1569.1658
Pavement Surface 17,0,OUTER,0,11,294.5933,1525.8979
Pavement Surface 17,0,OUTER,0,12,303.5959,1503.1778
Pavement Surface 17,0,OUTER,0,13,305.7273,1497.8977
Pavement Surface 17,0,OUTER,0,14,298.3876,1494.7284
Pavement Surface 17,0,OUTER,0,15,295.9763,1493.6571
Pavement Surface 17,0,OUTER,0,16,298.5051,1487.4871
Pavement Surface 17,0,OUTER,0,17,308.2209,1464.3208
Pavement Surface 17,0,OUTER,0,18,319.0075,1439.5189
Pavement Surface 17,0,OUTER,0,19,329.7103,1415.7816
Pavement Surface 17,0,OUTER,0,20,336.0444,1402.1402
Pavement Surface 17,0,OUTER,0,21,334.5063,1401.4216
Pavement Surface 17,0,OUTER,0,22,334.5661,1401.2774
Pavement Surface 17,0,OUTER,0,23,407.9228,1427.9422
Pavement Surface 17,0,OUTER,0,24,410.8787,1418.3768
Pavement Surface 17,0,OUTER,0,25,412.9634,1411.7367
Pavement Surface 17,0,OUTER,0,26,415.1316,1404.6930
Pavement Surface 17,0,OUTER,0,27,417.3021,1397.6420
Pavement Surface 17,0,OUTER,0,28,421.0610,1385.7206
Pavement Surface 17,0,OUTER,0,29,422.4655,1381.3188
Pavement Surface 17,0,OUTER,0,30,423.2029,1378.5275
Pavement Surface 17,0,OUTER,0,31,423.6733,1375.6366
Pavement Surface 17,0,OUTER,0,32,423.8599,1372.6849
Pavement Surface 17,0,OUTER,0,33,423.7889,1370.6966
Pavement Surface 17,0,OUTER,0,34,423.5504,1368.2167
Pavement Surface 17,0,OUTER,0,35,423.3543,1366.7698
Pavement Surface 17,0,OUTER,0,36,422.6694,1363.8926
Pavement Surface 17,0,OUTER,0,37,421.7152,1361.1235
Pavement Surface 17,0,OUTER,0,38,420.5148,1358.4978
Pavement Surface 17,0,OUTER,0,39,419.2252,1356.2465
Pavement Surface 17,0,OUTER,0,40,417.6976,1354.0518
Pavement Surface 17,0,OUTER,0,41,415.9319,1351.9487
Pavement Surface 17,0,OUTER,0,42,413.9344,1349.9735
Pavement Surface 17,0,OUTER,0,43,411.7186,1348.1625
Pavement Surface 17,0,OUTER,0,44,409.3054,1346.5498
Pavement Surface 17,0,OUTER,0,45,406.7322,1345.1711
Pavement Surface 17,0,OUTER,0,46,404.0035,1344.0358
Pavement Surface 17,0,OUTER,0,47,401.1868,1343.1777
Pavement Surface 17,0,OUTER,0,48,398.3137,1342.6019
Pavement Surface 17,0,OUTER,0,49,395.4259,1342.3106
Pavement Surface 17,0,OUTER,0,50,392.5641,1342.2980
Pavement Surface 17,0,OUTER,0,51,389.7664,1342.5509
Pavement Surface 17,0,OUTER,0,52,387.0661,1343.0500
Pavement Surface 17,0,OUTER,0,53,384.4912,1343.7713
Pavement Surface 17,0,OUTER,0,54,382.5756,1344.4743
Pavement Surface 17,0,OUTER,0,55,367.9958,1350.3948
Pavement Surface 17,0,OUTER,0,56,365.8701,1351.3626
Pavement Surface 17,0,OUTER,0,57,363.1666,1352.6631
Pavement Surface 17,0,OUTER,0,58,359.3297,1354.9483
Pavement Surface 17,0,OUTER,0,59,357.4797,1356.2258
Pavement Surface 17,0,OUTER,0,60,356.9224,1356.6488
Pavement Surface 17,0,OUTER,0,61,355.0840,1358.0887
Pavement Surface 17,0,OUTER,0,62,353.9472,1359.0357
Pavement Surface 17,0,OUTER,0,63,352.2763,1360.5605
Pavement Surface 17,0,OUTER,0,64,350.6763,1362.1594
Pavement Surface 17,0,OUTER,0,65,349.1515,1363.8272
Pavement Surface 17,0,OUTER,0,66,347.7066,1365.5586
Pavement Surface 17,0,OUTER,0,67,346.3453,1367.3479
Pavement Surface 17,0,OUTER,0,68,343.8858,1371.0754
Pavement Surface 17,0,OUTER,0,69,341.7919,1374.9594
Pavement Surface 17,0,OUTER,0,70,330.1720,1399.4314
Pavement Surface 17,0,OUTER,0,71,323.4847,1413.9073
Pavement Surface 17,0,OUTER,0,72,316.9120,1428.4394
Pavement Surface 17,0,OUTER,0,73,310.4546,1443.0266
Pavement Surface 17,0,OUTER,0,74,304.1131,1457.6673
Pavement Surface 17,0,OUTER,0,75,297.8837,1472.3710
Pavement Surface 17,0,OUTER,0,76,291.7807,1487.1038
Pavement Surface 17,0,OUTER,0,77,285.7910,1501.8969
Pavement Surface 17,0,OUTER,0,78,279.9197,1516.7379
Pavement Surface 17,0,OUTER,0,79,274.1674,1531.6254
Pavement Surface 17,0,OUTER,0,80,268.5347,1546.5581
Pavement Surface 17,0,OUTER,0,81,263.0221,1561.5345
Pavement Surface 17,0,OUTER,0,82,257.6301,1576.5529
Pavement Surface 17,0,OUTER,0,83,252.3592,1591.6122
Pavement Surface 17,0,OUTER,0,84,247.2100,1606.7108
Pavement Surface 17,0,OUTER,0,85,242.1826,1621.8472
Pavement Surface 17,0,OUTER,0,86,237.2776,1637.0199
Pavement Surface 18,0,OUTER,0,0,955.9776,456.1769
Pavement Surface 18,0,OUTER,0,1,884.5978,555.9742
Pavement Surface 18,0,OUTER,0,2,895.9563,564.3285
Pavement Surface 18,0,OUTER,0,3,1026.7177,398.2643
Pavement Surface 18,0,OUTER,0,4,1028.5595,395.9030
Pavement Surface 18,0,OUTER,0,5,1029.5526,396.6487
Pavement Surface 18,0,OUTER,0,6,1029.3726,397.2057
Pavement Surface 18,0,OUTER,0,7,1030.6833,398.7150
Pavement Surface 18,0,OUTER,0,8,1028.4460,400.2589
Pavement Surface 18,0,OUTER,0,9,1027.9929,401.4760
Pavement Surface 18,0,OUTER,0,10,1027.9344,402.2596
Pavement Surface 18,0,OUTER,0,11,1027.0705,404.3306
Pavement Surface 18,0,OUTER,0,12,1070.9258,438.8105
Pavement Surface 18,0,OUTER,0,13,1046.9597,469.2168
Pavement Surface 18,0,OUTER,0,14,1052.2219,473.2632
Pavement Surface 18,0,OUTER,0,15,1099.1548,510.0215
Pavement Surface 18,0,OUTER,0,16,1101.8851,511.5265
Pavement Surface 18,0,OUTER,0,17,1108.6011,502.7745
Pavement Surface 18,0,OUTER,0,18,1110.4152,500.2596
Pavement Surface 18,0,OUTER,0,19,1111.1744,499.1201
Pavement Surface 18,0,OUTER,0,20,1112.2176,497.4561
Pavement Surface 18,0,OUTER,0,21,1113.5802,495.0809
Pavement Surface 18,0,OUTER,0,22,1113.8618,494.5570
Pavement Surface 18,0,OUTER,0,23,1115.3428,491.5712
Pavement Surface 18,0,OUTER,0,24,1115.6630,490.8661
Pavement Surface 18,0,OUTER,0,25,1116.6560,488.5079
Pavement Surface 18,0,OUTER,0,26,1117.4099,486.5013
Pavement Surface 18,0,OUTER,0,27,1117.7973,485.3766
Pavement Surface 18,0,OUTER,0,28,1118.7633,482.1867
Pavement Surface 18,0,OUTER,0,29,1119.5510,478.9482
Pavement Surface 18,0,OUTER,0,30,1119.8557,477.4295
Pavement Surface 18,0,OUTER,0,31,1120.1580,475.6711
Pavement Surface 18,0,OUTER,0,32,1120.5395,472.7781
Pavement Surface 18,0,OUTER,0,33,1120.5823,472.3653
Pavement Surface 18,0,OUTER,0,34,1120.8228,469.0410
Pavement Surface 18,0,OUTER,0,35,1120.8694,467.6099
Pavement Surface 18,0,OUTER,0,36,1120.8786,465.7087
Pavement Surface 18,0,OUTER,0,37,1120.8611,465.1314
Pavement Surface 18,0,OUTER,0,38,1120.7495,462.3783
Pavement Surface 18,0,OUTER,0,39,1120.3913,458.7035
Pavement Surface 18,0,OUTER,0,40,1119.9392,455.7645
Pavement Surface 18,0,OUTER,0,41,1119.6097,454.0675
Pavement Surface 18,0,OUTER,0,42,1119.2604,452.5015
Pavement Surface 18,0,OUTER,0,43,1118.8150,450.7422
Pavement Surface 18,0,OUTER,0,44,1117.3544,446.1151
Pavement Surface 18,0,OUTER,0,45,1116.9736,445.0493
Pavement Surface 18,0,OUTER,0,46,1116.1560,443.0077
Pavement Surface 18,0,OUTER,0,47,1114.7758,439.9740
Pavement Surface 18,0,OUTER,0,48,1113.2295,437.0214
Pavement Surface 18,0,OUTER,0,49,1112.9532,436.5554
Pavement Surface 18,0,OUTER,0,50,1112.1539,435.2078
Pavement Surface 18,0,OUTER,0,51,1111.3016,433.9059
Pavement Surface 18,0,OUTER,0,52,1110.4738,432.5644
Pavement Surface 18,0,OUTER,0,53,1109.6584,431.3959
Pavement Surface 18,0,OUTER,0,54,1107.6598,428.7478
Pavement Surface 18,0,OUTER,0,55,1104.0143,424.0123
Pavement Surface 18,0,OUTER,0,56,1104.0061,424.0017
Pavement Surface 18,0,OUTER,0,57,1101.3000,421.8756
Pavement Surface 18,0,OUTER,0,58,1096.1715,417.7821
Pavement Surface 18,0,OUTER,0,59,1092.9022,415.1867
Pavement Surface 18,0,OUTER,0,60,1073.2811,399.8196
Pavement Surface 18,0,OUTER,0,61,1071.7295,398.6718
Pavement Surface 18,0,OUTER,0,62,1070.1096,397.4987
Pavement Surface 18,0,OUTER,0,63,1069.6269,397.1725
Pavement Surface 18,0,OUTER,0,64,1067.3060,395.6965
Pavement Surface 18,0,OUTER,0,65,1065.1715,394.4657
Pavement Surface 18,0,OUTER,0,66,1064.1313,393.9146
Pavement Surface 18,0,OUTER,0,67,1062.3251,393.0114
Pavement Surface 18,0,OUTER,0,68,1060.8517,392.3122
Pavement Surface 18,0,OUTER,0,69,1058.3576,391.2586
Pavement Surface 18,0,OUTER,0,70,1057.4038,390.8925
Pavement Surface 18,0,OUTER,0,71,1055.2262,390.1174
Pavement Surface 18,0,OUTER,0,72,1053.3589,389.5286
Pavement Surface 18,0,OUTER,0,73,1051.7201,389.0662
Pavement Surface 18,0,OUTER,0,74,1049.9270,388.6579
Pavement Surface 18,0,OUTER,0,75,1048.9916,388.4058
Pavement Surface 18,0,OUTER,0,76,1046.9880,388.0057
Pavement Surface 18,0,OUTER,0,77,1045.5206,387.7573
Pavement Surface 18,0,OUTER,0,78,1044.5522,387.6137
Pavement Surface 18,0,OUTER,0,79,1042.2001,387.3316
Pavement Surface 18,0,OUTER,0,80,1040.0660,387.1566
Pavement Surface 18,0,OUTER,0,81,1038.6226,387.0913
Pavement Surface 18,0,OUTER,0,82,1037.5384,387.0593
Pavement Surface 18,0,OUTER,0,83,1036.9613,387.0503
Pavement Surface 18,0,OUTER,0,84,1036.2131,387.0412
Pavement Surface 18,0,OUTER,0,85,1035.1900,387.0475
Pavement Surface 18,0,OUTER,0,86,1034.5183,387.0663
Pavement Surface 18,0,OUTER,0,87,1032.4996,387.1489
Pavement Surface 18,0,OUTER,0,88,1030.8631,387.2729
Pavement Surface 18,0,OUTER,0,89,1029.0854,387.4587
Pavement Surface 18,0,OUTER,0,90,1027.6804,387.6436
Pavement Surface 18,0,OUTER,0,91,1025.7883,387.9461
Pavement Surface 18,0,OUTER,0,92,1023.6041,388.3730
Pavement Surface 18,0,OUTER,0,93,1021.5999,388.8394
Pavement Surface 18,0,OUTER,0,94,1020.3638,389.1636
Pavement Surface 18,0,OUTER,0,95,1019.3109,389.4619
Pavement Surface 18,0,OUTER,0,96,1018.2245,389.7916
Pavement Surface 18,0,OUTER,0,97,1016.1296,390.4915
Pavement Surface 18,0,OUTER,0,98,1014.0313,391.2802
Pavement Surface 18,0,OUTER,0,99,1012.6940,391.8303
Pavement Surface 18,0,OUTER,0,100,1010.9636,392.5990
Pavement Surface 18,0,OUTER,0,101,1009.2403,393.4305
Pavement Surface 18,0,OUTER,0,102,1008.7391,393.6955
Pavement Surface 18,0,OUTER,0,103,1007.0259,394.6015
Pavement Surface 18,0,OUTER,0,104,1004.9965,395.7819
Pavement Surface 18,0,OUTER,0,105,1004.1587,396.3008
Pavement Surface 18,0,OUTER,0,106,1002.8927,397.1331
Pavement Surface 18,0,OUTER,0,107,1001.3901,398.1563
Pavement Surface 18,0,OUTER,0,108,999.5589,399.5117
Pavement Surface 18,0,OUTER,0,109,998.7287,400.1625
Pavement Surface 18,0,OUTER,0,110,997.1603,401.4585
Pavement Surface 18,0,OUTER,0,111,996.1826,402.3132
Pavement Surface 18,0,OUTER,0,112,994.5054,403.8699
Pavement Surface 18,0,OUTER,0,113,993.3847,404.9792
Pavement Surface 18,0,OUTER,0,114,991.2708,407.2486
Pavement Surface 18,0,OUTER,0,115,989.7852,408.9961
Pavement Surface 18,0,OUTER,0,116,987.3405,412.1675
Pavement Surface 18,0,OUTER,0,117,977.2843,426.2272
Pavement Surface 18,0,OUTER,0,118,958.6126,452.3324
Pavement Surface 19,0,OUTER,0,0,186.9437,1313.5469
Pavement Surface 19,0,OUTER,0,1,183.5994,1321.4313
Pavement Surface 19,0,OUTER,0,2,179.6907,1330.7325
Pavement Surface 19,0,OUTER,0,3,175.8092,1340.0557
Pavement Surface 19,0,OUTER,0,4,171.4762,1350.5734
Pavement Surface 19,0,OUTER,0,5,180.2061,1354.6173
Pavement Surface 19,0,OUTER,0,6,186.6230,1339.0973
Pavement Surface 19,0,OUTER,0,7,192.4649,1325.1840
Pavement Surface 19,0,OUTER,0,8,198.3763,1311.3002
Pavement Surface 19,0,OUTER,0,9,201.0861,1305.0170
Pavement Surface 19,0,OUTER,0,10,201.1673,1304.8349
Pavement Surface 19,0,OUTER,0,11,201.1630,1304.8331
Pavement Surface 19,0,OUTER,0,12,201.4521,1304.1692
Pavement Surface 19,0,OUTER,0,13,204.3570,1297.4460
Pavement Surface 19,0,OUTER,0,14,211.2203,1281.7814
Pavement Surface 19,0,OUTER,0,15,216.7753,1269.2700
Pavement Surface 19,0,OUTER,0,16,222.8774,1255.7041
Pavement Surface 19,0,OUTER,0,17,229.2507,1241.7229
Pavement Surface 19,0,OUTER,0,18,235.5588,1228.0674
Pavement Surface 19,0,OUTER,0,19,239.2044,1220.2561
Pavement Surface 19,0,OUTER,0,20,242.3691,1213.5220
Pavement Surface 19,0,OUTER,0,21,250.0747,1197.3110
Pavement Surface 19,0,OUTER,0,22,250.1760,1197.1042
Pavement Surface 19,0,OUTER,0,23,250.1735,1197.1030
Pavement Surface 19,0,OUTER,0,24,250.3240,1196.7916
Pavement Surface 19,0,OUTER,0,25,255.0264,1187.0100
Pavement Surface 19,0,OUTER,0,26,258.9354,1178.9632
Pavement Surface 19,0,OUTER,0,27,258.9655,1178.9055
Pavement Surface 19,0,OUTER,0,28,258.9630,1178.9043
Pavement Surface 19,0,OUTER,0,29,259.0756,1178.6748
Pavement Surface 19,0,OUTER,0,30,260.6450,1175.4501
Pavement Surface 19,0,OUTER,0,31,267.1417,1162.2377
Pavement Surface 19,0,OUTER,0,32,272.8168,1150.8273
Pavement Surface 19,0,OUTER,0,33,279.2046,1138.1266
Pavement Surface 19,0,OUTER,0,34,285.9088,1124.9548
Pavement Surface 19,0,OUTER,0,35,291.1672,1114.7342
Pavement Surface 19,0,OUTER,0,36,297.6088,1102.3422
Pavement Surface 19,0,OUTER,0,37,304.6330,1088.9868
Pavement Surface 19,0,OUTER,0,38,309.3570,1080.1048
Pavement Surface 19,0,OUTER,0,39,309.4131,1079.9963
Pavement Surface 19,0,OUTER,0,40,316.4883,1066.8064
Pavement Surface 19,0,OUTER,0,41,323.6901,1053.5458
Pavement Surface 19,0,OUTER,0,42,330.5142,1041.1247
Pavement Surface 19,0,OUTER,0,43,337.0224,1029.4056
Pavement Surface 19,0,OUTER,0,44,343.5303,1017.8084
Pavement Surface 19,0,OUTER,0,45,350.6617,1005.2358
Pavement Surface 19,0,OUTER,0,46,353.7649,999.8153
Pavement Surface 19,0,OUTER,0,47,345.7390,994.0644
Pavement Surface 19,0,OUTER,0,48,342.8350,999.1403
Pavement Surface 19,0,OUTER,0,49,337.8800,1007.8665
Pavement Surface 19,0,OUTER,0,50,332.9542,1016.6048
Pavement Surface 19,0,OUTER,0,51,328.0555,1025.3608
Pavement Surface 19,0,OUTER,0,52,324.4488,1031.8512
Pavement Surface 19,0,OUTER,0,53,319.9521,1039.9968
Pavement Surface 19,0,OUTER,0,54,315.1106,1048.8348
Pavement Surface 19,0,OUTER,0,55,310.3118,1057.6645
Pavement Surface 19,0,OUTER,0,56,305.4930,1066.6019
Pavement Surface 19,0,OUTER,0,57,300.7224,1075.5211
Pavement Surface 19,0,OUTER,0,58,295.9951,1084.4302
Pavement Surface 19,0,OUTER,0,59,291.3002,1093.3501
Pavement Surface 19,0,OUTER,0,60,286.6293,1102.2967
Pavement Surface 19,0,OUTER,0,61,281.9882,1111.2588
Pavement Surface 19,0,OUTER,0,62,278.2969,1118.4395
Pavement Surface 19,0,OUTER,0,63,272.7958,1129.2291
Pavement Surface 19,0,OUTER,0,64,268.2446,1138.2371
Pavement Surface 19,0,OUTER,0,65,261.9479,1150.8335
Pavement Surface 19,0,OUTER,0,66,259.2354,1156.2924
Pavement Surface 19,0,OUTER,0,67,254.7740,1165.3463
Pavement Surface 19,0,OUTER,0,68,250.3410,1174.4191
Pavement Surface 19,0,OUTER,0,69,245.9406,1183.5017
Pavement Surface 19,0,OUTER,0,70,241.5705,1192.5988
Pavement Surface 19,0,OUTER,0,71,237.2307,1201.7105
Pavement Surface 19,0,OUTER,0,72,232.8420,1211.0056
Pavement Surface 19,0,OUTER,0,73,228.1672,1220.9974
Pavement Surface 19,0,OUTER,0,74,223.5282,1231.0070
Pavement Surface 19,0,OUTER,0,75,219.1821,1240.4727
Pavement Surface 19,0,OUTER,0,76,214.7660,1250.1800
Pavement Surface 19,0,OUTER,0,77,210.6569,1259.2948
Pavement Surface 19,0,OUTER,0,78,206.2800,1269.0935
Pavement Surface 19,0,OUTER,0,79,202.8984,1276.7275
Pavement Surface 19,0,OUTER,0,80,199.5474,1284.3497
Pavement Surface 19,0,OUTER,0,81,195.5098,1293.6101
Pavement Surface 19,0,OUTER,0,82,191.5106,1302.8663
Pavement Surface 2,0,OUTER,0,0,433.3948,1194.9368
Pavement Surface 2,0,OUTER,0,1,428.1791,1203.4642
Pavement Surface 2,0,OUTER,0,2,425.5837,1207.7437
Pavement Surface 2,0,OUTER,0,3,420.4295,1216.3143
Pavement Surface 2,0,OUTER,0,4,415.5365,1224.5423
Pavement Surface 2,0,OUTER,0,5,415.3741,1224.9349
Pavement Surface 2,0,OUTER,0,6,415.4025,1224.9543
Pavement Surface 2,0,OUTER,0,7,433.1409,1232.2074
Pavement Surface 2,0,OUTER,0,8,446.5758,1237.9499
Pavement Surface 2,0,OUTER,0,9,448.3095,1232.1211
Pavement Surface 2,0,OUTER,0,10,451.1006,1232.6972
Pavement Surface 2,0,OUTER,0,11,453.9423,1232.9144
Pavement Surface 2,0,OUTER,0,12,456.7886,1232.7694
Pavement Surface 2,0,OUTER,0,13,459.2696,1232.3407
Pavement Surface 2,0,OUTER,0,14,461.6514,1231.6511
Pavement Surface 2,0,OUTER,0,15,463.9593,1230.6935
Pavement Surface 2,0,OUTER,0,16,466.1463,1229.4849
Pavement Surface 2,0,OUTER,0,17,468.3647,1227.8961
Pavement Surface 2,0,OUTER,0,18,470.3737,1226.0495
Pavement Surface 2,0,OUTER,0,19,472.1434,1223.9726
Pavement Surface 2,0,OUTER,0,20,528.3458,1114.8180
Pavement Surface 2,0,OUTER,0,21,537.7692,1096.0429
Pavement Surface 2,0,OUTER,0,22,544.3890,1083.4023
Pavement Surface 2,0,OUTER,0,23,549.7424,1073.4723
Pavement Surface 2,0,OUTER,0,24,557.3326,1059.5407
Pavement Surface 2,0,OUTER,0,25,569.6441,1037.1270
Pavement Surface 2,0,OUTER,0,26,573.6996,1029.6255
Pavement Surface 2,0,OUTER,0,27,591.7554,998.3389
Pavement Surface 2,0,OUTER,0,28,608.3103,971.0777
Pavement Surface 2,0,OUTER,0,29,619.8081,952.6492
Pavement Surface 2,0,OUTER,0,30,631.6481,933.9389
Pavement Surface 2,0,OUTER,0,31,645.4618,912.6051
Pavement Surface 2,0,OUTER,0,32,671.0762,875.2242
Pavement Surface 2,0,OUTER,0,33,683.7380,857.6834
Pavement Surface 2,0,OUTER,0,34,693.1975,844.1412
Pavement Surface 2,0,OUTER,0,35,720.7078,807.1286
Pavement Surface 2,0,OUTER,0,36,740.5658,781.6125
Pavement Surface 2,0,OUTER,0,37,832.1369,664.4577
Pavement Surface 2,0,OUTER,0,38,866.5910,620.5125
Pavement Surface 2,0,OUTER,0,39,905.8403,570.9732
Pavement Surface 2,0,OUTER,0,40,897.6697,565.2079
Pavement Surface 2,0,OUTER,0,41,895.9563,564.3285
Pavement Surface 2,0,OUTER,0,42,884.5978,555.9742
Pavement Surface 2,0,OUTER,0,43,521.1708,1064.0871
Pavement Surface 2,0,OUTER,0,44,519.5788,1066.1527
Pavement Surface 2,0,OUTER,0,45,507.9517,1082.4151
Pavement Surface 2,0,OUTER,0,46,502.1669,1090.5795
Pavement Surface 2,0,OUTER,0,47,499.2920,1094.6696
Pavement Surface 2,0,OUTER,0,48,493.5794,1102.8617
Pavement Surface 2,0,OUTER,0,49,487.8930,1111.1037
Pavement Surface 2,0,OUTER,0,50,485.0686,1115.2305
Pavement Surface 2,0,OUTER,0,51,479.4504,1123.5057
Pavement Surface 2,0,OUTER,0,52,472.7707,1133.4648
Pavement Surface 2,0,OUTER,0,53,468.3441,1140.1318
Pavement Surface 2,0,OUTER,0,54,465.5959,1144.3020
Pavement Surface 2,0,OUTER,0,55,460.0718,1152.7538
Pavement Surface 2,0,OUTER,0,56,454.6892,1161.0795
Pavement Surface 2,0,OUTER,0,57,449.3037,1169.5016
Pavement Surface 2,0,OUTER,0,58,445.0288,1176.2560
Pavement Surface 2,0,OUTER,0,59,438.6555,1186.4318
Pavement Surface 2,1,OUTER,0,0,1027.9344,402.2596
Pavement Surface 2,1,OUTER,0,1,1027.9929,401.4760
Pavement Surface 2,1,OUTER,0,2,1028.4460,400.2589
Pavement Surface 2,1,OUTER,0,3,1030.6833,398.7150
Pavement Surface 2,1,OUTER,0,4,1029.3726,397.2057
Pavement Surface 2,1,OUTER,0,5,1027.0705,404.3306
Pavement Surface 20,0,OUTER,0,0,366.9941,957.5868
Pavement Surface 20,0,OUTER,0,1,361.9093,966.1989
Pavement Surface 20,0,OUTER,0,2,357.3562,973.9616
Pavement Surface 20,0,OUTER,0,3,352.8292,981.7432
Pavement Surface 20,0,OUTER,0,4,347.8163,990.4336
Pavement Surface 20,0,OUTER,0,5,345.7390,994.0644
Pavement Surface 20,0,OUTER,0,6,353.7649,999.8153
Pavement Surface 20,0,OUTER,0,7,358.1745,992.1495
Pavement Surface 20,0,OUTER,0,8,358.2244,992.0679
Pavement Surface 20,0,OUTER,0,9,358.2214,992.0662
Pavement Surface 20,0,OUTER,0,10,358.7935,991.0791
Pavement Surface 20,0,OUTER,0,11,363.8450,982.3558
Pavement Surface 20,0,OUTER,0,12,366.2085,978.3117
Pavement Surface 20,0,OUTER,0,13,366.2563,978.2347
Pavement Surface 20,0,OUTER,0,14,366.2532,978.2329
Pavement Surface 20,0,OUTER,0,15,366.8664,977.1869
Pavement Surface 20,0,OUTER,0,16,370.8312,970.4159
Pavement Surface 20,0,OUTER,0,17,375.9488,961.7553
Pavement Surface 20,0,OUTER,0,18,382.8836,950.1077
Pavement Surface 20,0,OUTER,0,19,519.8034,721.4403
Pavement Surface 20,0,OUTER,0,20,520.4317,720.3574
Pavement Surface 20,0,OUTER,0,21,521.5514,718.0954
Pavement Surface 20,0,OUTER,0,22,525.4666,711.0069
Pavement Surface 20,0,OUTER,0,23,527.6170,707.5745
Pavement Surface 20,0,OUTER,0,24,529.5433,704.8433
Pavement Surface 20,0,OUTER,0,25,534.4459,698.5344
Pavement Surface 20,0,OUTER,0,26,525.3090,694.2607
Pavement Surface 20,0,OUTER,0,27,511.4422,715.9700
Pavement Surface 20,0,OUTER,0,28,374.4337,945.0441
Pavement Surface 21,0,OUTER,0,0,525.3090,694.2607
Pavement Surface 21,0,OUTER,0,1,534.4459,698.5344
Pavement Surface 21,0,OUTER,0,2,534.6847,698.1630
Pavement Surface 21,0,OUTER,0,3,765.5505,340.0379
Pavement Surface 21,0,OUTER,0,4,763.9459,338.9811
Pavement Surface 21,0,OUTER,0,5,760.4060,336.6384
Pavement Surface 21,0,OUTER,0,6,759.5506,336.1049
Pavement Surface 21,0,OUTER,0,7,756.8921,334.5991
Pavement Surface 21,0,OUTER,0,8,756.0163,334.1039
Pavement Surface 21,0,OUTER,0,9,596.5814,582.7589
Pavement Surface 3,0,OUTER,0,0,1064.0689,683.3161
Pavement Surface 3,0,OUTER,0,1,1063.8610,683.7134
Pavement Surface 3,0,OUTER,0,2,1062.4573,686.6774
Pavement Surface 3,0,OUTER,0,3,1061.1288,690.3703
Pavement Surface 3,0,OUTER,0,4,1060.6017,692.2651
Pavement Surface 3,0,OUTER,0,5,1060.1526,694.2553
Pavement Surface 3,0,OUTER,0,6,1059.8080,696.2543
Pavement Surface 3,0,OUTER,0,7,1059.5639,698.2815
Pavement Surface 3,0,OUTER,0,8,1059.4231,700.3294
Pavement Surface 3,0,OUTER,0,9,1059.3876,702.3900
Pavement Surface 3,0,OUTER,0,10,1059.4586,704.4552
Pavement Surface 3,0,OUTER,0,11,1059.6365,706.5167
Pavement Surface 3,0,OUTER,0,12,1059.9207,708.5662
Pavement Surface 3,0,OUTER,0,13,1060.3100,710.5956
Pavement Surface 3,0,OUTER,0,14,1060.8021,712.5969
Pavement Surface 3,0,OUTER,0,15,1061.2527,714.0930
Pavement Surface 3,0,OUTER,0,16,1062.0821,716.4848
Pavement Surface 3,0,OUTER,0,17,1062.8620,718.3573
Pavement Surface 3,0,OUTER,0,18,1063.7285,720.1738
Pavement Surface 3,0,OUTER,0,19,1064.6764,721.9287
Pavement Surface 3,0,OUTER,0,20,1066.7916,725.2344
Pavement Surface 3,0,OUTER,0,21,1069.1570,728.2436
Pavement Surface 3,0,OUTER,0,22,1071.7192,730.9366
Pavement Surface 3,0,OUTER,0,23,1074.4257,733.3048
Pavement Surface 3,0,OUTER,0,24,1112.8359,763.9779
Pavement Surface 3,0,OUTER,0,25,1114.4710,765.0404
Pavement Surface 3,0,OUTER,0,26,1116.3024,765.7697
Pavement Surface 3,0,OUTER,0,27,1118.2747,766.1316
Pavement Surface 3,0,OUTER,0,28,1120.2244,766.0976
Pavement Surface 3,0,OUTER,0,29,1122.1303,765.6859
Pavement Surface 3,0,OUTER,0,30,1123.9540,764.8934
Pavement Surface 3,0,OUTER,0,31,1125.5848,763.7556
Pavement Surface 3,0,OUTER,0,32,1126.9340,762.3485
Pavement Surface 3,0,OUTER,0,33,1232.6711,627.9911
Pavement Surface 3,0,OUTER,0,34,1232.7181,627.9312
Pavement Surface 3,0,OUTER,0,35,1233.6817,626.6687
Pavement Surface 3,0,OUTER,0,36,1234.4600,625.6381
Pavement Surface 3,0,OUTER,0,37,1235.0443,624.8644
Pavement Surface 3,0,OUTER,0,38,1236.0504,623.4522
Pavement Surface 3,0,OUTER,0,39,1236.5450,622.7402
Pavement Surface 3,0,OUTER,0,40,1237.6490,621.0963
Pavement Surface 3,0,OUTER,0,41,1238.3410,619.9980
Pavement Surface 3,0,OUTER,0,42,1239.8428,617.5106
Pavement Surface 3,0,OUTER,0,43,1240.2331,616.7903
Pavement Surface 3,0,OUTER,0,44,1241.4081,614.6223
Pavement Surface 3,0,OUTER,0,45,1241.9319,613.6038
Pavement Surface 3,0,OUTER,0,46,1243.8766,609.5736
Pavement Surface 3,0,OUTER,0,47,1243.9134,609.4452
Pavement Surface 3,0,OUTER,0,48,1244.3579,608.3331
Pavement Surface 3,0,OUTER,0,49,1244.6635,607.5454
Pavement Surface 3,0,OUTER,0,50,1245.3164,605.8598
Pavement Surface 3,0,OUTER,0,51,1245.6541,604.9291
Pavement Surface 3,0,OUTER,0,52,1246.1709,603.5054
Pavement Surface 3,0,OUTER,0,53,1246.5171,602.4581
Pavement Surface 3,0,OUTER,0,54,1247.2699,600.0327
Pavement Surface 3,0,OUTER,0,55,1247.5715,598.9715
Pavement Surface 3,0,OUTER,0,56,1248.3412,595.9392
Pavement Surface 3,0,OUTER,0,57,1248.4296,595.5516
Pavement Surface 3,0,OUTER,0,58,1248.5104,595.1974
Pavement Surface 3,0,OUTER,0,59,1249.0460,592.6259
Pavement Surface 3,0,OUTER,0,60,1249.2584,591.5212
Pavement Surface 3,0,OUTER,0,61,1249.7525,588.2332
Pavement Surface 3,0,OUTER,0,62,1249.9234,586.8441
Pavement Surface 3,0,OUTER,0,63,1250.0592,585.4851
Pavement Surface 3,0,OUTER,0,64,1250.1834,584.2430
Pavement Surface 3,0,OUTER,0,65,1250.2121,583.9549
Pavement Surface 3,0,OUTER,0,66,1250.2580,583.3300
Pavement Surface 3,0,OUTER,0,67,1250.2651,583.1892
Pavement Surface 3,0,OUTER,0,68,1250.3362,581.7782
Pavement Surface 3,0,OUTER,0,69,1250.3424,581.7757
Pavement Surface 3,0,OUTER,0,70,1250.4287,579.9427
Pavement Surface 3,0,OUTER,0,71,1250.4396,579.3622
Pavement Surface 3,0,OUTER,0,72,1250.4437,576.2900
Pavement Surface 3,0,OUTER,0,73,1250.4251,575.3420
Pavement Surface 3,0,OUTER,0,74,1250.3367,573.1382
Pavement Surface 3,0,OUTER,0,75,1250.2259,571.4085
Pavement Surface 3,0,OUTER,0,76,1250.1849,570.8338
Pavement Surface 3,0,OUTER,0,77,1249.9665,568.8836
Pavement Surface 3,0,OUTER,0,78,1249.8781,568.1244
Pavement Surface 3,0,OUTER,0,79,1249.5721,565.5299
Pavement Surface 3,0,OUTER,0,80,1249.0055,562.5405
Pavement Surface 3,0,OUTER,0,81,1248.4897,560.0327
Pavement Surface 3,0,OUTER,0,82,1247.7411,557.0032
Pavement Surface 3,0,OUTER,0,83,1247.7161,556.9015
Pavement Surface 3,0,OUTER,0,84,1247.6113,556.5190
Pavement Surface 3,0,OUTER,0,85,1247.3988,555.8016
Pavement Surface 3,0,OUTER,0,86,1246.7051,553.4767
Pavement Surface 3,0,OUTER,0,87,1246.6675,553.3506
Pavement Surface 3,0,OUTER,0,88,1246.4784,552.7637
Pavement Surface 3,0,OUTER,0,89,1246.4294,552.6102
Pavement Surface 3,0,OUTER,0,90,1245.3526,549.5599
Pavement Surface 3,0,OUTER,0,91,1244.8718,548.3103
Pavement Surface 3,0,OUTER,0,92,1244.0734,546.3860
Pavement Surface 3,0,OUTER,0,93,1243.6405,545.3326
Pavement Surface 3,0,OUTER,0,94,1243.2852,544.4907
Pavement Surface 3,0,OUTER,0,95,1242.4440,542.7712
Pavement Surface 3,0,OUTER,0,96,1240.9816,539.8472
Pavement Surface 3,0,OUTER,0,97,1240.8392,539.5719
Pavement Surface 3,0,OUTER,0,98,1239.6132,537.4496
Pavement Surface 3,0,OUTER,0,99,1239.2168,536.7705
Pavement Surface 3,0,OUTER,0,100,1238.1104,534.9666
Pavement Surface 3,0,OUTER,0,101,1237.9154,534.6738
Pavement Surface 3,0,OUTER,0,102,1236.0314,531.8465
Pavement Surface 3,0,OUTER,0,103,1235.7309,531.4112
Pavement Surface 3,0,OUTER,0,104,1233.9295,528.9833
Pavement Surface 3,0,OUTER,0,105,1233.5550,528.4853
Pavement Surface 3,0,OUTER,0,106,1231.0476,525.4284
Pavement Surface 3,0,OUTER,0,107,1230.5348,524.8528
Pavement Surface 3,0,OUTER,0,108,1228.6560,522.7894
Pavement Surface 3,0,OUTER,0,109,1228.6559,522.7893
Pavement Surface 3,0,OUTER,0,110,1228.2394,522.3468
Pavement Surface 3,0,OUTER,0,111,1227.8441,521.9513
Pavement Surface 3,0,OUTER,0,112,1226.3849,520.4918
Pavement Surface 3,0,OUTER,0,113,1226.3492,520.4561
Pavement Surface 3,0,OUTER,0,114,1225.3008,519.4420
Pavement Surface 3,0,OUTER,0,115,1224.8272,518.9966
Pavement Surface 3,0,OUTER,0,116,1223.9661,518.2282
Pavement Surface 3,0,OUTER,0,117,1223.3432,517.6632
Pavement Surface 3,0,OUTER,0,118,1222.1715,516.6505
Pavement Surface 3,0,OUTER,0,119,1219.7942,514.6946
Pavement Surface 3,0,OUTER,0,120,1211.1461,507.9218
Pavement Surface 3,0,OUTER,0,121,1208.1744,505.7546
Pavement Surface 3,0,OUTER,0,122,1206.8314,504.8590
Pavement Surface 3,0,OUTER,0,123,1204.3728,503.3481
Pavement Surface 3,0,OUTER,0,124,1204.2813,503.2934
Pavement Surface 3,0,OUTER,0,125,1204.2801,503.2955
Pavement Surface 3,0,OUTER,0,126,1204.1192,503.2046
Pavement Surface 3,0,OUTER,0,127,1204.1223,503.1988
Pavement Surface 3,0,OUTER,0,128,1202.8172,502.4688
Pavement Surface 3,0,OUTER,0,129,1200.7496,501.3790
Pavement Surface 3,0,OUTER,0,130,1197.9071,500.0649
Pavement Surface 3,0,OUTER,0,131,1194.9878,498.8965
Pavement Surface 3,0,OUTER,0,132,1192.2422,497.9615
Pavement Surface 3,0,OUTER,0,133,1189.3712,497.1356
Pavement Surface 3,0,OUTER,0,134,1185.5120,496.2581
Pavement Surface 3,0,OUTER,0,135,1184.2525,496.0413
Pavement Surface 3,0,OUTER,0,136,1183.6400,495.8508
Pavement Surface 3,0,OUTER,0,137,1182.2232,495.7219
Pavement Surface 3,0,OUTER,0,138,1178.9099,495.3686
Pavement Surface 3,0,OUTER,0,139,1175.8861,495.2035
Pavement Surface 3,0,OUTER,0,140,1173.4162,495.1700
Pavement Surface 3,0,OUTER,0,141,1170.3252,495.2881
Pavement Surface 3,0,OUTER,0,142,1168.9227,495.4165
Pavement Surface 3,0,OUTER,0,143,1165.6417,495.7925
Pavement Surface 3,0,OUTER,0,144,1162.3565,496.3560
Pavement Surface 3,0,OUTER,0,145,1159.6772,496.9599
Pavement Surface 3,0,OUTER,0,146,1157.8667,497.4342
Pavement Surface 3,0,OUTER,0,147,1155.0023,498.3261
Pavement Surface 3,0,OUTER,0,148,1149.6399,500.3111
Pavement Surface 3,0,OUTER,0,149,1146.5445,501.8029
Pavement Surface 3,0,OUTER,0,150,1143.7158,503.3605
Pavement Surface 3,0,OUTER,0,151,1142.7393,503.9447
Pavement Surface 3,0,OUTER,0,152,1140.8883,505.1255
Pavement Surface 3,0,OUTER,0,153,1138.7157,506.6381
Pavement Surface 3,0,OUTER,0,154,1137.4239,507.6073
Pavement Surface 3,0,OUTER,0,155,1135.6854,509.0005
Pavement Surface 3,0,OUTER,0,156,1134.9220,509.6466
Pavement Surface 3,0,OUTER,0,157,1133.2041,511.1842
Pavement Surface 3,0,OUTER,0,158,1133.0610,511.3272
Pavement Surface 3,0,OUTER,0,159,1127.1574,517.8858
Pavement Surface 3,0,OUTER,0,160,1125.5206,520.0339
Pavement Surface 3,0,OUTER,0,161,1124.8322,521.0396
Pavement Surface 3,0,OUTER,0,162,1124.3689,521.4861
Pavement Surface 3,0,OUTER,0,163,1122.9928,524.0688
Pavement Surface 3,0,OUTER,0,164,1122.4366,525.8009
Pavement Surface 3,0,OUTER,0,165,1122.2012,527.6712
Pavement Surface 3,0,OUTER,0,166,1122.3265,529.5869
Pavement Surface 3,0,OUTER,0,167,1122.8204,531.4535
Pavement Surface 3,0,OUTER,0,168,1123.6323,533.1423
Pavement Surface 3,0,OUTER,0,169,1124.7093,534.6084
Pavement Surface 3,0,OUTER,0,170,1125.9628,535.7987
Pavement Surface 3,0,OUTER,0,171,1167.4591,568.8805
Pavement Surface 3,0,OUTER,0,172,1168.7779,570.1454
Pavement Surface 3,0,OUTER,0,173,1169.8997,571.7241
Pavement Surface 3,0,OUTER,0,174,1170.3541,572.6172
Pavement Surface 3,0,OUTER,0,175,1170.5904,573.2271
Pavement Surface 3,0,OUTER,0,176,1170.7218,573.5663
Pavement Surface 3,0,OUTER,0,177,1170.9934,574.5584
Pavement Surface 3,0,OUTER,0,178,1171.1624,575.5786
Pavement Surface 3,0,OUTER,0,179,1171.2250,576.6109
Pavement Surface 3,0,OUTER,0,180,1171.1813,577.6386
Pavement Surface 3,0,OUTER,0,181,1171.0417,578.5947
Pavement Surface 3,0,OUTER,0,182,1170.7903,579.6176
Pavement Surface 3,0,OUTER,0,183,1170.0485,581.4066
Pavement Surface 3,0,OUTER,0,184,1169.8139,581.8528
Pavement Surface 3,0,OUTER,0,185,1172.4647,578.2156
Pavement Surface 3,0,OUTER,0,186,1172.9447,577.5570
Pavement Surface 3,0,OUTER,0,187,1174.0842,576.1591
Pavement Surface 3,0,OUTER,0,188,1174.1834,576.0375
Pavement Surface 3,0,OUTER,0,189,1175.4306,575.1281
Pavement Surface 3,0,OUTER,0,190,1177.5807,573.9490
Pavement Surface 3,0,OUTER,0,191,1178.9097,573.5914
Pavement Surface 3,0,OUTER,0,192,1180.2797,573.4586
Pavement Surface 3,0,OUTER,0,193,1182.1633,573.4586
Pavement Surface 3,0,OUTER,0,194,1183.7377,573.8980
Pavement Surface 3,0,OUTER,0,195,1185.2815,574.4498
Pavement Surface 3,0,OUTER,0,196,1187.3283,575.7888
Pavement Surface 3,0,OUTER,0,197,1188.4556,576.6690
Pavement Surface 3,0,OUTER,0,198,1196.8669,583.3917
Pavement Surface 3,0,OUTER,0,199,1200.6496,586.4904
Pavement Surface 3,0,OUTER,0,200,1206.0999,590.8705
Pavement Surface 3,0,OUTER,0,201,1205.8709,591.2946
Pavement Surface 3,0,OUTER,0,202,1204.0261,593.3877
Pavement Surface 3,0,OUTER,0,203,1201.6855,596.2381
Pavement Surface 3,0,OUTER,0,204,1202.3894,596.8016
Pavement Surface 3,0,OUTER,0,205,1215.2615,607.1058
Pavement Surface 3,0,OUTER,0,206,1219.7233,601.3582
Pavement Surface 3,0,OUTER,0,207,1229.5267,609.8841
Pavement Surface 3,0,OUTER,0,208,1230.5149,610.9433
Pavement Surface 3,0,OUTER,0,209,1231.8082,612.7577
Pavement Surface 3,0,OUTER,0,210,1232.5790,614.0985
Pavement Surface 3,0,OUTER,0,211,1233.2521,616.6167
Pavement Surface 3,0,OUTER,0,212,1233.4210,617.9772
Pavement Surface 3,0,OUTER,0,213,1233.4677,618.3542
Pavement Surface 3,0,OUTER,0,214,1233.4677,619.5238
Pavement Surface 3,0,OUTER,0,215,1233.3324,621.3714
Pavement Surface 3,0,OUTER,0,216,1232.4983,624.1100
Pavement Surface 3,0,OUTER,0,217,1231.5368,625.8940
Pavement Surface 3,0,OUTER,0,218,1230.9759,626.8223
Pavement Surface 3,0,OUTER,0,219,1227.8068,630.7872
Pavement Surface 3,0,OUTER,0,220,1222.7268,637.4064
Pavement Surface 3,0,OUTER,0,221,1216.3010,645.5533
Pavement Surface 3,0,OUTER,0,222,1211.4472,651.5928
Pavement Surface 3,0,OUTER,0,223,1200.8122,665.2235
Pavement Surface 3,0,OUTER,0,224,1192.9396,675.0921
Pavement Surface 3,0,OUTER,0,225,1185.6482,684.3577
Pavement Surface 3,0,OUTER,0,226,1180.3308,690.9985
Pavement Surface 3,0,OUTER,0,227,1175.0765,697.8159
Pavement Surface 3,0,OUTER,0,228,1174.5725,698.4754
Pavement Surface 3,0,OUTER,0,229,1173.7630,699.4750
Pavement Surface 3,0,OUTER,0,230,1168.8378,705.5816
Pavement Surface 3,0,OUTER,0,231,1157.5834,719.9026
Pavement Surface 3,0,OUTER,0,232,1150.8414,728.3124
Pavement Surface 3,0,OUTER,0,233,1143.6203,737.4839
Pavement Surface 3,0,OUTER,0,234,1137.0024,745.8460
Pavement Surface 3,0,OUTER,0,235,1132.1029,752.1143
Pavement Surface 3,0,OUTER,0,236,1127.0408,758.4311
Pavement Surface 3,0,OUTER,0,237,1125.3876,759.9287
Pavement Surface 3,0,OUTER,0,238,1125.0649,760.2211
Pavement Surface 3,0,OUTER,0,239,1124.3280,760.6001
Pavement Surface 3,0,OUTER,0,240,1123.4870,761.0328
Pavement Surface 3,0,OUTER,0,241,1121.5146,761.7517
Pavement Surface 3,0,OUTER,0,242,1119.7511,762.0996
Pavement Surface 3,0,OUTER,0,243,1119.5495,762.0996
Pavement Surface 3,0,OUTER,0,244,1117.8020,762.0996
Pavement Surface 3,0,OUTER,0,245,1116.4077,761.9728
Pavement Surface 3,0,OUTER,0,246,1115.2155,761.7321
Pavement Surface 3,0,OUTER,0,247,1113.4307,761.0950
Pavement Surface 3,0,OUTER,0,248,1110.8032,759.5432
Pavement Surface 3,0,OUTER,0,249,1109.4890,758.3659
Pavement Surface 3,0,OUTER,0,250,1108.6091,757.3765
Pavement Surface 3,0,OUTER,0,251,1107.6213,756.0718
Pavement Surface 3,0,OUTER,0,252,1106.7987,753.8889
Pavement Surface 3,0,OUTER,0,253,1106.3582,751.8729
Pavement Surface 3,0,OUTER,0,254,1106.2230,750.2097
Pavement Surface 3,0,OUTER,0,255,1106.4556,746.8063
Pavement Surface 3,0,OUTER,0,256,1107.0669,743.1559
Pavement Surface 3,0,OUTER,0,257,1108.1950,741.5717
Pavement Surface 3,0,OUTER,0,258,1110.2342,739.1627
Pavement Surface 3,0,OUTER,0,259,1101.1197,731.8957
Pavement Surface 3,0,OUTER,0,260,1098.7741,730.0255
Pavement Surface 3,0,OUTER,0,261,1098.2413,729.6007
Pavement Surface 3,0,OUTER,0,262,1096.9259,730.7432
Pavement Surface 3,0,OUTER,0,263,1094.5614,733.0908
Pavement Surface 3,0,OUTER,0,264,1092.1964,735.1505
Pavement Surface 3,0,OUTER,0,265,1090.3783,736.0199
Pavement Surface 3,0,OUTER,0,266,1087.9713,736.8253
Pavement Surface 3,0,OUTER,0,267,1086.3966,737.4306
Pavement Surface 3,0,OUTER,0,268,1083.6398,735.4824
Pavement Surface 3,0,OUTER,0,269,1081.5939,733.7371
Pavement Surface 3,0,OUTER,0,270,1079.5788,731.9786
Pavement Surface 3,0,OUTER,0,271,1075.5671,728.7819
Pavement Surface 3,0,OUTER,0,272,1073.2026,726.1839
Pavement Surface 3,0,OUTER,0,273,1071.1806,722.7826
Pavement Surface 3,0,OUTER,0,274,1070.2243,720.5399
Pavement Surface 3,0,OUTER,0,275,1069.3787,717.0030
Pavement Surface 3,0,OUTER,0,276,1069.1897,714.5209
Pavement Surface 3,0,OUTER,0,277,1069.1897,712.7524
Pavement Surface 3,0,OUTER,0,278,1069.5342,710.2483
Pavement Surface 3,0,OUTER,0,279,1070.1450,707.7386
Pavement Surface 3,0,OUTER,0,280,1070.4582,707.0263
Pavement Surface 3,0,OUTER,0,281,1071.3977,704.8902
Pavement Surface 3,0,OUTER,0,282,1071.5174,704.6855
Pavement Surface 3,0,OUTER,0,283,1072.9020,702.3188
Pavement Surface 3,0,OUTER,0,284,1088.4300,683.7075
Pavement Surface 3,0,OUTER,0,285,1072.7915,671.2401
Pavement Surface 3,0,OUTER,0,286,1069.2796,675.6451
Pavement Surface 3,0,OUTER,0,287,1067.7586,677.5960
Pavement Surface 3,0,OUTER,0,288,1065.9959,680.0235
Pavement Surface 3,0,OUTER,0,289,1064.0955,683.2182
Pavement Surface 3,1,OUTER,0,0,1111.0835,655.3353
Pavement Surface 3,1,OUTER,0,1,1116.6984,648.3517
Pavement Surface 3,1,OUTER,0,2,1119.9429,644.2937
Pavement Surface 3,1,OUTER,0,3,1127.4827,651.8295
Pavement Surface 3,1,OUTER,0,4,1132.3344,655.7175
Pavement Surface 3,1,OUTER,0,5,1130.9579,657.4591
Pavement Surface 3,1,OUTER,0,6,1185.4496,588.5161
Pavement Surface 3,1,OUTER,0,7,1140.2781,645.6670
Pavement Surface 3,1,OUTER,0,8,1127.8004,634.6684
Pavement Surface 3,1,OUTER,0,9,1125.4264,637.6463
Pavement Surface 3,1,OUTER,0,10,1119.4036,644.8555
Pavement Surface 3,1,OUTER,0,11,1116.6332,648.3320
Pavement Surface 4,0,OUTER,0,0,728.0544,961.6931
Pavement Surface 4,0,OUTER,0,1,728.0544,961.6932
Pavement Surface 4,0,OUTER,0,2,847.3593,1041.6860
Pavement Surface 4,0,OUTER,0,3,866.8536,1012.7032
Pavement Surface 4,0,OUTER,0,4,890.8957,978.4156
Pavement Surface 4,0,OUTER,0,5,901.7689,963.6943
Pavement Surface 4,0,OUTER,0,6,788.8643,874.9208
Pavement Surface 4,0,OUTER,0,7,788.3135,875.7065
Pavement Surface 4,0,OUTER,0,8,788.3135,875.7066
Pavement Surface 4,0,HOLE,0,0,770.0633,933.7488
Pavement Surface 4,0,HOLE,0,1,763.5194,928.5541
Pavement Surface 4,0,HOLE,0,2,771.4953,917.3769
Pavement Surface 4,0,HOLE,0,3,769.0965,915.6558
Pavement Surface 4,0,HOLE,0,4,769.7701,914.7504
Pavement Surface 4,0,HOLE,0,5,771.1230,913.0495
Pavement Surface 4,0,HOLE,0,6,773.4762,914.9416
Pavement Surface 4,0,HOLE,0,7,782.0122,903.4959
Pavement Surface 4,0,HOLE,0,8,797.8392,915.4546
Pavement Surface 4,0,HOLE,0,9,787.1643,929.9086
Pavement Surface 4,0,HOLE,0,10,790.1775,932.2474
Pavement Surface 4,0,HOLE,0,11,808.3042,946.3171
Pavement Surface 4,0,HOLE,0,12,815.0549,937.6364
Pavement Surface 4,0,HOLE,0,13,821.9181,942.5369
Pavement Surface 4,0,HOLE,0,14,837.3923,953.9455
Pavement Surface 4,0,HOLE,0,15,822.1957,974.1552
Pavement Surface 4,0,HOLE,0,16,811.3731,965.7065
Pavement Surface 4,0,HOLE,0,17,800.3102,957.6891
Pavement Surface 4,0,HOLE,0,18,805.9238,949.3959
Pavement Surface 4,0,HOLE,0,19,784.6589,933.1232
Pavement Surface 4,0,HOLE,0,20,778.7218,940.6222
Pavement Surface 5,0,OUTER,0,0,636.3313,1117.8290
Pavement Surface 5,0,OUTER,0,1,635.2184,1121.7296
Pavement Surface 5,0,OUTER,0,2,633.5579,1127.5498
Pavement Surface 5,0,OUTER,0,3,633.1852,1129.0568
Pavement Surface 5,0,OUTER,0,4,632.5125,1131.7769
Pavement Surface 5,0,OUTER,0,5,631.0050,1137.8722
Pavement Surface 5,0,OUTER,0,6,630.7461,1139.1043
Pavement Surface 5,0,OUTER,0,7,630.4519,1140.4488
Pavement Surface 5,0,OUTER,0,8,629.8427,1143.3863
Pavement Surface 5,0,OUTER,0,9,628.8233,1148.2589
Pavement Surface 5,0,OUTER,0,10,628.6300,1149.3505
Pavement Surface 5,0,OUTER,0,11,628.0745,1152.4449
Pavement Surface 5,0,OUTER,0,12,627.0144,1158.6900
Pavement Surface 5,0,OUTER,0,13,626.8040,1160.1019
Pavement Surface 5,0,OUTER,0,14,625.6875,1168.3528
Pavement Surface 5,0,OUTER,0,15,625.6872,1168.3549
Pavement Surface 5,0,OUTER,0,16,625.5472,1169.4546
Pavement Surface 5,0,OUTER,0,17,624.4858,1179.9618
Pavement Surface 5,0,OUTER,0,18,624.4248,1180.9596
Pavement Surface 5,0,OUTER,0,19,623.8202,1190.0515
Pavement Surface 5,0,OUTER,0,20,621.3803,1239.8797
Pavement Surface 5,0,OUTER,0,21,621.2929,1243.4467
Pavement Surface 5,0,OUTER,0,22,621.3816,1247.0449
Pavement Surface 5,0,OUTER,0,23,621.6503,1250.6615
Pavement Surface 5,0,OUTER,0,24,622.1018,1254.2829
Pavement Surface 5,0,OUTER,0,25,622.7375,1257.8955
Pavement Surface 5,0,OUTER,0,26,623.5574,1261.4851
Pavement Surface 5,0,OUTER,0,27,624.3230,1264.1976
Pavement Surface 5,0,OUTER,0,28,624.7800,1265.6889
Pavement Surface 5,0,OUTER,0,29,625.7414,1268.5355
Pavement Surface 5,0,OUTER,0,30,627.1016,1271.9773
Pavement Surface 5,0,OUTER,0,31,628.6367,1275.3493
Pavement Surface 5,0,OUTER,0,32,630.3228,1278.6076
Pavement Surface 5,0,OUTER,0,33,632.1804,1281.7912
Pavement Surface 5,0,OUTER,0,34,634.1647,1284.8327
Pavement Surface 5,0,OUTER,0,35,636.2952,1287.7674
Pavement Surface 5,0,OUTER,0,36,638.5513,1290.5719
Pavement Surface 5,0,OUTER,0,37,640.9217,1293.2388
Pavement Surface 5,0,OUTER,0,38,643.4196,1295.7867
Pavement Surface 5,0,OUTER,0,39,646.0625,1298.2301
Pavement Surface 5,0,OUTER,0,40,648.8440,1300.5571
Pavement Surface 5,0,OUTER,0,41,651.7562,1302.7564
Pavement Surface 5,0,OUTER,0,42,654.7905,1304.8173
Pavement Surface 5,0,OUTER,0,43,657.9368,1306.7302
Pavement Surface 5,0,OUTER,0,44,661.1849,1308.4862
Pavement Surface 5,0,OUTER,0,45,663.8927,1309.7784
Pavement Surface 5,0,OUTER,0,46,665.3980,1310.4431
Pavement Surface 5,0,OUTER,0,47,667.9326,1311.4981
Pavement Surface 5,0,OUTER,0,48,671.4081,1312.7425
Pavement Surface 5,0,OUTER,0,49,674.9330,1313.8069
Pavement Surface 5,0,OUTER,0,50,678.4934,1314.6892
Pavement Surface 5,0,OUTER,0,51,682.0753,1315.3883
Pavement Surface 5,0,OUTER,0,52,685.0449,1315.8155
Pavement Surface 5,0,OUTER,0,53,687.9147,1316.1153
Pavement Surface 5,0,OUTER,0,54,692.9723,1307.0992
Pavement Surface 5,0,OUTER,0,55,681.0004,1300.2566
Pavement Surface 5,0,OUTER,0,56,685.2839,1292.1900
Pavement Surface 5,0,OUTER,0,57,694.8069,1297.7473
Pavement Surface 5,0,OUTER,0,58,779.7298,1152.2239
Pavement Surface 5,0,OUTER,0,59,799.2035,1118.4617
Pavement Surface 5,0,OUTER,0,60,817.1100,1089.1204
Pavement Surface 5,0,OUTER,0,61,834.9616,1060.1182
Pavement Surface 5,0,OUTER,0,62,847.3593,1041.6860
Pavement Surface 5,0,OUTER,0,63,728.0544,961.6932
Pavement Surface 5,0,OUTER,0,64,726.3598,963.5576
Pavement Surface 5,0,OUTER,0,65,678.1579,1032.0222
Pavement Surface 5,0,OUTER,0,66,672.2817,1040.6861
Pavement Surface 5,0,OUTER,0,67,667.6000,1048.1019
Pavement Surface 5,0,OUTER,0,68,666.6877,1049.5887
Pavement Surface 5,0,OUTER,0,69,662.5291,1056.7288
Pavement Surface 5,0,OUTER,0,70,661.3898,1058.7164
Pavement Surface 5,0,OUTER,0,71,659.1646,1062.8816
Pavement Surface 5,0,OUTER,0,72,657.0529,1066.8344
Pavement Surface 5,0,OUTER,0,73,656.4013,1068.0541
Pavement Surface 5,0,OUTER,0,74,654.5863,1071.7610
Pavement Surface 5,0,OUTER,0,75,652.3745,1076.2781
Pavement Surface 5,0,OUTER,0,76,651.7340,1077.5862
Pavement Surface 5,0,OUTER,0,77,649.6886,1082.1123
Pavement Surface 5,0,OUTER,0,78,648.1973,1085.5079
Pavement Surface 5,0,OUTER,0,79,647.3991,1087.2958
Pavement Surface 5,0,OUTER,0,80,646.3262,1089.9476
Pavement Surface 5,0,OUTER,0,81,644.2485,1095.0833
Pavement Surface 5,0,OUTER,0,82,643.4061,1097.1655
Pavement Surface 5,0,OUTER,0,83,642.5743,1099.4518
Pavement Surface 5,0,OUTER,0,84,641.6145,1102.0551
Pavement Surface 5,0,OUTER,0,85,640.6285,1104.8000
Pavement Surface 5,0,OUTER,0,86,639.7636,1107.1770
Pavement Surface 5,0,OUTER,0,87,639.0262,1109.4381
Pavement Surface 5,0,OUTER,0,88,636.8022,1116.2568
Pavement Surface 5,0,HOLE,0,0,772.9701,1021.0364
Pavement Surface 5,0,HOLE,0,1,808.2421,1039.8570
Pavement Surface 5,0,HOLE,0,2,755.9046,1137.9441
Pavement Surface 5,0,HOLE,0,3,759.4323,1139.8252
Pavement Surface 5,0,HOLE,0,4,755.7110,1146.8037
Pavement Surface 5,0,HOLE,0,5,752.1808,1144.9212
Pavement Surface 5,0,HOLE,0,6,750.7900,1147.5295
Pavement Surface 5,0,HOLE,0,7,738.0634,1140.7387
Pavement Surface 5,0,HOLE,0,8,715.5180,1128.7089
Pavement Surface 5,0,HOLE,0,9,718.1855,1123.7097
Pavement Surface 5,0,HOLE,0,10,713.7741,1121.3559
Pavement Surface 5,0,HOLE,0,11,722.2185,1105.5302
Pavement Surface 5,0,HOLE,0,12,718.5862,1103.5920
Pavement Surface 5,0,HOLE,0,13,721.9698,1097.2508
Pavement Surface 5,0,HOLE,0,14,730.0134,1101.5427
Pavement Surface 6,0,OUTER,0,0,1187.0721,421.9184
Pavement Surface 6,0,OUTER,0,1,1187.0102,423.3763
Pavement Surface 6,0,OUTER,0,2,1187.1384,424.8209
Pavement Surface 6,0,OUTER,0,3,1187.6528,426.6948
Pavement Surface 6,0,OUTER,0,4,1188.8201,428.8634
Pavement Surface 6,0,OUTER,0,5,1189.3893,429.6730
Pavement Surface 6,0,OUTER,0,6,1190.7942,431.0125
Pavement Surface 6,0,OUTER,0,7,1195.6130,434.7867
Pavement Surface 6,0,OUTER,0,8,1197.8882,436.5526
Pavement Surface 6,0,OUTER,0,9,1198.7621,437.2531
Pavement Surface 6,0,OUTER,0,10,1199.5612,437.8591
Pavement Surface 6,0,OUTER,0,11,1199.5931,437.9039
Pavement Surface 6,0,OUTER,0,12,1233.5387,464.4899
Pavement Surface 6,0,OUTER,0,13,1234.5171,465.3378
Pavement Surface 6,0,OUTER,0,14,1279.4317,500.4329
Pavement Surface 6,0,OUTER,0,15,1281.6613,502.2673
Pavement Surface 6,0,OUTER,0,16,1283.8177,504.2236
Pavement Surface 6,0,OUTER,0,17,1285.8912,506.2977
Pavement Surface 6,0,OUTER,0,18,1287.8727,508.4841
Pavement Surface 6,0,OUTER,0,19,1289.7533,510.7768
Pavement Surface 6,0,OUTER,0,20,1291.5245,513.1686
Pavement Surface 6,0,OUTER,0,21,1293.1790,515.6516
Pavement Surface 6,0,OUTER,0,22,1294.7097,518.2168
Pavement Surface 6,0,OUTER,0,23,1296.1109,520.8551
Pavement Surface 6,0,OUTER,0,24,1297.3776,523.5566
Pavement Surface 6,0,OUTER,0,25,1298.5057,526.3107
Pavement Surface 6,0,OUTER,0,26,1299.4925,529.1070
Pavement Surface 6,0,OUTER,0,27,1300.3362,531.9346
Pavement Surface 6,0,OUTER,0,28,1301.0358,534.7827
Pavement Surface 6,0,OUTER,0,29,1301.5920,537.6406
Pavement Surface 6,0,OUTER,0,30,1302.0059,540.4979
Pavement Surface 6,0,OUTER,0,31,1302.2820,543.3718
Pavement Surface 6,0,OUTER,0,32,1302.4200,546.2801
Pavement Surface 6,0,OUTER,0,33,1302.4163,549.2129
Pavement Surface 6,0,OUTER,0,34,1302.2683,552.1522
Pavement Surface 6,0,OUTER,0,35,1301.9730,555.1105
Pavement Surface 6,0,OUTER,0,36,1301.5307,558.0537
Pavement Surface 6,0,OUTER,0,37,1300.9415,560.9786
Pavement Surface 6,0,OUTER,0,38,1300.2066,563.8741
Pavement Surface 6,0,OUTER,0,39,1299.3285,566.7295
Pavement Surface 6,0,OUTER,0,40,1298.4412,569.1648
Pavement Surface 6,0,OUTER,0,41,1298.3106,569.5340
Pavement Surface 6,0,OUTER,0,42,1297.2060,572.1629
Pavement Surface 6,0,OUTER,0,43,1295.8750,574.9514
Pavement Surface 6,0,OUTER,0,44,1294.4691,577.5457
Pavement Surface 6,0,OUTER,0,45,1292.9471,580.0526
Pavement Surface 6,0,OUTER,0,46,1291.3166,582.4648
Pavement Surface 6,0,OUTER,0,47,1289.5664,584.8012
Pavement Surface 6,0,OUTER,0,48,1289.0979,585.3965
Pavement Surface 6,0,OUTER,0,49,1252.0071,632.5345
Pavement Surface 6,0,OUTER,0,50,1251.6545,633.0245
Pavement Surface 6,0,OUTER,0,51,1247.9939,637.6264
Pavement Surface 6,0,OUTER,0,52,1246.8149,639.1243
Pavement Surface 6,0,OUTER,0,53,1145.0004,768.4975
Pavement Surface 6,0,OUTER,0,54,1144.9984,768.5001
Pavement Surface 6,0,OUTER,0,55,1146.5713,769.7353
Pavement Surface 6,0,OUTER,0,56,1162.0796,750.1577
Pavement Surface 6,0,OUTER,0,57,1269.7684,613.1917
Pavement Surface 6,0,OUTER,0,58,1270.2343,612.5825
Pavement Surface 6,0,OUTER,0,59,1273.4003,615.0801
Pavement Surface 6,0,OUTER,0,60,1344.4000,524.9179
Pavement Surface 6,0,OUTER,0,61,1411.6921,439.5853
Pavement Surface 6,0,OUTER,0,62,1413.7644,429.3938
Pavement Surface 6,0,OUTER,0,63,1267.0385,319.5539
Pavement Surface 6,0,OUTER,0,64,1267.6341,318.7506
Pavement Surface 6,0,OUTER,0,65,1264.7043,316.5706
Pavement Surface 6,0,OUTER,0,66,1262.7243,320.0830
Pavement Surface 6,0,OUTER,0,67,1220.1560,377.2886
Pavement Surface 6,0,OUTER,0,68,1189.0873,416.9740
Pavement Surface 6,0,OUTER,0,69,1188.0444,418.6112
Pavement Surface 6,0,OUTER,0,70,1187.5063,419.9950
Pavement Surface 6,0,HOLE,0,0,1275.3966,469.0075
Pavement Surface 6,0,HOLE,0,1,1264.8430,460.6840
Pavement Surface 6,0,HOLE,0,2,1261.5917,464.7143
Pavement Surface 6,0,HOLE,0,3,1243.0042,450.0352
Pavement Surface 6,0,HOLE,0,4,1245.2016,447.1233
Pavement Surface 6,0,HOLE,0,5,1246.0749,445.9244
Pavement Surface 6,0,HOLE,0,6,1239.6707,441.3676
Pavement Surface 6,0,HOLE,0,7,1234.3126,436.5157
Pavement Surface 6,0,HOLE,0,8,1200.6811,409.8031
Pavement Surface 6,0,HOLE,0,9,1223.4695,381.1112
Pavement Surface 6,0,HOLE,0,10,1242.8192,396.4730
Pavement Surface 6,0,HOLE,0,11,1256.2557,379.5556
Pavement Surface 6,0,HOLE,0,12,1310.3928,422.5537
Pavement Surface 6,0,HOLE,0,13,1344.0238,449.2650
Pavement Surface 6,0,HOLE,0,14,1329.7552,467.2300
Pavement Surface 6,0,HOLE,0,15,1333.6522,470.3013
Pavement Surface 6,0,HOLE,0,16,1336.1301,467.1202
Pavement Surface 6,0,HOLE,0,17,1340.8752,470.8987
Pavement Surface 6,0,HOLE,0,18,1338.3641,474.0644
Pavement Surface 6,0,HOLE,0,19,1353.3179,485.8136
Pavement Surface 6,0,HOLE,0,20,1331.5546,513.3817
Pavement Surface 6,0,HOLE,0,21,1311.6051,497.6417
Pavement Surface 6,0,HOLE,0,22,1309.1330,500.8389
Pavement Surface 6,0,HOLE,0,23,1295.3830,489.8826
Pavement Surface 6,0,HOLE,0,24,1297.8234,486.6954
Pavement Surface 6,1,OUTER,0,0,1215.0320,607.4332
Pavement Surface 6,1,OUTER,0,1,1215.2615,607.1058
Pavement Surface 6,1,OUTER,0,2,1202.3894,596.8016
Pavement Surface 6,1,OUTER,0,3,1202.6560,597.5811
Pavement Surface 6,1,OUTER,0,4,1201.3103,596.5309
Pavement Surface 6,1,OUTER,0,5,1214.8850,607.1252
Pavement Surface 7,0,OUTER,0,0,674.5835,536.5415
Pavement Surface 7,0,OUTER,0,1,622.2843,617.6579
Pavement Surface 7,0,OUTER,0,2,621.4041,619.1633
Pavement Surface 7,0,OUTER,0,3,620.6373,620.7901
Pavement Surface 7,0,OUTER,0,4,620.0049,622.5264
Pavement Surface 7,0,OUTER,0,5,619.5264,624.3561
Pavement Surface 7,0,OUTER,0,6,619.2189,626.2588
Pavement Surface 7,0,OUTER,0,7,619.0910,628.2273
Pavement Surface 7,0,OUTER,0,8,619.1648,630.1838
Pavement Surface 7,0,OUTER,0,9,619.4302,632.1503
Pavement Surface 7,0,OUTER,0,10,619.8891,634.0808
Pavement Surface 7,0,OUTER,0,11,620.5335,635.9473
Pavement Surface 7,0,OUTER,0,12,621.3500,637.7242
Pavement Surface 7,0,OUTER,0,13,622.3207,639.3893
Pavement Surface 7,0,OUTER,0,14,623.4247,640.9248
Pavement Surface 7,0,OUTER,0,15,624.6387,642.3180
Pavement Surface 7,0,OUTER,0,16,625.9389,643.5605
Pavement Surface 7,0,OUTER,0,17,627.1704,644.5447
Pavement Surface 7,0,OUTER,0,18,668.4210,674.6796
Pavement Surface 7,0,OUTER,0,19,671.0488,676.6048
Pavement Surface 7,0,OUTER,0,20,671.0525,676.6017
Pavement Surface 7,0,OUTER,0,21,671.6401,677.0162
Pavement Surface 7,0,OUTER,0,22,673.0551,678.0570
Pavement Surface 7,0,OUTER,0,23,678.7720,682.1191
Pavement Surface 7,0,OUTER,0,24,686.0427,687.2519
Pavement Surface 7,0,OUTER,0,25,687.1658,688.0447
Pavement Surface 7,0,OUTER,0,26,687.2645,688.0960
Pavement Surface 7,0,OUTER,0,27,687.7451,688.4221
Pavement Surface 7,0,OUTER,0,28,690.0518,689.9249
Pavement Surface 7,0,OUTER,0,29,692.9246,691.6146
Pavement Surface 7,0,OUTER,0,30,695.8868,693.1422
Pavement Surface 7,0,OUTER,0,31,698.9293,694.5030
Pavement Surface 7,0,OUTER,0,32,702.0425,695.6927
Pavement Surface 7,0,OUTER,0,33,705.2171,696.7077
Pavement Surface 7,0,OUTER,0,34,708.4431,697.5449
Pavement Surface 7,0,OUTER,0,35,711.7107,698.2016
Pavement Surface 7,0,OUTER,0,36,715.0097,698.6759
Pavement Surface 7,0,OUTER,0,37,718.3299,698.9663
Pavement Surface 7,0,OUTER,0,38,721.6611,699.0719
Pavement Surface 7,0,OUTER,0,39,724.9931,698.9923
Pavement Surface 7,0,OUTER,0,40,728.3155,698.7279
Pavement Surface 7,0,OUTER,0,41,731.6181,698.2793
Pavement Surface 7,0,OUTER,0,42,733.9928,697.8401
Pavement Surface 7,0,OUTER,0,43,734.8907,697.6481
Pavement Surface 7,0,OUTER,0,44,738.1231,696.8362
Pavement Surface 7,0,OUTER,0,45,741.3056,695.8460
Pavement Surface 7,0,OUTER,0,46,743.1254,695.1908
Pavement Surface 7,0,OUTER,0,47,744.4281,694.6806
Pavement Surface 7,0,OUTER,0,48,747.4811,693.3436
Pavement Surface 7,0,OUTER,0,49,750.4551,691.8392
Pavement Surface 7,0,OUTER,0,50,753.3409,690.1719
Pavement Surface 7,0,OUTER,0,51,756.1298,688.3470
Pavement Surface 7,0,OUTER,0,52,756.7369,687.9196
Pavement Surface 7,0,OUTER,0,53,758.8131,686.3700
Pavement Surface 7,0,OUTER,0,54,761.3824,684.2471
Pavement Surface 7,0,OUTER,0,55,763.8299,681.9848
Pavement Surface 7,0,OUTER,0,56,766.1480,679.5901
Pavement Surface 7,0,OUTER,0,57,768.3260,677.0764
Pavement Surface 7,0,OUTER,0,58,770.6966,673.9775
Pavement Surface 7,0,OUTER,0,59,957.8467,412.3208
Pavement Surface 7,0,OUTER,0,60,968.8432,396.9627
Pavement Surface 7,0,OUTER,0,61,978.8120,382.9939
Pavement Surface 7,0,OUTER,0,62,983.3511,376.5569
Pavement Surface 7,0,OUTER,0,63,983.5089,376.3331
Pavement Surface 7,0,OUTER,0,64,984.1451,375.3515
Pavement Surface 7,0,OUTER,0,65,987.0431,369.6709
Pavement Surface 7,0,OUTER,0,66,987.5013,368.5739
Pavement Surface 7,0,OUTER,0,67,988.0416,367.0327
Pavement Surface 7,0,OUTER,0,68,988.5839,365.2872
Pavement Surface 7,0,OUTER,0,69,988.9062,364.1987
Pavement Surface 7,0,OUTER,0,70,989.5165,361.2614
Pavement Surface 7,0,OUTER,0,71,989.7673,359.5963
Pavement Surface 7,0,OUTER,0,72,990.0869,356.6134
Pavement Surface 7,0,OUTER,0,73,990.1166,352.6233
Pavement Surface 7,0,OUTER,0,74,989.9814,350.6234
Pavement Surface 7,0,OUTER,0,75,989.7458,348.6303
Pavement Surface 7,0,OUTER,0,76,989.4105,346.6515
Pavement Surface 7,0,OUTER,0,77,988.9770,344.6945
Pavement Surface 7,0,OUTER,0,78,987.8248,340.8744
Pavement Surface 7,0,OUTER,0,79,986.3146,337.2238
Pavement Surface 7,0,OUTER,0,80,984.4814,333.7897
Pavement Surface 7,0,OUTER,0,81,982.3674,330.6100
Pavement Surface 7,0,OUTER,0,82,980.0193,327.7130
Pavement Surface 7,0,OUTER,0,83,977.4861,325.1168
Pavement Surface 7,0,OUTER,0,84,974.8164,322.8297
Pavement Surface 7,0,OUTER,0,85,956.4684,308.4598
Pavement Surface 7,0,OUTER,0,86,954.8457,307.2538
Pavement Surface 7,0,OUTER,0,87,953.1481,306.1213
Pavement Surface 7,0,OUTER,0,88,951.3806,305.0687
Pavement Surface 7,0,OUTER,0,89,949.5489,304.1022
Pavement Surface 7,0,OUTER,0,90,947.6590,303.2272
Pavement Surface 7,0,OUTER,0,91,945.7182,302.4489
Pavement Surface 7,0,OUTER,0,92,943.7339,301.7713
Pavement Surface 7,0,OUTER,0,93,941.7140,301.1979
Pavement Surface 7,0,OUTER,0,94,939.6667,300.7313
Pavement Surface 7,0,OUTER,0,95,937.6007,300.3732
Pavement Surface 7,0,OUTER,0,96,935.5245,300.1244
Pavement Surface 7,0,OUTER,0,97,933.4466,299.9848
Pavement Surface 7,0,OUTER,0,98,931.3757,299.9534
Pavement Surface 7,0,OUTER,0,99,929.3198,300.0284
Pavement Surface 7,0,OUTER,0,100,927.2870,300.2070
Pavement Surface 7,0,OUTER,0,101,925.2846,300.4861
Pavement Surface 7,0,OUTER,0,102,923.2989,300.8659
Pavement Surface 7,0,OUTER,0,103,921.3166,301.3506
Pavement Surface 7,0,OUTER,0,104,919.3459,301.9409
Pavement Surface 7,0,OUTER,0,105,917.3951,302.6367
Pavement Surface 7,0,OUTER,0,106,915.4726,303.4373
Pavement Surface 7,0,OUTER,0,107,913.5867,304.3407
Pavement Surface 7,0,OUTER,0,108,911.7456,305.3443
Pavement Surface 7,0,OUTER,0,109,909.9573,306.4446
Pavement Surface 7,0,OUTER,0,110,908.2291,307.6372
Pavement Surface 7,0,OUTER,0,111,906.5681,308.9170
Pavement Surface 7,0,OUTER,0,112,904.9808,310.2783
Pavement Surface 7,0,OUTER,0,113,903.4728,311.7145
Pavement Surface 7,0,OUTER,0,114,902.0492,313.2189
Pavement Surface 7,0,OUTER,0,115,900.7143,314.7841
Pavement Surface 7,0,OUTER,0,116,899.4712,316.4025
Pavement Surface 7,0,OUTER,0,117,897.7297,318.9735
Pavement Surface 7,0,OUTER,0,118,897.1366,319.8808
Pavement Surface 7,0,OUTER,0,119,895.9506,321.6953
Pavement Surface 7,0,OUTER,0,120,848.4787,394.3240
Pavement Surface 7,0,OUTER,0,121,739.9523,560.3618
Pavement Surface 7,0,OUTER,0,122,739.3894,561.0727
Pavement Surface 7,0,OUTER,0,123,738.6638,561.7015
Pavement Surface 7,0,OUTER,0,124,736.8257,562.5128
Pavement Surface 7,0,OUTER,0,125,735.8119,562.6260
Pavement Surface 7,0,OUTER,0,126,734.8167,562.5350
Pavement Surface 7,0,OUTER,0,127,733.0893,561.8487
Pavement Surface 7,0,OUTER,0,128,688.3635,533.4847
Pavement Surface 7,0,OUTER,0,129,686.7443,532.6540
Pavement Surface 7,0,OUTER,0,130,684.8951,532.1094
Pavement Surface 7,0,OUTER,0,131,683.9078,531.9703
Pavement Surface 7,0,OUTER,0,132,683.1875,531.9418
Pavement Surface 7,0,OUTER,0,133,681.8747,531.9941
Pavement Surface 7,0,OUTER,0,134,680.8600,532.1631
Pavement Surface 7,0,OUTER,0,135,679.8680,532.4354
Pavement Surface 7,0,OUTER,0,136,678.9142,532.8060
Pavement Surface 7,0,OUTER,0,137,678.0125,533.2668
Pavement Surface 7,0,OUTER,0,138,677.1747,533.8073
Pavement Surface 7,0,OUTER,0,139,675.7245,535.0775
Pavement Surface 7,0,HOLE,0,0,885.7939,360.0744
Pavement Surface 7,0,HOLE,0,1,906.3176,331.3798
Pavement Surface 7,0,HOLE,0,2,945.4854,359.3965
Pavement Surface 7,0,HOLE,0,3,966.4916,374.4213
Pavement Surface 7,0,HOLE,0,4,961.6087,381.2771
Pavement Surface 7,0,HOLE,0,5,944.9814,404.5241
Pavement Surface 7,0,HOLE,0,6,884.7991,361.4788
Pavement Surface 7,0,HOLE,1,0,928.1239,426.2774
Pavement Surface 7,0,HOLE,1,1,885.8747,396.0588
Pavement Surface 7,0,HOLE,1,2,894.8920,383.4516
Pavement Surface 7,0,HOLE,1,3,918.1963,400.1201
Pavement Surface 7,0,HOLE,1,4,938.0001,414.2847
Pavement Surface 7,0,HOLE,1,5,928.9829,426.8918
Pavement Surface 7,0,HOLE,2,0,869.5855,418.8329
Pavement Surface 7,0,HOLE,2,1,912.6935,449.6661
Pavement Surface 7,0,HOLE,2,2,904.2710,461.4417
Pavement Surface 7,0,HOLE,2,3,903.6765,462.2730
Pavement Surface 7,0,HOLE,2,4,860.5684,431.4399
Pavement Surface 7,0,HOLE,3,0,835.2621,466.8211
Pavement Surface 7,0,HOLE,3,1,844.2800,454.2144
Pavement Surface 7,0,HOLE,3,2,875.9905,476.8953
Pavement Surface 7,0,HOLE,3,3,887.3874,485.0469
Pavement Surface 7,0,HOLE,3,4,878.3703,497.6541
Pavement Surface 7,0,HOLE,4,0,845.0550,527.3068
Pavement Surface 7,0,HOLE,4,1,809.9558,502.2022
Pavement Surface 7,0,HOLE,4,2,818.9730,489.5951
Pavement Surface 7,0,HOLE,4,3,862.0811,520.4281
Pavement Surface 7,0,HOLE,4,4,853.0639,533.0352
Pavement Surface 7,0,HOLE,5,0,821.6821,525.3428
Pavement Surface 7,0,HOLE,5,1,846.0828,542.7977
Pavement Surface 7,0,HOLE,5,2,836.7682,555.8190
Pavement Surface 7,0,HOLE,5,3,835.3205,557.8427
Pavement Surface 7,0,HOLE,5,4,810.9198,540.3878
Pavement Surface 7,0,HOLE,6,0,805.8398,565.0328
Pavement Surface 7,0,HOLE,6,1,769.8861,539.3135
Pavement Surface 7,0,HOLE,6,2,780.3587,524.6736
Pavement Surface 7,0,HOLE,6,3,801.9994,540.1542
Pavement Surface 7,0,HOLE,6,4,832.4139,561.9111
Pavement Surface 7,0,HOLE,6,5,821.9413,576.5508
Pavement Surface 7,0,HOLE,7,0,732.8044,660.9713
Pavement Surface 7,0,HOLE,7,1,728.3398,658.0538
Pavement Surface 7,0,HOLE,7,2,721.0460,669.2151
Pavement Surface 7,0,HOLE,7,3,696.0104,652.8547
Pavement Surface 7,0,HOLE,7,4,692.8841,657.7752
Pavement Surface 7,0,HOLE,7,5,652.6869,631.4117
Pavement Surface 7,0,HOLE,7,6,655.8411,626.6040
Pavement Surface 7,0,HOLE,7,7,633.9869,612.3235
Pavement Surface 7,0,HOLE,7,8,680.6672,540.8904
Pavement Surface 7,0,HOLE,7,9,702.5860,555.2139
Pavement Surface 7,0,HOLE,7,10,705.7315,550.4006
Pavement Surface 7,0,HOLE,7,11,745.8369,576.6087
Pavement Surface 7,0,HOLE,7,12,742.6915,581.4221
Pavement Surface 7,0,HOLE,7,13,746.7279,584.0598
Pavement Surface 7,0,HOLE,7,14,753.2473,574.0832
Pavement Surface 7,0,HOLE,7,15,765.2854,581.9514
Pavement Surface 7,0,HOLE,7,16,761.8074,587.2736
Pavement Surface 7,0,HOLE,7,17,775.4545,596.1624
Pavement Surface 7,0,HOLE,7,18,768.3583,607.0220
Pavement Surface 7,0,HOLE,7,19,773.3312,610.2717
Pavement Surface 7,0,HOLE,7,20,746.2353,651.7352
Pavement Surface 7,0,HOLE,7,21,741.0531,648.3487
Pavement Surface 8,0,OUTER,0,0,537.6481,1206.7869
Pavement Surface 8,0,OUTER,0,1,530.0682,1225.1826
Pavement Surface 8,0,OUTER,0,2,529.2040,1226.9356
Pavement Surface 8,0,OUTER,0,3,525.8498,1234.9395
Pavement Surface 8,0,OUTER,0,4,504.5958,1287.0544
Pavement Surface 8,0,OUTER,0,5,500.4524,1285.2578
Pavement Surface 8,0,OUTER,0,6,500.6352,1285.7242
Pavement Surface 8,0,OUTER,0,7,501.5168,1287.5479
Pavement Surface 8,0,OUTER,0,8,502.2709,1288.4929
Pavement Surface 8,0,OUTER,0,9,503.6612,1290.2350
Pavement Surface 8,0,OUTER,0,10,504.6216,1291.2913
Pavement Surface 8,0,OUTER,0,11,506.3983,1293.1664
Pavement Surface 8,0,OUTER,0,12,508.5733,1295.2313
Pavement Surface 8,0,OUTER,0,13,510.8972,1297.1285
Pavement Surface 8,0,OUTER,0,14,512.5948,1298.3844
Pavement Surface 8,0,OUTER,0,15,514.1216,1299.4489
Pavement Surface 8,0,OUTER,0,16,516.0229,1300.6254
Pavement Surface 8,0,OUTER,0,17,517.6472,1301.5821
Pavement Surface 8,0,OUTER,0,18,519.6646,1302.6020
Pavement Surface 8,0,OUTER,0,19,521.3371,1303.4205
Pavement Surface 8,0,OUTER,0,20,522.3853,1303.8416
Pavement Surface 8,0,OUTER,0,21,525.0875,1304.9201
Pavement Surface 8,0,OUTER,0,22,528.8112,1306.0722
Pavement Surface 8,0,OUTER,0,23,530.9115,1306.5475
Pavement Surface 8,0,OUTER,0,24,532.9338,1306.9787
Pavement Surface 8,0,OUTER,0,25,536.4238,1307.4897
Pavement Surface 8,0,OUTER,0,26,540.2434,1307.7531
Pavement Surface 8,0,OUTER,0,27,543.2433,1307.7322
Pavement Surface 8,0,OUTER,0,28,545.1394,1307.6357
Pavement Surface 8,0,OUTER,0,29,547.1157,1307.4738
Pavement Surface 8,0,OUTER,0,30,549.2210,1307.1910
Pavement Surface 8,0,OUTER,0,31,550.7082,1306.9581
Pavement Surface 8,0,OUTER,0,32,553.1600,1306.4395
Pavement Surface 8,0,OUTER,0,33,554.8683,1306.0438
Pavement Surface 8,0,OUTER,0,34,556.1564,1305.6458
Pavement Surface 8,0,OUTER,0,35,558.5639,1304.8826
Pavement Surface 8,0,OUTER,0,36,560.3247,1304.1967
Pavement Surface 8,0,OUTER,0,37,561.5999,1303.6687
Pavement Surface 8,0,OUTER,0,38,562.6802,1303.1949
Pavement Surface 8,0,OUTER,0,39,564.0782,1302.5280
Pavement Surface 8,0,OUTER,0,40,565.8686,1301.5992
Pavement Surface 8,0,OUTER,0,41,567.6891,1300.5571
Pavement Surface 8,0,OUTER,0,42,569.7473,1299.2337
Pavement Surface 8,0,OUTER,0,43,571.0674,1298.3389
Pavement Surface 8,0,OUTER,0,44,572.6732,1297.1165
Pavement Surface 8,0,OUTER,0,45,574.2888,1295.8305
Pavement Surface 8,0,OUTER,0,46,575.8299,1294.4332
Pavement Surface 8,0,OUTER,0,47,577.4062,1292.9664
Pavement Surface 8,0,OUTER,0,48,580.0457,1290.0982
Pavement Surface 8,0,OUTER,0,49,581.7961,1287.8626
Pavement Surface 8,0,OUTER,0,50,582.5344,1286.9150
Pavement Surface 8,0,OUTER,0,51,583.5666,1285.3694
Pavement Surface 8,0,OUTER,0,52,584.2964,1284.2455
Pavement Surface 8,0,OUTER,0,53,585.4321,1282.3439
Pavement Surface 8,0,OUTER,0,54,585.7219,1281.8277
Pavement Surface 8,0,OUTER,0,55,586.7647,1279.8718
Pavement Surface 8,0,OUTER,0,56,587.5627,1278.1564
Pavement Surface 8,0,OUTER,0,57,588.4479,1276.0845
Pavement Surface 8,0,OUTER,0,58,589.0819,1274.3968
Pavement Surface 8,0,OUTER,0,59,589.8160,1272.1640
Pavement Surface 8,0,OUTER,0,60,590.2907,1270.5407
Pavement Surface 8,0,OUTER,0,61,590.8724,1268.0744
Pavement Surface 8,0,OUTER,0,62,591.1835,1266.6237
Pavement Surface 8,0,OUTER,0,63,591.6791,1263.2728
Pavement Surface 8,0,OUTER,0,64,591.7597,1262.6950
Pavement Surface 8,0,OUTER,0,65,601.1724,1171.4704
Pavement Surface 8,0,OUTER,0,66,602.3852,1161.2951
Pavement Surface 8,0,OUTER,0,67,603.9253,1151.1271
Pavement Surface 8,0,OUTER,0,68,605.7935,1140.9822
Pavement Surface 8,0,OUTER,0,69,607.9897,1130.8762
Pavement Surface 8,0,OUTER,0,70,610.5128,1120.8249
Pavement Surface 8,0,OUTER,0,71,613.3607,1110.8443
Pavement Surface 8,0,OUTER,0,72,616.5303,1100.9498
Pavement Surface 8,0,OUTER,0,73,620.0173,1091.1570
Pavement Surface 8,0,OUTER,0,74,623.8167,1081.4811
Pavement Surface 8,0,OUTER,0,75,627.9223,1071.9370
Pavement Surface 8,0,OUTER,0,76,632.3272,1062.5390
Pavement Surface 8,0,OUTER,0,77,637.0233,1053.3011
Pavement Surface 8,0,OUTER,0,78,642.0020,1044.2365
Pavement Surface 8,0,OUTER,0,79,647.2536,1035.3579
Pavement Surface 8,0,OUTER,0,80,652.7678,1026.6773
Pavement Surface 8,0,OUTER,0,81,658.5338,1018.2059
Pavement Surface 8,0,OUTER,0,82,706.7458,949.7269
Pavement Surface 8,0,OUTER,0,83,708.4001,947.9197
Pavement Surface 8,0,OUTER,0,84,769.3875,860.8939
Pavement Surface 8,0,OUTER,0,85,811.7469,800.4585
Pavement Surface 8,0,OUTER,0,86,814.8698,796.1763
Pavement Surface 8,0,OUTER,0,87,818.0932,791.9700
Pavement Surface 8,0,OUTER,0,88,821.4235,787.8496
Pavement Surface 8,0,OUTER,0,89,824.9673,783.6874
Pavement Surface 8,0,OUTER,0,90,828.7259,779.4974
Pavement Surface 8,0,OUTER,0,91,832.3745,775.6406
Pavement Surface 8,0,OUTER,0,92,835.7512,772.2335
Pavement Surface 8,0,OUTER,0,93,836.7586,771.2393
Pavement Surface 8,0,OUTER,0,94,839.6661,768.4826
Pavement Surface 8,0,OUTER,0,95,842.0583,766.2789
Pavement Surface 8,0,OUTER,0,96,850.7129,758.8687
Pavement Surface 8,0,OUTER,0,97,851.5606,758.1267
Pavement Surface 8,0,OUTER,0,98,854.4866,755.8134
Pavement Surface 8,0,OUTER,0,99,858.0259,753.1051
Pavement Surface 8,0,OUTER,0,100,859.8515,751.7824
Pavement Surface 8,0,OUTER,0,101,859.9706,751.6738
Pavement Surface 8,0,OUTER,0,102,861.2109,750.7981
Pavement Surface 8,0,OUTER,0,103,864.2929,748.6202
Pavement Surface 8,0,OUTER,0,104,867.6216,746.3712
Pavement Surface 8,0,OUTER,0,105,868.6548,745.7033
Pavement Surface 8,0,OUTER,0,106,868.6979,745.6598
Pavement Surface 8,0,OUTER,0,107,870.1850,744.7139
Pavement Surface 8,0,OUTER,0,108,872.5092,743.2339
Pavement Surface 8,0,OUTER,0,109,876.6325,740.7190
Pavement Surface 8,0,OUTER,0,110,943.7055,701.0023
Pavement Surface 8,0,OUTER,0,111,946.1371,699.4926
Pavement Surface 8,0,OUTER,0,112,946.8092,699.0550
Pavement Surface 8,0,OUTER,0,113,949.1074,697.6185
Pavement Surface 8,0,OUTER,0,114,950.0204,696.9711
Pavement Surface 8,0,OUTER,0,115,953.8304,694.3439
Pavement Surface 8,0,OUTER,0,116,955.7212,692.9740
Pavement Surface 8,0,OUTER,0,117,960.5644,689.2601
Pavement Surface 8,0,OUTER,0,118,965.9978,684.6624
Pavement Surface 8,0,OUTER,0,119,967.4990,683.2628
Pavement Surface 8,0,OUTER,0,120,973.7614,676.8675
Pavement Surface 8,0,OUTER,0,121,974.5916,675.9933
Pavement Surface 8,0,OUTER,0,122,977.7096,672.5776
Pavement Surface 8,0,OUTER,0,123,979.1811,670.8884
Pavement Surface 8,0,OUTER,0,124,980.7193,669.0661
Pavement Surface 8,0,OUTER,0,125,983.6179,665.4624
Pavement Surface 8,0,OUTER,0,126,1019.1778,619.1327
Pavement Surface 8,0,OUTER,0,127,1019.3804,618.1428
Pavement Surface 8,0,OUTER,0,128,1019.4037,615.8394
Pavement Surface 8,0,OUTER,0,129,1019.1743,614.5225
Pavement Surface 8,0,OUTER,0,130,1018.7864,613.2868
Pavement Surface 8,0,OUTER,0,131,1018.7380,613.1811
Pavement Surface 8,0,OUTER,0,132,1009.6439,625.1840
Pavement Surface 8,0,OUTER,0,133,1001.8852,635.3020
Pavement Surface 8,0,OUTER,0,134,997.6577,640.9073
Pavement Surface 8,0,OUTER,0,135,995.2542,644.1709
Pavement Surface 8,0,OUTER,0,136,990.0256,650.8582
Pavement Surface 8,0,OUTER,0,137,986.6880,655.2407
Pavement Surface 8,0,OUTER,0,138,980.6417,662.8693
Pavement Surface 8,0,OUTER,0,139,973.6463,671.1898
Pavement Surface 8,0,OUTER,0,140,969.3511,675.7353
Pavement Surface 8,0,OUTER,0,141,964.1445,680.6126
Pavement Surface 8,0,OUTER,0,142,961.5671,682.9778
Pavement Surface 8,0,OUTER,0,143,957.4730,686.4201
Pavement Surface 8,0,OUTER,0,144,954.0308,688.9814
Pavement Surface 8,0,OUTER,0,145,949.5639,692.2450
Pavement Surface 8,0,OUTER,0,146,947.8812,693.3522
Pavement Surface 8,0,OUTER,0,147,943.7155,696.0182
Pavement Surface 8,0,OUTER,0,148,941.9203,697.1325
Pavement Surface 8,0,OUTER,0,149,890.1125,656.2418
Pavement Surface 8,0,OUTER,0,150,875.9299,674.1657
Pavement Surface 8,0,OUTER,0,151,845.1052,713.5335
Pavement Surface 8,0,OUTER,0,152,814.0331,752.7059
Pavement Surface 8,0,OUTER,0,153,783.1143,792.0004
Pavement Surface 8,0,OUTER,0,154,752.2428,831.3302
Pavement Surface 8,0,OUTER,0,155,722.2660,871.3475
Pavement Surface 8,0,OUTER,0,156,693.2374,912.0581
Pavement Surface 8,0,OUTER,0,157,665.4356,953.6156
Pavement Surface 8,0,OUTER,0,158,638.7937,995.9264
Pavement Surface 8,0,OUTER,0,159,613.1493,1038.8491
Pavement Surface 8,0,OUTER,0,160,603.5481,1057.0991
Pavement Surface 8,0,OUTER,0,161,595.1471,1074.0104
Pavement Surface 8,0,OUTER,0,162,572.7627,1123.6938
Pavement Surface 8,0,OUTER,0,163,557.1643,1160.2159
Pavement Surface 9,0,OUTER,0,0,756.0163,334.1039
Pavement Surface 9,0,OUTER,0,1,756.8921,334.5991
Pavement Surface 9,0,OUTER,0,2,759.2055,335.8896
Pavement Surface 9,0,OUTER,0,3,759.5506,336.1049
Pavement Surface 9,0,OUTER,0,4,760.4060,336.6384
Pavement Surface 9,0,OUTER,0,5,762.7731,338.1882
Pavement Surface 9,0,OUTER,0,6,763.9459,338.9811
Pavement Surface 9,0,OUTER,0,7,765.5505,340.0379
Pavement Surface 9,0,OUTER,0,8,782.2546,351.0384
Pavement Surface 9,0,OUTER,0,9,848.4787,394.3240
Pavement Surface 9,0,OUTER,0,10,895.9506,321.6953
Pavement Surface 9,0,OUTER,0,11,896.6225,320.6361
Pavement Surface 9,0,OUTER,0,12,989.7231,173.9309
Pavement Surface 9,0,OUTER,0,13,990.6628,172.4195
Pavement Surface 9,0,OUTER,0,14,997.7820,161.1994
Pavement Surface 9,0,OUTER,0,15,998.4690,160.1500
Pavement Surface 9,0,OUTER,0,16,999.1349,159.1007
Pavement Surface 9,0,OUTER,0,17,1002.3920,153.9337
Pavement Surface 9,0,OUTER,0,18,1004.0160,151.4094
Pavement Surface 9,0,OUTER,0,19,1017.9439,129.4632
Pavement Surface 9,0,OUTER,0,20,1017.7739,129.3597
Pavement Surface 9,0,OUTER,0,21,1020.0979,126.1007
Pavement Surface 9,0,OUTER,0,22,926.0931,68.8520
Pavement Surface 9,0,HOLE,0,0,864.2880,321.9495
Pavement Surface 9,0,HOLE,0,1,866.7204,323.4452
Pavement Surface 9,0,HOLE,0,2,866.6245,323.6057
Pavement Surface 9,0,HOLE,0,3,864.1474,322.1704
Pavement Surface 9,0,HOLE,0,4,840.2904,359.4338
Pavement Surface 9,0,HOLE,0,5,789.4330,326.8745
Pavement Surface 9,0,HOLE,0,6,809.7239,295.0287
Pavement Surface 9,0,HOLE,0,7,811.8284,289.6391
Pavement Surface 9,0,HOLE,0,8,812.8194,290.1936
Pavement Surface 9,0,HOLE,0,9,827.3762,267.4561
Pavement Surface 9,0,HOLE,0,10,840.5349,275.8803
Pavement Surface 9,0,HOLE,0,11,916.6216,157.0333
Pavement Surface 9,0,HOLE,0,12,941.1857,118.6644
Pavement Surface 9,0,HOLE,0,13,978.9530,142.8433
Roadway Surface N1,0,OUTER,0,0,213.5176,1612.9771
Roadway Surface N1,0,OUTER,0,1,211.3162,1619.7483
Roadway Surface N1,0,OUTER,0,2,208.8467,1627.4200
Roadway Surface N1,0,OUTER,0,3,179.9869,1717.9365
Roadway Surface N1,0,OUTER,0,4,202.8481,1725.2264
Roadway Surface N1,0,OUTER,0,5,231.5525,1635.2019
Roadway Surface N1,0,OUTER,0,6,233.8495,1628.0495
Roadway Surface N1,0,OUTER,0,7,236.3217,1620.4435
Roadway Surface N1,0,OUTER,0,8,240.0915,1609.0511
Roadway Surface N1,0,OUTER,0,9,243.2839,1599.5744
Roadway Surface N1,0,OUTER,0,10,245.8736,1592.0051
Roadway Surface N1,0,OUTER,0,11,246.7347,1589.5076
Roadway Surface N1,0,OUTER,0,12,250.8046,1577.8388
Roadway Surface N1,0,OUTER,0,13,252.4745,1573.1259
Roadway Surface N1,0,OUTER,0,14,252.4777,1573.1270
Roadway Surface N1,0,OUTER,0,15,252.5128,1573.0231
Roadway Surface N1,0,OUTER,0,16,256.5266,1561.8295
Roadway Surface N1,0,OUTER,0,17,259.9547,1552.4366
Roadway Surface N1,0,OUTER,0,18,262.7328,1544.9345
Roadway Surface N1,0,OUTER,0,19,266.9521,1533.7008
Roadway Surface N1,0,OUTER,0,20,270.5211,1524.3589
Roadway Surface N1,0,OUTER,0,21,274.1377,1515.0327
Roadway Surface N1,0,OUTER,0,22,277.0610,1507.5896
Roadway Surface N1,0,OUTER,0,23,281.5090,1496.4389
Roadway Surface N1,0,OUTER,0,24,284.3964,1489.2965
Roadway Surface N1,0,OUTER,0,25,287.8465,1480.8688
Roadway Surface N1,0,OUTER,0,26,292.9109,1468.6958
Roadway Surface N1,0,OUTER,0,27,296.8045,1459.4850
Roadway Surface N1,0,OUTER,0,28,299.9541,1452.1311
Roadway Surface N1,0,OUTER,0,29,300.1620,1451.6519
Roadway Surface N1,0,OUTER,0,30,301.3313,1448.9412
Roadway Surface N1,0,OUTER,0,31,303.9309,1442.9600
Roadway Surface N1,0,OUTER,0,32,305.9326,1438.3740
Roadway Surface N1,0,OUTER,0,33,308.7607,1431.9707
Roadway Surface N1,0,OUTER,0,34,312.0173,1424.6636
Roadway Surface N1,0,OUTER,0,35,316.1308,1415.5489
Roadway Surface N1,0,OUTER,0,36,321.1306,1404.6343
Roadway Surface N1,0,OUTER,0,37,324.4942,1397.3815
Roadway Surface N1,0,OUTER,0,38,327.6375,1390.6751
Roadway Surface N1,0,OUTER,0,39,330.8858,1383.8114
Roadway Surface N1,0,OUTER,0,40,335.2034,1374.7915
Roadway Surface N1,0,OUTER,0,41,339.5659,1365.7933
Roadway Surface N1,0,OUTER,0,42,341.7656,1361.3032
Roadway Surface N1,0,OUTER,0,43,346.1940,1352.3371
Roadway Surface N1,0,OUTER,0,44,351.5732,1341.6030
Roadway Surface N1,0,OUTER,0,45,355.1880,1334.4736
Roadway Surface N1,0,OUTER,0,46,357.4643,1330.0218
Roadway Surface N1,0,OUTER,0,47,362.0505,1321.1354
Roadway Surface N1,0,OUTER,0,48,366.6810,1312.2722
Roadway Surface N1,0,OUTER,0,49,369.0129,1307.8492
Roadway Surface N1,0,OUTER,0,50,376.0775,1294.6168
Roadway Surface N1,0,OUTER,0,51,378.4506,1290.2161
Roadway Surface N1,0,OUTER,0,52,383.2355,1281.4351
Roadway Surface N1,0,OUTER,0,53,387.5121,1273.6744
Roadway Surface N1,0,OUTER,0,54,392.9368,1263.9457
Roadway Surface N1,0,OUTER,0,55,397.8528,1255.2375
Roadway Surface N1,0,OUTER,0,56,402.8154,1246.5537
Roadway Surface N1,0,OUTER,0,57,405.3125,1242.2202
Roadway Surface N1,0,OUTER,0,58,410.3329,1233.5755
Roadway Surface N1,0,OUTER,0,59,412.8726,1229.2565
Roadway Surface N1,0,OUTER,0,60,415.3741,1224.9349
Roadway Surface N1,0,OUTER,0,61,415.5365,1224.5423
Roadway Surface N1,0,OUTER,0,62,420.4295,1216.3143
Roadway Surface N1,0,OUTER,0,63,425.5837,1207.7437
Roadway Surface N1,0,OUTER,0,64,428.1791,1203.4642
Roadway Surface N1,0,OUTER,0,65,433.3948,1194.9368
Roadway Surface N1,0,OUTER,0,66,438.6555,1186.4318
Roadway Surface N1,0,OUTER,0,67,445.0288,1176.2560
Roadway Surface N1,0,OUTER,0,68,449.3037,1169.5016
Roadway Surface N1,0,OUTER,0,69,454.6892,1161.0795
Roadway Surface N1,0,OUTER,0,70,460.0718,1152.7538
Roadway Surface N1,0,OUTER,0,71,465.5959,1144.3020
Roadway Surface N1,0,OUTER,0,72,468.3441,1140.1318
Roadway Surface N1,0,OUTER,0,73,472.7707,1133.4648
Roadway Surface N1,0,OUTER,0,74,479.4504,1123.5057
Roadway Surface N1,0,OUTER,0,75,485.0686,1115.2305
Roadway Surface N1,0,OUTER,0,76,487.8930,1111.1037
Roadway Surface N1,0,OUTER,0,77,493.5794,1102.8617
Roadway Surface N1,0,OUTER,0,78,499.2920,1094.6696
Roadway Surface N1,0,OUTER,0,79,502.1669,1090.5795
Roadway Surface N1,0,OUTER,0,80,507.9517,1082.4151
Roadway Surface N1,0,OUTER,0,81,519.5788,1066.1527
Roadway Surface N1,0,OUTER,0,82,521.1708,1064.0871
Roadway Surface N1,0,OUTER,0,83,501.1478,1050.8389
Roadway Surface N1,0,OUTER,0,84,501.2939,1050.6345
Roadway Surface N1,0,OUTER,0,85,501.0225,1051.0139
Roadway Surface N1,0,OUTER,0,86,487.2946,1070.2202
Roadway Surface N1,0,OUTER,0,87,481.2971,1078.7066
Roadway Surface N1,0,OUTER,0,88,474.9992,1087.7163
Roadway Surface N1,0,OUTER,0,89,469.8772,1095.1183
Roadway Surface N1,0,OUTER,0,90,464.2252,1103.3751
Roadway Surface N1,0,OUTER,0,91,456.8243,1114.3191
Roadway Surface N1,0,OUTER,0,92,452.9836,1120.0574
Roadway Surface N1,0,OUTER,0,93,448.3204,1127.0827
Roadway Surface N1,0,OUTER,0,94,442.0351,1136.6547
Roadway Surface N1,0,OUTER,0,95,436.5906,1145.0426
Roadway Surface N1,0,OUTER,0,96,431.1877,1153.4574
Roadway Surface N1,0,OUTER,0,97,424.9378,1163.3067
Roadway Surface N1,0,OUTER,0,98,420.5068,1170.3663
Roadway Surface N1,0,OUTER,0,99,415.2292,1178.8602
Roadway Surface N1,0,OUTER,0,100,410.5093,1186.5253
Roadway Surface N1,0,OUTER,0,101,405.1287,1195.3695
Roadway Surface N1,0,OUTER,0,102,399.9133,1204.0420
Roadway Surface N1,0,OUTER,0,103,395.1003,1212.1364
Roadway Surface N1,0,OUTER,0,104,384.5278,1230.2146
Roadway Surface N1,0,OUTER,0,105,379.8713,1238.3169
Roadway Surface N1,0,OUTER,0,106,376.9828,1243.3867
Roadway Surface N1,0,OUTER,0,107,372.0077,1252.1994
Roadway Surface N1,0,OUTER,0,108,366.5179,1262.0450
Roadway Surface N1,0,OUTER,0,109,362.1901,1269.8988
Roadway Surface N1,0,OUTER,0,110,359.7634,1274.3389
Roadway Surface N1,0,OUTER,0,111,354.9433,1283.2373
Roadway Surface N1,0,OUTER,0,112,349.2025,1293.9795
Roadway Surface N1,0,OUTER,0,113,345.4370,1301.1058
Roadway Surface N1,0,OUTER,0,114,340.7509,1310.0755
Roadway Surface N1,0,OUTER,0,115,337.6236,1316.1376
Roadway Surface N1,0,OUTER,0,116,332.8783,1325.4130
Roadway Surface N1,0,OUTER,0,117,327.5389,1335.9874
Roadway Surface N1,0,OUTER,0,118,323.0807,1344.9386
Roadway Surface N1,0,OUTER,0,119,318.6668,1353.9117
Roadway Surface N1,0,OUTER,0,120,314.8876,1361.6789
Roadway Surface N1,0,OUTER,0,121,309.2122,1373.5035
Roadway Surface N1,0,OUTER,0,122,305.9248,1380.4496
Roadway Surface N1,0,OUTER,0,123,300.6108,1391.8249
Roadway Surface N1,0,OUTER,0,124,297.6335,1398.2926
Roadway Surface N1,0,OUTER,0,125,292.2657,1410.0718
Roadway Surface N1,0,OUTER,0,126,288.0532,1419.4658
Roadway Surface N1,0,OUTER,0,127,284.7623,1426.8961
Roadway Surface N1,0,OUTER,0,128,281.9302,1433.3561
Roadway Surface N1,0,OUTER,0,129,276.9122,1444.9593
Roadway Surface N1,0,OUTER,0,130,273.9286,1451.9473
Roadway Surface N1,0,OUTER,0,131,271.9573,1456.6075
Roadway Surface N1,0,OUTER,0,132,268.0496,1465.9427
Roadway Surface N1,0,OUTER,0,133,266.1133,1470.6174
Roadway Surface N1,0,OUTER,0,134,261.5795,1481.7129
Roadway Surface N1,0,OUTER,0,135,258.4886,1489.3664
Roadway Surface N1,0,OUTER,0,136,254.1505,1500.2819
Roadway Surface N1,0,OUTER,0,137,250.3040,1510.1101
Roadway Surface N1,0,OUTER,0,138,246.6644,1519.5527
Roadway Surface N1,0,OUTER,0,139,243.3521,1528.2706
Roadway Surface N1,0,OUTER,0,140,239.5252,1538.4919
Roadway Surface N1,0,OUTER,0,141,236.3840,1547.0174
Roadway Surface N1,0,OUTER,0,142,232.9696,1556.4164
Roadway Surface N1,0,OUTER,0,143,229.9387,1564.8811
Roadway Surface N1,0,OUTER,0,144,226.2802,1575.2644
Roadway Surface N1,0,OUTER,0,145,223.0054,1584.7130
Roadway Surface N1,0,OUTER,0,146,219.7773,1594.1776
Roadway Surface N1,0,OUTER,0,147,217.6421,1600.5220
Roadway Surface N10,0,OUTER,0,0,828.7259,779.4974
Roadway Surface N10,0,OUTER,0,1,824.9673,783.6874
Roadway Surface N10,0,OUTER,0,2,821.4235,787.8496
Roadway Surface N10,0,OUTER,0,3,818.0932,791.9700
Roadway Surface N10,0,OUTER,0,4,814.8698,796.1763
Roadway Surface N10,0,OUTER,0,5,811.7469,800.4585
Roadway Surface N10,0,OUTER,0,6,769.3875,860.8939
Roadway Surface N10,0,OUTER,0,7,788.2290,874.4552
Roadway Surface N10,0,OUTER,0,8,788.7391,874.8223
Roadway Surface N10,0,OUTER,0,9,788.6852,874.9344
Roadway Surface N10,0,OUTER,0,10,788.3135,875.7065
Roadway Surface N10,0,OUTER,0,11,788.3135,875.7066
Roadway Surface N10,0,OUTER,0,12,788.8643,874.9208
Roadway Surface N10,0,OUTER,0,13,830.6865,815.2426
Roadway Surface N10,0,OUTER,0,14,831.6128,813.9527
Roadway Surface N10,0,OUTER,0,15,831.9425,813.4724
Roadway Surface N10,0,OUTER,0,16,832.7529,812.3776
Roadway Surface N10,0,OUTER,0,17,834.0859,810.5481
Roadway Surface N10,0,OUTER,0,18,835.8966,808.1667
Roadway Surface N10,0,OUTER,0,19,836.7519,807.0703
Roadway Surface N10,0,OUTER,0,20,837.2233,806.4784
Roadway Surface N10,0,OUTER,0,21,838.5092,804.8639
Roadway Surface N10,0,OUTER,0,22,839.7685,803.3287
Roadway Surface N10,0,OUTER,0,23,839.9889,803.0601
Roadway Surface N10,0,OUTER,0,24,841.5436,801.2103
Roadway Surface N10,0,OUTER,0,25,842.9458,799.5836
Roadway Surface N10,0,OUTER,0,26,846.0788,796.0803
Roadway Surface N10,0,OUTER,0,27,846.6435,795.4711
Roadway Surface N10,0,OUTER,0,28,847.4595,794.5908
Roadway Surface N10,0,OUTER,0,29,849.3029,792.6583
Roadway Surface N10,0,OUTER,0,30,851.0927,790.8410
Roadway Surface N10,0,OUTER,0,31,852.6023,789.3139
Roadway Surface N10,0,OUTER,0,32,853.3567,788.5755
Roadway Surface N10,0,OUTER,0,33,855.9946,786.0594
Roadway Surface N10,0,OUTER,0,34,858.1631,784.0654
Roadway Surface N10,0,OUTER,0,35,859.4560,782.8821
Roadway Surface N10,0,OUTER,0,36,860.2102,782.2202
Roadway Surface N10,0,OUTER,0,37,861.3761,781.2035
Roadway Surface N10,0,OUTER,0,38,863.0013,779.7966
Roadway Surface N10,0,OUTER,0,39,863.8150,779.1234
Roadway Surface N10,0,OUTER,0,40,865.5290,777.7055
Roadway Surface N10,0,OUTER,0,41,866.6225,776.8008
Roadway Surface N10,0,OUTER,0,42,867.8010,775.8694
Roadway Surface N10,0,OUTER,0,43,870.3256,773.9006
Roadway Surface N10,0,OUTER,0,44,874.0904,771.0906
Roadway Surface N10,0,OUTER,0,45,877.1326,768.9266
Roadway Surface N10,0,OUTER,0,46,877.9197,768.3692
Roadway Surface N10,0,OUTER,0,47,879.5927,767.2426
Roadway Surface N10,0,OUTER,0,48,880.8691,766.3830
Roadway Surface N10,0,OUTER,0,49,881.8245,765.7520
Roadway Surface N10,0,OUTER,0,50,883.3584,764.7735
Roadway Surface N10,0,OUTER,0,51,883.3618,764.7713
Roadway Surface N10,0,OUTER,0,52,884.6539,763.9360
Roadway Surface N10,0,OUTER,0,53,885.2024,763.6015
Roadway Surface N10,0,OUTER,0,54,885.2031,763.6011
Roadway Surface N10,0,OUTER,0,55,885.7885,763.2290
Roadway Surface N10,0,OUTER,0,56,888.3553,761.6761
Roadway Surface N10,0,OUTER,0,57,956.6647,721.2321
Roadway Surface N10,0,OUTER,0,58,959.0941,719.8363
Roadway Surface N10,0,OUTER,0,59,974.3311,713.8483
Roadway Surface N10,0,OUTER,0,60,974.5654,713.7562
Roadway Surface N10,0,OUTER,0,61,975.1363,713.6695
Roadway Surface N10,0,OUTER,0,62,982.6364,712.4213
Roadway Surface N10,0,OUTER,0,63,982.8152,712.3917
Roadway Surface N10,0,OUTER,0,64,983.3001,712.3806
Roadway Surface N10,0,OUTER,0,65,990.7311,712.2108
Roadway Surface N10,0,OUTER,0,66,991.2673,712.1985
Roadway Surface N10,0,OUTER,0,67,991.4833,712.2245
Roadway Surface N10,0,OUTER,0,68,999.1825,713.1499
Roadway Surface N10,0,OUTER,0,69,1000.8308,713.4447
Roadway Surface N10,0,OUTER,0,70,1002.7042,713.8937
Roadway Surface N10,0,OUTER,0,71,1005.5923,714.7054
Roadway Surface N10,0,OUTER,0,72,1007.5995,715.3207
Roadway Surface N10,0,OUTER,0,73,1010.3192,716.2656
Roadway Surface N10,0,OUTER,0,74,1014.5542,718.1158
Roadway Surface N10,0,OUTER,0,75,1018.5740,720.2514
Roadway Surface N10,0,OUTER,0,76,1022.3536,722.6399
Roadway Surface N10,0,OUTER,0,77,1025.8739,725.2465
Roadway Surface N10,0,OUTER,0,78,1098.1043,782.9271
Roadway Surface N10,0,OUTER,0,79,1098.7642,783.5044
Roadway Surface N10,0,OUTER,0,80,1099.4173,784.1877
Roadway Surface N10,0,OUTER,0,81,1100.0070,784.9366
Roadway Surface N10,0,OUTER,0,82,1100.5347,785.7592
Roadway Surface N10,0,OUTER,0,83,1101.3550,787.5915
Roadway Surface N10,0,OUTER,0,84,1101.7979,789.5929
Roadway Surface N10,0,OUTER,0,85,1101.7583,792.1013
Roadway Surface N10,0,OUTER,0,86,1100.8820,794.9705
Roadway Surface N10,0,OUTER,0,87,1100.3574,795.9471
Roadway Surface N10,0,OUTER,0,88,1100.0673,796.4872
Roadway Surface N10,0,OUTER,0,89,1126.9340,762.3485
Roadway Surface N10,0,OUTER,0,90,1125.5848,763.7556
Roadway Surface N10,0,OUTER,0,91,1123.9540,764.8934
Roadway Surface N10,0,OUTER,0,92,1122.1303,765.6859
Roadway Surface N10,0,OUTER,0,93,1120.2244,766.0976
Roadway Surface N10,0,OUTER,0,94,1118.2747,766.1316
Roadway Surface N10,0,OUTER,0,95,1116.3024,765.7697
Roadway Surface N10,0,OUTER,0,96,1114.4710,765.0404
Roadway Surface N10,0,OUTER,0,97,1112.8359,763.9779
Roadway Surface N10,0,OUTER,0,98,1074.4257,733.3048
Roadway Surface N10,0,OUTER,0,99,1071.7192,730.9366
Roadway Surface N10,0,OUTER,0,100,1069.1570,728.2436
Roadway Surface N10,0,OUTER,0,101,1066.7916,725.2344
Roadway Surface N10,0,OUTER,0,102,1064.6764,721.9287
Roadway Surface N10,0,OUTER,0,103,1063.7285,720.1738
Roadway Surface N10,0,OUTER,0,104,1062.8620,718.3573
Roadway Surface N10,0,OUTER,0,105,1062.0821,716.4848
Roadway Surface N10,0,OUTER,0,106,1061.3940,714.5624
Roadway Surface N10,0,OUTER,0,107,1061.2527,714.0930
Roadway Surface N10,0,OUTER,0,108,1060.8021,712.5969
Roadway Surface N10,0,OUTER,0,109,1060.3100,710.5956
Roadway Surface N10,0,OUTER,0,110,1059.9207,708.5662
Roadway Surface N10,0,OUTER,0,111,1059.6365,706.5167
Roadway Surface N10,0,OUTER,0,112,1059.4586,704.4552
Roadway Surface N10,0,OUTER,0,113,1059.3876,702.3900
Roadway Surface N10,0,OUTER,0,114,1059.4231,700.3294
Roadway Surface N10,0,OUTER,0,115,1059.5639,698.2815
Roadway Surface N10,0,OUTER,0,116,1059.8080,696.2543
Roadway Surface N10,0,OUTER,0,117,1060.1526,694.2553
Roadway Surface N10,0,OUTER,0,118,1060.6017,692.2651
Roadway Surface N10,0,OUTER,0,119,1061.1288,690.3703
Roadway Surface N10,0,OUTER,0,120,1062.4573,686.6774
Roadway Surface N10,0,OUTER,0,121,1063.8610,683.7134
Roadway Surface N10,0,OUTER,0,122,1064.0955,683.2182
Roadway Surface N10,0,OUTER,0,123,1065.9959,680.0235
Roadway Surface N10,0,OUTER,0,124,1067.7586,677.5960
Roadway Surface N10,0,OUTER,0,125,1068.1090,677.1135
Roadway Surface N10,0,OUTER,0,126,1069.2796,675.6451
Roadway Surface N10,0,OUTER,0,127,1072.7915,671.2401
Roadway Surface N10,0,OUTER,0,128,1088.4300,683.7075
Roadway Surface N10,0,OUTER,0,129,1092.3771,678.7707
Roadway Surface N10,0,OUTER,0,130,1116.6332,648.3320
Roadway Surface N10,0,OUTER,0,131,1119.4036,644.8555
Roadway Surface N10,0,OUTER,0,132,1125.4264,637.6463
Roadway Surface N10,0,OUTER,0,133,1127.8004,634.6684
Roadway Surface N10,0,OUTER,0,134,1169.0447,582.9335
Roadway Surface N10,0,OUTER,0,135,1169.2139,582.6760
Roadway Surface N10,0,OUTER,0,136,1170.0485,581.4066
Roadway Surface N10,0,OUTER,0,137,1170.7903,579.6176
Roadway Surface N10,0,OUTER,0,138,1171.1813,577.6386
Roadway Surface N10,0,OUTER,0,139,1171.2250,576.6109
Roadway Surface N10,0,OUTER,0,140,1171.1624,575.5786
Roadway Surface N10,0,OUTER,0,141,1170.9934,574.5584
Roadway Surface N10,0,OUTER,0,142,1170.5904,573.2271
Roadway Surface N10,0,OUTER,0,143,1169.8997,571.7241
Roadway Surface N10,0,OUTER,0,144,1168.7779,570.1454
Roadway Surface N10,0,OUTER,0,145,1167.4591,568.8805
Roadway Surface N10,0,OUTER,0,146,1125.9628,535.7987
Roadway Surface N10,0,OUTER,0,147,1124.7093,534.6084
Roadway Surface N10,0,OUTER,0,148,1123.6323,533.1423
Roadway Surface N10,0,OUTER,0,149,1122.8204,531.4535
Roadway Surface N10,0,OUTER,0,150,1122.3265,529.5869
Roadway Surface N10,0,OUTER,0,151,1122.2012,527.6712
Roadway Surface N10,0,OUTER,0,152,1122.4366,525.8009
Roadway Surface N10,0,OUTER,0,153,1122.9928,524.0688
Roadway Surface N10,0,OUTER,0,154,1124.3689,521.4861
Roadway Surface N10,0,OUTER,0,155,1124.8322,521.0396
Roadway Surface N10,0,OUTER,0,156,1125.4633,520.0874
Roadway Surface N10,0,OUTER,0,157,1125.5206,520.0339
Roadway Surface N10,0,OUTER,0,158,1126.9750,518.0897
Roadway Surface N10,0,OUTER,0,159,1127.1574,517.8858
Roadway Surface N10,0,OUTER,0,160,1133.0610,511.3272
Roadway Surface N10,0,OUTER,0,161,1133.2041,511.1842
Roadway Surface N10,0,OUTER,0,162,1134.9220,509.6466
Roadway Surface N10,0,OUTER,0,163,1135.6854,509.0005
Roadway Surface N10,0,OUTER,0,164,1137.4239,507.6073
Roadway Surface N10,0,OUTER,0,165,1138.7157,506.6381
Roadway Surface N10,0,OUTER,0,166,1140.8883,505.1255
Roadway Surface N10,0,OUTER,0,167,1142.7393,503.9447
Roadway Surface N10,0,OUTER,0,168,1143.7158,503.3605
Roadway Surface N10,0,OUTER,0,169,1146.5445,501.8029
Roadway Surface N10,0,OUTER,0,170,1149.6399,500.3111
Roadway Surface N10,0,OUTER,0,171,1155.0023,498.3261
Roadway Surface N10,0,OUTER,0,172,1157.8667,497.4342
Roadway Surface N10,0,OUTER,0,173,1159.6772,496.9599
Roadway Surface N10,0,OUTER,0,174,1162.3565,496.3560
Roadway Surface N10,0,OUTER,0,175,1165.6417,495.7925
Roadway Surface N10,0,OUTER,0,176,1168.9227,495.4165
Roadway Surface N10,0,OUTER,0,177,1170.3252,495.2881
Roadway Surface N10,0,OUTER,0,178,1173.4162,495.1700
Roadway Surface N10,0,OUTER,0,179,1175.8861,495.2035
Roadway Surface N10,0,OUTER,0,180,1176.5303,495.2123
Roadway Surface N10,0,OUTER,0,181,1178.9099,495.3686
Roadway Surface N10,0,OUTER,0,182,1182.2232,495.7219
Roadway Surface N10,0,OUTER,0,183,1183.6400,495.8508
Roadway Surface N10,0,OUTER,0,184,1184.2525,496.0413
Roadway Surface N10,0,OUTER,0,185,1185.5120,496.2581
Roadway Surface N10,0,OUTER,0,186,1189.3712,497.1356
Roadway Surface N10,0,OUTER,0,187,1191.9694,497.8705
Roadway Surface N10,0,OUTER,0,188,1192.2422,497.9615
Roadway Surface N10,0,OUTER,0,189,1194.9878,498.8965
Roadway Surface N10,0,OUTER,0,190,1197.9071,500.0649
Roadway Surface N10,0,OUTER,0,191,1200.7496,501.3790
Roadway Surface N10,0,OUTER,0,192,1202.8172,502.4688
Roadway Surface N10,0,OUTER,0,193,1203.5046,502.8311
Roadway Surface N10,0,OUTER,0,194,1204.1223,503.1988
Roadway Surface N10,0,OUTER,0,195,1204.1192,503.2046
Roadway Surface N10,0,OUTER,0,196,1204.2813,503.2934
Roadway Surface N10,0,OUTER,0,197,1204.2801,503.2955
Roadway Surface N10,0,OUTER,0,198,1204.3728,503.3481
Roadway Surface N10,0,OUTER,0,199,1206.8314,504.8590
Roadway Surface N10,0,OUTER,0,200,1208.1744,505.7546
Roadway Surface N10,0,OUTER,0,201,1211.1461,507.9218
Roadway Surface N10,0,OUTER,0,202,1208.1161,505.5489
Roadway Surface N10,0,OUTER,0,203,1207.0396,504.7213
Roadway Surface N10,0,OUTER,0,204,1206.9746,504.6552
Roadway Surface N10,0,OUTER,0,205,1166.3186,472.8236
Roadway Surface N10,0,OUTER,0,206,1154.4713,463.5271
Roadway Surface N10,0,OUTER,0,207,1153.9967,463.1694
Roadway Surface N10,0,OUTER,0,208,1153.9346,463.1059
Roadway Surface N10,0,OUTER,0,209,1104.0143,424.0123
Roadway Surface N10,0,OUTER,0,210,1107.6598,428.7478
Roadway Surface N10,0,OUTER,0,211,1109.6584,431.3959
Roadway Surface N10,0,OUTER,0,212,1110.4738,432.5644
Roadway Surface N10,0,OUTER,0,213,1111.3016,433.9059
Roadway Surface N10,0,OUTER,0,214,1111.4929,434.1703
Roadway Surface N10,0,OUTER,0,215,1112.9532,436.5554
Roadway Surface N10,0,OUTER,0,216,1113.2295,437.0214
Roadway Surface N10,0,OUTER,0,217,1114.7758,439.9740
Roadway Surface N10,0,OUTER,0,218,1115.1352,440.7222
Roadway Surface N10,0,OUTER,0,219,1116.1560,443.0077
Roadway Surface N10,0,OUTER,0,220,1116.9736,445.0493
Roadway Surface N10,0,OUTER,0,221,1117.3544,446.1151
Roadway Surface N10,0,OUTER,0,222,1118.3775,449.2833
Roadway Surface N10,0,OUTER,0,223,1118.8150,450.7422
Roadway Surface N10,0,OUTER,0,224,1119.2604,452.5015
Roadway Surface N10,0,OUTER,0,225,1119.6097,454.0675
Roadway Surface N10,0,OUTER,0,226,1119.9392,455.7645
Roadway Surface N10,0,OUTER,0,227,1120.3913,458.7035
Roadway Surface N10,0,OUTER,0,228,1120.7495,462.3783
Roadway Surface N10,0,OUTER,0,229,1120.8081,463.3864
Roadway Surface N10,0,OUTER,0,230,1120.8611,465.1314
Roadway Surface N10,0,OUTER,0,231,1120.8786,465.7087
Roadway Surface N10,0,OUTER,0,232,1120.8694,467.6099
Roadway Surface N10,0,OUTER,0,233,1120.8228,469.0410
Roadway Surface N10,0,OUTER,0,234,1120.5823,472.3653
Roadway Surface N10,0,OUTER,0,235,1120.5395,472.7781
Roadway Surface N10,0,OUTER,0,236,1120.1580,475.6711
Roadway Surface N10,0,OUTER,0,237,1119.8557,477.4295
Roadway Surface N10,0,OUTER,0,238,1119.5510,478.9482
Roadway Surface N10,0,OUTER,0,239,1118.7633,482.1867
Roadway Surface N10,0,OUTER,0,240,1117.7973,485.3766
Roadway Surface N10,0,OUTER,0,241,1117.4099,486.5013
Roadway Surface N10,0,OUTER,0,242,1116.6560,488.5079
Roadway Surface N10,0,OUTER,0,243,1115.6630,490.8661
Roadway Surface N10,0,OUTER,0,244,1115.3428,491.5712
Roadway Surface N10,0,OUTER,0,245,1113.8618,494.5570
Roadway Surface N10,0,OUTER,0,246,1113.5802,495.0809
Roadway Surface N10,0,OUTER,0,247,1112.2176,497.4561
Roadway Surface N10,0,OUTER,0,248,1111.1744,499.1201
Roadway Surface N10,0,OUTER,0,249,1110.4152,500.2596
Roadway Surface N10,0,OUTER,0,250,1108.6011,502.7745
Roadway Surface N10,0,OUTER,0,251,1101.8851,511.5265
Roadway Surface N10,0,OUTER,0,252,1099.1548,510.0215
Roadway Surface N10,0,OUTER,0,253,1052.2219,473.2632
Roadway Surface N10,0,OUTER,0,254,1046.9597,469.2168
Roadway Surface N10,0,OUTER,0,255,1007.5967,519.3005
Roadway Surface N10,0,OUTER,0,256,1002.1742,515.0089
Roadway Surface N10,0,OUTER,0,257,961.8362,566.2157
Roadway Surface N10,0,OUTER,0,258,964.7156,568.5036
Roadway Surface N10,0,OUTER,0,259,969.7198,572.4673
Roadway Surface N10,0,OUTER,0,260,977.6615,578.7543
Roadway Surface N10,0,OUTER,0,261,985.5369,585.0327
Roadway Surface N10,0,OUTER,0,262,1001.3498,597.6392
Roadway Surface N10,0,OUTER,0,263,1010.1102,604.5396
Roadway Surface N10,0,OUTER,0,264,1013.5147,607.3460
Roadway Surface N10,0,OUTER,0,265,1016.3994,609.7245
Roadway Surface N10,0,OUTER,0,266,1016.5869,609.8791
Roadway Surface N10,0,OUTER,0,267,1016.8734,610.2205
Roadway Surface N10,0,OUTER,0,268,1017.2006,610.5629
Roadway Surface N10,0,OUTER,0,269,1017.3518,610.7906
Roadway Surface N10,0,OUTER,0,270,1017.6045,611.0917
Roadway Surface N10,0,OUTER,0,271,1018.2798,612.1817
Roadway Surface N10,0,OUTER,0,272,1018.6920,613.0809
Roadway Surface N10,0,OUTER,0,273,1018.7380,613.1811
Roadway Surface N10,0,OUTER,0,274,1018.7864,613.2868
Roadway Surface N10,0,OUTER,0,275,1019.1743,614.5225
Roadway Surface N10,0,OUTER,0,276,1019.4037,615.8394
Roadway Surface N10,0,OUTER,0,277,1019.3804,618.1428
Roadway Surface N10,0,OUTER,0,278,1019.1778,619.1327
Roadway Surface N10,0,OUTER,0,279,983.6179,665.4624
Roadway Surface N10,0,OUTER,0,280,980.7193,669.0661
Roadway Surface N10,0,OUTER,0,281,979.1811,670.8884
Roadway Surface N10,0,OUTER,0,282,977.7096,672.5776
Roadway Surface N10,0,OUTER,0,283,974.5916,675.9933
Roadway Surface N10,0,OUTER,0,284,973.7614,676.8675
Roadway Surface N10,0,OUTER,0,285,967.4990,683.2628
Roadway Surface N10,0,OUTER,0,286,965.9978,684.6624
Roadway Surface N10,0,OUTER,0,287,960.5644,689.2601
Roadway Surface N10,0,OUTER,0,288,955.7212,692.9740
Roadway Surface N10,0,OUTER,0,289,953.8304,694.3439
Roadway Surface N10,0,OUTER,0,290,949.1074,697.6185
Roadway Surface N10,0,OUTER,0,291,946.8092,699.0550
Roadway Surface N10,0,OUTER,0,292,946.1371,699.4926
Roadway Surface N10,0,OUTER,0,293,943.7055,701.0023
Roadway Surface N10,0,OUTER,0,294,876.6325,740.7190
Roadway Surface N10,0,OUTER,0,295,872.5092,743.2339
Roadway Surface N10,0,OUTER,0,296,870.1850,744.7139
Roadway Surface N10,0,OUTER,0,297,868.6548,745.7033
Roadway Surface N10,0,OUTER,0,298,867.6216,746.3712
Roadway Surface N10,0,OUTER,0,299,864.2929,748.6202
Roadway Surface N10,0,OUTER,0,300,861.2109,750.7981
Roadway Surface N10,0,OUTER,0,301,859.8515,751.7824
Roadway Surface N10,0,OUTER,0,302,858.0259,753.1051
Roadway Surface N10,0,OUTER,0,303,854.4866,755.8134
Roadway Surface N10,0,OUTER,0,304,851.5606,758.1267
Roadway Surface N10,0,OUTER,0,305,850.7129,758.8687
Roadway Surface N10,0,OUTER,0,306,839.6661,768.4826
Roadway Surface N10,0,OUTER,0,307,836.7586,771.2393
Roadway Surface N10,0,OUTER,0,308,835.7512,772.2335
Roadway Surface N10,0,OUTER,0,309,832.3745,775.6406
Roadway Surface N11,0,OUTER,0,0,534.6847,698.1630
Roadway Surface N11,0,OUTER,0,1,534.6013,698.3318
Roadway Surface N11,0,OUTER,0,2,534.7367,698.2178
Roadway Surface N11,0,OUTER,0,3,539.7829,692.7208
Roadway Surface N11,0,OUTER,0,4,544.6638,688.0069
Roadway Surface N11,0,OUTER,0,5,545.0266,687.6566
Roadway Surface N11,0,OUTER,0,6,545.5882,687.1706
Roadway Surface N11,0,OUTER,0,7,546.2072,686.6689
Roadway Surface N11,0,OUTER,0,8,548.6835,684.6626
Roadway Surface N11,0,OUTER,0,9,551.3281,682.6487
Roadway Surface N11,0,OUTER,0,10,551.8156,682.2776
Roadway Surface N11,0,OUTER,0,11,552.9308,681.5183
Roadway Surface N11,0,OUTER,0,12,555.9916,679.4343
Roadway Surface N11,0,OUTER,0,13,556.7890,678.8915
Roadway Surface N11,0,OUTER,0,14,557.1129,678.7131
Roadway Surface N11,0,OUTER,0,15,570.5209,671.3308
Roadway Surface N11,0,OUTER,0,16,578.1659,668.2284
Roadway Surface N11,0,OUTER,0,17,589.1656,664.7700
Roadway Surface N11,0,OUTER,0,18,596.4813,663.5677
Roadway Surface N11,0,OUTER,0,19,606.7246,662.1185
Roadway Surface N11,0,OUTER,0,20,617.6665,661.8330
Roadway Surface N11,0,OUTER,0,21,618.6691,661.8085
Roadway Surface N11,0,OUTER,0,22,619.0013,661.8229
Roadway Surface N11,0,OUTER,0,23,621.1206,661.9171
Roadway Surface N11,0,OUTER,0,24,626.8547,662.3709
Roadway Surface N11,0,OUTER,0,25,627.6478,662.4768
Roadway Surface N11,0,OUTER,0,26,633.5722,663.3360
Roadway Surface N11,0,OUTER,0,27,634.5273,663.4745
Roadway Surface N11,0,OUTER,0,28,635.3165,663.6534
Roadway Surface N11,0,OUTER,0,29,641.6183,665.0261
Roadway Surface N11,0,OUTER,0,30,646.5280,666.3821
Roadway Surface N11,0,OUTER,0,31,647.2985,666.5948
Roadway Surface N11,0,OUTER,0,32,648.2952,666.9680
Roadway Surface N11,0,OUTER,0,33,659.5776,671.1917
Roadway Surface N11,0,OUTER,0,34,662.8226,672.6729
Roadway Surface N11,0,OUTER,0,35,671.5738,677.1273
Roadway Surface N11,0,OUTER,0,36,672.0418,677.3379
Roadway Surface N11,0,OUTER,0,37,672.0929,677.3609
Roadway Surface N11,0,OUTER,0,38,671.0525,676.6017
Roadway Surface N11,0,OUTER,0,39,671.0488,676.6048
Roadway Surface N11,0,OUTER,0,40,668.4210,674.6796
Roadway Surface N11,0,OUTER,0,41,627.1704,644.5447
Roadway Surface N11,0,OUTER,0,42,626.8500,644.3100
Roadway Surface N11,0,OUTER,0,43,625.9389,643.5605
Roadway Surface N11,0,OUTER,0,44,624.6387,642.3180
Roadway Surface N11,0,OUTER,0,45,623.4247,640.9248
Roadway Surface N11,0,OUTER,0,46,622.3207,639.3893
Roadway Surface N11,0,OUTER,0,47,621.3500,637.7242
Roadway Surface N11,0,OUTER,0,48,620.5335,635.9473
Roadway Surface N11,0,OUTER,0,49,619.8891,634.0808
Roadway Surface N11,0,OUTER,0,50,619.4302,632.1503
Roadway Surface N11,0,OUTER,0,51,619.1648,630.1838
Roadway Surface N11,0,OUTER,0,52,619.0910,628.2273
Roadway Surface N11,0,OUTER,0,53,619.2189,626.2588
Roadway Surface N11,0,OUTER,0,54,619.5264,624.3561
Roadway Surface N11,0,OUTER,0,55,620.0049,622.5264
Roadway Surface N11,0,OUTER,0,56,620.6373,620.7901
Roadway Surface N11,0,OUTER,0,57,621.4041,619.1633
Roadway Surface N11,0,OUTER,0,58,622.2843,617.6579
Roadway Surface N11,0,OUTER,0,59,674.5835,536.5415
Roadway Surface N11,0,OUTER,0,60,675.7245,535.0775
Roadway Surface N11,0,OUTER,0,61,677.1747,533.8073
Roadway Surface N11,0,OUTER,0,62,678.0125,533.2668
Roadway Surface N11,0,OUTER,0,63,678.9142,532.8060
Roadway Surface N11,0,OUTER,0,64,679.8680,532.4354
Roadway Surface N11,0,OUTER,0,65,680.8600,532.1631
Roadway Surface N11,0,OUTER,0,66,681.8747,531.9941
Roadway Surface N11,0,OUTER,0,67,682.8960,531.9303
Roadway Surface N11,0,OUTER,0,68,683.1875,531.9418
Roadway Surface N11,0,OUTER,0,69,683.9078,531.9703
Roadway Surface N11,0,OUTER,0,70,684.8951,532.1094
Roadway Surface N11,0,OUTER,0,71,686.7443,532.6540
Roadway Surface N11,0,OUTER,0,72,688.3635,533.4847
Roadway Surface N11,0,OUTER,0,73,733.0893,561.8487
Roadway Surface N11,0,OUTER,0,74,734.8167,562.5350
Roadway Surface N11,0,OUTER,0,75,735.8119,562.6260
Roadway Surface N11,0,OUTER,0,76,736.8257,562.5128
Roadway Surface N11,0,OUTER,0,77,738.6638,561.7015
Roadway Surface N11,0,OUTER,0,78,739.3894,561.0727
Roadway Surface N11,0,OUTER,0,79,739.9523,560.3618
Roadway Surface N11,0,OUTER,0,80,848.4787,394.3240
Roadway Surface N11,0,OUTER,0,81,782.2546,351.0384
Roadway Surface N11,0,OUTER,0,82,765.5505,340.0379
Roadway Surface N12,0,OUTER,0,0,978.8120,382.9939
Roadway Surface N12,0,OUTER,0,1,968.8432,396.9627
Roadway Surface N12,0,OUTER,0,2,957.8467,412.3208
Roadway Surface N12,0,OUTER,0,3,977.2843,426.2272
Roadway Surface N12,0,OUTER,0,4,987.3405,412.1675
Roadway Surface N12,0,OUTER,0,5,989.7852,408.9961
Roadway Surface N12,0,OUTER,0,6,991.2708,407.2486
Roadway Surface N12,0,OUTER,0,7,993.3847,404.9792
Roadway Surface N12,0,OUTER,0,8,994.5054,403.8699
Roadway Surface N12,0,OUTER,0,9,996.1826,402.3132
Roadway Surface N12,0,OUTER,0,10,997.1603,401.4585
Roadway Surface N12,0,OUTER,0,11,998.7287,400.1625
Roadway Surface N12,0,OUTER,0,12,999.5589,399.5117
Roadway Surface N12,0,OUTER,0,13,1001.3901,398.1563
Roadway Surface N12,0,OUTER,0,14,1002.2638,397.5466
Roadway Surface N12,0,OUTER,0,15,1002.8927,397.1331
Roadway Surface N12,0,OUTER,0,16,1004.1587,396.3008
Roadway Surface N12,0,OUTER,0,17,1004.9965,395.7819
Roadway Surface N12,0,OUTER,0,18,1007.0259,394.6015
Roadway Surface N12,0,OUTER,0,19,1007.9671,394.0894
Roadway Surface N12,0,OUTER,0,20,1008.7391,393.6955
Roadway Surface N12,0,OUTER,0,21,1009.2403,393.4305
Roadway Surface N12,0,OUTER,0,22,1010.9636,392.5990
Roadway Surface N12,0,OUTER,0,23,1012.6940,391.8303
Roadway Surface N12,0,OUTER,0,24,1014.0313,391.2802
Roadway Surface N12,0,OUTER,0,25,1016.1296,390.4915
Roadway Surface N12,0,OUTER,0,26,1017.1584,390.1371
Roadway Surface N12,0,OUTER,0,27,1018.2245,389.7916
Roadway Surface N12,0,OUTER,0,28,1019.3109,389.4619
Roadway Surface N12,0,OUTER,0,29,1020.3638,389.1636
Roadway Surface N12,0,OUTER,0,30,1021.5999,388.8394
Roadway Surface N12,0,OUTER,0,31,1023.6041,388.3730
Roadway Surface N12,0,OUTER,0,32,1025.7883,387.9461
Roadway Surface N12,0,OUTER,0,33,1027.6804,387.6436
Roadway Surface N12,0,OUTER,0,34,1029.0854,387.4587
Roadway Surface N12,0,OUTER,0,35,1030.8631,387.2729
Roadway Surface N12,0,OUTER,0,36,1032.4996,387.1489
Roadway Surface N12,0,OUTER,0,37,1033.5241,387.0941
Roadway Surface N12,0,OUTER,0,38,1034.5183,387.0663
Roadway Surface N12,0,OUTER,0,39,1035.1900,387.0475
Roadway Surface N12,0,OUTER,0,40,1036.2131,387.0412
Roadway Surface N12,0,OUTER,0,41,1036.9613,387.0503
Roadway Surface N12,0,OUTER,0,42,1037.3361,387.0439
Roadway Surface N12,0,OUTER,0,43,1037.5384,387.0593
Roadway Surface N12,0,OUTER,0,44,1038.6226,387.0913
Roadway Surface N12,0,OUTER,0,45,1038.8906,387.0928
Roadway Surface N12,0,OUTER,0,46,1040.0660,387.1566
Roadway Surface N12,0,OUTER,0,47,1042.2001,387.3316
Roadway Surface N12,0,OUTER,0,48,1044.5522,387.6137
Roadway Surface N12,0,OUTER,0,49,1045.5206,387.7573
Roadway Surface N12,0,OUTER,0,50,1046.9880,388.0057
Roadway Surface N12,0,OUTER,0,51,1048.9916,388.4058
Roadway Surface N12,0,OUTER,0,52,1049.9270,388.6579
Roadway Surface N12,0,OUTER,0,53,1051.7201,389.0662
Roadway Surface N12,0,OUTER,0,54,1053.3589,389.5286
Roadway Surface N12,0,OUTER,0,55,1055.2262,390.1174
Roadway Surface N12,0,OUTER,0,56,1056.3515,390.5049
Roadway Surface N12,0,OUTER,0,57,1057.4038,390.8925
Roadway Surface N12,0,OUTER,0,58,1058.3576,391.2586
Roadway Surface N12,0,OUTER,0,59,1060.8517,392.3122
Roadway Surface N12,0,OUTER,0,60,1062.3251,393.0114
Roadway Surface N12,0,OUTER,0,61,1064.1313,393.9146
Roadway Surface N12,0,OUTER,0,62,1065.1715,394.4657
Roadway Surface N12,0,OUTER,0,63,1065.7868,394.8085
Roadway Surface N12,0,OUTER,0,64,1067.3060,395.6965
Roadway Surface N12,0,OUTER,0,65,1069.6269,397.1725
Roadway Surface N12,0,OUTER,0,66,1070.1096,397.4987
Roadway Surface N12,0,OUTER,0,67,1071.7295,398.6718
Roadway Surface N12,0,OUTER,0,68,1072.8090,399.4536
Roadway Surface N12,0,OUTER,0,69,1073.2811,399.8196
Roadway Surface N12,0,OUTER,0,70,1092.9022,415.1867
Roadway Surface N12,0,OUTER,0,71,1096.1715,417.7821
Roadway Surface N12,0,OUTER,0,72,1104.0061,424.0017
Roadway Surface N12,0,OUTER,0,73,1104.0143,424.0123
Roadway Surface N12,0,OUTER,0,74,1153.9346,463.1059
Roadway Surface N12,0,OUTER,0,75,1154.4713,463.5271
Roadway Surface N12,0,OUTER,0,76,1166.3186,472.8236
Roadway Surface N12,0,OUTER,0,77,1206.9746,504.6552
Roadway Surface N12,0,OUTER,0,78,1208.1161,505.5489
Roadway Surface N12,0,OUTER,0,79,1211.1461,507.9218
Roadway Surface N12,0,OUTER,0,80,1219.7942,514.6946
Roadway Surface N12,0,OUTER,0,81,1222.1715,516.6505
Roadway Surface N12,0,OUTER,0,82,1222.7657,517.1394
Roadway Surface N12,0,OUTER,0,83,1223.3432,517.6632
Roadway Surface N12,0,OUTER,0,84,1223.7461,518.0144
Roadway Surface N12,0,OUTER,0,85,1223.9661,518.2282
Roadway Surface N12,0,OUTER,0,86,1224.8272,518.9966
Roadway Surface N12,0,OUTER,0,87,1225.3008,519.4420
Roadway Surface N12,0,OUTER,0,88,1225.6409,519.7477
Roadway Surface N12,0,OUTER,0,89,1226.3492,520.4561
Roadway Surface N12,0,OUTER,0,90,1226.3849,520.4918
Roadway Surface N12,0,OUTER,0,91,1227.3832,521.4589
Roadway Surface N12,0,OUTER,0,92,1227.8441,521.9513
Roadway Surface N12,0,OUTER,0,93,1228.2394,522.3468
Roadway Surface N12,0,OUTER,0,94,1228.6559,522.7893
Roadway Surface N12,0,OUTER,0,95,1228.6560,522.7894
Roadway Surface N12,0,OUTER,0,96,1230.1662,524.4321
Roadway Surface N12,0,OUTER,0,97,1230.5348,524.8528
Roadway Surface N12,0,OUTER,0,98,1231.0476,525.4284
Roadway Surface N12,0,OUTER,0,99,1233.5550,528.4853
Roadway Surface N12,0,OUTER,0,100,1233.9295,528.9833
Roadway Surface N12,0,OUTER,0,101,1234.9731,530.3676
Roadway Surface N12,0,OUTER,0,102,1235.7309,531.4112
Roadway Surface N12,0,OUTER,0,103,1236.0314,531.8465
Roadway Surface N12,0,OUTER,0,104,1236.8621,533.0498
Roadway Surface N12,0,OUTER,0,105,1237.9154,534.6738
Roadway Surface N12,0,OUTER,0,106,1238.1104,534.9666
Roadway Surface N12,0,OUTER,0,107,1239.2168,536.7705
Roadway Surface N12,0,OUTER,0,108,1239.6132,537.4496
Roadway Surface N12,0,OUTER,0,109,1240.8495,539.5679
Roadway Surface N12,0,OUTER,0,110,1240.9816,539.8472
Roadway Surface N12,0,OUTER,0,111,1242.4440,542.7712
Roadway Surface N12,0,OUTER,0,112,1243.2967,544.4858
Roadway Surface N12,0,OUTER,0,113,1243.6405,545.3326
Roadway Surface N12,0,OUTER,0,114,1244.0734,546.3860
Roadway Surface N12,0,OUTER,0,115,1244.3991,547.1380
Roadway Surface N12,0,OUTER,0,116,1244.8718,548.3103
Roadway Surface N12,0,OUTER,0,117,1245.3526,549.5599
Roadway Surface N12,0,OUTER,0,118,1245.8386,550.8639
Roadway Surface N12,0,OUTER,0,119,1246.4294,552.6102
Roadway Surface N12,0,OUTER,0,120,1246.4784,552.7637
Roadway Surface N12,0,OUTER,0,121,1246.6675,553.3506
Roadway Surface N12,0,OUTER,0,122,1246.7051,553.4767
Roadway Surface N12,0,OUTER,0,123,1247.1064,554.7375
Roadway Surface N12,0,OUTER,0,124,1247.3988,555.8016
Roadway Surface N12,0,OUTER,0,125,1247.6113,556.5190
Roadway Surface N12,0,OUTER,0,126,1247.7161,556.9015
Roadway Surface N12,0,OUTER,0,127,1247.7411,557.0032
Roadway Surface N12,0,OUTER,0,128,1248.0899,558.3520
Roadway Surface N12,0,OUTER,0,129,1248.4897,560.0327
Roadway Surface N12,0,OUTER,0,130,1249.0055,562.5405
Roadway Surface N12,0,OUTER,0,131,1249.5721,565.5299
Roadway Surface N12,0,OUTER,0,132,1249.8781,568.1244
Roadway Surface N12,0,OUTER,0,133,1249.9129,568.3300
Roadway Surface N12,0,OUTER,0,134,1249.9665,568.8836
Roadway Surface N12,0,OUTER,0,135,1250.1849,570.8338
Roadway Surface N12,0,OUTER,0,136,1250.2259,571.4085
Roadway Surface N12,0,OUTER,0,137,1250.3367,573.1382
Roadway Surface N12,0,OUTER,0,138,1250.4251,575.3420
Roadway Surface N12,0,OUTER,0,139,1250.4437,576.2900
Roadway Surface N12,0,OUTER,0,140,1250.4647,578.0261
Roadway Surface N12,0,OUTER,0,141,1250.4396,579.3622
Roadway Surface N12,0,OUTER,0,142,1250.4287,579.9427
Roadway Surface N12,0,OUTER,0,143,1250.4213,580.3342
Roadway Surface N12,0,OUTER,0,144,1250.3424,581.7757
Roadway Surface N12,0,OUTER,0,145,1250.3362,581.7782
Roadway Surface N12,0,OUTER,0,146,1250.3133,582.4391
Roadway Surface N12,0,OUTER,0,147,1250.2651,583.1892
Roadway Surface N12,0,OUTER,0,148,1250.2580,583.3300
Roadway Surface N12,0,OUTER,0,149,1250.2121,583.9549
Roadway Surface N12,0,OUTER,0,150,1250.1834,584.2430
Roadway Surface N12,0,OUTER,0,151,1250.0863,585.3334
Roadway Surface N12,0,OUTER,0,152,1250.0592,585.4851
Roadway Surface N12,0,OUTER,0,153,1249.9234,586.8441
Roadway Surface N12,0,OUTER,0,154,1249.8481,587.5969
Roadway Surface N12,0,OUTER,0,155,1249.7525,588.2332
Roadway Surface N12,0,OUTER,0,156,1249.2584,591.5212
Roadway Surface N12,0,OUTER,0,157,1249.0460,592.6259
Roadway Surface N12,0,OUTER,0,158,1248.5104,595.1974
Roadway Surface N12,0,OUTER,0,159,1248.4680,595.4351
Roadway Surface N12,0,OUTER,0,160,1248.4296,595.5516
Roadway Surface N12,0,OUTER,0,161,1248.3412,595.9392
Roadway Surface N12,0,OUTER,0,162,1247.8509,597.9614
Roadway Surface N12,0,OUTER,0,163,1247.5715,598.9715
Roadway Surface N12,0,OUTER,0,164,1247.2699,600.0327
Roadway Surface N12,0,OUTER,0,165,1246.5171,602.4581
Roadway Surface N12,0,OUTER,0,166,1246.2903,603.2064
Roadway Surface N12,0,OUTER,0,167,1246.1709,603.5054
Roadway Surface N12,0,OUTER,0,168,1246.0034,604.0201
Roadway Surface N12,0,OUTER,0,169,1245.6541,604.9291
Roadway Surface N12,0,OUTER,0,170,1245.3164,605.8598
Roadway Surface N12,0,OUTER,0,171,1244.9649,606.8284
Roadway Surface N12,0,OUTER,0,172,1244.6635,607.5454
Roadway Surface N12,0,OUTER,0,173,1244.3579,608.3331
Roadway Surface N12,0,OUTER,0,174,1243.8766,609.5736
Roadway Surface N12,0,OUTER,0,175,1241.9319,613.6038
Roadway Surface N12,0,OUTER,0,176,1241.7175,614.0494
Roadway Surface N12,0,OUTER,0,177,1241.4081,614.6223
Roadway Surface N12,0,OUTER,0,178,1240.6276,616.1113
Roadway Surface N12,0,OUTER,0,179,1240.2331,616.7903
Roadway Surface N12,0,OUTER,0,180,1239.8428,617.5106
Roadway Surface N12,0,OUTER,0,181,1238.3410,619.9980
Roadway Surface N12,0,OUTER,0,182,1237.6490,621.0963
Roadway Surface N12,0,OUTER,0,183,1237.2085,621.7821
Roadway Surface N12,0,OUTER,0,184,1236.5450,622.7402
Roadway Surface N12,0,OUTER,0,185,1236.0504,623.4522
Roadway Surface N12,0,OUTER,0,186,1235.6395,624.0694
Roadway Surface N12,0,OUTER,0,187,1235.0443,624.8644
Roadway Surface N12,0,OUTER,0,188,1234.4600,625.6381
Roadway Surface N12,0,OUTER,0,189,1233.7401,626.6100
Roadway Surface N12,0,OUTER,0,190,1233.6817,626.6687
Roadway Surface N12,0,OUTER,0,191,1233.3331,627.1497
Roadway Surface N12,0,OUTER,0,192,1232.7181,627.9312
Roadway Surface N12,0,OUTER,0,193,1232.6711,627.9911
Roadway Surface N12,0,OUTER,0,194,1246.8149,639.1243
Roadway Surface N12,0,OUTER,0,195,1247.9939,637.6264
Roadway Surface N12,0,OUTER,0,196,1252.0071,632.5345
Roadway Surface N12,0,OUTER,0,197,1289.0979,585.3965
Roadway Surface N12,0,OUTER,0,198,1291.3166,582.4648
Roadway Surface N12,0,OUTER,0,199,1292.9471,580.0526
Roadway Surface N12,0,OUTER,0,200,1294.4691,577.5457
Roadway Surface N12,0,OUTER,0,201,1295.8750,574.9514
Roadway Surface N12,0,OUTER,0,202,1297.2060,572.1629
Roadway Surface N12,0,OUTER,0,203,1298.4412,569.1648
Roadway Surface N12,0,OUTER,0,204,1299.3285,566.7295
Roadway Surface N12,0,OUTER,0,205,1300.2066,563.8741
Roadway Surface N12,0,OUTER,0,206,1300.9415,560.9786
Roadway Surface N12,0,OUTER,0,207,1301.5307,558.0537
Roadway Surface N12,0,OUTER,0,208,1301.9730,555.1105
Roadway Surface N12,0,OUTER,0,209,1302.2683,552.1522
Roadway Surface N12,0,OUTER,0,210,1302.4163,549.2129
Roadway Surface N12,0,OUTER,0,211,1302.4200,546.2801
Roadway Surface N12,0,OUTER,0,212,1302.2820,543.3718
Roadway Surface N12,0,OUTER,0,213,1302.0059,540.4979
Roadway Surface N12,0,OUTER,0,214,1301.5920,537.6406
Roadway Surface N12,0,OUTER,0,215,1301.0358,534.7827
Roadway Surface N12,0,OUTER,0,216,1300.3362,531.9346
Roadway Surface N12,0,OUTER,0,217,1299.4925,529.1070
Roadway Surface N12,0,OUTER,0,218,1298.5057,526.3107
Roadway Surface N12,0,OUTER,0,219,1297.3776,523.5566
Roadway Surface N12,0,OUTER,0,220,1296.1109,520.8551
Roadway Surface N12,0,OUTER,0,221,1294.7097,518.2168
Roadway Surface N12,0,OUTER,0,222,1293.1790,515.6516
Roadway Surface N12,0,OUTER,0,223,1291.5245,513.1686
Roadway Surface N12,0,OUTER,0,224,1289.7533,510.7768
Roadway Surface N12,0,OUTER,0,225,1287.8727,508.4841
Roadway Surface N12,0,OUTER,0,226,1285.8912,506.2977
Roadway Surface N12,0,OUTER,0,227,1283.8177,504.2236
Roadway Surface N12,0,OUTER,0,228,1281.6613,502.2673
Roadway Surface N12,0,OUTER,0,229,1279.4317,500.4329
Roadway Surface N12,0,OUTER,0,230,1234.5171,465.3378
Roadway Surface N12,0,OUTER,0,231,1233.5387,464.4899
Roadway Surface N12,0,OUTER,0,232,1199.5931,437.9039
Roadway Surface N12,0,OUTER,0,233,1198.7621,437.2531
Roadway Surface N12,0,OUTER,0,234,1195.6130,434.7867
Roadway Surface N12,0,OUTER,0,235,1190.7942,431.0125
Roadway Surface N12,0,OUTER,0,236,1065.8092,333.1255
Roadway Surface N12,0,OUTER,0,237,1062.5728,330.8400
Roadway Surface N12,0,OUTER,0,238,1060.8527,329.8083
Roadway Surface N12,0,OUTER,0,239,1059.0714,328.8584
Roadway Surface N12,0,OUTER,0,240,1057.2350,327.9953
Roadway Surface N12,0,OUTER,0,241,1055.3563,327.2264
Roadway Surface N12,0,OUTER,0,242,1053.4525,326.5579
Roadway Surface N12,0,OUTER,0,243,1051.4824,325.9761
Roadway Surface N12,0,OUTER,0,244,1049.4721,325.4930
Roadway Surface N12,0,OUTER,0,245,1047.4642,325.1190
Roadway Surface N12,0,OUTER,0,246,1045.4571,324.8501
Roadway Surface N12,0,OUTER,0,247,1043.4374,324.6828
Roadway Surface N12,0,OUTER,0,248,1041.4052,324.6176
Roadway Surface N12,0,OUTER,0,249,1039.3998,324.6549
Roadway Surface N12,0,OUTER,0,250,1035.7166,324.9991
Roadway Surface N12,0,OUTER,0,251,1035.0935,325.0940
Roadway Surface N12,0,OUTER,0,252,1032.1488,325.6673
Roadway Surface N12,0,OUTER,0,253,1030.6773,326.0238
Roadway Surface N12,0,OUTER,0,254,1029.6311,326.3099
Roadway Surface N12,0,OUTER,0,255,1027.7131,326.9396
Roadway Surface N12,0,OUTER,0,256,1025.8291,327.6656
Roadway Surface N12,0,OUTER,0,257,1023.9586,328.4974
Roadway Surface N12,0,OUTER,0,258,1022.1374,329.4218
Roadway Surface N12,0,OUTER,0,259,1020.3634,330.4393
Roadway Surface N12,0,OUTER,0,260,1018.4922,331.6497
Roadway Surface N12,0,OUTER,0,261,1013.1139,336.0911
Roadway Surface N12,0,OUTER,0,262,1009.4845,340.2451
Roadway Surface N12,0,OUTER,0,263,1008.6906,341.2462
Roadway Surface N12,0,OUTER,0,264,983.3745,376.6318
Roadway Surface N2,0,OUTER,0,0,231.5525,1635.2019
Roadway Surface N2,0,OUTER,0,1,202.8481,1725.2264
Roadway Surface N2,0,OUTER,0,2,208.7585,1727.1111
Roadway Surface N2,0,OUTER,0,3,213.3523,1711.6497
Roadway Surface N2,0,OUTER,0,4,221.6737,1685.8116
Roadway Surface N2,0,OUTER,0,5,237.2776,1637.0199
Roadway Surface N2,0,OUTER,0,6,242.1826,1621.8472
Roadway Surface N2,0,OUTER,0,7,247.2100,1606.7108
Roadway Surface N2,0,OUTER,0,8,252.3592,1591.6122
Roadway Surface N2,0,OUTER,0,9,257.6301,1576.5529
Roadway Surface N2,0,OUTER,0,10,263.0221,1561.5345
Roadway Surface N2,0,OUTER,0,11,268.5347,1546.5581
Roadway Surface N2,0,OUTER,0,12,274.1674,1531.6254
Roadway Surface N2,0,OUTER,0,13,279.9197,1516.7379
Roadway Surface N2,0,OUTER,0,14,285.7910,1501.8969
Roadway Surface N2,0,OUTER,0,15,291.7807,1487.1038
Roadway Surface N2,0,OUTER,0,16,297.8837,1472.3710
Roadway Surface N2,0,OUTER,0,17,304.1131,1457.6673
Roadway Surface N2,0,OUTER,0,18,310.4546,1443.0266
Roadway Surface N2,0,OUTER,0,19,316.9120,1428.4394
Roadway Surface N2,0,OUTER,0,20,323.4847,1413.9073
Roadway Surface N2,0,OUTER,0,21,330.1720,1399.4314
Roadway Surface N2,0,OUTER,0,22,341.7919,1374.9594
Roadway Surface N2,0,OUTER,0,23,343.8858,1371.0754
Roadway Surface N2,0,OUTER,0,24,346.3453,1367.3479
Roadway Surface N2,0,OUTER,0,25,347.7066,1365.5586
Roadway Surface N2,0,OUTER,0,26,349.1515,1363.8272
Roadway Surface N2,0,OUTER,0,27,350.6763,1362.1594
Roadway Surface N2,0,OUTER,0,28,352.2763,1360.5605
Roadway Surface N2,0,OUTER,0,29,353.9472,1359.0357
Roadway Surface N2,0,OUTER,0,30,355.0840,1358.0887
Roadway Surface N2,0,OUTER,0,31,355.7124,1357.5674
Roadway Surface N2,0,OUTER,0,32,356.9224,1356.6488
Roadway Surface N2,0,OUTER,0,33,357.4797,1356.2258
Roadway Surface N2,0,OUTER,0,34,359.3297,1354.9483
Roadway Surface N2,0,OUTER,0,35,363.1666,1352.6631
Roadway Surface N2,0,OUTER,0,36,365.8701,1351.3626
Roadway Surface N2,0,OUTER,0,37,367.1430,1350.7503
Roadway Surface N2,0,OUTER,0,38,367.9958,1350.3948
Roadway Surface N2,0,OUTER,0,39,382.5756,1344.4743
Roadway Surface N2,0,OUTER,0,40,384.4912,1343.7713
Roadway Surface N2,0,OUTER,0,41,387.0661,1343.0500
Roadway Surface N2,0,OUTER,0,42,389.7664,1342.5509
Roadway Surface N2,0,OUTER,0,43,392.5641,1342.2980
Roadway Surface N2,0,OUTER,0,44,395.4259,1342.3106
Roadway Surface N2,0,OUTER,0,45,398.3137,1342.6019
Roadway Surface N2,0,OUTER,0,46,401.1868,1343.1777
Roadway Surface N2,0,OUTER,0,47,404.0035,1344.0358
Roadway Surface N2,0,OUTER,0,48,406.7322,1345.1711
Roadway Surface N2,0,OUTER,0,49,409.3054,1346.5498
Roadway Surface N2,0,OUTER,0,50,411.7186,1348.1625
Roadway Surface N2,0,OUTER,0,51,413.9344,1349.9735
Roadway Surface N2,0,OUTER,0,52,415.9319,1351.9487
Roadway Surface N2,0,OUTER,0,53,417.6976,1354.0518
Roadway Surface N2,0,OUTER,0,54,419.2252,1356.2465
Roadway Surface N2,0,OUTER,0,55,420.5148,1358.4978
Roadway Surface N2,0,OUTER,0,56,421.7152,1361.1235
Roadway Surface N2,0,OUTER,0,57,422.6694,1363.8926
Roadway Surface N2,0,OUTER,0,58,423.3543,1366.7698
Roadway Surface N2,0,OUTER,0,59,423.5504,1368.2167
Roadway Surface N2,0,OUTER,0,60,423.7889,1370.6966
Roadway Surface N2,0,OUTER,0,61,423.8599,1372.6849
Roadway Surface N2,0,OUTER,0,62,423.6733,1375.6366
Roadway Surface N2,0,OUTER,0,63,423.2029,1378.5275
Roadway Surface N2,0,OUTER,0,64,422.4655,1381.3188
Roadway Surface N2,0,OUTER,0,65,421.0610,1385.7206
Roadway Surface N2,0,OUTER,0,66,417.3021,1397.6420
Roadway Surface N2,0,OUTER,0,67,415.1316,1404.6930
Roadway Surface N2,0,OUTER,0,68,414.3098,1407.4238
Roadway Surface N2,0,OUTER,0,69,419.2106,1392.2889
Roadway Surface N2,0,OUTER,0,70,421.8512,1384.2715
Roadway Surface N2,0,OUTER,0,71,424.4931,1376.3629
Roadway Surface N2,0,OUTER,0,72,426.3584,1370.8446
Roadway Surface N2,0,OUTER,0,73,429.5947,1361.3948
Roadway Surface N2,0,OUTER,0,74,433.3050,1350.7478
Roadway Surface N2,0,OUTER,0,75,436.2183,1342.5211
Roadway Surface N2,0,OUTER,0,76,438.7961,1335.3365
Roadway Surface N2,0,OUTER,0,77,442.4658,1325.2553
Roadway Surface N2,0,OUTER,0,78,446.5109,1314.3354
Roadway Surface N2,0,OUTER,0,79,450.0365,1304.9747
Roadway Surface N2,0,OUTER,0,80,453.6073,1295.6369
Roadway Surface N2,0,OUTER,0,81,457.2269,1286.3127
Roadway Surface N2,0,OUTER,0,82,461.8277,1274.6576
Roadway Surface N2,0,OUTER,0,83,464.5974,1267.7436
Roadway Surface N2,0,OUTER,0,84,468.3641,1258.4593
Roadway Surface N2,0,OUTER,0,85,472.1690,1249.2149
Roadway Surface N2,0,OUTER,0,86,476.0267,1239.9750
Roadway Surface N2,0,OUTER,0,87,479.0672,1232.7833
Roadway Surface N2,0,OUTER,0,88,482.5598,1224.6182
Roadway Surface N2,0,OUTER,0,89,480.4113,1223.6837
Roadway Surface N2,0,OUTER,0,90,480.3004,1223.9270
Roadway Surface N2,0,OUTER,0,91,479.1474,1226.1438
Roadway Surface N2,0,OUTER,0,92,478.4080,1227.3424
Roadway Surface N2,0,OUTER,0,93,477.7919,1228.2438
Roadway Surface N2,0,OUTER,0,94,476.2464,1230.2076
Roadway Surface N2,0,OUTER,0,95,474.5242,1232.0186
Roadway Surface N2,0,OUTER,0,96,472.6403,1233.6606
Roadway Surface N2,0,OUTER,0,97,470.6113,1235.1196
Roadway Surface N2,0,OUTER,0,98,468.4548,1236.3825
Roadway Surface N2,0,OUTER,0,99,466.1898,1237.4385
Roadway Surface N2,0,OUTER,0,100,463.8360,1238.2782
Roadway Surface N2,0,OUTER,0,101,461.4141,1238.8944
Roadway Surface N2,0,OUTER,0,102,459.5383,1239.2101
Roadway Surface N2,0,OUTER,0,103,458.9452,1239.2816
Roadway Surface N2,0,OUTER,0,104,456.4509,1239.4365
Roadway Surface N2,0,OUTER,0,105,453.9530,1239.3577
Roadway Surface N2,0,OUTER,0,106,451.4735,1239.0458
Roadway Surface N2,0,OUTER,0,107,449.0340,1238.5037
Roadway Surface N2,0,OUTER,0,108,446.6538,1237.7353
Roadway Surface N2,0,OUTER,0,109,446.5758,1237.9499
Roadway Surface N2,0,OUTER,0,110,433.1409,1232.2074
Roadway Surface N2,0,OUTER,0,111,415.4025,1224.9543
Roadway Surface N2,0,OUTER,0,112,412.8726,1229.2565
Roadway Surface N2,0,OUTER,0,113,410.3329,1233.5755
Roadway Surface N2,0,OUTER,0,114,405.3125,1242.2202
Roadway Surface N2,0,OUTER,0,115,402.8154,1246.5537
Roadway Surface N2,0,OUTER,0,116,397.8528,1255.2375
Roadway Surface N2,0,OUTER,0,117,392.9368,1263.9457
Roadway Surface N2,0,OUTER,0,118,387.5121,1273.6744
Roadway Surface N2,0,OUTER,0,119,383.2355,1281.4351
Roadway Surface N2,0,OUTER,0,120,378.4506,1290.2161
Roadway Surface N2,0,OUTER,0,121,376.0775,1294.6168
Roadway Surface N2,0,OUTER,0,122,369.0129,1307.8492
Roadway Surface N2,0,OUTER,0,123,366.6810,1312.2722
Roadway Surface N2,0,OUTER,0,124,362.0505,1321.1354
Roadway Surface N2,0,OUTER,0,125,357.4643,1330.0218
Roadway Surface N2,0,OUTER,0,126,355.1880,1334.4736
Roadway Surface N2,0,OUTER,0,127,351.5732,1341.6030
Roadway Surface N2,0,OUTER,0,128,346.1940,1352.3371
Roadway Surface N2,0,OUTER,0,129,341.7656,1361.3032
Roadway Surface N2,0,OUTER,0,130,339.5659,1365.7933
Roadway Surface N2,0,OUTER,0,131,335.2034,1374.7915
Roadway Surface N2,0,OUTER,0,132,330.8858,1383.8114
Roadway Surface N2,0,OUTER,0,133,327.6375,1390.6751
Roadway Surface N2,0,OUTER,0,134,324.4942,1397.3815
Roadway Surface N2,0,OUTER,0,135,321.1306,1404.6343
Roadway Surface N2,0,OUTER,0,136,316.1308,1415.5489
Roadway Surface N2,0,OUTER,0,137,312.0173,1424.6636
Roadway Surface N2,0,OUTER,0,138,308.7607,1431.9707
Roadway Surface N2,0,OUTER,0,139,305.9326,1438.3740
Roadway Surface N2,0,OUTER,0,140,303.9309,1442.9600
Roadway Surface N2,0,OUTER,0,141,301.3313,1448.9412
Roadway Surface N2,0,OUTER,0,142,300.1620,1451.6519
Roadway Surface N2,0,OUTER,0,143,299.9541,1452.1311
Roadway Surface N2,0,OUTER,0,144,296.8045,1459.4850
Roadway Surface N2,0,OUTER,0,145,292.9109,1468.6958
Roadway Surface N2,0,OUTER,0,146,287.8465,1480.8688
Roadway Surface N2,0,OUTER,0,147,284.3964,1489.2965
Roadway Surface N2,0,OUTER,0,148,281.5090,1496.4389
Roadway Surface N2,0,OUTER,0,149,277.0610,1507.5896
Roadway Surface N2,0,OUTER,0,150,274.1377,1515.0327
Roadway Surface N2,0,OUTER,0,151,270.5211,1524.3589
Roadway Surface N2,0,OUTER,0,152,266.9521,1533.7008
Roadway Surface N2,0,OUTER,0,153,262.7328,1544.9345
Roadway Surface N2,0,OUTER,0,154,259.9547,1552.4366
Roadway Surface N2,0,OUTER,0,155,256.5266,1561.8295
Roadway Surface N2,0,OUTER,0,156,252.5128,1573.0231
Roadway Surface N2,0,OUTER,0,157,252.4745,1573.1259
Roadway Surface N2,0,OUTER,0,158,252.4777,1573.1270
Roadway Surface N2,0,OUTER,0,159,250.8046,1577.8388
Roadway Surface N2,0,OUTER,0,160,246.7347,1589.5076
Roadway Surface N2,0,OUTER,0,161,245.8736,1592.0051
Roadway Surface N2,0,OUTER,0,162,243.2839,1599.5744
Roadway Surface N2,0,OUTER,0,163,240.0915,1609.0511
Roadway Surface N2,0,OUTER,0,164,236.3217,1620.4435
Roadway Surface N2,0,OUTER,0,165,233.8495,1628.0495
Roadway Surface N3,0,OUTER,0,0,734.2433,1298.0202
Roadway Surface N3,0,OUTER,0,1,735.0480,1300.1268
Roadway Surface N3,0,OUTER,0,2,735.9535,1302.2077
Roadway Surface N3,0,OUTER,0,3,736.9587,1304.2558
Roadway Surface N3,0,OUTER,0,4,738.0619,1306.2641
Roadway Surface N3,0,OUTER,0,5,739.2605,1308.2255
Roadway Surface N3,0,OUTER,0,6,740.5514,1310.1334
Roadway Surface N3,0,OUTER,0,7,741.9310,1311.9813
Roadway Surface N3,0,OUTER,0,8,743.3949,1313.7632
Roadway Surface N3,0,OUTER,0,9,744.9383,1315.4734
Roadway Surface N3,0,OUTER,0,10,746.5557,1317.1068
Roadway Surface N3,0,OUTER,0,11,748.2414,1318.6585
Roadway Surface N3,0,OUTER,0,12,749.9893,1320.1249
Roadway Surface N3,0,OUTER,0,13,751.7928,1321.5023
Roadway Surface N3,0,OUTER,0,14,753.6455,1322.7879
Roadway Surface N3,0,OUTER,0,15,755.5357,1323.9766
Roadway Surface N3,0,OUTER,0,16,757.9992,1320.5536
Roadway Surface N3,0,OUTER,0,17,760.8857,1316.4699
Roadway Surface N3,0,OUTER,0,18,761.9923,1314.8074
Roadway Surface N3,0,OUTER,0,19,764.2379,1311.4436
Roadway Surface N3,0,OUTER,0,20,765.0849,1310.1748
Roadway Surface N3,0,OUTER,0,21,765.9035,1308.9485
Roadway Surface N3,0,OUTER,0,22,766.3264,1308.2743
Roadway Surface N3,0,OUTER,0,23,769.0750,1303.9068
Roadway Surface N3,0,OUTER,0,24,770.8091,1301.0926
Roadway Surface N3,0,OUTER,0,25,771.6629,1299.6297
Roadway Surface N3,0,OUTER,0,26,771.6716,1299.6341
Roadway Surface N3,0,OUTER,0,27,775.1770,1293.6124
Roadway Surface N3,0,OUTER,0,28,776.6457,1290.9579
Roadway Surface N3,0,OUTER,0,29,779.3379,1285.9928
Roadway Surface N3,0,OUTER,0,30,780.2962,1284.1582
Roadway Surface N3,0,OUTER,0,31,783.5717,1277.6558
Roadway Surface N3,0,OUTER,0,32,785.7262,1273.1439
Roadway Surface N3,0,OUTER,0,33,788.2506,1267.5954
Roadway Surface N3,0,OUTER,0,34,790.3321,1262.7808
Roadway Surface N3,0,OUTER,0,35,790.3416,1262.6524
Roadway Surface N3,0,OUTER,0,36,789.5084,1263.8827
Roadway Surface N3,0,OUTER,0,37,789.2076,1264.3268
Roadway Surface N3,0,OUTER,0,38,787.7334,1266.0316
Roadway Surface N3,0,OUTER,0,39,786.6745,1266.9693
Roadway Surface N3,0,OUTER,0,40,785.8697,1267.6563
Roadway Surface N3,0,OUTER,0,41,784.0269,1268.8649
Roadway Surface N3,0,OUTER,0,42,781.9514,1269.8461
Roadway Surface N3,0,OUTER,0,43,779.8962,1270.4926
Roadway Surface N3,0,OUTER,0,44,779.8027,1270.5220
Roadway Surface N3,0,OUTER,0,45,777.6444,1270.8948
Roadway Surface N3,0,OUTER,0,46,775.4557,1270.9806
Roadway Surface N3,0,OUTER,0,47,773.2134,1270.7680
Roadway Surface N3,0,OUTER,0,48,770.9788,1270.2415
Roadway Surface N3,0,OUTER,0,49,768.8178,1269.4027
Roadway Surface N3,0,OUTER,0,50,766.7945,1268.2714
Roadway Surface N3,0,OUTER,0,51,764.9650,1266.8845
Roadway Surface N3,0,OUTER,0,52,763.3726,1265.2915
Roadway Surface N3,0,OUTER,0,53,762.0444,1263.5498
Roadway Surface N3,0,OUTER,0,54,761.8835,1263.2686
Roadway Surface N3,0,OUTER,0,55,760.9567,1261.6486
Roadway Surface N3,0,OUTER,0,56,760.1088,1259.5619
Roadway Surface N3,0,OUTER,0,57,759.5429,1257.3370
Roadway Surface N3,0,OUTER,0,58,759.3826,1255.8877
Roadway Surface N3,0,OUTER,0,59,759.2880,1255.0329
Roadway Surface N3,0,OUTER,0,60,759.2943,1254.8366
Roadway Surface N3,0,OUTER,0,61,759.3561,1252.7158
Roadway Surface N3,0,OUTER,0,62,759.6171,1251.1783
Roadway Surface N3,0,OUTER,0,63,759.4318,1249.7377
Roadway Surface N3,0,OUTER,0,64,734.2910,1294.5558
Roadway Surface N3,0,OUTER,0,65,734.2499,1294.6291
Roadway Surface N3,0,OUTER,0,66,734.0509,1294.9838
Roadway Surface N3,0,OUTER,0,67,733.5540,1295.8701
Roadway Surface N4,0,OUTER,0,0,656.4924,1437.6078
Roadway Surface N4,0,OUTER,0,1,654.6435,1440.0413
Roadway Surface N4,0,OUTER,0,2,652.5489,1442.8947
Roadway Surface N4,0,OUTER,0,3,650.5827,1445.6733
Roadway Surface N4,0,OUTER,0,4,649.1348,1447.7855
Roadway Surface N4,0,OUTER,0,5,647.7808,1449.8144
Roadway Surface N4,0,OUTER,0,6,645.6235,1453.1624
Roadway Surface N4,0,OUTER,0,7,644.4929,1454.9775
Roadway Surface N4,0,OUTER,0,8,643.2522,1457.0131
Roadway Surface N4,0,OUTER,0,9,642.4879,1458.2977
Roadway Surface N4,0,OUTER,0,10,640.3861,1461.9630
Roadway Surface N4,0,OUTER,0,11,632.6701,1475.7184
Roadway Surface N4,0,OUTER,0,12,643.1360,1481.5891
Roadway Surface N4,0,OUTER,0,13,650.8533,1467.8398
Roadway Surface N4,0,OUTER,0,14,652.8553,1464.4050
Roadway Surface N4,0,OUTER,0,15,653.9821,1462.5383
Roadway Surface N4,0,OUTER,0,16,655.3090,1460.3975
Roadway Surface N4,0,OUTER,0,17,657.0952,1457.6073
Roadway Surface N4,0,OUTER,0,18,659.1383,1454.5355
Roadway Surface N4,0,OUTER,0,19,660.4946,1452.5620
Roadway Surface N4,0,OUTER,0,20,662.3430,1449.9516
Roadway Surface N4,0,OUTER,0,21,664.3091,1447.2688
Roadway Surface N4,0,OUTER,0,22,666.0423,1444.9791
Roadway Surface N4,0,OUTER,0,23,667.0206,1443.7162
Roadway Surface N4,0,OUTER,0,24,669.3434,1440.7988
Roadway Surface N4,0,OUTER,0,25,671.3369,1438.3814
Roadway Surface N4,0,OUTER,0,26,673.7637,1435.5394
Roadway Surface N4,0,OUTER,0,27,675.5118,1433.5571
Roadway Surface N4,0,OUTER,0,28,741.6813,1359.5250
Roadway Surface N4,0,OUTER,0,29,742.8339,1358.2852
Roadway Surface N4,0,OUTER,0,30,745.1482,1355.9176
Roadway Surface N4,0,OUTER,0,31,746.8412,1354.2809
Roadway Surface N4,0,OUTER,0,32,747.9602,1353.2404
Roadway Surface N4,0,OUTER,0,33,749.3368,1352.0032
Roadway Surface N4,0,OUTER,0,34,751.2834,1350.3297
Roadway Surface N4,0,OUTER,0,35,752.9175,1348.9901
Roadway Surface N4,0,OUTER,0,36,755.2998,1347.1660
Roadway Surface N4,0,OUTER,0,37,756.5120,1346.2378
Roadway Surface N4,0,OUTER,0,38,756.9752,1345.9020
Roadway Surface N4,0,OUTER,0,39,759.6639,1344.0368
Roadway Surface N4,0,OUTER,0,40,760.0849,1343.7458
Roadway Surface N4,0,OUTER,0,41,761.7500,1342.6612
Roadway Surface N4,0,OUTER,0,42,762.9707,1341.8956
Roadway Surface N4,0,OUTER,0,43,765.5553,1340.3671
Roadway Surface N4,0,OUTER,0,44,766.2290,1339.9687
Roadway Surface N4,0,OUTER,0,45,767.7281,1339.1370
Roadway Surface N4,0,OUTER,0,46,769.1501,1338.3788
Roadway Surface N4,0,OUTER,0,47,771.8417,1337.0224
Roadway Surface N4,0,OUTER,0,48,773.4712,1336.2497
Roadway Surface N4,0,OUTER,0,49,774.7609,1335.6635
Roadway Surface N4,0,OUTER,0,50,777.5024,1334.4895
Roadway Surface N4,0,OUTER,0,51,781.0952,1333.0942
Roadway Surface N4,0,OUTER,0,52,783.6756,1332.1888
Roadway Surface N4,0,OUTER,0,53,786.4395,1331.3055
Roadway Surface N4,0,OUTER,0,54,790.4949,1330.1669
Roadway Surface N4,0,OUTER,0,55,792.4598,1329.6808
Roadway Surface N4,0,OUTER,0,56,797.2955,1328.2737
Roadway Surface N4,0,OUTER,0,57,797.4622,1328.2072
Roadway Surface N4,0,OUTER,0,58,799.1849,1327.5201
Roadway Surface N4,0,OUTER,0,59,801.9638,1326.3841
Roadway Surface N4,0,OUTER,0,60,803.8933,1325.4353
Roadway Surface N4,0,OUTER,0,61,806.4167,1324.0313
Roadway Surface N4,0,OUTER,0,62,808.8256,1322.5024
Roadway Surface N4,0,OUTER,0,63,810.5949,1321.2315
Roadway Surface N4,0,OUTER,0,64,811.1331,1320.8449
Roadway Surface N4,0,OUTER,0,65,813.1105,1319.2555
Roadway Surface N4,0,OUTER,0,66,814.8391,1317.7016
Roadway Surface N4,0,OUTER,0,67,816.9979,1315.5864
Roadway Surface N4,0,OUTER,0,68,818.4435,1314.0004
Roadway Surface N4,0,OUTER,0,69,820.4177,1311.5883
Roadway Surface N4,0,OUTER,0,70,821.2012,1310.5388
Roadway Surface N4,0,OUTER,0,71,822.0399,1309.3477
Roadway Surface N4,0,OUTER,0,72,823.3967,1307.2475
Roadway Surface N4,0,OUTER,0,73,823.9502,1306.3190
Roadway Surface N4,0,OUTER,0,74,825.0352,1304.3520
Roadway Surface N4,0,OUTER,0,75,826.2591,1301.8385
Roadway Surface N4,0,OUTER,0,76,827.4212,1299.0483
Roadway Surface N4,0,OUTER,0,77,828.0999,1297.1551
Roadway Surface N4,0,OUTER,0,78,829.1843,1293.4517
Roadway Surface N4,0,OUTER,0,79,829.4557,1292.3143
Roadway Surface N4,0,OUTER,0,80,830.2866,1287.5920
Roadway Surface N4,0,OUTER,0,81,830.3618,1286.9655
Roadway Surface N4,0,OUTER,0,82,830.5617,1284.7751
Roadway Surface N4,0,OUTER,0,83,830.6741,1282.0824
Roadway Surface N4,0,OUTER,0,84,830.6785,1281.0704
Roadway Surface N4,0,OUTER,0,85,830.6481,1279.5974
Roadway Surface N4,0,OUTER,0,86,830.5120,1277.2852
Roadway Surface N4,0,OUTER,0,87,830.2830,1274.2136
Roadway Surface N4,0,OUTER,0,88,830.0409,1269.8864
Roadway Surface N4,0,OUTER,0,89,829.9358,1267.1335
Roadway Surface N4,0,OUTER,0,90,829.8596,1263.8186
Roadway Surface N4,0,OUTER,0,91,829.8507,1258.6223
Roadway Surface N4,0,OUTER,0,92,829.8763,1256.9655
Roadway Surface N4,0,OUTER,0,93,829.9756,1253.4598
Roadway Surface N4,0,OUTER,0,94,830.2319,1248.3319
Roadway Surface N4,0,OUTER,0,95,830.3772,1246.2307
Roadway Surface N4,0,OUTER,0,96,830.6174,1243.2396
Roadway Surface N4,0,OUTER,0,97,831.1298,1238.1840
Roadway Surface N4,0,OUTER,0,98,831.3066,1236.6863
Roadway Surface N4,0,OUTER,0,99,831.7673,1233.1661
Roadway Surface N4,0,OUTER,0,100,832.2357,1230.0028
Roadway Surface N4,0,OUTER,0,101,832.7928,1226.6273
Roadway Surface N4,0,OUTER,0,102,833.2936,1223.8612
Roadway Surface N4,0,OUTER,0,103,833.7802,1221.3651
Roadway Surface N4,0,OUTER,0,104,834.4123,1218.3489
Roadway Surface N4,0,OUTER,0,105,834.7882,1216.6570
Roadway Surface N4,0,OUTER,0,106,835.5328,1213.4925
Roadway Surface N4,0,OUTER,0,107,836.7702,1208.6792
Roadway Surface N4,0,OUTER,0,108,837.2879,1206.8010
Roadway Surface N4,0,OUTER,0,109,838.0327,1204.2158
Roadway Surface N4,0,OUTER,0,110,838.6856,1202.0510
Roadway Surface N4,0,OUTER,0,111,839.5907,1199.1867
Roadway Surface N4,0,OUTER,0,112,840.2852,1197.0847
Roadway Surface N4,0,OUTER,0,113,841.1713,1194.5100
Roadway Surface N4,0,OUTER,0,114,842.8640,1189.8812
Roadway Surface N4,0,OUTER,0,115,843.7725,1187.5332
Roadway Surface N4,0,OUTER,0,116,844.6678,1185.3016
Roadway Surface N4,0,OUTER,0,117,846.4042,1181.1796
Roadway Surface N4,0,OUTER,0,118,847.2681,1179.2200
Roadway Surface N4,0,OUTER,0,119,848.6047,1176.2951
Roadway Surface N4,0,OUTER,0,120,851.0776,1171.1868
Roadway Surface N4,0,OUTER,0,121,852.1793,1169.0238
Roadway Surface N4,0,OUTER,0,122,854.4155,1164.7248
Roadway Surface N4,0,OUTER,0,123,857.5385,1158.8062
Roadway Surface N4,0,OUTER,0,124,860.1113,1154.0026
Roadway Surface N4,0,OUTER,0,125,863.1107,1148.4818
Roadway Surface N4,0,OUTER,0,126,866.8019,1141.8009
Roadway Surface N4,0,OUTER,0,127,869.3390,1137.2790
Roadway Surface N4,0,OUTER,0,128,871.7635,1133.0093
Roadway Surface N4,0,OUTER,0,129,874.5255,1128.2049
Roadway Surface N4,0,OUTER,0,130,877.8211,1122.5531
Roadway Surface N4,0,OUTER,0,131,882.9130,1113.9871
Roadway Surface N4,0,OUTER,0,132,886.4175,1108.2043
Roadway Surface N4,0,OUTER,0,133,889.2722,1103.5591
Roadway Surface N4,0,OUTER,0,134,891.9214,1099.2993
Roadway Surface N4,0,OUTER,0,135,894.5355,1095.1430
Roadway Surface N4,0,OUTER,0,136,897.1703,1090.9999
Roadway Surface N4,0,OUTER,0,137,899.8258,1086.8700
Roadway Surface N4,0,OUTER,0,138,902.5019,1082.7534
Roadway Surface N4,0,OUTER,0,139,905.1985,1078.6502
Roadway Surface N4,0,OUTER,0,140,907.9157,1074.5606
Roadway Surface N4,0,OUTER,0,141,911.6062,1069.0760
Roadway Surface N4,0,OUTER,0,142,914.8879,1064.2652
Roadway Surface N4,0,OUTER,0,143,918.9878,1058.3395
Roadway Surface N4,0,OUTER,0,144,921.8063,1054.3191
Roadway Surface N4,0,OUTER,0,145,924.1265,1051.0434
Roadway Surface N4,0,OUTER,0,146,924.6378,1050.3076
Roadway Surface N4,0,OUTER,0,147,924.4716,1050.5299
Roadway Surface N4,0,OUTER,0,148,909.3803,1040.7187
Roadway Surface N4,0,OUTER,0,149,909.3783,1040.7216
Roadway Surface N4,0,OUTER,0,150,904.2232,1048.0437
Roadway Surface N4,0,OUTER,0,151,900.0482,1054.0780
Roadway Surface N4,0,OUTER,0,152,898.5856,1056.2261
Roadway Surface N4,0,OUTER,0,153,898.5829,1056.2243
Roadway Surface N4,0,OUTER,0,154,898.5479,1056.2775
Roadway Surface N4,0,OUTER,0,155,895.7360,1060.4115
Roadway Surface N4,0,OUTER,0,156,892.9482,1064.5622
Roadway Surface N4,0,OUTER,0,157,890.1813,1068.7267
Roadway Surface N4,0,OUTER,0,158,886.0577,1075.0182
Roadway Surface N4,0,OUTER,0,159,882.0058,1081.3027
Roadway Surface N4,0,OUTER,0,160,879.3227,1085.5218
Roadway Surface N4,0,OUTER,0,161,876.6607,1089.7543
Roadway Surface N4,0,OUTER,0,162,874.0199,1094.0000
Roadway Surface N4,0,OUTER,0,163,871.0559,1098.8225
Roadway Surface N4,0,OUTER,0,164,867.4889,1104.7125
Roadway Surface N4,0,OUTER,0,165,863.6635,1111.1321
Roadway Surface N4,0,OUTER,0,166,861.1486,1115.4092
Roadway Surface N4,0,OUTER,0,167,858.6239,1119.7467
Roadway Surface N4,0,OUTER,0,168,856.1333,1124.0822
Roadway Surface N4,0,OUTER,0,169,853.7895,1128.2084
Roadway Surface N4,0,OUTER,0,170,851.2172,1132.7903
Roadway Surface N4,0,OUTER,0,171,847.3313,1139.8215
Roadway Surface N4,0,OUTER,0,172,843.9232,1146.0997
Roadway Surface N4,0,OUTER,0,173,840.3052,1152.8840
Roadway Surface N4,0,OUTER,0,174,836.1918,1160.7578
Roadway Surface N4,0,OUTER,0,175,832.4312,1168.1013
Roadway Surface N4,0,OUTER,0,176,829.9806,1172.9713
Roadway Surface N4,0,OUTER,0,177,827.9566,1177.0442
Roadway Surface N4,0,OUTER,0,178,825.7528,1181.5324
Roadway Surface N4,0,OUTER,0,179,822.3776,1188.5187
Roadway Surface N4,0,OUTER,0,180,819.1397,1195.3540
Roadway Surface N4,0,OUTER,0,181,815.3877,1203.4461
Roadway Surface N4,0,OUTER,0,182,811.7400,1211.5002
Roadway Surface N4,0,OUTER,0,183,808.9363,1217.8227
Roadway Surface N4,0,OUTER,0,184,805.8954,1224.8168
Roadway Surface N4,0,OUTER,0,185,803.0063,1231.6006
Roadway Surface N4,0,OUTER,0,186,801.0757,1236.2128
Roadway Surface N4,0,OUTER,0,187,797.8846,1243.9819
Roadway Surface N4,0,OUTER,0,188,795.4225,1250.1065
Roadway Surface N4,0,OUTER,0,189,792.0114,1258.7190
Roadway Surface N4,0,OUTER,0,190,790.8010,1261.6428
Roadway Surface N4,0,OUTER,0,191,790.3321,1262.7808
Roadway Surface N4,0,OUTER,0,192,788.2506,1267.5954
Roadway Surface N4,0,OUTER,0,193,785.7262,1273.1439
Roadway Surface N4,0,OUTER,0,194,783.5717,1277.6558
Roadway Surface N4,0,OUTER,0,195,780.2962,1284.1582
Roadway Surface N4,0,OUTER,0,196,779.3379,1285.9928
Roadway Surface N4,0,OUTER,0,197,776.6457,1290.9579
Roadway Surface N4,0,OUTER,0,198,775.1770,1293.6124
Roadway Surface N4,0,OUTER,0,199,771.6716,1299.6341
Roadway Surface N4,0,OUTER,0,200,771.6629,1299.6297
Roadway Surface N4,0,OUTER,0,201,769.0750,1303.9068
Roadway Surface N4,0,OUTER,0,202,766.3264,1308.2743
Roadway Surface N4,0,OUTER,0,203,765.0849,1310.1748
Roadway Surface N4,0,OUTER,0,204,764.2379,1311.4436
Roadway Surface N4,0,OUTER,0,205,763.6741,1312.3215
Roadway Surface N4,0,OUTER,0,206,761.9923,1314.8074
Roadway Surface N4,0,OUTER,0,207,760.8857,1316.4699
Roadway Surface N4,0,OUTER,0,208,757.9992,1320.5536
Roadway Surface N4,0,OUTER,0,209,755.5357,1323.9766
Roadway Surface N4,0,OUTER,0,210,753.5605,1326.6383
Roadway Surface N4,0,OUTER,0,211,752.0684,1328.6023
Roadway Surface N4,0,OUTER,0,212,749.9920,1331.2782
Roadway Surface N4,0,OUTER,0,213,747.8775,1333.9455
Roadway Surface N4,0,OUTER,0,214,745.3603,1337.0387
Roadway Surface N4,0,OUTER,0,215,742.6515,1340.2759
Roadway Surface N4,0,OUTER,0,216,739.3842,1344.0607
Roadway Surface N4,0,OUTER,0,217,737.6261,1346.0455
Roadway Surface N4,0,OUTER,0,218,665.6918,1426.5427
Roadway Surface N4,0,OUTER,0,219,663.7146,1428.7990
Roadway Surface N4,0,OUTER,0,220,662.1516,1430.6075
Roadway Surface N4,0,OUTER,0,221,659.5967,1433.6883
Roadway Surface N5,0,OUTER,0,0,492.7361,1304.8206
Roadway Surface N5,0,OUTER,0,1,490.2003,1311.3662
Roadway Surface N5,0,OUTER,0,2,486.9807,1319.8004
Roadway Surface N5,0,OUTER,0,3,483.7882,1328.2796
Roadway Surface N5,0,OUTER,0,4,480.5608,1336.9782
Roadway Surface N5,0,OUTER,0,5,476.8494,1347.1411
Roadway Surface N5,0,OUTER,0,6,473.9010,1355.3496
Roadway Surface N5,0,OUTER,0,7,471.6294,1361.7419
Roadway Surface N5,0,OUTER,0,8,468.9123,1369.4933
Roadway Surface N5,0,OUTER,0,9,466.8554,1375.4274
Roadway Surface N5,0,OUTER,0,10,463.3364,1385.7326
Roadway Surface N5,0,OUTER,0,11,459.6282,1396.8069
Roadway Surface N5,0,OUTER,0,12,459.3272,1397.8188
Roadway Surface N5,0,OUTER,0,13,459.7738,1396.5818
Roadway Surface N5,0,OUTER,0,14,461.6177,1391.1523
Roadway Surface N5,0,OUTER,0,15,462.1193,1389.7879
Roadway Surface N5,0,OUTER,0,16,463.0043,1387.9310
Roadway Surface N5,0,OUTER,0,17,464.2033,1385.7889
Roadway Surface N5,0,OUTER,0,18,464.7611,1384.8547
Roadway Surface N5,0,OUTER,0,19,466.4309,1382.5749
Roadway Surface N5,0,OUTER,0,20,468.3078,1380.4624
Roadway Surface N5,0,OUTER,0,21,470.3656,1378.5439
Roadway Surface N5,0,OUTER,0,22,472.3555,1377.0091
Roadway Surface N5,0,OUTER,0,23,472.5738,1376.8407
Roadway Surface N5,0,OUTER,0,24,474.7236,1375.4812
Roadway Surface N5,0,OUTER,0,25,474.8992,1375.3679
Roadway Surface N5,0,OUTER,0,26,476.8288,1374.3638
Roadway Surface N5,0,OUTER,0,27,478.4680,1373.6336
Roadway Surface N5,0,OUTER,0,28,480.3713,1372.9327
Roadway Surface N5,0,OUTER,0,29,481.8786,1372.4909
Roadway Surface N5,0,OUTER,0,30,482.3044,1372.3661
Roadway Surface N5,0,OUTER,0,31,484.2711,1371.9305
Roadway Surface N5,0,OUTER,0,32,486.2582,1371.6284
Roadway Surface N5,0,OUTER,0,33,488.2520,1371.4604
Roadway Surface N5,0,OUTER,0,34,490.2392,1371.4256
Roadway Surface N5,0,OUTER,0,35,605.0016,1373.2145
Roadway Surface N5,0,OUTER,0,36,608.1464,1373.4456
Roadway Surface N5,0,OUTER,0,37,610.8446,1373.8975
Roadway Surface N5,0,OUTER,0,38,613.3256,1374.5403
Roadway Surface N5,0,OUTER,0,39,615.6217,1375.3445
Roadway Surface N5,0,OUTER,0,40,617.7572,1376.2885
Roadway Surface N5,0,OUTER,0,41,619.7498,1377.3559
Roadway Surface N5,0,OUTER,0,42,621.6141,1378.5357
Roadway Surface N5,0,OUTER,0,43,623.3595,1379.8200
Roadway Surface N5,0,OUTER,0,44,624.9720,1381.2214
Roadway Surface N5,0,OUTER,0,45,626.4671,1382.7243
Roadway Surface N5,0,OUTER,0,46,626.9876,1383.2610
Roadway Surface N5,0,OUTER,0,47,627.6843,1384.1255
Roadway Surface N5,0,OUTER,0,48,627.8536,1384.3204
Roadway Surface N5,0,OUTER,0,49,629.1321,1386.0114
Roadway Surface N5,0,OUTER,0,50,630.3002,1387.8003
Roadway Surface N5,0,OUTER,0,51,630.6822,1388.4702
Roadway Surface N5,0,OUTER,0,52,631.2335,1389.4369
Roadway Surface N5,0,OUTER,0,53,631.3550,1389.6974
Roadway Surface N5,0,OUTER,0,54,632.2604,1391.6379
Roadway Surface N5,0,OUTER,0,55,632.9849,1393.5840
Roadway Surface N5,0,OUTER,0,56,633.0906,1393.8678
Roadway Surface N5,0,OUTER,0,57,633.5611,1395.5166
Roadway Surface N5,0,OUTER,0,58,634.0155,1397.5717
Roadway Surface N5,0,OUTER,0,59,634.3475,1399.6946
Roadway Surface N5,0,OUTER,0,60,634.5402,1401.6136
Roadway Surface N5,0,OUTER,0,61,634.5421,1401.9262
Roadway Surface N5,0,OUTER,0,62,634.5574,1404.4453
Roadway Surface N5,0,OUTER,0,63,634.3285,1407.0228
Roadway Surface N5,0,OUTER,0,64,633.8189,1409.9038
Roadway Surface N5,0,OUTER,0,65,632.8376,1413.2395
Roadway Surface N5,0,OUTER,0,66,631.0614,1417.2111
Roadway Surface N5,0,OUTER,0,67,630.8479,1417.6883
Roadway Surface N5,0,OUTER,0,68,630.4995,1418.2994
Roadway Surface N5,0,OUTER,0,69,627.9446,1422.7649
Roadway Surface N5,0,OUTER,0,70,622.6010,1432.3210
Roadway Surface N5,0,OUTER,0,71,622.6870,1432.3985
Roadway Surface N5,0,OUTER,0,72,687.9147,1316.1153
Roadway Surface N5,0,OUTER,0,73,685.6648,1315.9047
Roadway Surface N5,0,OUTER,0,74,685.0449,1315.8155
Roadway Surface N5,0,OUTER,0,75,682.0753,1315.3883
Roadway Surface N5,0,OUTER,0,76,678.4934,1314.6892
Roadway Surface N5,0,OUTER,0,77,674.9330,1313.8069
Roadway Surface N5,0,OUTER,0,78,671.4081,1312.7425
Roadway Surface N5,0,OUTER,0,79,667.9326,1311.4981
Roadway Surface N5,0,OUTER,0,80,665.3980,1310.4431
Roadway Surface N5,0,OUTER,0,81,664.5201,1310.0777
Roadway Surface N5,0,OUTER,0,82,663.8927,1309.7784
Roadway Surface N5,0,OUTER,0,83,661.1849,1308.4862
Roadway Surface N5,0,OUTER,0,84,657.9368,1306.7302
Roadway Surface N5,0,OUTER,0,85,654.7905,1304.8173
Roadway Surface N5,0,OUTER,0,86,651.7562,1302.7564
Roadway Surface N5,0,OUTER,0,87,648.8440,1300.5571
Roadway Surface N5,0,OUTER,0,88,646.0625,1298.2301
Roadway Surface N5,0,OUTER,0,89,643.4196,1295.7867
Roadway Surface N5,0,OUTER,0,90,640.9217,1293.2388
Roadway Surface N5,0,OUTER,0,91,638.5513,1290.5719
Roadway Surface N5,0,OUTER,0,92,636.2952,1287.7674
Roadway Surface N5,0,OUTER,0,93,634.1647,1284.8327
Roadway Surface N5,0,OUTER,0,94,632.1804,1281.7912
Roadway Surface N5,0,OUTER,0,95,630.3228,1278.6076
Roadway Surface N5,0,OUTER,0,96,628.6367,1275.3493
Roadway Surface N5,0,OUTER,0,97,627.1016,1271.9773
Roadway Surface N5,0,OUTER,0,98,625.7414,1268.5355
Roadway Surface N5,0,OUTER,0,99,624.7800,1265.6889
Roadway Surface N5,0,OUTER,0,100,624.5602,1265.0379
Roadway Surface N5,0,OUTER,0,101,624.3230,1264.1976
Roadway Surface N5,0,OUTER,0,102,623.5574,1261.4851
Roadway Surface N5,0,OUTER,0,103,622.7375,1257.8955
Roadway Surface N5,0,OUTER,0,104,622.1018,1254.2829
Roadway Surface N5,0,OUTER,0,105,621.6503,1250.6615
Roadway Surface N5,0,OUTER,0,106,621.3816,1247.0449
Roadway Surface N5,0,OUTER,0,107,621.2929,1243.4467
Roadway Surface N5,0,OUTER,0,108,621.3803,1239.8797
Roadway Surface N5,0,OUTER,0,109,623.8202,1190.0515
Roadway Surface N5,0,OUTER,0,110,624.4248,1180.9596
Roadway Surface N5,0,OUTER,0,111,624.4858,1179.9618
Roadway Surface N5,0,OUTER,0,112,625.5472,1169.4546
Roadway Surface N5,0,OUTER,0,113,625.6872,1168.3549
Roadway Surface N5,0,OUTER,0,114,625.6875,1168.3528
Roadway Surface N5,0,OUTER,0,115,626.3062,1163.6886
Roadway Surface N5,0,OUTER,0,116,626.8040,1160.1019
Roadway Surface N5,0,OUTER,0,117,627.0144,1158.6900
Roadway Surface N5,0,OUTER,0,118,628.0745,1152.4449
Roadway Surface N5,0,OUTER,0,119,628.6300,1149.3505
Roadway Surface N5,0,OUTER,0,120,628.8233,1148.2589
Roadway Surface N5,0,OUTER,0,121,629.8427,1143.3863
Roadway Surface N5,0,OUTER,0,122,630.4386,1140.4409
Roadway Surface N5,0,OUTER,0,123,630.7461,1139.1043
Roadway Surface N5,0,OUTER,0,124,631.0050,1137.8722
Roadway Surface N5,0,OUTER,0,125,632.5125,1131.7769
Roadway Surface N5,0,OUTER,0,126,632.7582,1130.7163
Roadway Surface N5,0,OUTER,0,127,633.1852,1129.0568
Roadway Surface N5,0,OUTER,0,128,633.5579,1127.5498
Roadway Surface N5,0,OUTER,0,129,635.2184,1121.7296
Roadway Surface N5,0,OUTER,0,130,635.3860,1121.0685
Roadway Surface N5,0,OUTER,0,131,636.3313,1117.8290
Roadway Surface N5,0,OUTER,0,132,636.8022,1116.2568
Roadway Surface N5,0,OUTER,0,133,638.3386,1111.5054
Roadway Surface N5,0,OUTER,0,134,639.0262,1109.4381
Roadway Surface N5,0,OUTER,0,135,639.7636,1107.1770
Roadway Surface N5,0,OUTER,0,136,640.6285,1104.8000
Roadway Surface N5,0,OUTER,0,137,641.5901,1102.0529
Roadway Surface N5,0,OUTER,0,138,642.5743,1099.4518
Roadway Surface N5,0,OUTER,0,139,643.4061,1097.1655
Roadway Surface N5,0,OUTER,0,140,644.2485,1095.0833
Roadway Surface N5,0,OUTER,0,141,645.1772,1092.7211
Roadway Surface N5,0,OUTER,0,142,646.3262,1089.9476
Roadway Surface N5,0,OUTER,0,143,647.3991,1087.2958
Roadway Surface N5,0,OUTER,0,144,648.1973,1085.5079
Roadway Surface N5,0,OUTER,0,145,649.0504,1083.5053
Roadway Surface N5,0,OUTER,0,146,649.6241,1082.2256
Roadway Surface N5,0,OUTER,0,147,649.6886,1082.1123
Roadway Surface N5,0,OUTER,0,148,651.7340,1077.5862
Roadway Surface N5,0,OUTER,0,149,652.3745,1076.2781
Roadway Surface N5,0,OUTER,0,150,653.2476,1074.4351
Roadway Surface N5,0,OUTER,0,151,654.5863,1071.7610
Roadway Surface N5,0,OUTER,0,152,656.4013,1068.0541
Roadway Surface N5,0,OUTER,0,153,657.0529,1066.8344
Roadway Surface N5,0,OUTER,0,154,657.7400,1065.5089
Roadway Surface N5,0,OUTER,0,155,659.1646,1062.8816
Roadway Surface N5,0,OUTER,0,156,661.3898,1058.7164
Roadway Surface N5,0,OUTER,0,157,662.5291,1056.7288
Roadway Surface N5,0,OUTER,0,158,666.6877,1049.5887
Roadway Surface N5,0,OUTER,0,159,667.6000,1048.1019
Roadway Surface N5,0,OUTER,0,160,672.2817,1040.6861
Roadway Surface N5,0,OUTER,0,161,678.1579,1032.0222
Roadway Surface N5,0,OUTER,0,162,726.3598,963.5576
Roadway Surface N5,0,OUTER,0,163,728.0544,961.6932
Roadway Surface N5,0,OUTER,0,164,718.2273,954.8065
Roadway Surface N5,0,OUTER,0,165,708.4001,947.9197
Roadway Surface N5,0,OUTER,0,166,706.7458,949.7269
Roadway Surface N5,0,OUTER,0,167,658.5338,1018.2059
Roadway Surface N5,0,OUTER,0,168,652.7678,1026.6773
Roadway Surface N5,0,OUTER,0,169,647.2536,1035.3579
Roadway Surface N5,0,OUTER,0,170,642.0020,1044.2365
Roadway Surface N5,0,OUTER,0,171,637.0233,1053.3011
Roadway Surface N5,0,OUTER,0,172,632.3272,1062.5390
Roadway Surface N5,0,OUTER,0,173,627.9223,1071.9370
Roadway Surface N5,0,OUTER,0,174,623.8167,1081.4811
Roadway Surface N5,0,OUTER,0,175,620.0173,1091.1570
Roadway Surface N5,0,OUTER,0,176,616.5303,1100.9498
Roadway Surface N5,0,OUTER,0,177,613.3607,1110.8443
Roadway Surface N5,0,OUTER,0,178,610.5128,1120.8249
Roadway Surface N5,0,OUTER,0,179,607.9897,1130.8762
Roadway Surface N5,0,OUTER,0,180,605.7935,1140.9822
Roadway Surface N5,0,OUTER,0,181,603.9253,1151.1271
Roadway Surface N5,0,OUTER,0,182,602.3852,1161.2951
Roadway Surface N5,0,OUTER,0,183,601.1724,1171.4704
Roadway Surface N5,0,OUTER,0,184,591.7597,1262.6950
Roadway Surface N5,0,OUTER,0,185,591.6791,1263.2728
Roadway Surface N5,0,OUTER,0,186,591.2654,1266.2383
Roadway Surface N5,0,OUTER,0,187,591.1835,1266.6237
Roadway Surface N5,0,OUTER,0,188,590.8724,1268.0744
Roadway Surface N5,0,OUTER,0,189,590.4675,1269.9362
Roadway Surface N5,0,OUTER,0,190,590.2907,1270.5407
Roadway Surface N5,0,OUTER,0,191,589.8160,1272.1640
Roadway Surface N5,0,OUTER,0,192,589.6255,1272.8156
Roadway Surface N5,0,OUTER,0,193,589.0819,1274.3968
Roadway Surface N5,0,OUTER,0,194,588.4479,1276.0845
Roadway Surface N5,0,OUTER,0,195,588.1183,1276.9620
Roadway Surface N5,0,OUTER,0,196,587.5627,1278.1564
Roadway Surface N5,0,OUTER,0,197,586.7647,1279.8718
Roadway Surface N5,0,OUTER,0,198,586.4927,1280.4551
Roadway Surface N5,0,OUTER,0,199,585.7219,1281.8277
Roadway Surface N5,0,OUTER,0,200,585.4321,1282.3439
Roadway Surface N5,0,OUTER,0,201,584.2964,1284.2455
Roadway Surface N5,0,OUTER,0,202,584.1210,1284.5393
Roadway Surface N5,0,OUTER,0,203,583.5666,1285.3694
Roadway Surface N5,0,OUTER,0,204,582.5344,1286.9150
Roadway Surface N5,0,OUTER,0,205,582.4549,1287.0341
Roadway Surface N5,0,OUTER,0,206,581.7961,1287.8626
Roadway Surface N5,0,OUTER,0,207,580.0457,1290.0982
Roadway Surface N5,0,OUTER,0,208,577.4062,1292.9664
Roadway Surface N5,0,OUTER,0,209,575.8299,1294.4332
Roadway Surface N5,0,OUTER,0,210,574.5612,1295.6137
Roadway Surface N5,0,OUTER,0,211,574.2888,1295.8305
Roadway Surface N5,0,OUTER,0,212,572.6732,1297.1165
Roadway Surface N5,0,OUTER,0,213,571.5388,1298.0194
Roadway Surface N5,0,OUTER,0,214,571.0674,1298.3389
Roadway Surface N5,0,OUTER,0,215,569.7473,1299.2337
Roadway Surface N5,0,OUTER,0,216,567.6891,1300.5571
Roadway Surface N5,0,OUTER,0,217,565.8686,1301.5992
Roadway Surface N5,0,OUTER,0,218,565.0855,1302.0475
Roadway Surface N5,0,OUTER,0,219,564.0782,1302.5280
Roadway Surface N5,0,OUTER,0,220,562.6802,1303.1949
Roadway Surface N5,0,OUTER,0,221,561.5999,1303.6687
Roadway Surface N5,0,OUTER,0,222,560.9653,1303.9471
Roadway Surface N5,0,OUTER,0,223,560.3247,1304.1967
Roadway Surface N5,0,OUTER,0,224,558.5639,1304.8826
Roadway Surface N5,0,OUTER,0,225,558.3034,1304.9841
Roadway Surface N5,0,OUTER,0,226,556.1564,1305.6458
Roadway Surface N5,0,OUTER,0,227,554.8683,1306.0438
Roadway Surface N5,0,OUTER,0,228,553.1600,1306.4395
Roadway Surface N5,0,OUTER,0,229,550.7082,1306.9581
Roadway Surface N5,0,OUTER,0,230,549.2210,1307.1910
Roadway Surface N5,0,OUTER,0,231,547.7443,1307.4223
Roadway Surface N5,0,OUTER,0,232,547.1157,1307.4738
Roadway Surface N5,0,OUTER,0,233,545.1394,1307.6357
Roadway Surface N5,0,OUTER,0,234,544.0273,1307.7268
Roadway Surface N5,0,OUTER,0,235,543.2433,1307.7322
Roadway Surface N5,0,OUTER,0,236,540.2434,1307.7531
Roadway Surface N5,0,OUTER,0,237,536.4238,1307.4897
Roadway Surface N5,0,OUTER,0,238,532.9338,1306.9787
Roadway Surface N5,0,OUTER,0,239,532.6015,1306.9300
Roadway Surface N5,0,OUTER,0,240,530.9115,1306.5475
Roadway Surface N5,0,OUTER,0,241,528.8112,1306.0722
Roadway Surface N5,0,OUTER,0,242,525.0875,1304.9201
Roadway Surface N5,0,OUTER,0,243,522.3853,1303.8416
Roadway Surface N5,0,OUTER,0,244,521.4643,1303.4828
Roadway Surface N5,0,OUTER,0,245,521.3371,1303.4205
Roadway Surface N5,0,OUTER,0,246,519.6646,1302.6020
Roadway Surface N5,0,OUTER,0,247,517.9738,1301.7745
Roadway Surface N5,0,OUTER,0,248,517.6472,1301.5821
Roadway Surface N5,0,OUTER,0,249,516.0229,1300.6254
Roadway Surface N5,0,OUTER,0,250,514.6453,1299.8140
Roadway Surface N5,0,OUTER,0,251,514.1216,1299.4489
Roadway Surface N5,0,OUTER,0,252,512.5948,1298.3844
Roadway Surface N5,0,OUTER,0,253,511.5046,1297.6243
Roadway Surface N5,0,OUTER,0,254,510.8972,1297.1285
Roadway Surface N5,0,OUTER,0,255,508.5733,1295.2313
Roadway Surface N5,0,OUTER,0,256,506.3983,1293.1664
Roadway Surface N5,0,OUTER,0,257,505.8686,1292.6635
Roadway Surface N5,0,OUTER,0,258,504.6216,1291.2913
Roadway Surface N5,0,OUTER,0,259,503.6612,1290.2350
Roadway Surface N5,0,OUTER,0,260,503.4027,1289.9506
Roadway Surface N5,0,OUTER,0,261,502.2709,1288.4929
Roadway Surface N5,0,OUTER,0,262,501.5168,1287.5479
Roadway Surface N5,0,OUTER,0,263,500.6352,1285.7242
Roadway Surface N5,0,OUTER,0,264,499.4549,1287.7829
Roadway Surface N6,0,OUTER,0,0,63.5222,1684.0414
Roadway Surface N6,0,OUTER,0,1,86.3129,1691.5676
Roadway Surface N6,0,OUTER,0,2,92.5104,1672.8081
Roadway Surface N6,0,OUTER,0,3,92.5871,1672.5773
Roadway Surface N6,0,OUTER,0,4,92.5840,1672.5763
Roadway Surface N6,0,OUTER,0,5,92.6459,1672.3978
Roadway Surface N6,0,OUTER,0,6,93.1775,1670.7878
Roadway Surface N6,0,OUTER,0,7,93.2151,1670.6755
Roadway Surface N6,0,OUTER,0,8,93.2119,1670.6745
Roadway Surface N6,0,OUTER,0,9,93.3103,1670.3856
Roadway Surface N6,0,OUTER,0,10,95.6471,1663.3080
Roadway Surface N6,0,OUTER,0,11,95.7226,1663.0817
Roadway Surface N6,0,OUTER,0,12,95.7195,1663.0807
Roadway Surface N6,0,OUTER,0,13,95.9882,1662.2751
Roadway Surface N6,0,OUTER,0,14,104.9027,1635.2757
Roadway Surface N6,0,OUTER,0,15,105.1260,1634.5936
Roadway Surface N6,0,OUTER,0,16,105.1291,1634.5946
Roadway Surface N6,0,OUTER,0,17,105.1656,1634.4792
Roadway Surface N6,0,OUTER,0,18,129.1539,1561.8266
Roadway Surface N6,0,OUTER,0,19,132.7336,1551.0543
Roadway Surface N6,0,OUTER,0,20,134.9146,1544.5590
Roadway Surface N6,0,OUTER,0,21,135.0400,1544.1890
Roadway Surface N6,0,OUTER,0,22,139.7834,1530.2295
Roadway Surface N6,0,OUTER,0,23,142.5163,1522.2840
Roadway Surface N6,0,OUTER,0,24,146.3089,1511.3900
Roadway Surface N6,0,OUTER,0,25,146.3423,1511.3026
Roadway Surface N6,0,OUTER,0,26,149.1260,1503.3697
Roadway Surface N6,0,OUTER,0,27,152.9595,1492.5843
Roadway Surface N6,0,OUTER,0,28,153.0061,1492.4537
Roadway Surface N6,0,OUTER,0,29,155.7688,1484.7588
Roadway Surface N6,0,OUTER,0,30,156.3363,1483.1930
Roadway Surface N6,0,OUTER,0,31,156.3394,1483.1941
Roadway Surface N6,0,OUTER,0,32,156.3568,1483.1431
Roadway Surface N6,0,OUTER,0,33,160.9686,1470.4573
Roadway Surface N6,0,OUTER,0,34,165.7497,1457.4995
Roadway Surface N6,0,OUTER,0,35,169.5144,1447.4253
Roadway Surface N6,0,OUTER,0,36,171.6535,1441.7793
Roadway Surface N6,0,OUTER,0,37,171.9104,1441.0703
Roadway Surface N6,0,OUTER,0,38,172.3646,1439.9000
Roadway Surface N6,0,OUTER,0,39,175.0638,1432.7727
Roadway Surface N6,0,OUTER,0,40,180.4088,1418.8745
Roadway Surface N6,0,OUTER,0,41,182.5204,1413.4462
Roadway Surface N6,0,OUTER,0,42,182.8021,1412.7268
Roadway Surface N6,0,OUTER,0,43,185.7936,1405.0795
Roadway Surface N6,0,OUTER,0,44,189.3502,1396.0760
Roadway Surface N6,0,OUTER,0,45,193.6582,1385.2802
Roadway Surface N6,0,OUTER,0,46,195.2754,1381.2677
Roadway Surface N6,0,OUTER,0,47,195.5222,1380.6515
Roadway Surface N6,0,OUTER,0,48,195.5252,1380.6527
Roadway Surface N6,0,OUTER,0,49,195.5696,1380.5376
Roadway Surface N6,0,OUTER,0,50,199.3408,1371.2353
Roadway Surface N6,0,OUTER,0,51,199.4244,1371.0259
Roadway Surface N6,0,OUTER,0,52,199.4275,1371.0271
Roadway Surface N6,0,OUTER,0,53,199.4486,1370.9725
Roadway Surface N6,0,OUTER,0,54,202.6209,1363.2048
Roadway Surface N6,0,OUTER,0,55,206.4454,1353.9357
Roadway Surface N6,0,OUTER,0,56,210.3008,1344.6796
Roadway Surface N6,0,OUTER,0,57,210.6994,1343.7295
Roadway Surface N6,0,OUTER,0,58,210.7025,1343.7308
Roadway Surface N6,0,OUTER,0,59,210.7903,1343.5155
Roadway Surface N6,0,OUTER,0,60,214.1870,1335.4369
Roadway Surface N6,0,OUTER,0,61,214.5713,1334.5312
Roadway Surface N6,0,OUTER,0,62,214.5744,1334.5325
Roadway Surface N6,0,OUTER,0,63,214.6671,1334.3097
Roadway Surface N6,0,OUTER,0,64,214.7644,1334.0847
Roadway Surface N6,0,OUTER,0,65,214.7613,1334.0834
Roadway Surface N6,0,OUTER,0,66,214.9199,1333.7163
Roadway Surface N6,0,OUTER,0,67,216.5970,1329.7482
Roadway Surface N6,0,OUTER,0,68,220.2840,1321.1149
Roadway Surface N6,0,OUTER,0,69,220.6745,1320.2080
Roadway Surface N6,0,OUTER,0,70,224.3823,1311.5912
Roadway Surface N6,0,OUTER,0,71,228.3107,1302.5554
Roadway Surface N6,0,OUTER,0,72,228.4464,1302.2457
Roadway Surface N6,0,OUTER,0,73,231.7428,1294.7224
Roadway Surface N6,0,OUTER,0,74,234.6228,1288.1981
Roadway Surface N6,0,OUTER,0,75,240.4063,1275.2246
Roadway Surface N6,0,OUTER,0,76,240.6253,1274.7388
Roadway Surface N6,0,OUTER,0,77,244.7408,1265.6033
Roadway Surface N6,0,OUTER,0,78,251.0633,1251.7333
Roadway Surface N6,0,OUTER,0,79,255.2494,1242.6516
Roadway Surface N6,0,OUTER,0,80,258.9653,1234.6565
Roadway Surface N6,0,OUTER,0,81,259.1677,1234.2244
Roadway Surface N6,0,OUTER,0,82,259.1707,1234.2258
Roadway Surface N6,0,OUTER,0,83,259.2701,1234.0083
Roadway Surface N6,0,OUTER,0,84,259.3835,1233.7671
Roadway Surface N6,0,OUTER,0,85,259.4704,1233.5861
Roadway Surface N6,0,OUTER,0,86,259.4674,1233.5847
Roadway Surface N6,0,OUTER,0,87,259.8175,1232.8444
Roadway Surface N6,0,OUTER,0,88,261.2724,1229.7248
Roadway Surface N6,0,OUTER,0,89,261.3892,1229.4751
Roadway Surface N6,0,OUTER,0,90,265.3540,1221.0526
Roadway Surface N6,0,OUTER,0,91,267.6022,1216.3158
Roadway Surface N6,0,OUTER,0,92,267.6740,1216.1678
Roadway Surface N6,0,OUTER,0,93,267.6710,1216.1664
Roadway Surface N6,0,OUTER,0,94,267.8154,1215.8665
Roadway Surface N6,0,OUTER,0,95,270.5515,1210.1138
Roadway Surface N6,0,OUTER,0,96,276.2429,1198.2738
Roadway Surface N6,0,OUTER,0,97,276.2963,1198.1662
Roadway Surface N6,0,OUTER,0,98,276.2933,1198.1648
Roadway Surface N6,0,OUTER,0,99,276.5051,1197.7283
Roadway Surface N6,0,OUTER,0,100,280.5086,1189.4709
Roadway Surface N6,0,OUTER,0,101,282.7229,1184.9394
Roadway Surface N6,0,OUTER,0,102,282.9600,1184.4731
Roadway Surface N6,0,OUTER,0,103,287.2372,1175.7457
Roadway Surface N6,0,OUTER,0,104,291.1667,1167.8333
Roadway Surface N6,0,OUTER,0,105,291.6722,1166.7952
Roadway Surface N6,0,OUTER,0,106,292.5098,1165.1348
Roadway Surface N6,0,OUTER,0,107,296.1297,1157.8735
Roadway Surface N6,0,OUTER,0,108,303.2869,1143.7019
Roadway Surface N6,0,OUTER,0,109,304.6561,1141.0334
Roadway Surface N6,0,OUTER,0,110,305.1400,1140.0630
Roadway Surface N6,0,OUTER,0,111,306.0195,1138.3617
Roadway Surface N6,0,OUTER,0,112,310.1637,1130.2628
Roadway Surface N6,0,OUTER,0,113,313.8633,1123.0965
Roadway Surface N6,0,OUTER,0,114,316.0317,1118.9314
Roadway Surface N6,0,OUTER,0,115,316.5709,1117.8857
Roadway Surface N6,0,OUTER,0,116,316.5739,1117.8872
Roadway Surface N6,0,OUTER,0,117,316.6001,1117.8323
Roadway Surface N6,0,OUTER,0,118,321.1086,1109.2030
Roadway Surface N6,0,OUTER,0,119,321.1933,1109.0408
Roadway Surface N6,0,OUTER,0,120,321.1963,1109.0423
Roadway Surface N6,0,OUTER,0,121,321.2649,1108.9040
Roadway Surface N6,0,OUTER,0,122,321.5569,1108.3511
Roadway Surface N6,0,OUTER,0,123,321.6556,1108.1693
Roadway Surface N6,0,OUTER,0,124,328.1838,1095.8031
Roadway Surface N6,0,OUTER,0,125,335.3639,1082.3715
Roadway Surface N6,0,OUTER,0,126,342.3630,1069.4336
Roadway Surface N6,0,OUTER,0,127,349.5518,1056.3026
Roadway Surface N6,0,OUTER,0,128,352.1574,1051.5936
Roadway Surface N6,0,OUTER,0,129,354.3822,1047.5696
Roadway Surface N6,0,OUTER,0,130,354.3851,1047.5712
Roadway Surface N6,0,OUTER,0,131,354.4228,1047.5022
Roadway Surface N6,0,OUTER,0,132,356.0478,1044.5672
Roadway Surface N6,0,OUTER,0,133,362.1807,1033.6014
Roadway Surface N6,0,OUTER,0,134,367.5750,1024.0535
Roadway Surface N6,0,OUTER,0,135,371.4797,1017.1784
Roadway Surface N6,0,OUTER,0,136,376.4246,1008.5421
Roadway Surface N6,0,OUTER,0,137,380.4588,1001.5485
Roadway Surface N6,0,OUTER,0,138,388.6049,987.5473
Roadway Surface N6,0,OUTER,0,139,394.7058,977.1771
Roadway Surface N6,0,OUTER,0,140,399.8111,968.5784
Roadway Surface N6,0,OUTER,0,141,404.1328,961.3375
Roadway Surface N6,0,OUTER,0,142,429.3544,919.2180
Roadway Surface N6,0,OUTER,0,143,429.9448,918.2308
Roadway Surface N6,0,OUTER,0,144,429.9477,918.2325
Roadway Surface N6,0,OUTER,0,145,430.0829,918.0015
Roadway Surface N6,0,OUTER,0,146,517.8537,771.4263
Roadway Surface N6,0,OUTER,0,147,517.9623,771.2460
Roadway Surface N6,0,OUTER,0,148,517.9594,771.2443
Roadway Surface N6,0,OUTER,0,149,520.4615,767.0714
Roadway Surface N6,0,OUTER,0,150,528.1782,754.1847
Roadway Surface N6,0,OUTER,0,151,528.2370,754.0872
Roadway Surface N6,0,OUTER,0,152,528.2341,754.0855
Roadway Surface N6,0,OUTER,0,153,532.4285,747.0868
Roadway Surface N6,0,OUTER,0,154,533.3422,745.5609
Roadway Surface N6,0,OUTER,0,155,533.3743,745.5077
Roadway Surface N6,0,OUTER,0,156,533.3714,745.5060
Roadway Surface N6,0,OUTER,0,157,537.7897,738.1338
Roadway Surface N6,0,OUTER,0,158,537.8318,738.0636
Roadway Surface N6,0,OUTER,0,159,537.8289,738.0619
Roadway Surface N6,0,OUTER,0,160,538.5140,736.9211
Roadway Surface N6,0,OUTER,0,161,540.7686,733.1557
Roadway Surface N6,0,OUTER,0,162,540.9448,732.8561
Roadway Surface N6,0,OUTER,0,163,541.7721,731.5684
Roadway Surface N6,0,OUTER,0,164,542.9046,729.8604
Roadway Surface N6,0,OUTER,0,165,542.9665,729.7704
Roadway Surface N6,0,OUTER,0,166,543.3822,729.1284
Roadway Surface N6,0,OUTER,0,167,544.0261,728.2731
Roadway Surface N6,0,OUTER,0,168,545.6191,726.1001
Roadway Surface N6,0,OUTER,0,169,546.3453,725.1172
Roadway Surface N6,0,OUTER,0,170,547.2992,723.9816
Roadway Surface N6,0,OUTER,0,171,548.6222,722.4070
Roadway Surface N6,0,OUTER,0,172,549.4652,721.4038
Roadway Surface N6,0,OUTER,0,173,549.7090,721.1342
Roadway Surface N6,0,OUTER,0,174,552.5871,718.1146
Roadway Surface N6,0,OUTER,0,175,553.0121,717.6689
Roadway Surface N6,0,OUTER,0,176,556.6822,714.2723
Roadway Surface N6,0,OUTER,0,177,560.5545,711.1134
Roadway Surface N6,0,OUTER,0,178,564.6121,708.2065
Roadway Surface N6,0,OUTER,0,179,565.0357,707.9243
Roadway Surface N6,0,OUTER,0,180,568.8509,705.5542
Roadway Surface N6,0,OUTER,0,181,573.2445,703.1733
Roadway Surface N6,0,OUTER,0,182,577.7847,701.0691
Roadway Surface N6,0,OUTER,0,183,582.4482,699.2531
Roadway Surface N6,0,OUTER,0,184,587.2017,697.7373
Roadway Surface N6,0,OUTER,0,185,589.5496,697.1067
Roadway Surface N6,0,OUTER,0,186,592.1536,696.4989
Roadway Surface N6,0,OUTER,0,187,596.9640,695.6059
Roadway Surface N6,0,OUTER,0,188,601.9246,695.0027
Roadway Surface N6,0,OUTER,0,189,606.9157,694.7102
Roadway Surface N6,0,OUTER,0,190,611.9272,694.7302
Roadway Surface N6,0,OUTER,0,191,616.9152,695.0639
Roadway Surface N6,0,OUTER,0,192,621.8676,695.7083
Roadway Surface N6,0,OUTER,0,193,626.7788,696.6631
Roadway Surface N6,0,OUTER,0,194,631.6019,697.9174
Roadway Surface N6,0,OUTER,0,195,636.3679,699.4806
Roadway Surface N6,0,OUTER,0,196,641.0110,701.3336
Roadway Surface N6,0,OUTER,0,197,643.7921,702.6112
Roadway Surface N6,0,OUTER,0,198,645.5247,703.4713
Roadway Surface N6,0,OUTER,0,199,648.4504,705.0480
Roadway Surface N6,0,OUTER,0,200,650.8257,706.4587
Roadway Surface N6,0,OUTER,0,201,651.0001,706.5388
Roadway Surface N6,0,OUTER,0,202,651.0358,706.5835
Roadway Surface N6,0,OUTER,0,203,651.3116,706.7455
Roadway Surface N6,0,OUTER,0,204,665.7558,716.9516
Roadway Surface N6,0,OUTER,0,205,666.4986,717.5038
Roadway Surface N6,0,OUTER,0,206,667.0605,716.6664
Roadway Surface N6,0,OUTER,0,207,687.1203,688.2888
Roadway Surface N6,0,OUTER,0,208,686.0427,687.2519
Roadway Surface N6,0,OUTER,0,209,678.7720,682.1191
Roadway Surface N6,0,OUTER,0,210,673.0551,678.0570
Roadway Surface N6,0,OUTER,0,211,672.0418,677.3379
Roadway Surface N6,0,OUTER,0,212,671.5738,677.1273
Roadway Surface N6,0,OUTER,0,213,662.8226,672.6729
Roadway Surface N6,0,OUTER,0,214,659.5776,671.1917
Roadway Surface N6,0,OUTER,0,215,648.2952,666.9680
Roadway Surface N6,0,OUTER,0,216,646.5280,666.3821
Roadway Surface N6,0,OUTER,0,217,641.6183,665.0261
Roadway Surface N6,0,OUTER,0,218,635.3165,663.6534
Roadway Surface N6,0,OUTER,0,219,633.5722,663.3360
Roadway Surface N6,0,OUTER,0,220,627.6478,662.4768
Roadway Surface N6,0,OUTER,0,221,626.8547,662.3709
Roadway Surface N6,0,OUTER,0,222,621.1206,661.9171
Roadway Surface N6,0,OUTER,0,223,619.0013,661.8229
Roadway Surface N6,0,OUTER,0,224,617.6665,661.8330
Roadway Surface N6,0,OUTER,0,225,606.7246,662.1185
Roadway Surface N6,0,OUTER,0,226,596.4813,663.5677
Roadway Surface N6,0,OUTER,0,227,589.1656,664.7700
Roadway Surface N6,0,OUTER,0,228,578.1659,668.2284
Roadway Surface N6,0,OUTER,0,229,570.5209,671.3308
Roadway Surface N6,0,OUTER,0,230,557.1129,678.7131
Roadway Surface N6,0,OUTER,0,231,555.9916,679.4343
Roadway Surface N6,0,OUTER,0,232,552.9308,681.5183
Roadway Surface N6,0,OUTER,0,233,551.3281,682.6487
Roadway Surface N6,0,OUTER,0,234,548.6835,684.6626
Roadway Surface N6,0,OUTER,0,235,546.2072,686.6689
Roadway Surface N6,0,OUTER,0,236,544.6638,688.0069
Roadway Surface N6,0,OUTER,0,237,539.7829,692.7208
Roadway Surface N6,0,OUTER,0,238,534.7367,698.2178
Roadway Surface N6,0,OUTER,0,239,534.4459,698.5344
Roadway Surface N6,0,OUTER,0,240,529.5433,704.8433
Roadway Surface N6,0,OUTER,0,241,527.6170,707.5745
Roadway Surface N6,0,OUTER,0,242,525.4666,711.0069
Roadway Surface N6,0,OUTER,0,243,521.5514,718.0954
Roadway Surface N6,0,OUTER,0,244,520.4317,720.3574
Roadway Surface N6,0,OUTER,0,245,520.0685,721.0111
Roadway Surface N6,0,OUTER,0,246,519.8034,721.4403
Roadway Surface N6,0,OUTER,0,247,382.8836,950.1077
Roadway Surface N6,0,OUTER,0,248,375.9488,961.7553
Roadway Surface N6,0,OUTER,0,249,370.8312,970.4159
Roadway Surface N6,0,OUTER,0,250,366.8664,977.1869
Roadway Surface N6,0,OUTER,0,251,366.2563,978.2347
Roadway Surface N6,0,OUTER,0,252,366.2532,978.2329
Roadway Surface N6,0,OUTER,0,253,366.2085,978.3117
Roadway Surface N6,0,OUTER,0,254,363.8450,982.3558
Roadway Surface N6,0,OUTER,0,255,358.7935,991.0791
Roadway Surface N6,0,OUTER,0,256,358.2244,992.0679
Roadway Surface N6,0,OUTER,0,257,358.2214,992.0662
Roadway Surface N6,0,OUTER,0,258,358.1745,992.1495
Roadway Surface N6,0,OUTER,0,259,353.7649,999.8153
Roadway Surface N6,0,OUTER,0,260,350.6617,1005.2358
Roadway Surface N6,0,OUTER,0,261,343.5303,1017.8084
Roadway Surface N6,0,OUTER,0,262,337.0224,1029.4056
Roadway Surface N6,0,OUTER,0,263,330.5142,1041.1247
Roadway Surface N6,0,OUTER,0,264,323.6901,1053.5458
Roadway Surface N6,0,OUTER,0,265,316.4883,1066.8064
Roadway Surface N6,0,OUTER,0,266,309.4131,1079.9963
Roadway Surface N6,0,OUTER,0,267,309.3570,1080.1048
Roadway Surface N6,0,OUTER,0,268,304.6330,1088.9868
Roadway Surface N6,0,OUTER,0,269,297.6088,1102.3422
Roadway Surface N6,0,OUTER,0,270,291.1672,1114.7342
Roadway Surface N6,0,OUTER,0,271,285.9088,1124.9548
Roadway Surface N6,0,OUTER,0,272,279.2046,1138.1266
Roadway Surface N6,0,OUTER,0,273,272.8168,1150.8273
Roadway Surface N6,0,OUTER,0,274,267.1417,1162.2377
Roadway Surface N6,0,OUTER,0,275,260.6450,1175.4501
Roadway Surface N6,0,OUTER,0,276,259.0756,1178.6748
Roadway Surface N6,0,OUTER,0,277,258.9655,1178.9055
Roadway Surface N6,0,OUTER,0,278,258.9630,1178.9043
Roadway Surface N6,0,OUTER,0,279,258.9354,1178.9632
Roadway Surface N6,0,OUTER,0,280,255.0264,1187.0100
Roadway Surface N6,0,OUTER,0,281,250.3240,1196.7916
Roadway Surface N6,0,OUTER,0,282,250.1760,1197.1042
Roadway Surface N6,0,OUTER,0,283,250.1735,1197.1030
Roadway Surface N6,0,OUTER,0,284,250.0747,1197.3110
Roadway Surface N6,0,OUTER,0,285,242.3691,1213.5220
Roadway Surface N6,0,OUTER,0,286,239.2044,1220.2561
Roadway Surface N6,0,OUTER,0,287,235.5588,1228.0674
Roadway Surface N6,0,OUTER,0,288,229.2507,1241.7229
Roadway Surface N6,0,OUTER,0,289,222.8774,1255.7041
Roadway Surface N6,0,OUTER,0,290,216.7753,1269.2700
Roadway Surface N6,0,OUTER,0,291,211.2203,1281.7814
Roadway Surface N6,0,OUTER,0,292,204.3570,1297.4460
Roadway Surface N6,0,OUTER,0,293,201.4521,1304.1692
Roadway Surface N6,0,OUTER,0,294,201.1673,1304.8349
Roadway Surface N6,0,OUTER,0,295,201.1630,1304.8331
Roadway Surface N6,0,OUTER,0,296,201.0861,1305.0170
Roadway Surface N6,0,OUTER,0,297,198.3763,1311.3002
Roadway Surface N6,0,OUTER,0,298,192.4649,1325.1840
Roadway Surface N6,0,OUTER,0,299,186.6230,1339.0973
Roadway Surface N6,0,OUTER,0,300,180.2061,1354.6173
Roadway Surface N6,0,OUTER,0,301,175.1482,1367.0107
Roadway Surface N6,0,OUTER,0,302,169.7549,1380.4118
Roadway Surface N6,0,OUTER,0,303,167.6589,1385.6856
Roadway Surface N6,0,OUTER,0,304,165.9363,1390.0371
Roadway Surface N6,0,OUTER,0,305,165.9321,1390.0355
Roadway Surface N6,0,OUTER,0,306,165.9088,1390.0982
Roadway Surface N6,0,OUTER,0,307,162.2390,1399.4147
Roadway Surface N6,0,OUTER,0,308,162.1215,1399.7220
Roadway Surface N6,0,OUTER,0,309,158.8711,1408.0351
Roadway Surface N6,0,OUTER,0,310,154.2862,1419.9204
Roadway Surface N6,0,OUTER,0,311,149.4634,1432.5777
Roadway Surface N6,0,OUTER,0,312,144.2385,1446.4912
Roadway Surface N6,0,OUTER,0,313,139.8895,1458.2338
Roadway Surface N6,0,OUTER,0,314,135.4754,1470.3080
Roadway Surface N6,0,OUTER,0,315,130.3618,1484.5051
Roadway Surface N6,0,OUTER,0,316,126.4962,1495.3765
Roadway Surface N6,0,OUTER,0,317,121.9917,1508.2214
Roadway Surface N6,0,OUTER,0,318,118.9196,1517.1078
Roadway Surface N6,0,OUTER,0,319,118.9047,1517.1597
Roadway Surface N6,0,OUTER,0,320,118.9006,1517.1583
Roadway Surface N6,0,OUTER,0,321,118.8507,1517.3073
Roadway Surface N6,0,OUTER,0,322,117.0659,1522.4847
Roadway Surface N6,0,OUTER,0,323,112.2113,1536.7726
Roadway Surface N6,0,OUTER,0,324,107.4274,1551.0876
Roadway Surface N7,0,OUTER,0,0,708.4001,947.9197
Roadway Surface N7,0,OUTER,0,1,718.2273,954.8065
Roadway Surface N7,0,OUTER,0,2,728.0544,961.6931
Roadway Surface N7,0,OUTER,0,3,788.3135,875.7066
Roadway Surface N7,0,OUTER,0,4,788.3135,875.7065
Roadway Surface N7,0,OUTER,0,5,788.6852,874.9344
Roadway Surface N7,0,OUTER,0,6,788.2290,874.4552
Roadway Surface N7,0,OUTER,0,7,769.3875,860.8939
Roadway Surface N8,0,OUTER,0,0,936.9072,1003.8172
Roadway Surface N8,0,OUTER,0,1,930.1040,1012.6270
Roadway Surface N8,0,OUTER,0,2,927.7558,1015.7026
Roadway Surface N8,0,OUTER,0,3,924.4843,1020.0491
Roadway Surface N8,0,OUTER,0,4,922.3809,1022.9135
Roadway Surface N8,0,OUTER,0,5,921.7494,1023.6970
Roadway Surface N8,0,OUTER,0,6,920.6864,1025.1851
Roadway Surface N8,0,OUTER,0,7,917.8436,1028.9956
Roadway Surface N8,0,OUTER,0,8,915.8263,1031.7540
Roadway Surface N8,0,OUTER,0,9,912.8514,1035.8660
Roadway Surface N8,0,OUTER,0,10,909.3803,1040.7187
Roadway Surface N8,0,OUTER,0,11,924.4716,1050.5299
Roadway Surface N8,0,OUTER,0,12,924.6378,1050.3076
Roadway Surface N8,0,OUTER,0,13,931.3900,1040.9615
Roadway Surface N8,0,OUTER,0,14,936.1986,1034.4311
Roadway Surface N8,0,OUTER,0,15,938.6204,1031.1851
Roadway Surface N8,0,OUTER,0,16,942.0940,1026.5776
Roadway Surface N8,0,OUTER,0,17,945.0710,1022.6731
Roadway Surface N8,0,OUTER,0,18,948.0676,1018.7836
Roadway Surface N8,0,OUTER,0,19,951.0834,1014.9091
Roadway Surface N8,0,OUTER,0,20,1144.9984,768.5001
Roadway Surface N8,0,OUTER,0,21,1145.0004,768.4975
Roadway Surface N8,0,OUTER,0,22,1246.8149,639.1243
Roadway Surface N8,0,OUTER,0,23,1232.6711,627.9911
Roadway Surface N8,0,OUTER,0,24,1126.9340,762.3485
Roadway Surface N8,0,OUTER,0,25,1100.0673,796.4872
Roadway Surface N8,0,OUTER,0,26,1099.7233,796.9243
Roadway Surface N8,0,OUTER,0,27,942.9785,996.0961
Roadway Surface N9,0,OUTER,0,0,627.3959,868.6715
Roadway Surface N9,0,OUTER,0,1,614.5340,890.9512
Roadway Surface N9,0,OUTER,0,2,607.8235,901.6938
Roadway Surface N9,0,OUTER,0,3,501.2939,1050.6345
Roadway Surface N9,0,OUTER,0,4,501.1478,1050.8389
Roadway Surface N9,0,OUTER,0,5,521.1708,1064.0871
Roadway Surface N9,0,OUTER,0,6,884.5978,555.9742
Roadway Surface N9,0,OUTER,0,7,955.9776,456.1769
Roadway Surface N9,0,OUTER,0,8,958.6126,452.3324
Roadway Surface N9,0,OUTER,0,9,977.2843,426.2272
Roadway Surface N9,0,OUTER,0,10,957.8467,412.3208
Roadway Surface N9,0,OUTER,0,11,770.6966,673.9775
Roadway Surface N9,0,OUTER,0,12,768.3260,677.0764
Roadway Surface N9,0,OUTER,0,13,766.1480,679.5901
Roadway Surface N9,0,OUTER,0,14,763.8299,681.9848
Roadway Surface N9,0,OUTER,0,15,761.3824,684.2471
Roadway Surface N9,0,OUTER,0,16,758.8131,686.3700
Roadway Surface N9,0,OUTER,0,17,756.7369,687.9196
Roadway Surface N9,0,OUTER,0,18,756.1298,688.3470
Roadway Surface N9,0,OUTER,0,19,753.3409,690.1719
Roadway Surface N9,0,OUTER,0,20,750.4551,691.8392
Roadway Surface N9,0,OUTER,0,21,747.4811,693.3436
Roadway Surface N9,0,OUTER,0,22,744.4281,694.6806
Roadway Surface N9,0,OUTER,0,23,743.1254,695.1908
Roadway Surface N9,0,OUTER,0,24,741.3056,695.8460
Roadway Surface N9,0,OUTER,0,25,738.1231,696.8362
Roadway Surface N9,0,OUTER,0,26,734.8907,697.6481
Roadway Surface N9,0,OUTER,0,27,733.9928,697.8401
Roadway Surface N9,0,OUTER,0,28,731.6181,698.2793
Roadway Surface N9,0,OUTER,0,29,728.3155,698.7279
Roadway Surface N9,0,OUTER,0,30,724.9931,698.9923
Roadway Surface N9,0,OUTER,0,31,721.6611,699.0719
Roadway Surface N9,0,OUTER,0,32,718.3299,698.9663
Roadway Surface N9,0,OUTER,0,33,715.0097,698.6759
Roadway Surface N9,0,OUTER,0,34,711.7107,698.2016
Roadway Surface N9,0,OUTER,0,35,708.4431,697.5449
Roadway Surface N9,0,OUTER,0,36,705.2171,696.7077
Roadway Surface N9,0,OUTER,0,37,702.0425,695.6927
Roadway Surface N9,0,OUTER,0,38,698.9293,694.5030
Roadway Surface N9,0,OUTER,0,39,695.8868,693.1422
Roadway Surface N9,0,OUTER,0,40,692.9246,691.6146
Roadway Surface N9,0,OUTER,0,41,690.0518,689.9249
Roadway Surface N9,0,OUTER,0,42,687.7451,688.4221
Roadway Surface N9,0,OUTER,0,43,687.1658,688.0447
Roadway Surface N9,0,OUTER,0,44,686.0427,687.2519
Roadway Surface N9,0,OUTER,0,45,687.1203,688.2888
Roadway Surface N9,0,OUTER,0,46,667.0605,716.6664
Roadway Surface N9,0,OUTER,0,47,666.4986,717.5038
Roadway Surface N9,0,OUTER,0,48,666.4994,717.5047
Roadway Surface N9,0,OUTER,0,49,666.3544,717.7260
Roadway Surface N9,0,OUTER,0,50,667.9409,718.9422
Roadway Surface N9,0,OUTER,0,51,669.2824,720.0277
Roadway Surface N9,0,OUTER,0,52,670.5429,721.0842
Roadway Surface N9,0,OUTER,0,53,671.5446,722.0044
Roadway Surface N9,0,OUTER,0,54,673.2748,723.6567
Roadway Surface N9,0,OUTER,0,55,674.9105,725.3419
Roadway Surface N9,0,OUTER,0,56,676.2074,726.7780
Roadway Surface N9,0,OUTER,0,57,678.2999,729.3072
Roadway Surface N9,0,OUTER,0,58,679.4922,730.9129
Roadway Surface N9,0,OUTER,0,59,680.7947,732.7838
Roadway Surface N9,0,OUTER,0,60,682.0259,734.6901
Roadway Surface N9,0,OUTER,0,61,683.0555,736.4050
Roadway Surface N9,0,OUTER,0,62,684.5837,739.2411
Roadway Surface N9,0,OUTER,0,63,685.6678,741.5405
Roadway Surface N9,0,OUTER,0,64,686.6904,743.9640
Roadway Surface N9,0,OUTER,0,65,687.0961,744.9773
Roadway Surface N9,0,OUTER,0,66,687.7333,746.7834
Roadway Surface N9,0,OUTER,0,67,688.6169,749.5956
Roadway Surface N9,0,OUTER,0,68,689.1560,751.5956
Roadway Surface N9,0,OUTER,0,69,689.3906,752.5677
Roadway Surface N9,0,OUTER,0,70,689.8283,754.6008
Roadway Surface N9,0,OUTER,0,71,690.2355,756.8202
Roadway Surface N9,0,OUTER,0,72,690.5412,759.0887
Roadway Surface N9,0,OUTER,0,73,690.7400,761.1019
Roadway Surface N9,0,OUTER,0,74,690.8785,762.7758
Roadway Surface N9,0,OUTER,0,75,690.9295,764.4056
Roadway Surface N9,0,OUTER,0,76,690.9627,766.4517
Roadway Surface N9,0,OUTER,0,77,690.9377,767.7125
Roadway Surface N9,0,OUTER,0,78,690.8356,770.0152
Roadway Surface N9,0,OUTER,0,79,690.6992,771.9423
Roadway Surface N9,0,OUTER,0,80,690.5331,773.3049
Roadway Surface N9,0,OUTER,0,81,690.1627,775.9298
Roadway Surface N9,0,OUTER,0,82,689.8809,777.5573
Roadway Surface N9,0,OUTER,0,83,689.3925,779.8078
Roadway Surface N9,0,OUTER,0,84,688.9013,781.7669
Roadway Surface N9,0,OUTER,0,85,688.3815,783.6405
Roadway Surface N9,0,OUTER,0,86,687.5401,786.1837
Roadway Surface N9,0,OUTER,0,87,686.7487,788.2709
Roadway Surface N9,0,OUTER,0,88,685.9465,790.1937
Roadway Surface N9,0,OUTER,0,89,685.2897,791.6836
Roadway Surface N9,0,OUTER,0,90,683.6655,794.9428
Roadway Surface N9,0,OUTER,0,91,682.4676,796.9523
Roadway Surface N9,0,OUTER,0,92,681.7906,798.0905
Roadway Surface N9,0,OUTER,0,93,683.3934,796.0269
Roadway Surface N9,0,OUTER,0,94,680.3413,800.2715
Roadway Surface N9,0,OUTER,0,95,679.9346,800.8697
Roadway Surface N9,0,OUTER,0,96,663.8798,818.3199
Roadway Surface N9,0,OUTER,0,97,663.8359,818.3676
Roadway Surface N9,0,OUTER,0,98,663.5967,818.2790
Roadway Surface N9,0,OUTER,0,99,663.3825,818.2480
Roadway Surface N9,0,OUTER,0,100,662.9698,818.0624
Roadway Surface N9,0,OUTER,0,101,661.8348,817.5585
Roadway Surface N9,0,OUTER,0,102,638.6627,804.2140
Roadway Surface N9,0,OUTER,0,103,608.2508,857.0920
Roadway Surface N9,0,OUTER,0,104,622.5151,865.2961
Roadway Surface N9,0,OUTER,0,105,626.1769,867.4507
