  0
SECTION
  2
HEADER
  9
$ACADVER
  1
AC1024
  9
$ACADMAINTVER
 70
6
  9
$DWGCODEPAGE
  3
ANSI_1252
  9
$LASTSAVEDBY
  1
ezdxf
  9
$INSBASE
 10
0.0
 20
0.0
 30
0.0
  9
$EXTMIN
 10
1e+20
 20
1e+20
 30
1e+20
  9
$EXTMAX
 10
-1e+20
 20
-1e+20
 30
-1e+20
  9
$LIMMIN
 10
0.0
 20
0.0
  9
$LIMMAX
 10
420.0
 20
297.0
  9
$ORTHOMODE
 70
0
  9
$REGENMODE
 70
1
  9
$FILLMODE
 70
1
  9
$QTEXTMODE
 70
0
  9
$MIRRTEXT
 70
1
  9
$LTSCALE
 40
1.0
  9
$ATTMODE
 70
1
  9
$TEXTSIZE
 40
2.5
  9
$TRACEWID
 40
1.0
  9
$TEXTSTYLE
  7
OpenSans
  9
$CLAYER
  8
0
  9
$CELTYPE
  6
ByLayer
  9
$CECOLOR
 62
256
  9
$CELTSCALE
 40
1.0
  9
$DISPSILH
 70
0
  9
$DIMSCALE
 40
1.0
  9
$DIMASZ
 40
0.175
  9
$DIMEXO
 40
0.125
  9
$DIMDLI
 40
3.75
  9
$DIMRND
 40
0.0
  9
$DIMDLE
 40
0.0
  9
$DIMEXE
 40
0.375
  9
$DIMTP
 40
0.0
  9
$DIMTM
 40
0.0
  9
$DIMTXT
 40
0.25
  9
$DIMCEN
 40
2.5
  9
$DIMTSZ
 40
0.0
  9
$DIMTOL
 70
0
  9
$DIMLIM
 70
0
  9
$DIMTIH
 70
0
  9
$DIMTOH
 70
0
  9
$DIMSE1
 70
0
  9
$DIMSE2
 70
0
  9
$DIMTAD
 70
1
  9
$DIMZIN
 70
12
  9
$DIMBLK
  1
ARCHTICK
  9
$DIMASO
 70
1
  9
$DIMSHO
 70
1
  9
$DIMPOST
  1

  9
$DIMAPOST
  1

  9
$DIMALT
 70
0
  9
$DIMALTD
 70
3
  9
$DIMALTF
 40
0.03937007874
  9
$DIMLFAC
 40
100.0
  9
$DIMTOFL
 70
1
  9
$DIMTVP
 40
0.0
  9
$DIMTIX
 70
0
  9
$DIMSOXD
 70
0
  9
$DIMSAH
 70
0
  9
$DIMBLK1
  1

  9
$DIMBLK2
  1

  9
$DIMSTYLE
  2
EZDXF
  9
$DIMCLRD
 70
0
  9
$DIMCLRE
 70
0
  9
$DIMCLRT
 70
0
  9
$DIMTFAC
 40
0.5
  9
$DIMGAP
 40
0.1
  9
$DIMJUST
 70
0
  9
$DIMSD1
 70
0
  9
$DIMSD2
 70
0
  9
$DIMTOLJ
 70
0
  9
$DIMTZIN
 70
8
  9
$DIMALTZ
 70
0
  9
$DIMALTTZ
 70
0
  9
$DIMUPT
 70
1
  9
$DIMDEC
 70
2
  9
$DIMTDEC
 70
2
  9
$DIMALTU
 70
2
  9
$DIMALTTD
 70
3
  9
$DIMTXSTY
  7
OpenSansCondensed-Light
  9
$DIMAUNIT
 70
0
  9
$DIMADEC
 70
2
  9
$DIMALTRND
 40
0.0
  9
$DIMAZIN
 70
3
  9
$DIMDSEP
 70
46
  9
$DIMATFIT
 70
3
  9
$DIMFRAC
 70
0
  9
$DIMLDRBLK
  1

  9
$DIMLUNIT
 70
2
  9
$DIMLWD
 70
-2
  9
$DIMLWE
 70
-2
  9
$DIMTMOVE
 70
2
  9
$DIMFXL
 40
1.0
  9
$DIMFXLON
 70
0
  9
$DIMJOGANG
 40
0.785398163397
  9
$DIMTFILL
 70
0
  9
$DIMTFILLCLR
 70
0
  9
$DIMARCSYM
 70
0
  9
$DIMLTYPE
  6

  9
$DIMLTEX1
  6

  9
$DIMLTEX2
  6

  9
$DIMTXTDIRECTION
 70
0
  9
$LUNITS
 70
2
  9
$LUPREC
 70
4
  9
$SKETCHINC
 40
1.0
  9
$FILLETRAD
 40
10.0
  9
$AUNITS
 70
0
  9
$AUPREC
 70
2
  9
$MENU
  1
.
  9
$ELEVATION
 40
0.0
  9
$PELEVATION
 40
0.0
  9
$THICKNESS
 40
0.0
  9
$LIMCHECK
 70
0
  9
$CHAMFERA
 40
0.0
  9
$CHAMFERB
 40
0.0
  9
$CHAMFERC
 40
0.0
  9
$CHAMFERD
 40
0.0
  9
$SKPOLY
 70
0
  9
$TDCREATE
 40
2461253.7289699074
  9
$TDUCREATE
 40
2458532.153996898
  9
$TDUPDATE
 40
2461253.7289699074
  9
$TDUUPDATE
 40
2458532.1544311
  9
$TDINDWG
 40
0.0
  9
$TDUSRTIMER
 40
0.0
  9
$USRTIMER
 70
1
  9
$ANGBASE
 50
0.0
  9
$ANGDIR
 70
0
  9
$PDMODE
 70
0
  9
$PDSIZE
 40
0.0
  9
$PLINEWID
 40
0.0
  9
$SPLFRAME
 70
0
  9
$SPLINETYPE
 70
6
  9
$SPLINESEGS
 70
8
  9
$HANDSEED
  5
F1
  9
$SURFTAB1
 70
6
  9
$SURFTAB2
 70
6
  9
$SURFTYPE
 70
6
  9
$SURFU
 70
6
  9
$SURFV
 70
6
  9
$UCSBASE
  2

  9
$UCSNAME
  2

  9
$UCSORG
 10
0.0
 20
0.0
 30
0.0
  9
$UCSXDIR
 10
1.0
 20
0.0
 30
0.0
  9
$UCSYDIR
 10
0.0
 20
1.0
 30
0.0
  9
$UCSORTHOREF
  2

  9
$UCSORTHOVIEW
 70
0
  9
$UCSORGTOP
 10
0.0
 20
0.0
 30
0.0
  9
$UCSORGBOTTOM
 10
0.0
 20
0.0
 30
0.0
  9
$UCSORGLEFT
 10
0.0
 20
0.0
 30
0.0
  9
$UCSORGRIGHT
 10
0.0
 20
0.0
 30
0.0
  9
$UCSORGFRONT
 10
0.0
 20
0.0
 30
0.0
  9
$UCSORGBACK
 10
0.0
 20
0.0
 30
0.0
  9
$PUCSBASE
  2

  9
$PUCSNAME
  2

  9
$PUCSORG
 10
0.0
 20
0.0
 30
0.0
  9
$PUCSXDIR
 10
1.0
 20
0.0
 30
0.0
  9
$PUCSYDIR
 10
0.0
 20
1.0
 30
0.0
  9
$PUCSORTHOREF
  2

  9
$PUCSORTHOVIEW
 70
0
  9
$PUCSORGTOP
 10
0.0
 20
0.0
 30
0.0
  9
$PUCSORGBOTTOM
 10
0.0
 20
0.0
 30
0.0
  9
$PUCSORGLEFT
 10
0.0
 20
0.0
 30
0.0
  9
$PUCSORGRIGHT
 10
0.0
 20
0.0
 30
0.0
  9
$PUCSORGFRONT
 10
0.0
 20
0.0
 30
0.0
  9
$PUCSORGBACK
 10
0.0
 20
0.0
 30
0.0
  9
$USERI1
 70
0
  9
$USERI2
 70
0
  9
$USERI3
 70
0
  9
$USERI4
 70
0
  9
$USERI5
 70
0
  9
$USERR1
 40
0.0
  9
$USERR2
 40
0.0
  9
$USERR3
 40
0.0
  9
$USERR4
 40
0.0
  9
$USERR5
 40
0.0
  9
$WORLDVIEW
 70
1
  9
$SHADEDGE
 70
3
  9
$SHADEDIF
 70
70
  9
$TILEMODE
 70
1
  9
$MAXACTVP
 70
64
  9
$PINSBASE
 10
0.0
 20
0.0
 30
0.0
  9
$PLIMCHECK
 70
0
  9
$PEXTMIN
 10
1e+20
 20
1e+20
 30
1e+20
  9
$PEXTMAX
 10
-1e+20
 20
-1e+20
 30
-1e+20
  9
$PLIMMIN
 10
0.0
 20
0.0
  9
$PLIMMAX
 10
420.0
 20
297.0
  9
$UNITMODE
 70
0
  9
$VISRETAIN
 70
1
  9
$PLINEGEN
 70
0
  9
$PSLTSCALE
 70
1
  9
$TREEDEPTH
 70
3020
  9
$CMLSTYLE
  2
Standard
  9
$CMLJUST
 70
0
  9
$CMLSCALE
 40
20.0
  9
$PROXYGRAPHICS
 70
1
  9
$MEASUREMENT
 70
1
  9
$CELWEIGHT
370
-1
  9
$ENDCAPS
280
0
  9
$JOINSTYLE
280
0
  9
$LWDISPLAY
290
0
  9
$INSUNITS
 70
6
  9
$HYPERLINKBASE
  1

  9
$STYLESHEET
  1

  9
$XEDIT
290
1
  9
$CEPSNTYPE
380
0
  9
$PSTYLEMODE
290
1
  9
$FINGERPRINTGUID
  2
{3567AF9E-0B09-4948-847F-DEDEB9540B81}
  9
$VERSIONGUID
  2
{C47E078C-EDA0-4D66-8E07-CA2C662732BA}
  9
$EXTNAMES
290
1
  9
$PSVPSCALE
 40
0.0
  9
$OLESTARTUP
290
0
  9
$SORTENTS
280
127
  9
$INDEXCTL
280
0
  9
$HIDETEXT
280
1
  9
$XCLIPFRAME
280
1
  9
$HALOGAP
280
0
  9
$OBSCOLOR
 70
257
  9
$OBSLTYPE
280
0
  9
$INTERSECTIONDISPLAY
280
0
  9
$INTERSECTIONCOLOR
 70
257
  9
$DIMASSOC
280
2
  9
$PROJECTNAME
  1

  9
$CAMERADISPLAY
290
0
  9
$LENSLENGTH
 40
50.0
  9
$CAMERAHEIGHT
 40
0.0
  9
$STEPSPERSEC
 40
24.0
  9
$STEPSIZE
 40
100.0
  9
$3DDWFPREC
 40
2.0
  9
$PSOLWIDTH
 40
0.005
  9
$PSOLHEIGHT
 40
0.08
  9
$LOFTANG1
 40
1.570796326795
  9
$LOFTANG2
 40
1.570796326795
  9
$LOFTMAG1
 40
0.0
  9
$LOFTMAG2
 40
0.0
  9
$LOFTPARAM
 70
7
  9
$LOFTNORMALS
280
1
  9
$LATITUDE
 40
37.795
  9
$LONGITUDE
 40
-122.394
  9
$NORTHDIRECTION
 40
0.0
  9
$TIMEZONE
 70
-8000
  9
$LIGHTGLYPHDISPLAY
280
1
  9
$TILEMODELIGHTSYNCH
280
1
  9
$CMATERIAL
347
20
  9
$SOLIDHIST
280
0
  9
$SHOWHIST
280
1
  9
$DWFFRAME
280
2
  9
$DGNFRAME
280
2
  9
$REALWORLDSCALE
290
1
  9
$INTERFERECOLOR
 62
256
  9
$CSHADOW
280
0
  9
$SHADOWPLANELOCATION
 40
0.0
  0
ENDSEC
  0
SECTION
  2
CLASSES
  0
CLASS
  1
ACDBDICTIONARYWDFLT
  2
AcDbDictionaryWithDefault
  3
ObjectDBX Classes
 90
0
 91
0
280
0
281
0
  0
CLASS
  1
SUN
  2
AcDbSun
  3
SCENEOE
 90
1153
 91
0
280
0
281
0
  0
CLASS
  1
VISUALSTYLE
  2
AcDbVisualStyle
  3
ObjectDBX Classes
 90
4095
 91
0
280
0
281
0
  0
CLASS
  1
MATERIAL
  2
AcDbMaterial
  3
ObjectDBX Classes
 90
1153
 91
0
280
0
281
0
  0
CLASS
  1
SCALE
  2
AcDbScale
  3
ObjectDBX Classes
 90
1153
 91
0
280
0
281
0
  0
CLASS
  1
TABLESTYLE
  2
AcDbTableStyle
  3
ObjectDBX Classes
 90
4095
 91
0
280
0
281
0
  0
CLASS
  1
MLEADERSTYLE
  2
AcDbMLeaderStyle
  3
ACDB_MLEADERSTYLE_CLASS
 90
4095
 91
0
280
0
281
0
  0
CLASS
  1
DICTIONARYVAR
  2
AcDbDictionaryVar
  3
ObjectDBX Classes
 90
0
 91
0
280
0
281
0
  0
CLASS
  1
CELLSTYLEMAP
  2
AcDbCellStyleMap
  3
ObjectDBX Classes
 90
1152
 91
0
280
0
281
0
  0
CLASS
  1
MENTALRAYRENDERSETTINGS
  2
AcDbMentalRayRenderSettings
  3
SCENEOE
 90
1024
 91
0
280
0
281
0
  0
CLASS
  1
ACDBDETAILVIEWSTYLE
  2
AcDbDetailViewStyle
  3
ObjectDBX Classes
 90
1025
 91
0
280
0
281
0
  0
CLASS
  1
ACDBSECTIONVIEWSTYLE
  2
AcDbSectionViewStyle
  3
ObjectDBX Classes
 90
1025
 91
0
280
0
281
0
  0
CLASS
  1
RASTERVARIABLES
  2
AcDbRasterVariables
  3
ISM
 90
0
 91
0
280
0
281
0
  0
CLASS
  1
ACDBPLACEHOLDER
  2
AcDbPlaceHolder
  3
ObjectDBX Classes
 90
0
 91
0
280
0
281
0
  0
CLASS
  1
LAYOUT
  2
AcDbLayout
  3
ObjectDBX Classes
 90
0
 91
0
280
0
281
0
  0
ENDSEC
  0
SECTION
  2
TABLES
  0
TABLE
  2
VPORT
  5
8
330
0
100
AcDbSymbolTable
 70
1
  0
VPORT
  5
23
330
8
100
AcDbSymbolTableRecord
100
AcDbViewportTableRecord
  2
*Active
 70
0
 10
0.0
 20
0.0
 11
1.0
 21
1.0
 12
0.0
 22
0.0
 13
0.0
 23
0.0
 14
0.5
 24
0.5
 15
0.5
 25
0.5
 16
0.0
 26
0.0
 36
1.0
 17
0.0
 27
0.0
 37
0.0
 40
1000.0
 41
1.34
 42
50.0
 43
0.0
 44
0.0
 50
0.0
 51
0.0
 71
0
 72
1000
 73
1
 74
3
 75
0
 76
0
 77
0
 78
0
281
0
 65
0
146
0.0
  0
ENDTAB
  0
TABLE
  2
LTYPE
  5
2
330
0
100
AcDbSymbolTable
 70
21
  0
LTYPE
  5
24
330
2
100
AcDbSymbolTableRecord
100
AcDbLinetypeTableRecord
  2
ByBlock
 70
0
  3

 72
65
 73
0
 40
0.0
  0
LTYPE
  5
25
330
2
100
AcDbSymbolTableRecord
100
AcDbLinetypeTableRecord
  2
ByLayer
 70
0
  3

 72
65
 73
0
 40
0.0
  0
LTYPE
  5
26
330
2
100
AcDbSymbolTableRecord
100
AcDbLinetypeTableRecord
  2
Continuous
 70
0
  3

 72
65
 73
0
 40
0.0
  0
LTYPE
  5
2F
330
2
100
AcDbSymbolTableRecord
100
AcDbLinetypeTableRecord
  2
CENTER
 70
0
  3
Center ____ _ ____ _ ____ _ ____ _ ____ _ ____
 72
65
 73
4
 40
5.08
 49
3.175
 74
0
 49
-0.635
 74
0
 49
0.635
 74
0
 49
-0.635
 74
0
  0
LTYPE
  5
30
330
2
100
AcDbSymbolTableRecord
100
AcDbLinetypeTableRecord
  2
CENTERX2
 70
0
  3
Center (2x) ________  __  ________  __  ________
 72
65
 73
4
 40
8.89
 49
6.35
 74
0
 49
-0.635
 74
0
 49
1.27
 74
0
 49
-0.635
 74
0
  0
LTYPE
  5
31
330
2
100
AcDbSymbolTableRecord
100
AcDbLinetypeTableRecord
  2
CENTER2
 70
0
  3
Center (.5x) ____ _ ____ _ ____ _ ____ _ ____
 72
65
 73
4
 40
2.54
 49
1.587
 74
0
 49
-0.318
 74
0
 49
0.318
 74
0
 49
-0.318
 74
0
  0
LTYPE
  5
32
330
2
100
AcDbSymbolTableRecord
100
AcDbLinetypeTableRecord
  2
DASHED
 70
0
  3
Dashed __ __ __ __ __ __ __ __ __ __ __ __ __ _
 72
65
 73
2
 40
1.524
 49
1.27
 74
0
 49
-0.254
 74
0
  0
LTYPE
  5
33
330
2
100
AcDbSymbolTableRecord
100
AcDbLinetypeTableRecord
  2
DASHEDX2
 70
0
  3
Dashed (2x) ____  ____  ____  ____  ____  ____
 72
65
 73
2
 40
3.048
 49
2.54
 74
0
 49
-0.508
 74
0
  0
LTYPE
  5
34
330
2
100
AcDbSymbolTableRecord
100
AcDbLinetypeTableRecord
  2
DASHED2
 70
0
  3
Dashed (.5x) _ _ _ _ _ _ _ _ _ _ _ _ _ _
 72
65
 73
2
 40
0.762
 49
0.635
 74
0
 49
-0.127
 74
0
  0
LTYPE
  5
35
330
2
100
AcDbSymbolTableRecord
100
AcDbLinetypeTableRecord
  2
PHANTOM
 70
0
  3
Phantom ______  __  __  ______  __  __  ______
 72
65
 73
6
 40
6.35
 49
3.175
 74
0
 49
-0.635
 74
0
 49
0.635
 74
0
 49
-0.635
 74
0
 49
0.635
 74
0
 49
-0.635
 74
0
  0
LTYPE
  5
36
330
2
100
AcDbSymbolTableRecord
100
AcDbLinetypeTableRecord
  2
PHANTOMX2
 70
0
  3
Phantom (2x)____________    ____    ____    ____________
 72
65
 73
6
 40
10.795
 49
6.35
 74
0
 49
-0.635
 74
0
 49
1.27
 74
0
 49
-0.635
 74
0
 49
1.27
 74
0
 49
-0.635
 74
0
  0
LTYPE
  5
37
330
2
100
AcDbSymbolTableRecord
100
AcDbLinetypeTableRecord
  2
PHANTOM2
 70
0
  3
Phantom (.5x) ___ _ _ ___ _ _ ___ _ _ ___ _ _ ___
 72
65
 73
6
 40
3.175
 49
1.587
 74
0
 49
-0.318
 74
0
 49
0.318
 74
0
 49
-0.318
 74
0
 49
0.318
 74
0
 49
-0.318
 74
0
  0
LTYPE
  5
38
330
2
100
AcDbSymbolTableRecord
100
AcDbLinetypeTableRecord
  2
DASHDOT
 70
0
  3
Dash dot __ . __ . __ . __ . __ . __ . __ . __
 72
65
 73
4
 40
3.556
 49
2.54
 74
0
 49
-0.508
 74
0
 49
0.0
 74
0
 49
-0.508
 74
0
  0
LTYPE
  5
39
330
2
100
AcDbSymbolTableRecord
100
AcDbLinetypeTableRecord
  2
DASHDOTX2
 70
0
  3
Dash dot (2x) ____  .  ____  .  ____  .  ____
 72
65
 73
4
 40
6.096
 49
5.08
 74
0
 49
-0.508
 74
0
 49
0.0
 74
0
 49
-0.508
 74
0
  0
LTYPE
  5
3A
330
2
100
AcDbSymbolTableRecord
100
AcDbLinetypeTableRecord
  2
DASHDOT2
 70
0
  3
Dash dot (.5x) _ . _ . _ . _ . _ . _ . _ . _
 72
65
 73
4
 40
1.778
 49
1.27
 74
0
 49
-0.254
 74
0
 49
0.0
 74
0
 49
-0.254
 74
0
  0
LTYPE
  5
3B
330
2
100
AcDbSymbolTableRecord
100
AcDbLinetypeTableRecord
  2
DOT
 70
0
  3
Dot .  .  .  .  .  .  .  .  .  .  .  .  .  .  .  .
 72
65
 73
2
 40
0.508
 49
0.0
 74
0
 49
-0.508
 74
0
  0
LTYPE
  5
3C
330
2
100
AcDbSymbolTableRecord
100
AcDbLinetypeTableRecord
  2
DOTX2
 70
0
  3
Dot (2x) .    .    .    .    .    .    .    . 
 72
65
 73
2
 40
1.016
 49
0.0
 74
0
 49
-1.016
 74
0
  0
LTYPE
  5
3D
330
2
100
AcDbSymbolTableRecord
100
AcDbLinetypeTableRecord
  2
DOT2
 70
0
  3
Dot (.5) . . . . . . . . . . . . . . . . . . . 
 72
65
 73
2
 40
0.254
 49
0.0
 74
0
 49
-0.254
 74
0
  0
LTYPE
  5
3E
330
2
100
AcDbSymbolTableRecord
100
AcDbLinetypeTableRecord
  2
DIVIDE
 70
0
  3
Divide __ . . __ . . __ . . __ . . __ . . __
 72
65
 73
6
 40
4.064
 49
2.54
 74
0
 49
-0.508
 74
0
 49
0.0
 74
0
 49
-0.508
 74
0
 49
0.0
 74
0
 49
-0.508
 74
0
  0
LTYPE
  5
3F
330
2
100
AcDbSymbolTableRecord
100
AcDbLinetypeTableRecord
  2
DIVIDEX2
 70
0
  3
Divide (2x) ____  . .  ____  . .  ____  . .  ____
 72
65
 73
6
 40
6.604
 49
5.08
 74
0
 49
-0.508
 74
0
 49
0.0
 74
0
 49
-0.508
 74
0
 49
0.0
 74
0
 49
-0.508
 74
0
  0
LTYPE
  5
40
330
2
100
AcDbSymbolTableRecord
100
AcDbLinetypeTableRecord
  2
DIVIDE2
 70
0
  3
Divide(.5x) _ . _ . _ . _ . _ . _ . _ . _
 72
65
 73
6
 40
2.032
 49
1.27
 74
0
 49
-0.254
 74
0
 49
0.0
 74
0
 49
-0.254
 74
0
 49
0.0
 74
0
 49
-0.254
 74
0
  0
ENDTAB
  0
TABLE
  2
LAYER
  5
1
330
0
100
AcDbSymbolTable
 70
45
  0
LAYER
  5
27
330
1
100
AcDbSymbolTableRecord
100
AcDbLayerTableRecord
  2
0
 70
0
 62
7
  6
Continuous
370
-3
390
13
347
21
  0
LAYER
  5
28
330
1
100
AcDbSymbolTableRecord
100
AcDbLayerTableRecord
  2
Defpoints
 70
0
 62
7
  6
Continuous
290
0
370
-3
390
13
347
21
  0
LAYER
  5
8A
330
1
100
AcDbSymbolTableRecord
100
AcDbLayerTableRecord
  2
SURF_OUTER_Gravel Surface 1
 70
0
 62
3
  6
Continuous
370
-3
390
13
347
21
  0
LAYER
  5
8E
330
1
100
AcDbSymbolTableRecord
100
AcDbLayerTableRecord
  2
SURF_OUTER_Gravel Surface 2
 70
0
 62
3
  6
Continuous
370
-3
390
13
347
21
  0
LAYER
  5
90
330
1
100
AcDbSymbolTableRecord
100
AcDbLayerTableRecord
  2
SURF_HOLE_Gravel Surface 2
 70
0
 62
1
  6
Continuous
370
-3
390
13
347
21
  0
LAYER
  5
94
330
1
100
AcDbSymbolTableRecord
100
AcDbLayerTableRecord
  2
SURF_OUTER_Pavement Surface 1
 70
0
 62
3
  6
Continuous
370
-3
390
13
347
21
  0
LAYER
  5
96
330
1
100
AcDbSymbolTableRecord
100
AcDbLayerTableRecord
  2
SURF_HOLE_Pavement Surface 1
 70
0
 62
1
  6
Continuous
370
-3
390
13
347
21
  0
LAYER
  5
98
330
1
100
AcDbSymbolTableRecord
100
AcDbLayerTableRecord
  2
SURF_OUTER_Pavement Surface 10
 70
0
 62
3
  6
Continuous
370
-3
390
13
347
21
  0
LAYER
  5
9A
330
1
100
AcDbSymbolTableRecord
100
AcDbLayerTableRecord
  2
SURF_OUTER_Pavement Surface 11
 70
0
 62
3
  6
Continuous
370
-3
390
13
347
21
  0
LAYER
  5
9C
330
1
100
AcDbSymbolTableRecord
100
AcDbLayerTableRecord
  2
SURF_HOLE_Pavement Surface 11
 70
0
 62
1
  6
Continuous
370
-3
390
13
347
21
  0
LAYER
  5
9E
330
1
100
AcDbSymbolTableRecord
100
AcDbLayerTableRecord
  2
SURF_OUTER_Pavement Surface 12
 70
0
 62
3
  6
Continuous
370
-3
390
13
347
21
  0
LAYER
  5
A0
330
1
100
AcDbSymbolTableRecord
100
AcDbLayerTableRecord
  2
SURF_OUTER_Pavement Surface 13
 70
0
 62
3
  6
Continuous
370
-3
390
13
347
21
  0
LAYER
  5
A2
330
1
100
AcDbSymbolTableRecord
100
AcDbLayerTableRecord
  2
SURF_OUTER_Pavement Surface 14
 70
0
 62
3
  6
Continuous
370
-3
390
13
347
21
  0
LAYER
  5
A4
330
1
100
AcDbSymbolTableRecord
100
AcDbLayerTableRecord
  2
SURF_OUTER_Pavement Surface 15
 70
0
 62
3
  6
Continuous
370
-3
390
13
347
21
  0
LAYER
  5
A6
330
1
100
AcDbSymbolTableRecord
100
AcDbLayerTableRecord
  2
SURF_OUTER_Pavement Surface 16
 70
0
 62
3
  6
Continuous
370
-3
390
13
347
21
  0
LAYER
  5
A8
330
1
100
AcDbSymbolTableRecord
100
AcDbLayerTableRecord
  2
SURF_OUTER_Pavement Surface 17
 70
0
 62
3
  6
Continuous
370
-3
390
13
347
21
  0
LAYER
  5
AA
330
1
100
AcDbSymbolTableRecord
100
AcDbLayerTableRecord
  2
SURF_OUTER_Pavement Surface 18
 70
0
 62
3
  6
Continuous
370
-3
390
13
347
21
  0
LAYER
  5
AC
330
1
100
AcDbSymbolTableRecord
100
AcDbLayerTableRecord
  2
SURF_OUTER_Pavement Surface 19
 70
0
 62
3
  6
Continuous
370
-3
390
13
347
21
  0
LAYER
  5
AE
330
1
100
AcDbSymbolTableRecord
100
AcDbLayerTableRecord
  2
SURF_OUTER_Pavement Surface 2
 70
0
 62
3
  6
Continuous
370
-3
390
13
347
21
  0
LAYER
  5
B1
330
1
100
AcDbSymbolTableRecord
100
AcDbLayerTableRecord
  2
SURF_OUTER_Pavement Surface 20
 70
0
 62
3
  6
Continuous
370
-3
390
13
347
21
  0
LAYER
  5
B3
330
1
100
AcDbSymbolTableRecord
100
AcDbLayerTableRecord
  2
SURF_OUTER_Pavement Surface 21
 70
0
 62
3
  6
Continuous
370
-3
390
13
347
21
  0
LAYER
  5
B5
330
1
100
AcDbSymbolTableRecord
100
AcDbLayerTableRecord
  2
SURF_OUTER_Pavement Surface 3
 70
0
 62
3
  6
Continuous
370
-3
390
13
347
21
  0
LAYER
  5
B8
330
1
100
AcDbSymbolTableRecord
100
AcDbLayerTableRecord
  2
SURF_OUTER_Pavement Surface 4
 70
0
 62
3
  6
Continuous
370
-3
390
13
347
21
  0
LAYER
  5
BA
330
1
100
AcDbSymbolTableRecord
100
AcDbLayerTableRecord
  2
SURF_HOLE_Pavement Surface 4
 70
0
 62
1
  6
Continuous
370
-3
390
13
347
21
  0
LAYER
  5
BC
330
1
100
AcDbSymbolTableRecord
100
AcDbLayerTableRecord
  2
SURF_OUTER_Pavement Surface 5
 70
0
 62
3
  6
Continuous
370
-3
390
13
347
21
  0
LAYER
  5
BE
330
1
100
AcDbSymbolTableRecord
100
AcDbLayerTableRecord
  2
SURF_HOLE_Pavement Surface 5
 70
0
 62
1
  6
Continuous
370
-3
390
13
347
21
  0
LAYER
  5
C0
330
1
100
AcDbSymbolTableRecord
100
AcDbLayerTableRecord
  2
SURF_OUTER_Pavement Surface 6
 70
0
 62
3
  6
Continuous
370
-3
390
13
347
21
  0
LAYER
  5
C2
330
1
100
AcDbSymbolTableRecord
100
AcDbLayerTableRecord
  2
SURF_HOLE_Pavement Surface 6
 70
0
 62
1
  6
Continuous
370
-3
390
13
347
21
  0
LAYER
  5
C5
330
1
100
AcDbSymbolTableRecord
100
AcDbLayerTableRecord
  2
SURF_OUTER_Pavement Surface 7
 70
0
 62
3
  6
Continuous
370
-3
390
13
347
21
  0
LAYER
  5
C7
330
1
100
AcDbSymbolTableRecord
100
AcDbLayerTableRecord
  2
SURF_HOLE_Pavement Surface 7
 70
0
 62
1
  6
Continuous
370
-3
390
13
347
21
  0
LAYER
  5
D0
330
1
100
AcDbSymbolTableRecord
100
AcDbLayerTableRecord
  2
SURF_OUTER_Pavement Surface 8
 70
0
 62
3
  6
Continuous
370
-3
390
13
347
21
  0
LAYER
  5
D2
330
1
100
AcDbSymbolTableRecord
100
AcDbLayerTableRecord
  2
SURF_OUTER_Pavement Surface 9
 70
0
 62
3
  6
Continuous
370
-3
390
13
347
21
  0
LAYER
  5
D4
330
1
100
AcDbSymbolTableRecord
100
AcDbLayerTableRecord
  2
SURF_HOLE_Pavement Surface 9
 70
0
 62
1
  6
Continuous
370
-3
390
13
347
21
  0
LAYER
  5
D6
330
1
100
AcDbSymbolTableRecord
100
AcDbLayerTableRecord
  2
SURF_OUTER_Roadway Surface N1
 70
0
 62
3
  6
Continuous
370
-3
390
13
347
21
  0
LAYER
  5
D8
330
1
100
AcDbSymbolTableRecord
100
AcDbLayerTableRecord
  2
SURF_OUTER_Roadway Surface N10
 70
0
 62
3
  6
Continuous
370
-3
390
13
347
21
  0
LAYER
  5
DA
330
1
100
AcDbSymbolTableRecord
100
AcDbLayerTableRecord
  2
SURF_OUTER_Roadway Surface N11
 70
0
 62
3
  6
Continuous
370
-3
390
13
347
21
  0
LAYER
  5
DC
330
1
100
AcDbSymbolTableRecord
100
AcDbLayerTableRecord
  2
SURF_OUTER_Roadway Surface N12
 70
0
 62
3
  6
Continuous
370
-3
390
13
347
21
  0
LAYER
  5
DE
330
1
100
AcDbSymbolTableRecord
100
AcDbLayerTableRecord
  2
SURF_OUTER_Roadway Surface N2
 70
0
 62
3
  6
Continuous
370
-3
390
13
347
21
  0
LAYER
  5
E0
330
1
100
AcDbSymbolTableRecord
100
AcDbLayerTableRecord
  2
SURF_OUTER_Roadway Surface N3
 70
0
 62
3
  6
Continuous
370
-3
390
13
347
21
  0
LAYER
  5
E2
330
1
100
AcDbSymbolTableRecord
100
AcDbLayerTableRecord
  2
SURF_OUTER_Roadway Surface N4
 70
0
 62
3
  6
Continuous
370
-3
390
13
347
21
  0
LAYER
  5
E4
330
1
100
AcDbSymbolTableRecord
100
AcDbLayerTableRecord
  2
SURF_OUTER_Roadway Surface N5
 70
0
 62
3
  6
Continuous
370
-3
390
13
347
21
  0
LAYER
  5
E6
330
1
100
AcDbSymbolTableRecord
100
AcDbLayerTableRecord
  2
SURF_OUTER_Roadway Surface N6
 70
0
 62
3
  6
Continuous
370
-3
390
13
347
21
  0
LAYER
  5
E8
330
1
100
AcDbSymbolTableRecord
100
AcDbLayerTableRecord
  2
SURF_OUTER_Roadway Surface N7
 70
0
 62
3
  6
Continuous
370
-3
390
13
347
21
  0
LAYER
  5
EA
330
1
100
AcDbSymbolTableRecord
100
AcDbLayerTableRecord
  2
SURF_OUTER_Roadway Surface N8
 70
0
 62
3
  6
Continuous
370
-3
390
13
347
21
  0
LAYER
  5
EC
330
1
100
AcDbSymbolTableRecord
100
AcDbLayerTableRecord
  2
SURF_OUTER_Roadway Surface N9
 70
0
 62
3
  6
Continuous
370
-3
390
13
347
21
  0
ENDTAB
  0
TABLE
  2
STYLE
  5
5
330
0
100
AcDbSymbolTable
 70
26
  0
STYLE
  5
29
330
5
100
AcDbSymbolTableRecord
100
AcDbTextStyleTableRecord
  2
Standard
 70
0
 40
0.0
 41
1.0
 50
0.0
 71
0
 42
2.5
  3
txt
  4

  0
STYLE
  5
41
330
5
100
AcDbSymbolTableRecord
100
AcDbTextStyleTableRecord
  2
OpenSans-Light
 70
0
 40
0.0
 41
1.0
 50
0.0
 71
0
 42
2.5
  3
OpenSans-Light.ttf
  4

  0
STYLE
  5
42
330
5
100
AcDbSymbolTableRecord
100
AcDbTextStyleTableRecord
  2
OpenSans-Light-Italic
 70
0
 40
0.0
 41
1.0
 50
0.0
 71
0
 42
2.5
  3
OpenSans-LightItalic.ttf
  4

  0
STYLE
  5
43
330
5
100
AcDbSymbolTableRecord
100
AcDbTextStyleTableRecord
  2
OpenSans
 70
0
 40
0.0
 41
1.0
 50
0.0
 71
0
 42
2.5
  3
OpenSans-Regular.ttf
  4

  0
STYLE
  5
44
330
5
100
AcDbSymbolTableRecord
100
AcDbTextStyleTableRecord
  2
OpenSans-Italic
 70
0
 40
0.0
 41
1.0
 50
0.0
 71
0
 42
2.5
  3
OpenSans-Italic.ttf
  4

  0
STYLE
  5
45
330
5
100
AcDbSymbolTableRecord
100
AcDbTextStyleTableRecord
  2
OpenSans-SemiBold
 70
0
 40
0.0
 41
1.0
 50
0.0
 71
0
 42
2.5
  3
OpenSans-SemiBold.ttf
  4

  0
STYLE
  5
46
330
5
100
AcDbSymbolTableRecord
100
AcDbTextStyleTableRecord
  2
OpenSans-SemiBoldItalic
 70
0
 40
0.0
 41
1.0
 50
0.0
 71
0
 42
2.5
  3
OpenSans-SemiBoldItalic.ttf
  4

  0
STYLE
  5
47
330
5
100
AcDbSymbolTableRecord
100
AcDbTextStyleTableRecord
  2
OpenSans-Bold
 70
0
 40
0.0
 41
1.0
 50
0.0
 71
0
 42
2.5
  3
OpenSans-Bold.ttf
  4

  0
STYLE
  5
48
330
5
100
AcDbSymbolTableRecord
100
AcDbTextStyleTableRecord
  2
OpenSans-BoldItalic
 70
0
 40
0.0
 41
1.0
 50
0.0
 71
0
 42
2.5
  3
OpenSans-BoldItalic.ttf
  4

  0
STYLE
  5
49
330
5
100
AcDbSymbolTableRecord
100
AcDbTextStyleTableRecord
  2
OpenSans-ExtraBold
 70
0
 40
0.0
 41
1.0
 50
0.0
 71
0
 42
2.5
  3
OpenSans-ExtraBold.ttf
  4

  0
STYLE
  5
4A
330
5
100
AcDbSymbolTableRecord
100
AcDbTextStyleTableRecord
  2
OpenSans-ExtraBoldItalic
 70
0
 40
0.0
 41
1.0
 50
0.0
 71
0
 42
2.5
  3
OpenSans-ExtraBoldItalic.ttf
  4

  0
STYLE
  5
4B
330
5
100
AcDbSymbolTableRecord
100
AcDbTextStyleTableRecord
  2
OpenSansCondensed-Bold
 70
0
 40
0.0
 41
1.0
 50
0.0
 71
0
 42
2.5
  3
OpenSansCondensed-Bold.ttf
  4

  0
STYLE
  5
4C
330
5
100
AcDbSymbolTableRecord
100
AcDbTextStyleTableRecord
  2
OpenSansCondensed-Light
 70
0
 40
0.0
 41
1.0
 50
0.0
 71
0
 42
2.5
  3
OpenSansCondensed-Light.ttf
  4

  0
STYLE
  5
4D
330
5
100
AcDbSymbolTableRecord
100
AcDbTextStyleTableRecord
  2
OpenSansCondensed-Italic
 70
0
 40
0.0
 41
1.0
 50
0.0
 71
0
 42
2.5
  3
OpenSansCondensed-LightItalic.ttf
  4

  0
STYLE
  5
4E
330
5
100
AcDbSymbolTableRecord
100
AcDbTextStyleTableRecord
  2
LiberationSans
 70
0
 40
0.0
 41
1.0
 50
0.0
 71
0
 42
2.5
  3
LiberationSans-Regular.ttf
  4

  0
STYLE
  5
4F
330
5
100
AcDbSymbolTableRecord
100
AcDbTextStyleTableRecord
  2
LiberationSans-Bold
 70
0
 40
0.0
 41
1.0
 50
0.0
 71
0
 42
2.5
  3
LiberationSans-Bold.ttf
  4

  0
STYLE
  5
50
330
5
100
AcDbSymbolTableRecord
100
AcDbTextStyleTableRecord
  2
LiberationSans-BoldItalic
 70
0
 40
0.0
 41
1.0
 50
0.0
 71
0
 42
2.5
  3
LiberationSans-BoldItalic.ttf
  4

  0
STYLE
  5
51
330
5
100
AcDbSymbolTableRecord
100
AcDbTextStyleTableRecord
  2
LiberationSans-Italic
 70
0
 40
0.0
 41
1.0
 50
0.0
 71
0
 42
2.5
  3
LiberationSans-Italic.ttf
  4

  0
STYLE
  5
52
330
5
100
AcDbSymbolTableRecord
100
AcDbTextStyleTableRecord
  2
LiberationSerif
 70
0
 40
0.0
 41
1.0
 50
0.0
 71
0
 42
2.5
  3
LiberationSerif-Regular.ttf
  4

  0
STYLE
  5
53
330
5
100
AcDbSymbolTableRecord
100
AcDbTextStyleTableRecord
  2
LiberationSerif-Bold
 70
0
 40
0.0
 41
1.0
 50
0.0
 71
0
 42
2.5
  3
LiberationSerif-Bold.ttf
  4

  0
STYLE
  5
54
330
5
100
AcDbSymbolTableRecord
100
AcDbTextStyleTableRecord
  2
LiberationSerif-BoldItalic
 70
0
 40
0.0
 41
1.0
 50
0.0
 71
0
 42
2.5
  3
LiberationSerif-BoldItalic.ttf
  4

  0
STYLE
  5
55
330
5
100
AcDbSymbolTableRecord
100
AcDbTextStyleTableRecord
  2
LiberationSerif-Italic
 70
0
 40
0.0
 41
1.0
 50
0.0
 71
0
 42
2.5
  3
LiberationSerif-Italic.ttf
  4

  0
STYLE
  5
56
330
5
100
AcDbSymbolTableRecord
100
AcDbTextStyleTableRecord
  2
LiberationMono
 70
0
 40
0.0
 41
1.0
 50
0.0
 71
0
 42
2.5
  3
LiberationMono-Regular.ttf
  4

  0
STYLE
  5
57
330
5
100
AcDbSymbolTableRecord
100
AcDbTextStyleTableRecord
  2
LiberationMono-Bold
 70
0
 40
0.0
 41
1.0
 50
0.0
 71
0
 42
2.5
  3
LiberationMono-Bold.ttf
  4

  0
STYLE
  5
58
330
5
100
AcDbSymbolTableRecord
100
AcDbTextStyleTableRecord
  2
LiberationMono-BoldItalic
 70
0
 40
0.0
 41
1.0
 50
0.0
 71
0
 42
2.5
  3
LiberationMono-BoldItalic.ttf
  4

  0
STYLE
  5
59
330
5
100
AcDbSymbolTableRecord
100
AcDbTextStyleTableRecord
  2
LiberationMono-Italic
 70
0
 40
0.0
 41
1.0
 50
0.0
 71
0
 42
2.5
  3
LiberationMono-Italic.ttf
  4

  0
ENDTAB
  0
TABLE
  2
VIEW
  5
7
330
0
100
AcDbSymbolTable
 70
0
  0
ENDTAB
  0
TABLE
  2
UCS
  5
6
330
0
100
AcDbSymbolTable
 70
0
  0
ENDTAB
  0
TABLE
  2
APPID
  5
3
330
0
100
AcDbSymbolTable
 70
3
  0
APPID
  5
2A
330
3
100
AcDbSymbolTableRecord
100
AcDbRegAppTableRecord
  2
ACAD
 70
0
  0
APPID
  5
EE
330
3
100
AcDbSymbolTableRecord
100
AcDbRegAppTableRecord
  2
HATCHBACKGROUNDCOLOR
 70
0
  0
APPID
  5
EF
330
3
100
AcDbSymbolTableRecord
100
AcDbRegAppTableRecord
  2
EZDXF
 70
0
  0
ENDTAB
  0
TABLE
  2
DIMSTYLE
  5
4
330
0
100
AcDbSymbolTable
 70
12
100
AcDbDimStyleTable
  0
DIMSTYLE
105
2B
330
4
100
AcDbSymbolTableRecord
100
AcDbDimStyleTableRecord
  2
Standard
 70
0
 40
1.0
 41
2.5
 42
0.625
 43
3.75
 44
1.25
 45
0.0
 46
0.0
 47
0.0
 48
0.0
 49
2.5
140
2.5
141
2.5
142
0.0
143
0.03937007874
144
1.0
145
0.0
146
1.0
147
0.625
148
0.0
 69
0
 70
0
 71
0
 72
0
 73
0
 74
0
 75
0
 76
0
 77
1
 78
8
 79
3
170
0
171
3
172
1
173
0
174
0
175
0
176
0
177
0
178
0
179
2
271
2
272
2
273
2
274
3
275
0
276
0
277
2
278
44
279
0
280
0
281
0
282
0
283
0
284
8
285
0
286
0
288
0
289
3
290
0
371
-2
372
-2
  0
DIMSTYLE
105
73
330
4
100
AcDbSymbolTableRecord
100
AcDbDimStyleTableRecord
  2
EZDXF
 70
0
 40
1.0
 41
0.175
 42
0.125
 43
3.75
 44
0.375
 45
0.0
 46
0.0
 47
0.0
 48
0.0
 49
2.5
140
0.25
141
2.5
142
0.0
143
0.03937007874
144
100.0
145
0.0
146
0.5
147
0.1
148
0.0
 69
0
 70
0
 71
0
 72
0
 73
0
 74
0
 75
0
 76
0
 77
1
 78
12
 79
3
170
0
171
3
172
1
173
0
174
0
175
0
176
0
177
0
178
0
179
2
271
2
272
2
273
2
274
3
275
0
276
0
277
2
278
46
279
2
280
0
281
0
282
0
283
0
284
8
285
0
286
0
288
1
289
3
290
0
340
4C
342
74
371
-2
372
-2
  0
DIMSTYLE
105
7C
330
4
100
AcDbSymbolTableRecord
100
AcDbDimStyleTableRecord
  2
EZ_M_100_H25_CM
 70
0
 40
1.0
 41
0.25
 42
0.125
 43
3.75
 44
0.375
 45
0.0
 46
0.0
 47
0.0
 48
0.0
 49
2.5
140
0.25
141
2.5
142
0.125
143
0.03937007874
144
100.0
145
0.0
146
0.5
147
0.1
148
0.0
 69
0
 70
0
 71
0
 72
0
 73
0
 74
0
 75
0
 76
0
 77
1
 78
12
 79
3
170
0
171
3
172
1
173
0
174
0
175
0
176
0
177
0
178
0
179
2
271
2
272
2
273
2
274
3
275
0
276
0
277
2
278
46
279
2
280
0
281
0
282
0
283
0
284
8
285
0
286
0
288
1
289
3
290
0
340
4C
371
-2
372
-2
  0
DIMSTYLE
105
7D
330
4
100
AcDbSymbolTableRecord
100
AcDbDimStyleTableRecord
  2
EZ_M_50_H25_CM
 70
0
 40
1.0
 41
0.125
 42
0.0625
 43
3.75
 44
0.1875
 45
0.0
 46
0.0
 47
0.0
 48
0.0
 49
2.5
140
0.125
141
2.5
142
0.0625
143
0.03937007874
144
100.0
145
0.0
146
0.5
147
0.05
148
0.0
 69
0
 70
0
 71
0
 72
0
 73
0
 74
0
 75
0
 76
0
 77
1
 78
12
 79
3
170
0
171
3
172
1
173
0
174
0
175
0
176
0
177
0
178
0
179
2
271
2
272
2
273
2
274
3
275
0
276
0
277
2
278
46
279
2
280
0
281
0
282
0
283
0
284
8
285
0
286
0
288
1
289
3
290
0
340
4C
371
-2
372
-2
  0
DIMSTYLE
105
7E
330
4
100
AcDbSymbolTableRecord
100
AcDbDimStyleTableRecord
  2
EZ_M_25_H25_CM
 70
0
 40
1.0
 41
0.0625
 42
0.03125
 43
3.75
 44
0.09375
 45
0.0
 46
0.0
 47
0.0
 48
0.0
 49
2.5
140
0.0625
141
2.5
142
0.03125
143
0.03937007874
144
100.0
145
0.0
146
0.5
147
0.025
148
0.0
 69
0
 70
0
 71
0
 72
0
 73
0
 74
0
 75
0
 76
0
 77
1
 78
12
 79
3
170
0
171
3
172
1
173
0
174
0
175
0
176
0
177
0
178
0
179
2
271
2
272
2
273
2
274
3
275
0
276
0
277
2
278
46
279
2
280
0
281
0
282
0
283
0
284
8
285
0
286
0
288
1
289
3
290
0
340
4C
371
-2
372
-2
  0
DIMSTYLE
105
7F
330
4
100
AcDbSymbolTableRecord
100
AcDbDimStyleTableRecord
  2
EZ_M_20_H25_CM
 70
0
 40
1.0
 41
0.05
 42
0.025
 43
3.75
 44
0.07500000000000001
 45
0.0
 46
0.0
 47
0.0
 48
0.0
 49
2.5
140
0.05
141
2.5
142
0.025
143
0.03937007874
144
100.0
145
0.0
146
0.5
147
0.020000000000000004
148
0.0
 69
0
 70
0
 71
0
 72
0
 73
0
 74
0
 75
0
 76
0
 77
1
 78
12
 79
3
170
0
171
3
172
1
173
0
174
0
175
0
176
0
177
0
178
0
179
2
271
2
272
2
273
2
274
3
275
0
276
0
277
2
278
46
279
2
280
0
281
0
282
0
283
0
284
8
285
0
286
0
288
1
289
3
290
0
340
4C
371
-2
372
-2
  0
DIMSTYLE
105
80
330
4
100
AcDbSymbolTableRecord
100
AcDbDimStyleTableRecord
  2
EZ_M_10_H25_CM
 70
0
 40
1.0
 41
0.025
 42
0.0125
 43
3.75
 44
0.037500000000000006
 45
0.0
 46
0.0
 47
0.0
 48
0.0
 49
2.5
140
0.025
141
2.5
142
0.0125
143
0.03937007874
144
100.0
145
0.0
146
0.5
147
0.010000000000000002
148
0.0
 69
0
 70
0
 71
0
 72
0
 73
0
 74
0
 75
0
 76
0
 77
1
 78
12
 79
3
170
0
171
3
172
1
173
0
174
0
175
0
176
0
177
0
178
0
179
2
271
2
272
2
273
2
274
3
275
0
276
0
277
2
278
46
279
2
280
0
281
0
282
0
283
0
284
8
285
0
286
0
288
1
289
3
290
0
340
4C
371
-2
372
-2
  0
DIMSTYLE
105
81
330
4
100
AcDbSymbolTableRecord
100
AcDbDimStyleTableRecord
  2
EZ_M_5_H25_CM
 70
0
 40
1.0
 41
0.0125
 42
0.00625
 43
3.75
 44
0.018750000000000003
 45
0.0
 46
0.0
 47
0.0
 48
0.0
 49
2.5
140
0.0125
141
2.5
142
0.00625
143
0.03937007874
144
100.0
145
0.0
146
0.5
147
0.005000000000000001
148
0.0
 69
0
 70
0
 71
0
 72
0
 73
0
 74
0
 75
0
 76
0
 77
1
 78
12
 79
3
170
0
171
3
172
1
173
0
174
0
175
0
176
0
177
0
178
0
179
2
271
2
272
2
273
2
274
3
275
0
276
0
277
2
278
46
279
2
280
0
281
0
282
0
283
0
284
8
285
0
286
0
288
1
289
3
290
0
340
4C
371
-2
372
-2
  0
DIMSTYLE
105
82
330
4
100
AcDbSymbolTableRecord
100
AcDbDimStyleTableRecord
  2
EZ_M_1_H25_CM
 70
0
 40
1.0
 41
0.0025
 42
0.00125
 43
3.75
 44
0.00375
 45
0.0
 46
0.0
 47
0.0
 48
0.0
 49
2.5
140
0.0025
141
2.5
142
0.00125
143
0.03937007874
144
100.0
145
0.0
146
0.5
147
0.001
148
0.0
 69
0
 70
0
 71
0
 72
0
 73
0
 74
0
 75
0
 76
0
 77
1
 78
12
 79
3
170
0
171
3
172
1
173
0
174
0
175
0
176
0
177
0
178
0
179
2
271
2
272
2
273
2
274
3
275
0
276
0
277
2
278
46
279
2
280
0
281
0
282
0
283
0
284
8
285
0
286
0
288
1
289
3
290
0
340
4C
371
-2
372
-2
  0
DIMSTYLE
105
83
330
4
100
AcDbSymbolTableRecord
100
AcDbDimStyleTableRecord
  2
EZ_RADIUS
 70
0
 40
1.0
 41
0.25
 42
0.125
 43
3.75
 44
0.375
 45
0.0
 46
0.0
 47
0.0
 48
0.0
 49
2.5
140
0.25
141
0.0
142
0.0
143
0.03937007874
144
100.0
145
0.0
146
0.5
147
0.1
148
0.0
 69
0
 70
0
 71
0
 72
0
 73
0
 74
0
 75
0
 76
0
 77
1
 78
12
 79
3
170
0
171
3
172
0
173
0
174
0
175
0
176
0
177
0
178
0
179
2
271
2
272
2
273
2
274
3
275
0
276
0
277
2
278
46
279
1
280
0
281
0
282
0
283
0
284
8
285
0
286
0
288
1
289
3
290
0
340
4C
342
84
371
-2
372
-2
  0
DIMSTYLE
105
88
330
4
100
AcDbSymbolTableRecord
100
AcDbDimStyleTableRecord
  2
EZ_RADIUS_INSIDE
 70
0
 40
1.0
 41
0.25
 42
0.125
 43
3.75
 44
0.375
 45
0.0
 46
0.0
 47
0.0
 48
0.0
 49
2.5
140
0.25
141
0.0
142
0.0
143
0.03937007874
144
100.0
145
0.0
146
0.5
147
0.1
148
0.0
 69
0
 70
0
 71
0
 72
0
 73
0
 74
0
 75
0
 76
0
 77
0
 78
12
 79
3
170
0
171
3
172
0
173
0
174
1
175
0
176
0
177
0
178
0
179
2
271
2
272
2
273
2
274
3
275
0
276
0
277
2
278
46
279
0
280
0
281
0
282
0
283
0
284
8
285
0
286
0
288
1
289
0
290
0
340
4C
342
84
371
-2
372
-2
  0
DIMSTYLE
105
89
330
4
100
AcDbSymbolTableRecord
100
AcDbDimStyleTableRecord
  2
EZ_CURVED
 70
0
 40
1.0
 41
0.25
 42
0.125
 43
3.75
 44
0.375
 45
0.0
 46
0.0
 47
0.0
 48
0.0
 49
2.5
140
0.25
141
2.5
142
0.0
143
0.03937007874
144
100.0
145
0.0
146
0.5
147
0.1
148
0.0
 69
0
 70
0
 71
0
 72
0
 73
0
 74
0
 75
0
 76
0
 77
1
 78
12
 79
2
 90
2
170
0
171
3
172
1
173
0
174
0
175
0
176
0
177
0
178
0
179
2
271
2
272
2
273
2
274
3
275
0
276
0
277
2
278
46
279
2
280
0
281
0
282
0
283
0
284
8
285
0
286
0
288
1
289
3
290
0
340
4C
371
-2
372
-2
  0
ENDTAB
  0
TABLE
  2
BLOCK_RECORD
  5
9
330
0
100
AcDbSymbolTable
 70
5
  0
BLOCK_RECORD
  5
17
330
9
100
AcDbSymbolTableRecord
100
AcDbBlockTableRecord
  2
*Model_Space
340
1A
 70
0
280
1
281
0
  0
BLOCK_RECORD
  5
1B
330
9
100
AcDbSymbolTableRecord
100
AcDbBlockTableRecord
  2
*Paper_Space
340
1E
 70
0
280
1
281
0
  0
BLOCK_RECORD
  5
74
330
9
100
AcDbSymbolTableRecord
100
AcDbBlockTableRecord
  2
_ARCHTICK
340
0
 70
0
280
1
281
0
  0
BLOCK_RECORD
  5
78
330
9
100
AcDbSymbolTableRecord
100
AcDbBlockTableRecord
  2
_CLOSEDFILLED
340
0
 70
0
280
1
281
0
  0
BLOCK_RECORD
  5
84
330
9
100
AcDbSymbolTableRecord
100
AcDbBlockTableRecord
  2
_CLOSEDBLANK
340
0
 70
0
280
1
281
0
  0
ENDTAB
  0
ENDSEC
  0
SECTION
  2
BLOCKS
  0
BLOCK
  5
18
330
17
100
AcDbEntity
  8
0
100
AcDbBlockBegin
  2
*Model_Space
 70
0
 10
0.0
 20
0.0
 30
0.0
  3
*Model_Space
  1

  0
ENDBLK
  5
19
330
17
100
AcDbEntity
  8
0
100
AcDbBlockEnd
  0
BLOCK
  5
1C
330
1B
100
AcDbEntity
  8
0
100
AcDbBlockBegin
  2
*Paper_Space
 70
0
 10
0.0
 20
0.0
 30
0.0
  3
*Paper_Space
  1

  0
ENDBLK
  5
1D
330
1B
100
AcDbEntity
  8
0
100
AcDbBlockEnd
  0
BLOCK
  5
75
330
74
100
AcDbEntity
  8
0
100
AcDbBlockBegin
  2
_ARCHTICK
 70
0
 10
0.0
 20
0.0
 30
0.0
  3
_ARCHTICK
  1

  0
LWPOLYLINE
  5
77
330
74
100
AcDbEntity
  8
0
  6
BYBLOCK
 62
0
100
AcDbPolyline
 90
2
 70
0
 43
0.15
 10
-0.5
 20
-0.5
 10
0.5
 20
0.5
  0
ENDBLK
  5
76
330
74
100
AcDbEntity
  8
0
100
AcDbBlockEnd
  0
BLOCK
  5
79
330
78
100
AcDbEntity
  8
0
100
AcDbBlockBegin
  2
_CLOSEDFILLED
 70
0
 10
0.0
 20
0.0
 30
0.0
  3
_CLOSEDFILLED
  1

  0
SOLID
  5
7B
330
78
100
AcDbEntity
  8
0
  6
BYBLOCK
 62
0
100
AcDbTrace
 10
-1.0
 20
0.16439898372402537
 30
0.0
 11
0.0
 21
0.0
 31
0.0
 12
-1.0
 22
-0.16439898372402537
 32
0.0
 13
-1.0
 23
-0.16439898372402537
 33
0.0
  0
ENDBLK
  5
7A
330
78
100
AcDbEntity
  8
0
100
AcDbBlockEnd
  0
BLOCK
  5
85
330
84
100
AcDbEntity
  8
0
100
AcDbBlockBegin
  2
_CLOSEDBLANK
 70
0
 10
0.0
 20
0.0
 30
0.0
  3
_CLOSEDBLANK
  1

  0
LWPOLYLINE
  5
87
330
84
100
AcDbEntity
  8
0
  6
BYBLOCK
 62
0
100
AcDbPolyline
 90
3
 70
1
 10
-1.0
 20
0.16439898372402537
 10
0.0
 20
0.0
 10
-1.0
 20
-0.16439898372402537
  0
ENDBLK
  5
86
330
84
100
AcDbEntity
  8
0
100
AcDbBlockEnd
  0
ENDSEC
  0
SECTION
  2
ENTITIES
  0
LWPOLYLINE
  5
8B
330
17
100
AcDbEntity
  8
SURF_OUTER_Gravel Surface 1
100
AcDbPolyline
 90
64
 70
1
 10
12120101.1197
 20
3531231.8957
 10
12120110.2342
 20
3531239.1627
 10
12120108.195
 20
3531241.5717
 10
12120107.0669
 20
3531243.1559
 10
12120106.4556
 20
3531246.8063
 10
12120106.223
 20
3531250.2097
 10
12120106.3582
 20
3531251.8729
 10
12120106.7987
 20
3531253.8889
 10
12120107.6213
 20
3531256.0718
 10
12120108.6091
 20
3531257.3765
 10
12120109.489
 20
3531258.3659
 10
12120110.8032
 20
3531259.5432
 10
12120113.4307
 20
3531261.095
 10
12120115.2155
 20
3531261.7321
 10
12120116.4077
 20
3531261.9728
 10
12120117.802
 20
3531262.0996
 10
12120119.5495
 20
3531262.0996
 10
12120121.5146
 20
3531261.7517
 10
12120123.487
 20
3531261.0328
 10
12120124.328
 20
3531260.6001
 10
12120125.3876
 20
3531259.9287
 10
12120127.0408
 20
3531258.4311
 10
12120132.1029
 20
3531252.1143
 10
12120137.0024
 20
3531245.846
 10
12120143.6203
 20
3531237.4839
 10
12120150.8414
 20
3531228.3124
 10
12120157.5834
 20
3531219.9026
 10
12120168.8378
 20
3531205.5816
 10
12120173.763
 20
3531199.475
 10
12120175.0765
 20
3531197.8159
 10
12120180.3308
 20
3531190.9985
 10
12120185.6482
 20
3531184.3577
 10
12120192.9396
 20
3531175.0921
 10
12120200.8122
 20
3531165.2235
 10
12120211.4472
 20
3531151.5928
 10
12120216.301
 20
3531145.5533
 10
12120222.7268
 20
3531137.4064
 10
12120227.8068
 20
3531130.7872
 10
12120230.9759
 20
3531126.8223
 10
12120231.5368
 20
3531125.894
 10
12120232.4983
 20
3531124.11
 10
12120233.3324
 20
3531121.3714
 10
12120233.4677
 20
3531119.5238
 10
12120233.421
 20
3531117.9772
 10
12120233.2521
 20
3531116.6167
 10
12120232.579
 20
3531114.0985
 10
12120231.8082
 20
3531112.7577
 10
12120230.5149
 20
3531110.9433
 10
12120229.5267
 20
3531109.8841
 10
12120219.7233
 20
3531101.3582
 10
12120215.2615
 20
3531107.1058
 10
12120215.032
 20
3531107.4332
 10
12120214.0153
 20
3531108.7544
 10
12120213.9374
 20
3531108.8742
 10
12120212.9422
 20
3531110.1182
 10
12120227.086
 20
3531121.2888
 10
12120227.0151
 20
3531121.3446
 10
12120226.016
 20
3531121.7313
 10
12120183.1997
 20
3531175.9252
 10
12120177.8244
 20
3531171.8117
 10
12120121.3822
 20
3531243.0393
 10
12120113.1548
 20
3531236.5278
 10
12120111.0383
 20
3531239.233
 10
12120102.6436
 20
3531232.6819
  0
LWPOLYLINE
  5
8C
330
17
100
AcDbEntity
  8
SURF_OUTER_Gravel Surface 1
100
AcDbPolyline
 90
38
 70
1
 10
12120072.902
 20
3531202.3188
 10
12120071.5174
 20
3531204.6855
 10
12120070.4582
 20
3531207.0263
 10
12120070.145
 20
3531207.7386
 10
12120069.5342
 20
3531210.2483
 10
12120069.1897
 20
3531212.7524
 10
12120069.1897
 20
3531214.5209
 10
12120069.3787
 20
3531217.003
 10
12120070.2243
 20
3531220.5399
 10
12120071.1806
 20
3531222.7826
 10
12120073.2026
 20
3531226.1839
 10
12120075.5671
 20
3531228.7819
 10
12120079.5788
 20
3531231.9786
 10
12120081.5939
 20
3531233.7371
 10
12120083.6398
 20
3531235.4824
 10
12120086.3966
 20
3531237.4306
 10
12120087.9713
 20
3531236.8253
 10
12120088.4322
 20
3531236.6481
 10
12120090.3783
 20
3531236.0199
 10
12120092.1964
 20
3531235.1505
 10
12120094.5614
 20
3531233.0908
 10
12120096.9259
 20
3531230.7432
 10
12120098.2413
 20
3531229.6007
 10
12120098.7741
 20
3531230.0255
 10
12120100.2787
 20
3531230.8363
 10
12120097.9137
 20
3531228.9907
 10
12120097.3054
 20
3531228.491
 10
12120099.4485
 20
3531225.7642
 10
12120091.2315
 20
3531219.2409
 10
12120132.9728
 20
3531166.2757
 10
12120127.4617
 20
3531161.8825
 10
12120130.9579
 20
3531157.4591
 10
12120132.3344
 20
3531155.7175
 10
12120127.4827
 20
3531151.8295
 10
12120119.9429
 20
3531144.2937
 10
12120116.6984
 20
3531148.3517
 10
12120092.3771
 20
3531178.7707
 10
12120088.43
 20
3531183.7075
  0
LWPOLYLINE
  5
8D
330
17
100
AcDbEntity
  8
SURF_OUTER_Gravel Surface 1
100
AcDbPolyline
 90
31
 70
1
 10
12120140.2781
 20
3531145.667
 10
12120185.4496
 20
3531088.5161
 10
12120199.1511
 20
3531099.2926
 10
12120199.898
 20
3531098.3373
 10
12120200.8464
 20
3531096.287
 10
12120201.2662
 20
3531096.5873
 10
12120201.3103
 20
3531096.5309
 10
12120202.656
 20
3531097.5811
 10
12120202.3894
 20
3531096.8016
 10
12120201.6855
 20
3531096.2381
 10
12120204.0261
 20
3531093.3877
 10
12120205.8709
 20
3531091.2946
 10
12120206.0999
 20
3531090.8705
 10
12120200.6496
 20
3531086.4904
 10
12120196.8669
 20
3531083.3917
 10
12120188.4556
 20
3531076.669
 10
12120187.3283
 20
3531075.7888
 10
12120185.2815
 20
3531074.4498
 10
12120183.7377
 20
3531073.898
 10
12120182.1633
 20
3531073.4586
 10
12120180.2797
 20
3531073.4586
 10
12120178.9097
 20
3531073.5914
 10
12120177.5807
 20
3531073.949
 10
12120175.4306
 20
3531075.1281
 10
12120174.1834
 20
3531076.0375
 10
12120174.0842
 20
3531076.1591
 10
12120172.4647
 20
3531078.2156
 10
12120169.8139
 20
3531081.8528
 10
12120169.2139
 20
3531082.676
 10
12120169.0447
 20
3531082.9335
 10
12120127.8004
 20
3531134.6684
  0
LWPOLYLINE
  5
8F
330
17
100
AcDbEntity
  8
SURF_OUTER_Gravel Surface 2
100
AcDbPolyline
 90
34
 70
1
 10
12119940.8348
 20
3531098.0909
 10
12119937.7263
 20
3531095.6945
 10
12119906.9553
 20
3531134.9558
 10
12119890.1125
 20
3531156.2418
 10
12119941.9203
 20
3531197.1325
 10
12119943.7155
 20
3531196.0182
 10
12119947.8812
 20
3531193.3522
 10
12119949.5639
 20
3531192.245
 10
12119954.0308
 20
3531188.9814
 10
12119957.473
 20
3531186.4201
 10
12119961.5671
 20
3531182.9778
 10
12119964.1445
 20
3531180.6126
 10
12119969.3511
 20
3531175.7353
 10
12119973.6463
 20
3531171.1898
 10
12119980.6417
 20
3531162.8693
 10
12119986.688
 20
3531155.2407
 10
12119990.0256
 20
3531150.8582
 10
12119995.2542
 20
3531144.1709
 10
12119997.6577
 20
3531140.9073
 10
12120001.8852
 20
3531135.302
 10
12120009.6439
 20
3531125.184
 10
12120018.738
 20
3531113.1811
 10
12120018.692
 20
3531113.0809
 10
12120018.1154
 20
3531111.9404
 10
12120017.3518
 20
3531110.7906
 10
12120016.8734
 20
3531110.2205
 10
12120016.3994
 20
3531109.7245
 10
12120013.5147
 20
3531107.346
 10
12120001.3498
 20
3531097.6392
 10
12119985.5369
 20
3531085.0327
 10
12119969.7198
 20
3531072.4673
 10
12119964.7156
 20
3531068.5036
 10
12119953.8789
 20
3531081.709
 10
12119941.8076
 20
3531096.8509
  0
LWPOLYLINE
  5
91
330
17
100
AcDbEntity
  8
SURF_HOLE_Gravel Surface 2
100
AcDbPolyline
 90
5
 70
1
 10
12119978.3601
 20
3531110.9831
 10
12119977.5842
 20
3531110.3248
 10
12119983.7947
 20
3531103.0455
 10
12120004.7469
 20
3531121.2384
 10
12119998.8842
 20
3531128.3966
  0
LWPOLYLINE
  5
92
330
17
100
AcDbEntity
  8
SURF_HOLE_Gravel Surface 2
100
AcDbPolyline
 90
17
 70
1
 10
12119961.1565
 20
3531117.0306
 10
12119961.6096
 20
3531116.313
 10
12119966.9228
 20
3531120.8746
 10
12119969.8025
 20
3531123.0609
 10
12119972.9699
 20
3531119.4234
 10
12119974.6723
 20
3531120.882
 10
12119977.3996
 20
3531117.8271
 10
12119990.1814
 20
3531128.8532
 10
12119994.0322
 20
3531132.8224
 10
12119996.7755
 20
3531134.9651
 10
12119994.6515
 20
3531137.546
 10
12119991.988
 20
3531135.3489
 10
12119987.5776
 20
3531131.9396
 10
12119978.1534
 20
3531142.9428
 10
12119963.4692
 20
3531130.3339
 10
12119965.1887
 20
3531128.3592
 10
12119958.1244
 20
3531121.8326
  0
LWPOLYLINE
  5
93
330
17
100
AcDbEntity
  8
SURF_HOLE_Gravel Surface 2
100
AcDbPolyline
 90
21
 70
1
 10
12119960.3637
 20
3531160.3804
 10
12119951.073
 20
3531171.4445
 10
12119940.4309
 20
3531162.5573
 10
12119949.838
 20
3531151.6756
 10
12119947.0314
 20
3531149.2554
 10
12119941.5976
 20
3531144.0721
 10
12119945.0739
 20
3531138.5296
 10
12119950.9351
 20
3531143.7578
 10
12119954.1681
 20
3531146.0255
 10
12119954.4853
 20
3531146.2997
 10
12119959.2072
 20
3531140.8377
 10
12119963.6669
 20
3531135.5129
 10
12119973.9548
 20
3531144.1044
 10
12119964.6274
 20
3531155.3029
 10
12119967.7677
 20
3531157.3811
 10
12119974.1863
 20
3531163.3679
 10
12119976.773
 20
3531164.8159
 10
12119971.6049
 20
3531170.8343
 10
12119968.7141
 20
3531168.301
 10
12119969.2214
 20
3531167.6911
 10
12119963.7396
 20
3531163.1323
  0
LWPOLYLINE
  5
95
330
17
100
AcDbEntity
  8
SURF_OUTER_Pavement Surface 1
100
AcDbPolyline
 90
75
 70
1
 10
12119870.3256
 20
3531273.9006
 10
12119867.801
 20
3531275.8694
 10
12119865.529
 20
3531277.7055
 10
12119863.815
 20
3531279.1234
 10
12119861.3761
 20
3531281.2035
 10
12119860.2102
 20
3531282.2202
 10
12119858.1631
 20
3531284.0654
 10
12119855.9946
 20
3531286.0594
 10
12119853.3567
 20
3531288.5755
 10
12119851.0927
 20
3531290.841
 10
12119849.3029
 20
3531292.6583
 10
12119846.6435
 20
3531295.4711
 10
12119846.0788
 20
3531296.0803
 10
12119842.9458
 20
3531299.5836
 10
12119839.9889
 20
3531303.0601
 10
12119839.7685
 20
3531303.3287
 10
12119837.2233
 20
3531306.4784
 10
12119836.7519
 20
3531307.0703
 10
12119834.0859
 20
3531310.5481
 10
12119832.7529
 20
3531312.3776
 10
12119831.6128
 20
3531313.9527
 10
12119830.6865
 20
3531315.2426
 10
12119788.8643
 20
3531374.9208
 10
12119901.7689
 20
3531463.6943
 10
12119933.6467
 20
3531420.5352
 10
12119986.0109
 20
3531354.559
 10
12120044.0094
 20
3531280.9719
 10
12120045.7477
 20
3531279.0365
 10
12120046.1693
 20
3531271.1673
 10
12120057.0621
 20
3531257.3779
 10
12120085.5312
 20
3531279.6129
 10
12120086.2539
 20
3531280.0831
 10
12120092.3749
 20
3531285.2153
 10
12120081.4735
 20
3531298.9991
 10
12120074.1829
 20
3531301.3589
 10
12120024.0024
 20
3531364.9371
 10
12119956.1679
 20
3531451.5305
 10
12119930.3878
 20
3531486.1964
 10
12119942.9785
 20
3531496.0961
 10
12120099.7233
 20
3531296.9243
 10
12120100.3574
 20
3531295.9471
 10
12120100.882
 20
3531294.9705
 10
12120101.7583
 20
3531292.1013
 10
12120101.7979
 20
3531289.5929
 10
12120101.355
 20
3531287.5915
 10
12120100.5347
 20
3531285.7592
 10
12120099.4173
 20
3531284.1877
 10
12120098.1043
 20
3531282.9271
 10
12120025.8739
 20
3531225.2465
 10
12120022.3536
 20
3531222.6399
 10
12120018.574
 20
3531220.2514
 10
12120014.5542
 20
3531218.1158
 10
12120010.3192
 20
3531216.2656
 10
12120007.5995
 20
3531215.3207
 10
12120005.5923
 20
3531214.7054
 10
12120002.7042
 20
3531213.8937
 10
12120000.8308
 20
3531213.4447
 10
12119999.1825
 20
3531213.1499
 10
12119991.4833
 20
3531212.2245
 10
12119990.7311
 20
3531212.2108
 10
12119983.3001
 20
3531212.3806
 10
12119982.6364
 20
3531212.4213
 10
12119975.1363
 20
3531213.6695
 10
12119974.3311
 20
3531213.8483
 10
12119959.0941
 20
3531219.8363
 10
12119956.6647
 20
3531221.2321
 10
12119888.3553
 20
3531261.6761
 10
12119885.2031
 20
3531263.6011
 10
12119885.2024
 20
3531263.6015
 10
12119883.3618
 20
3531264.7713
 10
12119883.3584
 20
3531264.7735
 10
12119880.8691
 20
3531266.383
 10
12119879.5927
 20
3531267.2426
 10
12119877.1326
 20
3531268.9266
 10
12119874.0904
 20
3531271.0906
  0
LWPOLYLINE
  5
97
330
17
100
AcDbEntity
  8
SURF_HOLE_Pavement Surface 1
100
AcDbPolyline
 90
8
 70
1
 10
12119903.7192
 20
3531325.4836
 10
12119887.4821
 20
3531309.0974
 10
12119888.959
 20
3531283.7145
 10
12119902.1824
 20
3531284.7958
 10
12119893.5466
 20
3531275.4079
 10
12119909.2157
 20
3531261.0838
 10
12119933.9765
 20
3531289.0313
 10
12119923.3526
 20
3531305.854
  0
LWPOLYLINE
  5
99
330
17
100
AcDbEntity
  8
SURF_OUTER_Pavement Surface 10
100
AcDbPolyline
 90
137
 70
1
 10
12119943.7339
 20
3530801.7713
 10
12119945.7182
 20
3530802.4489
 10
12119947.659
 20
3530803.2272
 10
12119949.5489
 20
3530804.1022
 10
12119951.3806
 20
3530805.0687
 10
12119953.1481
 20
3530806.1213
 10
12119954.8457
 20
3530807.2538
 10
12119956.4684
 20
3530808.4598
 10
12119974.8164
 20
3530822.8297
 10
12119977.4861
 20
3530825.1168
 10
12119980.0193
 20
3530827.713
 10
12119982.3674
 20
3530830.61
 10
12119984.4814
 20
3530833.7897
 10
12119986.3146
 20
3530837.2238
 10
12119987.8248
 20
3530840.8744
 10
12119988.977
 20
3530844.6945
 10
12119989.4105
 20
3530846.6515
 10
12119989.7458
 20
3530848.6303
 10
12119989.9814
 20
3530850.6234
 10
12119990.1166
 20
3530852.6233
 10
12119990.0869
 20
3530856.6134
 10
12119989.7673
 20
3530859.5963
 10
12119989.5165
 20
3530861.2614
 10
12119988.9062
 20
3530864.1987
 10
12119988.8742
 20
3530864.3529
 10
12119988.5839
 20
3530865.2872
 10
12119988.0416
 20
3530867.0327
 10
12119987.7413
 20
3530867.9992
 10
12119987.5013
 20
3530868.5739
 10
12119987.2783
 20
3530869.21
 10
12119987.0431
 20
3530869.6709
 10
12119984.1451
 20
3530875.3515
 10
12119983.9986
 20
3530875.6387
 10
12119983.5089
 20
3530876.3331
 10
12119983.3511
 20
3530876.5569
 10
12119980.7801
 20
3530880.2307
 10
12119983.3745
 20
3530876.6318
 10
12120008.6906
 20
3530841.2462
 10
12120009.055
 20
3530840.738
 10
12120009.4845
 20
3530840.2451
 10
12120013.1139
 20
3530836.0911
 10
12120018.4922
 20
3530831.6497
 10
12120020.3634
 20
3530830.4393
 10
12120022.1374
 20
3530829.4218
 10
12120023.9586
 20
3530828.4974
 10
12120025.8291
 20
3530827.6656
 10
12120027.7131
 20
3530826.9396
 10
12120029.6311
 20
3530826.3099
 10
12120030.6773
 20
3530826.0238
 10
12120031.5659
 20
3530825.7808
 10
12120032.1488
 20
3530825.6673
 10
12120035.0935
 20
3530825.094
 10
12120035.4549
 20
3530825.0236
 10
12120035.7166
 20
3530824.9991
 10
12120039.3998
 20
3530824.6549
 10
12120041.4052
 20
3530824.6176
 10
12120043.4374
 20
3530824.6828
 10
12120045.4571
 20
3530824.8501
 10
12120047.4642
 20
3530825.119
 10
12120049.4721
 20
3530825.493
 10
12120051.4824
 20
3530825.9761
 10
12120053.4525
 20
3530826.5579
 10
12120055.3563
 20
3530827.2264
 10
12120057.235
 20
3530827.9953
 10
12120059.0714
 20
3530828.8584
 10
12120060.8527
 20
3530829.8083
 10
12120062.5728
 20
3530830.84
 10
12120065.8092
 20
3530833.1255
 10
12120190.7942
 20
3530931.0125
 10
12120189.3893
 20
3530929.673
 10
12120188.8201
 20
3530928.8634
 10
12120187.6528
 20
3530926.6948
 10
12120187.1384
 20
3530924.8209
 10
12120187.0102
 20
3530923.3763
 10
12120187.0721
 20
3530921.9184
 10
12120187.5063
 20
3530919.995
 10
12120188.0444
 20
3530918.6112
 10
12120189.0873
 20
3530916.974
 10
12120220.156
 20
3530877.2886
 10
12120262.7243
 20
3530820.083
 10
12120264.7043
 20
3530816.5706
 10
12120138.946
 20
3530722.9901
 10
12120123.9575
 20
3530741.4262
 10
12120122.9919
 20
3530742.5096
 10
12120121.9498
 20
3530743.4844
 10
12120119.9121
 20
3530744.9695
 10
12120117.684
 20
3530746.1071
 10
12120115.3143
 20
3530746.8821
 10
12120112.8487
 20
3530747.2796
 10
12120111.8563
 20
3530747.33
 10
12120110.3513
 20
3530747.2886
 10
12120107.8829
 20
3530746.9089
 10
12120106.0555
 20
3530746.3627
 10
12120105.5257
 20
3530746.1581
 10
12120103.2715
 20
3530745.0293
 10
12120101.2409
 20
3530743.5754
 10
12120099.8482
 20
3530742.2527
 10
12120099.4614
 20
3530741.8231
 10
12120097.9762
 20
3530739.8153
 10
12120096.8184
 20
3530737.5935
 10
12120060.4861
 20
3530652.2596
 10
12120057.6301
 20
3530648.952
 10
12120020.0979
 20
3530626.1007
 10
12120017.7739
 20
3530629.3597
 10
12120017.9439
 20
3530629.4632
 10
12120004.016
 20
3530651.4094
 10
12119999.1349
 20
3530659.1007
 10
12119998.469
 20
3530660.15
 10
12119989.7231
 20
3530673.9309
 10
12119896.6225
 20
3530820.6361
 10
12119897.1366
 20
3530819.8808
 10
12119897.7297
 20
3530818.9735
 10
12119898.3227
 20
3530818.0662
 10
12119899.4712
 20
3530816.4025
 10
12119900.7143
 20
3530814.7841
 10
12119902.0492
 20
3530813.2189
 10
12119903.4728
 20
3530811.7145
 10
12119904.9808
 20
3530810.2783
 10
12119906.5681
 20
3530808.917
 10
12119908.2291
 20
3530807.6372
 10
12119909.9573
 20
3530806.4446
 10
12119911.7456
 20
3530805.3443
 10
12119913.5867
 20
3530804.3407
 10
12119915.4726
 20
3530803.4373
 10
12119917.3951
 20
3530802.6367
 10
12119919.3459
 20
3530801.9409
 10
12119921.3166
 20
3530801.3506
 10
12119923.2989
 20
3530800.8659
 10
12119925.2846
 20
3530800.4861
 10
12119927.287
 20
3530800.207
 10
12119929.3198
 20
3530800.0284
 10
12119931.3757
 20
3530799.9534
 10
12119933.4466
 20
3530799.9848
 10
12119935.5245
 20
3530800.1244
 10
12119937.6007
 20
3530800.3732
 10
12119939.6667
 20
3530800.7313
 10
12119941.714
 20
3530801.1979
  0
LWPOLYLINE
  5
9B
330
17
100
AcDbEntity
  8
SURF_OUTER_Pavement Surface 11
100
AcDbPolyline
 90
436
 70
1
 10
12119135.04
 20
3532044.189
 10
12119134.9146
 20
3532044.559
 10
12119132.7336
 20
3532051.0543
 10
12119129.1539
 20
3532061.8266
 10
12119105.1656
 20
3532134.4792
 10
12119105.126
 20
3532134.5936
 10
12119105.1291
 20
3532134.5946
 10
12119104.9027
 20
3532135.2757
 10
12119095.9882
 20
3532162.2751
 10
12119095.7226
 20
3532163.0817
 10
12119095.7195
 20
3532163.0807
 10
12119095.6471
 20
3532163.308
 10
12119093.3103
 20
3532170.3856
 10
12119093.2151
 20
3532170.6755
 10
12119093.2119
 20
3532170.6745
 10
12119093.1775
 20
3532170.7878
 10
12119092.6459
 20
3532172.3978
 10
12119092.5871
 20
3532172.5773
 10
12119092.584
 20
3532172.5763
 10
12119092.5104
 20
3532172.8081
 10
12119086.3129
 20
3532191.5676
 10
12119089.5347
 20
3532192.2642
 10
12119091.9343
 20
3532184.6388
 10
12119095.906
 20
3532172.3496
 10
12119100.6797
 20
3532157.8063
 10
12119103.7105
 20
3532148.6958
 10
12119106.5055
 20
3532140.3723
 10
12119111.5168
 20
3532125.6493
 10
12119117.4473
 20
3532108.5435
 10
12119118.8295
 20
3532104.6362
 10
12119135.0875
 20
3532059.4376
 10
12119159.8568
 20
3531994.5707
 10
12119159.478
 20
3531992.5937
 10
12119165.392
 20
3531975.2792
 10
12119186.1509
 20
3531924.9589
 10
12119203.6415
 20
3531882.0405
 10
12119223.1786
 20
3531834.524
 10
12119250.1956
 20
3531772.3162
 10
12119260.3413
 20
3531749.8148
 10
12119266.1522
 20
3531737.0967
 10
12119268.2169
 20
3531732.761
 10
12119268.3745
 20
3531732.4788
 10
12119269.5736
 20
3531729.8619
 10
12119278.8084
 20
3531710.1296
 10
12119283.6545
 20
3531699.9616
 10
12119287.1468
 20
3531692.7041
 10
12119306.681
 20
3531652.954
 10
12119336.6862
 20
3531594.5277
 10
12119340.1228
 20
3531588.0323
 10
12119364.2784
 20
3531543.38
 10
12119365.4519
 20
3531544.0493
 10
12119367.204
 20
3531540.0856
 10
12119368.4494
 20
3531537.1246
 10
12119383.4911
 20
3531510.9692
 10
12119380.6338
 20
3531509.326
 10
12119390.3867
 20
3531492.3671
 10
12119393.2101
 20
3531493.9909
 10
12119394.7305
 20
3531494.8433
 10
12119400.1805
 20
3531485.369
 10
12119401.4797
 20
3531483.1618
 10
12119404.3558
 20
3531478.1104
 10
12119456.6832
 20
3531387.1433
 10
12119485.8015
 20
3531403.8888
 10
12119485.2002
 20
3531404.9018
 10
12119491.2013
 20
3531408.353
 10
12119495.2769
 20
3531401.0321
 10
12119499.7078
 20
3531403.5909
 10
12119510.2819
 20
3531385.2039
 10
12119528.2618
 20
3531395.5436
 10
12119530.6899
 20
3531391.1721
 10
12119537.113
 20
3531394.866
 10
12119543.6422
 20
3531383.6125
 10
12119559.0603
 20
3531392.497
 10
12119572.3169
 20
3531369.4455
 10
12119574.4578
 20
3531370.6767
 10
12119578.1515
 20
3531364.2539
 10
12119582.4859
 20
3531366.7466
 10
12119578.7922
 20
3531373.1694
 10
12119580.72
 20
3531374.2781
 10
12119582.0382
 20
3531371.986
 10
12119604.1583
 20
3531384.6993
 10
12119601.6016
 20
3531389.2837
 10
12119605.8641
 20
3531391.735
 10
12119600.4055
 20
3531401.2268
 10
12119594.0646
 20
3531397.6562
 10
12119579.1606
 20
3531423.5722
 10
12119581.0246
 20
3531424.6169
 10
12119581.7694
 20
3531425.0534
 10
12119567.6939
 20
3531449.529
 10
12119560.8309
 20
3531445.5821
 10
12119550.5182
 20
3531463.5148
 10
12119548.3602
 20
3531467.1485
 10
12119548.4116
 20
3531467.1779
 10
12119523.4014
 20
3531510.6672
 10
12119516.8295
 20
3531506.8878
 10
12119502.6927
 20
3531531.4698
 10
12119489.7597
 20
3531524.0322
 10
12119478.3371
 20
3531543.8946
 10
12119487.8908
 20
3531549.3888
 10
12119480.3384
 20
3531562.5325
 10
12119476.004
 20
3531560.0399
 10
12119464.014
 20
3531580.8888
 10
12119452.5723
 20
3531574.3098
 10
12119447.7354
 20
3531582.7208
 10
12119449.2475
 20
3531583.6394
 10
12119445.7848
 20
3531590.1391
 10
12119446.9868
 20
3531590.7953
 10
12119439.9838
 20
3531603.8652
 10
12119426.8259
 20
3531628.8157
 10
12119411.5957
 20
3531657.9007
 10
12119399.2629
 20
3531681.5927
 10
12119377.2293
 20
3531723.3825
 10
12119373.5004
 20
3531730.6
 10
12119365.6796
 20
3531746.0051
 10
12119343.7958
 20
3531790.0387
 10
12119335.3248
 20
3531807.551
 10
12119329.0
 20
3531820.9401
 10
12119321.638
 20
3531836.6191
 10
12119307.1989
 20
3531868.2424
 10
12119299.6988
 20
3531884.9204
 10
12119295.9136
 20
3531893.4925
 10
12119287.0058
 20
3531914.0773
 10
12119269.9131
 20
3531954.4741
 10
12119264.7889
 20
3531967.0236
 10
12119258.9164
 20
3531981.4668
 10
12119248.9048
 20
3532006.7171
 10
12119240.7521
 20
3532024.9998
 10
12119207.1133
 20
3532117.2698
 10
12119179.6928
 20
3532211.1407
 10
12119177.8076
 20
3532217.6819
 10
12119179.9869
 20
3532217.9365
 10
12119208.8467
 20
3532127.42
 10
12119211.3162
 20
3532119.7483
 10
12119213.5176
 20
3532112.9771
 10
12119217.6421
 20
3532100.522
 10
12119219.7773
 20
3532094.1776
 10
12119223.0054
 20
3532084.713
 10
12119226.2802
 20
3532075.2644
 10
12119229.9387
 20
3532064.8811
 10
12119232.9696
 20
3532056.4164
 10
12119236.384
 20
3532047.0174
 10
12119239.5252
 20
3532038.4919
 10
12119243.3521
 20
3532028.2706
 10
12119246.6644
 20
3532019.5527
 10
12119250.304
 20
3532010.1101
 10
12119254.1505
 20
3532000.2819
 10
12119258.4886
 20
3531989.3664
 10
12119261.5795
 20
3531981.7129
 10
12119266.1133
 20
3531970.6174
 10
12119268.0496
 20
3531965.9427
 10
12119271.9573
 20
3531956.6075
 10
12119273.9286
 20
3531951.9473
 10
12119276.9122
 20
3531944.9593
 10
12119281.9302
 20
3531933.3561
 10
12119284.7623
 20
3531926.8961
 10
12119288.0532
 20
3531919.4658
 10
12119292.2657
 20
3531910.0718
 10
12119297.6335
 20
3531898.2926
 10
12119300.6108
 20
3531891.8249
 10
12119305.9248
 20
3531880.4496
 10
12119309.2122
 20
3531873.5035
 10
12119314.8876
 20
3531861.6789
 10
12119318.6668
 20
3531853.9117
 10
12119323.0807
 20
3531844.9386
 10
12119327.5389
 20
3531835.9874
 10
12119332.8783
 20
3531825.413
 10
12119337.6236
 20
3531816.1376
 10
12119340.7509
 20
3531810.0755
 10
12119345.437
 20
3531801.1058
 10
12119349.2025
 20
3531793.9795
 10
12119354.9433
 20
3531783.2373
 10
12119359.7634
 20
3531774.3389
 10
12119362.1901
 20
3531769.8988
 10
12119366.5179
 20
3531762.045
 10
12119372.0077
 20
3531752.1994
 10
12119376.9828
 20
3531743.3867
 10
12119379.8713
 20
3531738.3169
 10
12119384.5278
 20
3531730.2146
 10
12119395.1003
 20
3531712.1364
 10
12119399.9133
 20
3531704.042
 10
12119405.1287
 20
3531695.3695
 10
12119410.5093
 20
3531686.5253
 10
12119415.2292
 20
3531678.8602
 10
12119420.5068
 20
3531670.3663
 10
12119424.9378
 20
3531663.3067
 10
12119431.1877
 20
3531653.4574
 10
12119436.5906
 20
3531645.0426
 10
12119442.0351
 20
3531636.6547
 10
12119448.3204
 20
3531627.0827
 10
12119452.9836
 20
3531620.0574
 10
12119456.8243
 20
3531614.3191
 10
12119464.2252
 20
3531603.3751
 10
12119469.8772
 20
3531595.1183
 10
12119474.9992
 20
3531587.7163
 10
12119481.2971
 20
3531578.7066
 10
12119487.2946
 20
3531570.2202
 10
12119501.0225
 20
3531551.0139
 10
12119501.1478
 20
3531550.8389
 10
12119501.2939
 20
3531550.6345
 10
12119607.8235
 20
3531401.6938
 10
12119614.534
 20
3531390.9512
 10
12119627.3959
 20
3531368.6715
 10
12119626.1769
 20
3531367.4507
 10
12119622.5151
 20
3531365.2961
 10
12119608.2508
 20
3531357.092
 10
12119638.6627
 20
3531304.214
 10
12119661.8348
 20
3531317.5585
 10
12119662.9698
 20
3531318.0624
 10
12119663.5967
 20
3531318.279
 10
12119663.8798
 20
3531318.3199
 10
12119679.9346
 20
3531300.8697
 10
12119680.3413
 20
3531300.2715
 10
12119681.2778
 20
3531298.895
 10
12119682.4676
 20
3531296.9523
 10
12119683.6655
 20
3531294.9428
 10
12119685.2897
 20
3531291.6836
 10
12119685.9465
 20
3531290.1937
 10
12119686.7487
 20
3531288.2709
 10
12119687.5401
 20
3531286.1837
 10
12119688.3815
 20
3531283.6405
 10
12119688.9013
 20
3531281.7669
 10
12119689.3925
 20
3531279.8078
 10
12119689.8809
 20
3531277.5573
 10
12119690.1627
 20
3531275.9298
 10
12119690.5331
 20
3531273.3049
 10
12119690.6992
 20
3531271.9423
 10
12119690.8356
 20
3531270.0152
 10
12119690.9377
 20
3531267.7125
 10
12119690.9627
 20
3531266.4517
 10
12119690.9295
 20
3531264.4056
 10
12119690.8785
 20
3531262.7758
 10
12119690.74
 20
3531261.1019
 10
12119690.5412
 20
3531259.0887
 10
12119690.2355
 20
3531256.8202
 10
12119689.8283
 20
3531254.6008
 10
12119689.3906
 20
3531252.5677
 10
12119689.156
 20
3531251.5956
 10
12119688.6169
 20
3531249.5956
 10
12119687.7333
 20
3531246.7834
 10
12119687.0961
 20
3531244.9773
 10
12119686.6904
 20
3531243.964
 10
12119685.6678
 20
3531241.5405
 10
12119684.5837
 20
3531239.2411
 10
12119683.0555
 20
3531236.405
 10
12119682.0259
 20
3531234.6901
 10
12119680.7947
 20
3531232.7838
 10
12119679.4922
 20
3531230.9129
 10
12119678.2999
 20
3531229.3072
 10
12119676.2074
 20
3531226.778
 10
12119674.9105
 20
3531225.3419
 10
12119673.2748
 20
3531223.6567
 10
12119671.5446
 20
3531222.0044
 10
12119670.5429
 20
3531221.0842
 10
12119669.2824
 20
3531220.0277
 10
12119667.9409
 20
3531218.9422
 10
12119666.3544
 20
3531217.726
 10
12119666.4994
 20
3531217.5047
 10
12119666.4986
 20
3531217.5038
 10
12119665.7558
 20
3531216.9516
 10
12119651.3116
 20
3531206.7455
 10
12119651.0358
 20
3531206.5835
 10
12119650.8257
 20
3531206.4587
 10
12119648.4504
 20
3531205.048
 10
12119645.5247
 20
3531203.4713
 10
12119643.7921
 20
3531202.6112
 10
12119641.011
 20
3531201.3336
 10
12119636.3679
 20
3531199.4806
 10
12119631.6019
 20
3531197.9174
 10
12119626.7788
 20
3531196.6631
 10
12119621.8676
 20
3531195.7083
 10
12119616.9152
 20
3531195.0639
 10
12119611.9272
 20
3531194.7302
 10
12119606.9157
 20
3531194.7102
 10
12119601.9246
 20
3531195.0027
 10
12119596.964
 20
3531195.6059
 10
12119592.1536
 20
3531196.4989
 10
12119589.5496
 20
3531197.1067
 10
12119587.2017
 20
3531197.7373
 10
12119582.4482
 20
3531199.2531
 10
12119577.7847
 20
3531201.0691
 10
12119573.2445
 20
3531203.1733
 10
12119568.8509
 20
3531205.5542
 10
12119565.0357
 20
3531207.9243
 10
12119564.6121
 20
3531208.2065
 10
12119560.5545
 20
3531211.1134
 10
12119556.6822
 20
3531214.2723
 10
12119553.0121
 20
3531217.6689
 10
12119552.5871
 20
3531218.1146
 10
12119550.6121
 20
3531220.2073
 10
12119549.709
 20
3531221.1342
 10
12119549.4652
 20
3531221.4038
 10
12119548.8947
 20
3531222.0997
 10
12119548.6222
 20
3531222.407
 10
12119547.2992
 20
3531223.9816
 10
12119546.3607
 20
3531225.1279
 10
12119545.6191
 20
3531226.1001
 10
12119544.0261
 20
3531228.2731
 10
12119542.9665
 20
3531229.7704
 10
12119542.9046
 20
3531229.8604
 10
12119540.7686
 20
3531233.1557
 10
12119538.514
 20
3531236.9211
 10
12119537.8318
 20
3531238.0636
 10
12119537.8289
 20
3531238.0619
 10
12119537.7897
 20
3531238.1338
 10
12119533.3743
 20
3531245.5077
 10
12119533.3714
 20
3531245.506
 10
12119533.3422
 20
3531245.5609
 10
12119532.4285
 20
3531247.0868
 10
12119528.237
 20
3531254.0872
 10
12119528.2341
 20
3531254.0855
 10
12119528.1782
 20
3531254.1847
 10
12119520.4615
 20
3531267.0714
 10
12119517.9623
 20
3531271.246
 10
12119517.9594
 20
3531271.2443
 10
12119517.8537
 20
3531271.4263
 10
12119430.0829
 20
3531418.0015
 10
12119429.9448
 20
3531418.2308
 10
12119429.9477
 20
3531418.2325
 10
12119429.3544
 20
3531419.218
 10
12119404.1328
 20
3531461.3375
 10
12119399.8111
 20
3531468.5784
 10
12119394.7058
 20
3531477.1771
 10
12119388.6049
 20
3531487.5473
 10
12119380.4588
 20
3531501.5485
 10
12119376.4246
 20
3531508.5421
 10
12119371.4797
 20
3531517.1784
 10
12119367.575
 20
3531524.0535
 10
12119362.1807
 20
3531533.6014
 10
12119356.0478
 20
3531544.5672
 10
12119354.4228
 20
3531547.5022
 10
12119354.3822
 20
3531547.5696
 10
12119354.3851
 20
3531547.5712
 10
12119352.1574
 20
3531551.5936
 10
12119349.5518
 20
3531556.3026
 10
12119342.363
 20
3531569.4336
 10
12119335.3639
 20
3531582.3715
 10
12119328.1838
 20
3531595.8031
 10
12119321.6556
 20
3531608.1693
 10
12119321.5569
 20
3531608.3511
 10
12119321.2649
 20
3531608.904
 10
12119321.1933
 20
3531609.0408
 10
12119321.1963
 20
3531609.0423
 10
12119321.1086
 20
3531609.203
 10
12119316.6001
 20
3531617.8323
 10
12119316.5709
 20
3531617.8857
 10
12119316.5739
 20
3531617.8872
 10
12119316.0317
 20
3531618.9314
 10
12119313.8633
 20
3531623.0965
 10
12119310.1637
 20
3531630.2628
 10
12119306.0195
 20
3531638.3617
 10
12119304.6561
 20
3531641.0334
 10
12119303.2869
 20
3531643.7019
 10
12119296.1297
 20
3531657.8735
 10
12119292.5098
 20
3531665.1348
 10
12119291.1667
 20
3531667.8333
 10
12119287.2372
 20
3531675.7457
 10
12119282.96
 20
3531684.4731
 10
12119282.7229
 20
3531684.9394
 10
12119280.5086
 20
3531689.4709
 10
12119276.5051
 20
3531697.7283
 10
12119276.2963
 20
3531698.1662
 10
12119276.2933
 20
3531698.1648
 10
12119276.2429
 20
3531698.2738
 10
12119270.5515
 20
3531710.1138
 10
12119267.8154
 20
3531715.8665
 10
12119267.674
 20
3531716.1678
 10
12119267.671
 20
3531716.1664
 10
12119267.6022
 20
3531716.3158
 10
12119265.354
 20
3531721.0526
 10
12119261.3892
 20
3531729.4751
 10
12119261.2724
 20
3531729.7248
 10
12119259.8175
 20
3531732.8444
 10
12119259.4704
 20
3531733.5861
 10
12119259.4674
 20
3531733.5847
 10
12119259.3835
 20
3531733.7671
 10
12119259.2701
 20
3531734.0083
 10
12119259.1677
 20
3531734.2244
 10
12119259.1707
 20
3531734.2258
 10
12119258.9653
 20
3531734.6565
 10
12119255.2494
 20
3531742.6516
 10
12119251.0633
 20
3531751.7333
 10
12119244.7408
 20
3531765.6033
 10
12119240.6253
 20
3531774.7388
 10
12119240.4063
 20
3531775.2246
 10
12119234.6228
 20
3531788.1981
 10
12119231.7428
 20
3531794.7224
 10
12119228.4464
 20
3531802.2457
 10
12119228.3107
 20
3531802.5554
 10
12119224.3823
 20
3531811.5912
 10
12119220.6745
 20
3531820.208
 10
12119220.284
 20
3531821.1149
 10
12119216.597
 20
3531829.7482
 10
12119214.9199
 20
3531833.7163
 10
12119214.7644
 20
3531834.0847
 10
12119214.7613
 20
3531834.0834
 10
12119214.6671
 20
3531834.3097
 10
12119214.5713
 20
3531834.5312
 10
12119214.5744
 20
3531834.5325
 10
12119214.187
 20
3531835.4369
 10
12119210.7903
 20
3531843.5155
 10
12119210.6994
 20
3531843.7295
 10
12119210.7025
 20
3531843.7308
 10
12119210.3008
 20
3531844.6796
 10
12119206.4454
 20
3531853.9357
 10
12119202.6209
 20
3531863.2048
 10
12119199.4486
 20
3531870.9725
 10
12119199.4244
 20
3531871.0259
 10
12119199.4275
 20
3531871.0271
 10
12119199.3408
 20
3531871.2353
 10
12119195.5696
 20
3531880.5376
 10
12119195.5222
 20
3531880.6515
 10
12119195.5252
 20
3531880.6527
 10
12119195.2754
 20
3531881.2677
 10
12119193.6582
 20
3531885.2802
 10
12119189.3502
 20
3531896.076
 10
12119185.7936
 20
3531905.0795
 10
12119182.8021
 20
3531912.7268
 10
12119182.5204
 20
3531913.4462
 10
12119180.4088
 20
3531918.8745
 10
12119175.0638
 20
3531932.7727
 10
12119172.3646
 20
3531939.9
 10
12119171.6535
 20
3531941.7793
 10
12119169.5144
 20
3531947.4253
 10
12119165.7497
 20
3531957.4995
 10
12119160.9686
 20
3531970.4573
 10
12119156.3568
 20
3531983.1431
 10
12119156.3363
 20
3531983.193
 10
12119156.3394
 20
3531983.1941
 10
12119155.7688
 20
3531984.7588
 10
12119153.0061
 20
3531992.4537
 10
12119152.9595
 20
3531992.5843
 10
12119149.126
 20
3532003.3697
 10
12119146.3423
 20
3532011.3026
 10
12119146.3089
 20
3532011.39
 10
12119142.5163
 20
3532022.284
 10
12119139.7834
 20
3532030.2295
  0
LWPOLYLINE
  5
9D
330
17
100
AcDbEntity
  8
SURF_HOLE_Pavement Surface 11
100
AcDbPolyline
 90
167
 70
1
 10
12119601.5495
 20
3531302.1631
 10
12119600.8777
 20
3531301.9584
 10
12119600.2141
 20
3531301.7291
 10
12119599.5593
 20
3531301.4755
 10
12119598.9144
 20
3531301.1978
 10
12119598.2801
 20
3531300.8965
 10
12119597.6592
 20
3531300.5728
 10
12119597.0669
 20
3531300.2358
 10
12119596.4506
 20
3531299.8552
 10
12119595.8672
 20
3531299.4634
 10
12119595.2991
 20
3531299.0507
 10
12119594.7466
 20
3531298.6172
 10
12119594.2106
 20
3531298.1637
 10
12119593.6917
 20
3531297.6906
 10
12119593.1906
 20
3531297.1987
 10
12119592.708
 20
3531296.6886
 10
12119592.1673
 20
3531296.0662
 10
12119591.8005
 20
3531295.616
 10
12119591.3778
 20
3531295.0563
 10
12119590.9757
 20
3531294.4807
 10
12119590.595
 20
3531293.8906
 10
12119590.2365
 20
3531293.2868
 10
12119589.9005
 20
3531292.6702
 10
12119589.5875
 20
3531292.0417
 10
12119589.2979
 20
3531291.4019
 10
12119589.0289
 20
3531290.7431
 10
12119588.7907
 20
3531290.0926
 10
12119588.5737
 20
3531289.4248
 10
12119588.3814
 20
3531288.7491
 10
12119588.2144
 20
3531288.0673
 10
12119588.0727
 20
3531287.3796
 10
12119587.9564
 20
3531286.6871
 10
12119587.8659
 20
3531285.9912
 10
12119587.801
 20
3531285.2904
 10
12119587.7621
 20
3531284.5904
 10
12119587.7492
 20
3531283.8884
 10
12119587.7621
 20
3531283.1863
 10
12119587.801
 20
3531282.4863
 10
12119587.8659
 20
3531281.7857
 10
12119587.9564
 20
3531281.0896
 10
12119588.0727
 20
3531280.3971
 10
12119588.2144
 20
3531279.7094
 10
12119588.3815
 20
3531279.0274
 10
12119588.5737
 20
3531278.352
 10
12119588.7907
 20
3531277.6841
 10
12119589.0322
 20
3531277.0248
 10
12119589.2979
 20
3531276.3748
 10
12119589.5875
 20
3531275.7351
 10
12119589.9005
 20
3531275.1065
 10
12119590.2365
 20
3531274.4899
 10
12119590.5134
 20
3531274.0236
 10
12119590.9757
 20
3531273.2961
 10
12119591.3778
 20
3531272.7204
 10
12119591.801
 20
3531272.1601
 10
12119592.2446
 20
3531271.6157
 10
12119592.7081
 20
3531271.088
 10
12119593.1906
 20
3531270.578
 10
12119593.6917
 20
3531270.0861
 10
12119594.2106
 20
3531269.613
 10
12119594.7468
 20
3531269.1593
 10
12119595.2996
 20
3531268.7257
 10
12119595.8672
 20
3531268.3133
 10
12119596.4501
 20
3531267.9219
 10
12119597.0472
 20
3531267.5523
 10
12119597.656
 20
3531267.2057
 10
12119598.2801
 20
3531266.8804
 10
12119598.9141
 20
3531266.5791
 10
12119599.5593
 20
3531266.3014
 10
12119600.2097
 20
3531266.0494
 10
12119600.8777
 20
3531265.8184
 10
12119601.5495
 20
3531265.6138
 10
12119602.2283
 20
3531265.4341
 10
12119602.9133
 20
3531265.2797
 10
12119603.6035
 20
3531265.1507
 10
12119604.2981
 20
3531265.0472
 10
12119604.9956
 20
3531264.9696
 10
12119605.6962
 20
3531264.9177
 10
12119606.2677
 20
3531264.8965
 10
12119607.1002
 20
3531264.8917
 10
12119607.8019
 20
3531264.9177
 10
12119608.5022
 20
3531264.9695
 10
12119609.1996
 20
3531265.0472
 10
12119609.8946
 20
3531265.1507
 10
12119610.5848
 20
3531265.2797
 10
12119611.2698
 20
3531265.4341
 10
12119611.9487
 20
3531265.6138
 10
12119612.6204
 20
3531265.8184
 10
12119613.2841
 20
3531266.0477
 10
12119613.9389
 20
3531266.3014
 10
12119614.5838
 20
3531266.579
 10
12119615.2181
 20
3531266.8804
 10
12119615.8408
 20
3531267.2049
 10
12119616.4345
 20
3531267.5428
 10
12119617.0482
 20
3531267.922
 10
12119617.631
 20
3531268.3133
 10
12119618.1992
 20
3531268.7261
 10
12119618.7517
 20
3531269.1596
 10
12119619.5291
 20
3531269.8332
 10
12119620.3077
 20
3531270.578
 10
12119620.7902
 20
3531271.0881
 10
12119621.2629
 20
3531271.6271
 10
12119621.6972
 20
3531272.1601
 10
12119622.1201
 20
3531272.72
 10
12119622.5225
 20
3531273.296
 10
12119622.9032
 20
3531273.8862
 10
12119623.4399
 20
3531274.8168
 10
12119623.9107
 20
3531275.735
 10
12119624.2003
 20
3531276.3748
 10
12119624.466
 20
3531277.0248
 10
12119624.7076
 20
3531277.6841
 10
12119624.9246
 20
3531278.352
 10
12119625.2216
 20
3531279.4554
 10
12119625.4255
 20
3531280.3971
 10
12119625.5418
 20
3531281.0896
 10
12119625.6324
 20
3531281.786
 10
12119625.6972
 20
3531282.4852
 10
12119625.7361
 20
3531283.1863
 10
12119625.7491
 20
3531283.8884
 10
12119625.7361
 20
3531284.5904
 10
12119625.6972
 20
3531285.2916
 10
12119625.6324
 20
3531285.9908
 10
12119625.5411
 20
3531286.6911
 10
12119625.4255
 20
3531287.3796
 10
12119625.2838
 20
3531288.0673
 10
12119625.1167
 20
3531288.7494
 10
12119624.9245
 20
3531289.4248
 10
12119624.7076
 20
3531290.0926
 10
12119624.466
 20
3531290.752
 10
12119624.2003
 20
3531291.4019
 10
12119623.9108
 20
3531292.0417
 10
12119623.598
 20
3531292.6698
 10
12119623.2617
 20
3531293.2868
 10
12119622.9028
 20
3531293.8912
 10
12119622.5226
 20
3531294.4807
 10
12119622.1205
 20
3531295.0562
 10
12119621.6972
 20
3531295.6167
 10
12119621.2536
 20
3531296.161
 10
12119620.7902
 20
3531296.6886
 10
12119620.3077
 20
3531297.1987
 10
12119619.8069
 20
3531297.6903
 10
12119619.2876
 20
3531298.1637
 10
12119618.7516
 20
3531298.6172
 10
12119618.1991
 20
3531299.0507
 10
12119617.631
 20
3531299.4635
 10
12119617.048
 20
3531299.855
 10
12119616.4497
 20
3531300.2254
 10
12119615.8408
 20
3531300.5719
 10
12119615.2181
 20
3531300.8965
 10
12119614.5838
 20
3531301.1978
 10
12119613.9395
 20
3531301.4752
 10
12119613.2841
 20
3531301.7291
 10
12119612.6204
 20
3531301.9584
 10
12119611.9487
 20
3531302.1631
 10
12119611.2698
 20
3531302.3427
 10
12119610.5848
 20
3531302.4972
 10
12119609.895
 20
3531302.6261
 10
12119609.2
 20
3531302.7296
 10
12119608.5022
 20
3531302.8073
 10
12119607.8019
 20
3531302.8592
 10
12119607.1002
 20
3531302.8851
 10
12119606.398
 20
3531302.8851
 10
12119605.6962
 20
3531302.8592
 10
12119604.996
 20
3531302.8073
 10
12119604.2981
 20
3531302.7296
 10
12119603.6028
 20
3531302.6261
 10
12119602.9133
 20
3531302.4972
 10
12119602.2283
 20
3531302.3427
  0
LWPOLYLINE
  5
9F
330
17
100
AcDbEntity
  8
SURF_OUTER_Pavement Surface 12
100
AcDbPolyline
 90
185
 70
1
 10
12119669.3434
 20
3531940.7988
 10
12119667.0206
 20
3531943.7162
 10
12119666.0423
 20
3531944.9791
 10
12119664.3091
 20
3531947.2688
 10
12119662.343
 20
3531949.9516
 10
12119660.4946
 20
3531952.562
 10
12119659.1383
 20
3531954.5355
 10
12119657.0952
 20
3531957.6073
 10
12119655.309
 20
3531960.3975
 10
12119653.9821
 20
3531962.5383
 10
12119652.8553
 20
3531964.405
 10
12119650.8533
 20
3531967.8398
 10
12119643.136
 20
3531981.5891
 10
12119653.5916
 20
3531987.4541
 10
12119674.7303
 20
3531949.7723
 10
12119677.4447
 20
3531951.9045
 10
12119672.7577
 20
3531957.8713
 10
12119666.4624
 20
3531968.4998
 10
12119656.6855
 20
3531985.9472
 10
12119655.9581
 20
3531988.8086
 10
12119696.203
 20
3532012.829
 10
12119703.5915
 20
3532010.7054
 10
12119712.6642
 20
3532006.6768
 10
12119724.5432
 20
3532002.9093
 10
12119748.5598
 20
3531999.7123
 10
12119766.6924
 20
3531991.2229
 10
12119798.508
 20
3531948.3514
 10
12119815.0625
 20
3531909.4827
 10
12119819.3559
 20
3531897.0261
 10
12119824.8202
 20
3531884.9831
 10
12119826.3655
 20
3531878.0595
 10
12119824.0861
 20
3531875.6834
 10
12119819.3698
 20
3531872.1928
 10
12119826.9533
 20
3531875.4258
 10
12119843.7706
 20
3531800.0748
 10
12119842.5645
 20
3531798.3953
 10
12119842.9343
 20
3531792.561
 10
12119845.6694
 20
3531787.4565
 10
12119847.9533
 20
3531781.3676
 10
12119862.6972
 20
3531715.4252
 10
12119946.9457
 20
3531541.2014
 10
12119962.6855
 20
3531520.5151
 10
12119953.3367
 20
3531513.1577
 10
12119953.4005
 20
3531513.0608
 10
12119955.343
 20
3531514.1178
 10
12119962.9801
 20
3531520.128
 10
12119991.3222
 20
3531482.8793
 10
12119994.1279
 20
3531478.6158
 10
12119996.3938
 20
3531476.2452
 10
12120026.3148
 20
3531437.1055
 10
12120149.1055
 20
3531272.5113
 10
12120150.9831
 20
3531273.8306
 10
12120151.2846
 20
3531273.4479
 10
12120146.5713
 20
3531269.7353
 10
12120144.9984
 20
3531268.5001
 10
12119951.0834
 20
3531514.9091
 10
12119948.0676
 20
3531518.7836
 10
12119945.071
 20
3531522.6731
 10
12119942.094
 20
3531526.5776
 10
12119938.6204
 20
3531531.1851
 10
12119936.1986
 20
3531534.4311
 10
12119931.39
 20
3531540.9615
 10
12119924.6378
 20
3531550.3076
 10
12119924.1265
 20
3531551.0434
 10
12119921.8063
 20
3531554.3191
 10
12119918.9878
 20
3531558.3395
 10
12119914.8879
 20
3531564.2652
 10
12119911.6062
 20
3531569.076
 10
12119907.9157
 20
3531574.5606
 10
12119905.1985
 20
3531578.6502
 10
12119902.5019
 20
3531582.7534
 10
12119899.8258
 20
3531586.87
 10
12119897.1703
 20
3531590.9999
 10
12119894.5355
 20
3531595.143
 10
12119891.9214
 20
3531599.2993
 10
12119889.2722
 20
3531603.5591
 10
12119886.4175
 20
3531608.2043
 10
12119882.913
 20
3531613.9871
 10
12119877.8211
 20
3531622.5531
 10
12119874.5255
 20
3531628.2049
 10
12119871.7635
 20
3531633.0093
 10
12119869.339
 20
3531637.279
 10
12119866.8019
 20
3531641.8009
 10
12119863.1107
 20
3531648.4818
 10
12119860.1113
 20
3531654.0026
 10
12119857.5385
 20
3531658.8062
 10
12119854.4155
 20
3531664.7248
 10
12119852.1793
 20
3531669.0238
 10
12119851.0776
 20
3531671.1868
 10
12119848.6047
 20
3531676.2951
 10
12119847.2681
 20
3531679.22
 10
12119846.4042
 20
3531681.1796
 10
12119844.6678
 20
3531685.3016
 10
12119843.7725
 20
3531687.5332
 10
12119842.864
 20
3531689.8812
 10
12119841.1713
 20
3531694.51
 10
12119840.2852
 20
3531697.0847
 10
12119839.5907
 20
3531699.1867
 10
12119838.6856
 20
3531702.051
 10
12119838.0327
 20
3531704.2158
 10
12119837.2879
 20
3531706.801
 10
12119836.7702
 20
3531708.6792
 10
12119835.5328
 20
3531713.4925
 10
12119834.7882
 20
3531716.657
 10
12119834.4123
 20
3531718.3489
 10
12119833.7802
 20
3531721.3651
 10
12119833.2936
 20
3531723.8612
 10
12119832.7928
 20
3531726.6273
 10
12119832.2357
 20
3531730.0028
 10
12119831.7673
 20
3531733.1661
 10
12119831.3066
 20
3531736.6863
 10
12119831.1298
 20
3531738.184
 10
12119830.6174
 20
3531743.2396
 10
12119830.3772
 20
3531746.2307
 10
12119830.2319
 20
3531748.3319
 10
12119829.9756
 20
3531753.4598
 10
12119829.8763
 20
3531756.9655
 10
12119829.8507
 20
3531758.6223
 10
12119829.8596
 20
3531763.8186
 10
12119829.9358
 20
3531767.1335
 10
12119830.0409
 20
3531769.8864
 10
12119830.283
 20
3531774.2136
 10
12119830.512
 20
3531777.2852
 10
12119830.6481
 20
3531779.5974
 10
12119830.6785
 20
3531781.0704
 10
12119830.6741
 20
3531782.0824
 10
12119830.5617
 20
3531784.7751
 10
12119830.3618
 20
3531786.9655
 10
12119830.2866
 20
3531787.592
 10
12119829.4557
 20
3531792.3143
 10
12119829.1843
 20
3531793.4517
 10
12119828.0999
 20
3531797.1551
 10
12119827.4212
 20
3531799.0483
 10
12119826.2591
 20
3531801.8385
 10
12119825.8966
 20
3531802.6219
 10
12119825.0352
 20
3531804.352
 10
12119823.9502
 20
3531806.319
 10
12119823.3967
 20
3531807.2475
 10
12119822.0399
 20
3531809.3477
 10
12119821.2012
 20
3531810.5388
 10
12119820.4177
 20
3531811.5883
 10
12119818.4435
 20
3531814.0004
 10
12119816.9979
 20
3531815.5864
 10
12119814.8391
 20
3531817.7016
 10
12119814.2395
 20
3531818.2699
 10
12119813.1105
 20
3531819.2555
 10
12119811.1331
 20
3531820.8449
 10
12119810.5949
 20
3531821.2315
 10
12119809.4049
 20
3531822.1049
 10
12119808.8256
 20
3531822.5024
 10
12119806.4167
 20
3531824.0313
 10
12119803.8933
 20
3531825.4353
 10
12119801.9638
 20
3531826.3841
 10
12119799.1849
 20
3531827.5201
 10
12119797.6192
 20
3531828.1602
 10
12119797.4622
 20
3531828.2072
 10
12119797.2955
 20
3531828.2737
 10
12119792.4598
 20
3531829.6808
 10
12119790.4949
 20
3531830.1669
 10
12119786.4395
 20
3531831.3055
 10
12119783.6756
 20
3531832.1888
 10
12119781.0952
 20
3531833.0942
 10
12119777.5024
 20
3531834.4895
 10
12119774.7609
 20
3531835.6635
 10
12119773.4712
 20
3531836.2497
 10
12119771.8417
 20
3531837.0224
 10
12119769.1501
 20
3531838.3788
 10
12119767.7281
 20
3531839.137
 10
12119765.5553
 20
3531840.3671
 10
12119762.9707
 20
3531841.8956
 10
12119761.75
 20
3531842.6612
 10
12119759.6639
 20
3531844.0368
 10
12119756.9752
 20
3531845.902
 10
12119755.2998
 20
3531847.166
 10
12119752.9175
 20
3531848.9901
 10
12119751.2834
 20
3531850.3297
 10
12119749.3368
 20
3531852.0032
 10
12119747.9602
 20
3531853.2404
 10
12119746.8412
 20
3531854.2809
 10
12119745.1482
 20
3531855.9176
 10
12119742.8339
 20
3531858.2852
 10
12119741.6813
 20
3531859.525
 10
12119675.5118
 20
3531933.5571
 10
12119673.7637
 20
3531935.5394
 10
12119671.3369
 20
3531938.3814
  0
LWPOLYLINE
  5
A1
330
17
100
AcDbEntity
  8
SURF_OUTER_Pavement Surface 13
100
AcDbPolyline
 90
95
 70
1
 10
12119778.3636
 20
3531731.0139
 10
12119770.9133
 20
3531745.8604
 10
12119784.0416
 20
3531751.6838
 10
12119783.9731
 20
3531751.8479
 10
12119770.5466
 20
3531746.5913
 10
12119767.8827
 20
3531751.8996
 10
12119767.4571
 20
3531752.9997
 10
12119763.7418
 20
3531751.4341
 10
12119759.4318
 20
3531749.7377
 10
12119759.6171
 20
3531751.1783
 10
12119759.3561
 20
3531752.7158
 10
12119759.2943
 20
3531754.8366
 10
12119759.3826
 20
3531755.8877
 10
12119759.5429
 20
3531757.337
 10
12119760.1088
 20
3531759.5619
 10
12119760.9567
 20
3531761.6486
 10
12119761.8835
 20
3531763.2686
 10
12119763.3726
 20
3531765.2915
 10
12119764.965
 20
3531766.8845
 10
12119766.7945
 20
3531768.2714
 10
12119768.8178
 20
3531769.4027
 10
12119770.9788
 20
3531770.2415
 10
12119773.2134
 20
3531770.768
 10
12119775.4557
 20
3531770.9806
 10
12119777.6444
 20
3531770.8948
 10
12119779.8962
 20
3531770.4926
 10
12119781.9514
 20
3531769.8461
 10
12119784.0269
 20
3531768.8649
 10
12119785.8697
 20
3531767.6563
 10
12119786.6745
 20
3531766.9693
 10
12119787.7334
 20
3531766.0316
 10
12119789.2076
 20
3531764.3268
 10
12119789.5084
 20
3531763.8827
 10
12119790.3187
 20
3531762.6263
 10
12119790.801
 20
3531761.6428
 10
12119792.0114
 20
3531758.719
 10
12119795.4225
 20
3531750.1065
 10
12119797.8846
 20
3531743.9819
 10
12119801.0757
 20
3531736.2128
 10
12119803.0063
 20
3531731.6006
 10
12119805.8954
 20
3531724.8168
 10
12119808.9363
 20
3531717.8227
 10
12119811.74
 20
3531711.5002
 10
12119815.3877
 20
3531703.4461
 10
12119819.1397
 20
3531695.354
 10
12119822.3776
 20
3531688.5187
 10
12119825.7528
 20
3531681.5324
 10
12119827.9566
 20
3531677.0442
 10
12119829.9806
 20
3531672.9713
 10
12119832.4312
 20
3531668.1013
 10
12119836.1918
 20
3531660.7578
 10
12119840.3052
 20
3531652.884
 10
12119843.9232
 20
3531646.0997
 10
12119847.3313
 20
3531639.8215
 10
12119851.2172
 20
3531632.7903
 10
12119853.7895
 20
3531628.2084
 10
12119856.1333
 20
3531624.0822
 10
12119858.6239
 20
3531619.7467
 10
12119861.1486
 20
3531615.4092
 10
12119863.6635
 20
3531611.1321
 10
12119867.4889
 20
3531604.7125
 10
12119871.0559
 20
3531598.8225
 10
12119874.0199
 20
3531594.0
 10
12119876.6607
 20
3531589.7543
 10
12119879.3227
 20
3531585.5218
 10
12119882.0058
 20
3531581.3027
 10
12119886.0577
 20
3531575.0182
 10
12119890.1813
 20
3531568.7267
 10
12119892.9482
 20
3531564.5622
 10
12119895.736
 20
3531560.4115
 10
12119898.5479
 20
3531556.2775
 10
12119898.5856
 20
3531556.2261
 10
12119898.5829
 20
3531556.2243
 10
12119900.0482
 20
3531554.078
 10
12119904.2232
 20
3531548.0437
 10
12119909.3783
 20
3531540.7216
 10
12119909.3803
 20
3531540.7187
 10
12119912.8514
 20
3531535.866
 10
12119915.8263
 20
3531531.754
 10
12119917.8436
 20
3531528.9956
 10
12119920.6864
 20
3531525.1851
 10
12119921.7494
 20
3531523.697
 10
12119922.3809
 20
3531522.9135
 10
12119924.4843
 20
3531520.0491
 10
12119927.7558
 20
3531515.7026
 10
12119930.104
 20
3531512.627
 10
12119936.9072
 20
3531503.8172
 10
12119942.9785
 20
3531496.0961
 10
12119930.3878
 20
3531486.1964
 10
12119919.1173
 20
3531501.3514
 10
12119880.9468
 20
3531556.6958
 10
12119850.8326
 20
3531603.5686
 10
12119829.4973
 20
3531638.6605
 10
12119804.6242
 20
3531682.4408
 10
12119791.3728
 20
3531706.3709
  0
LWPOLYLINE
  5
A3
330
17
100
AcDbEntity
  8
SURF_OUTER_Pavement Surface 14
100
AcDbPolyline
 90
44
 70
1
 10
12119642.4599
 20
3531958.281
 10
12119643.2522
 20
3531957.0131
 10
12119644.4929
 20
3531954.9775
 10
12119645.6235
 20
3531953.1624
 10
12119647.7808
 20
3531949.8144
 10
12119649.1348
 20
3531947.7855
 10
12119650.5827
 20
3531945.6733
 10
12119652.5489
 20
3531942.8947
 10
12119654.6435
 20
3531940.0413
 10
12119656.4924
 20
3531937.6078
 10
12119657.5368
 20
3531936.2665
 10
12119659.5967
 20
3531933.6883
 10
12119662.1516
 20
3531930.6075
 10
12119663.7146
 20
3531928.799
 10
12119664.7503
 20
3531927.5982
 10
12119665.6918
 20
3531926.5427
 10
12119737.6261
 20
3531846.0455
 10
12119739.3842
 20
3531844.0607
 10
12119742.6515
 20
3531840.2759
 10
12119745.3603
 20
3531837.0387
 10
12119747.8775
 20
3531833.9455
 10
12119749.992
 20
3531831.2782
 10
12119752.0684
 20
3531828.6023
 10
12119753.5605
 20
3531826.6383
 10
12119755.5357
 20
3531823.9766
 10
12119753.6455
 20
3531822.7879
 10
12119751.7928
 20
3531821.5023
 10
12119749.9893
 20
3531820.1249
 10
12119748.2414
 20
3531818.6585
 10
12119746.5557
 20
3531817.1068
 10
12119744.9383
 20
3531815.4734
 10
12119743.3949
 20
3531813.7632
 10
12119741.931
 20
3531811.9813
 10
12119740.5514
 20
3531810.1334
 10
12119739.2605
 20
3531808.2255
 10
12119738.0619
 20
3531806.2641
 10
12119736.9587
 20
3531804.2558
 10
12119735.9535
 20
3531802.2077
 10
12119735.048
 20
3531800.1268
 10
12119734.2433
 20
3531798.0202
 10
12119733.554
 20
3531795.8701
 10
12119734.2499
 20
3531794.6291
 10
12119734.291
 20
3531794.5558
 10
12119734.0509
 20
3531794.9838
  0
LWPOLYLINE
  5
A5
330
17
100
AcDbEntity
  8
SURF_OUTER_Pavement Surface 15
100
AcDbPolyline
 90
49
 70
1
 10
12119054.5718
 20
3532181.0858
 10
12119063.5222
 20
3532184.0414
 10
12119107.4274
 20
3532051.0876
 10
12119112.2113
 20
3532036.7726
 10
12119117.0659
 20
3532022.4847
 10
12119118.8507
 20
3532017.3073
 10
12119118.9047
 20
3532017.1597
 10
12119118.9006
 20
3532017.1583
 10
12119118.9196
 20
3532017.1078
 10
12119121.9917
 20
3532008.2214
 10
12119126.4962
 20
3531995.3765
 10
12119130.3618
 20
3531984.5051
 10
12119135.4754
 20
3531970.308
 10
12119139.8895
 20
3531958.2338
 10
12119144.2385
 20
3531946.4912
 10
12119149.4634
 20
3531932.5777
 10
12119154.2862
 20
3531919.9204
 10
12119158.8711
 20
3531908.0351
 10
12119162.1215
 20
3531899.722
 10
12119162.239
 20
3531899.4147
 10
12119165.9088
 20
3531890.0982
 10
12119165.9363
 20
3531890.0371
 10
12119165.9321
 20
3531890.0355
 10
12119167.6589
 20
3531885.6856
 10
12119169.7549
 20
3531880.4118
 10
12119175.1482
 20
3531867.0107
 10
12119180.2061
 20
3531854.6173
 10
12119171.4762
 20
3531850.5734
 10
12119168.1401
 20
3531858.7398
 10
12119164.3594
 20
3531868.0831
 10
12119160.5515
 20
3531877.5854
 10
12119156.8822
 20
3531886.831
 10
12119153.1905
 20
3531896.2234
 10
12119149.5303
 20
3531905.6283
 10
12119145.9014
 20
3531915.0452
 10
12119142.3044
 20
3531924.4723
 10
12119138.7342
 20
3531933.9233
 10
12119134.8436
 20
3531944.333
 10
12119130.3236
 20
3531956.577
 10
12119127.9362
 20
3531963.1116
 10
12119124.7897
 20
3531971.7956
 10
12119121.379
 20
3531981.3009
 10
12119118.9986
 20
3531987.9918
 10
12119114.6554
 20
3532000.3243
 10
12119111.187
 20
3532010.3036
 10
12119108.0645
 20
3532019.4013
 10
12119104.7575
 20
3532029.1607
 10
12119101.5942
 20
3532038.5878
 10
12119097.3953
 20
3532051.1753
  0
LWPOLYLINE
  5
A7
330
17
100
AcDbEntity
  8
SURF_OUTER_Pavement Surface 16
100
AcDbPolyline
 90
61
 70
1
 10
12119468.3078
 20
3531880.4624
 10
12119466.4309
 20
3531882.5749
 10
12119464.7611
 20
3531884.8547
 10
12119464.2033
 20
3531885.7889
 10
12119463.0043
 20
3531887.931
 10
12119462.1193
 20
3531889.7879
 10
12119461.6177
 20
3531891.1523
 10
12119459.7738
 20
3531896.5818
 10
12119459.3272
 20
3531897.8188
 10
12119458.6083
 20
3531899.8818
 10
12119457.0441
 20
3531904.6443
 10
12119454.2118
 20
3531913.3755
 10
12119446.8872
 20
3531952.3837
 10
12119591.3115
 20
3531983.6616
 10
12119605.7048
 20
3531942.8396
 10
12119612.4347
 20
3531930.0992
 10
12119613.6736
 20
3531927.3561
 10
12119622.468
 20
3531932.2631
 10
12119622.601
 20
3531932.321
 10
12119627.9446
 20
3531922.7649
 10
12119630.4995
 20
3531918.2994
 10
12119631.0614
 20
3531917.2111
 10
12119632.8376
 20
3531913.2395
 10
12119633.8189
 20
3531909.9038
 10
12119634.3285
 20
3531907.0228
 10
12119634.5574
 20
3531904.4453
 10
12119634.5421
 20
3531901.9262
 10
12119634.3475
 20
3531899.6946
 10
12119634.0155
 20
3531897.5717
 10
12119633.5611
 20
3531895.5166
 10
12119632.9849
 20
3531893.584
 10
12119632.2604
 20
3531891.6379
 10
12119631.355
 20
3531889.6974
 10
12119630.6822
 20
3531888.4702
 10
12119630.3002
 20
3531887.8003
 10
12119629.1321
 20
3531886.0114
 10
12119627.8536
 20
3531884.3204
 10
12119627.6843
 20
3531884.1255
 10
12119626.4671
 20
3531882.7243
 10
12119624.972
 20
3531881.2214
 10
12119623.3595
 20
3531879.82
 10
12119621.6141
 20
3531878.5357
 10
12119619.7498
 20
3531877.3559
 10
12119617.7572
 20
3531876.2885
 10
12119615.6217
 20
3531875.3445
 10
12119613.3256
 20
3531874.5403
 10
12119610.8446
 20
3531873.8975
 10
12119608.1464
 20
3531873.4456
 10
12119605.0016
 20
3531873.2145
 10
12119490.2392
 20
3531871.4256
 10
12119488.252
 20
3531871.4604
 10
12119486.2582
 20
3531871.6284
 10
12119484.2711
 20
3531871.9305
 10
12119481.8786
 20
3531872.4909
 10
12119480.3713
 20
3531872.9327
 10
12119478.468
 20
3531873.6336
 10
12119476.8288
 20
3531874.3638
 10
12119474.8992
 20
3531875.3679
 10
12119474.7236
 20
3531875.4812
 10
12119472.3555
 20
3531877.0091
 10
12119470.3656
 20
3531878.5439
  0
LWPOLYLINE
  5
A9
330
17
100
AcDbEntity
  8
SURF_OUTER_Pavement Surface 17
100
AcDbPolyline
 90
87
 70
1
 10
12119221.6737
 20
3532185.8116
 10
12119213.3523
 20
3532211.6497
 10
12119208.7585
 20
3532227.1111
 10
12119211.4271
 20
3532227.962
 10
12119213.3191
 20
3532222.0447
 10
12119218.6292
 20
3532223.6519
 10
12119221.1251
 20
3532224.3538
 10
12119226.6756
 20
3532225.8733
 10
12119253.4738
 20
3532142.1845
 10
12119262.0895
 20
3532115.8946
 10
12119278.3372
 20
3532069.1658
 10
12119294.5933
 20
3532025.8979
 10
12119303.5959
 20
3532003.1778
 10
12119305.7273
 20
3531997.8977
 10
12119298.3876
 20
3531994.7284
 10
12119295.9763
 20
3531993.6571
 10
12119298.5051
 20
3531987.4871
 10
12119308.2209
 20
3531964.3208
 10
12119319.0075
 20
3531939.5189
 10
12119329.7103
 20
3531915.7816
 10
12119336.0444
 20
3531902.1402
 10
12119334.5063
 20
3531901.4216
 10
12119334.5661
 20
3531901.2774
 10
12119407.9228
 20
3531927.9422
 10
12119410.8787
 20
3531918.3768
 10
12119412.9634
 20
3531911.7367
 10
12119415.1316
 20
3531904.693
 10
12119417.3021
 20
3531897.642
 10
12119421.061
 20
3531885.7206
 10
12119422.4655
 20
3531881.3188
 10
12119423.2029
 20
3531878.5275
 10
12119423.6733
 20
3531875.6366
 10
12119423.8599
 20
3531872.6849
 10
12119423.7889
 20
3531870.6966
 10
12119423.5504
 20
3531868.2167
 10
12119423.3543
 20
3531866.7698
 10
12119422.6694
 20
3531863.8926
 10
12119421.7152
 20
3531861.1235
 10
12119420.5148
 20
3531858.4978
 10
12119419.2252
 20
3531856.2465
 10
12119417.6976
 20
3531854.0518
 10
12119415.9319
 20
3531851.9487
 10
12119413.9344
 20
3531849.9735
 10
12119411.7186
 20
3531848.1625
 10
12119409.3054
 20
3531846.5498
 10
12119406.7322
 20
3531845.1711
 10
12119404.0035
 20
3531844.0358
 10
12119401.1868
 20
3531843.1777
 10
12119398.3137
 20
3531842.6019
 10
12119395.4259
 20
3531842.3106
 10
12119392.5641
 20
3531842.298
 10
12119389.7664
 20
3531842.5509
 10
12119387.0661
 20
3531843.05
 10
12119384.4912
 20
3531843.7713
 10
12119382.5756
 20
3531844.4743
 10
12119367.9958
 20
3531850.3948
 10
12119365.8701
 20
3531851.3626
 10
12119363.1666
 20
3531852.6631
 10
12119359.3297
 20
3531854.9483
 10
12119357.4797
 20
3531856.2258
 10
12119356.9224
 20
3531856.6488
 10
12119355.084
 20
3531858.0887
 10
12119353.9472
 20
3531859.0357
 10
12119352.2763
 20
3531860.5605
 10
12119350.6763
 20
3531862.1594
 10
12119349.1515
 20
3531863.8272
 10
12119347.7066
 20
3531865.5586
 10
12119346.3453
 20
3531867.3479
 10
12119343.8858
 20
3531871.0754
 10
12119341.7919
 20
3531874.9594
 10
12119330.172
 20
3531899.4314
 10
12119323.4847
 20
3531913.9073
 10
12119316.912
 20
3531928.4394
 10
12119310.4546
 20
3531943.0266
 10
12119304.1131
 20
3531957.6673
 10
12119297.8837
 20
3531972.371
 10
12119291.7807
 20
3531987.1038
 10
12119285.791
 20
3532001.8969
 10
12119279.9197
 20
3532016.7379
 10
12119274.1674
 20
3532031.6254
 10
12119268.5347
 20
3532046.5581
 10
12119263.0221
 20
3532061.5345
 10
12119257.6301
 20
3532076.5529
 10
12119252.3592
 20
3532091.6122
 10
12119247.21
 20
3532106.7108
 10
12119242.1826
 20
3532121.8472
 10
12119237.2776
 20
3532137.0199
  0
LWPOLYLINE
  5
AB
330
17
100
AcDbEntity
  8
SURF_OUTER_Pavement Surface 18
100
AcDbPolyline
 90
119
 70
1
 10
12119955.9776
 20
3530956.1769
 10
12119884.5978
 20
3531055.9742
 10
12119895.9563
 20
3531064.3285
 10
12120026.7177
 20
3530898.2643
 10
12120028.5595
 20
3530895.903
 10
12120029.5526
 20
3530896.6487
 10
12120029.3726
 20
3530897.2057
 10
12120030.6833
 20
3530898.715
 10
12120028.446
 20
3530900.2589
 10
12120027.9929
 20
3530901.476
 10
12120027.9344
 20
3530902.2596
 10
12120027.0705
 20
3530904.3306
 10
12120070.9258
 20
3530938.8105
 10
12120046.9597
 20
3530969.2168
 10
12120052.2219
 20
3530973.2632
 10
12120099.1548
 20
3531010.0215
 10
12120101.8851
 20
3531011.5265
 10
12120108.6011
 20
3531002.7745
 10
12120110.4152
 20
3531000.2596
 10
12120111.1744
 20
3530999.1201
 10
12120112.2176
 20
3530997.4561
 10
12120113.5802
 20
3530995.0809
 10
12120113.8618
 20
3530994.557
 10
12120115.3428
 20
3530991.5712
 10
12120115.663
 20
3530990.8661
 10
12120116.656
 20
3530988.5079
 10
12120117.4099
 20
3530986.5013
 10
12120117.7973
 20
3530985.3766
 10
12120118.7633
 20
3530982.1867
 10
12120119.551
 20
3530978.9482
 10
12120119.8557
 20
3530977.4295
 10
12120120.158
 20
3530975.6711
 10
12120120.5395
 20
3530972.7781
 10
12120120.5823
 20
3530972.3653
 10
12120120.8228
 20
3530969.041
 10
12120120.8694
 20
3530967.6099
 10
12120120.8786
 20
3530965.7087
 10
12120120.8611
 20
3530965.1314
 10
12120120.7495
 20
3530962.3783
 10
12120120.3913
 20
3530958.7035
 10
12120119.9392
 20
3530955.7645
 10
12120119.6097
 20
3530954.0675
 10
12120119.2604
 20
3530952.5015
 10
12120118.815
 20
3530950.7422
 10
12120117.3544
 20
3530946.1151
 10
12120116.9736
 20
3530945.0493
 10
12120116.156
 20
3530943.0077
 10
12120114.7758
 20
3530939.974
 10
12120113.2295
 20
3530937.0214
 10
12120112.9532
 20
3530936.5554
 10
12120112.1539
 20
3530935.2078
 10
12120111.3016
 20
3530933.9059
 10
12120110.4738
 20
3530932.5644
 10
12120109.6584
 20
3530931.3959
 10
12120107.6598
 20
3530928.7478
 10
12120104.0143
 20
3530924.0123
 10
12120104.0061
 20
3530924.0017
 10
12120101.3
 20
3530921.8756
 10
12120096.1715
 20
3530917.7821
 10
12120092.9022
 20
3530915.1867
 10
12120073.2811
 20
3530899.8196
 10
12120071.7295
 20
3530898.6718
 10
12120070.1096
 20
3530897.4987
 10
12120069.6269
 20
3530897.1725
 10
12120067.306
 20
3530895.6965
 10
12120065.1715
 20
3530894.4657
 10
12120064.1313
 20
3530893.9146
 10
12120062.3251
 20
3530893.0114
 10
12120060.8517
 20
3530892.3122
 10
12120058.3576
 20
3530891.2586
 10
12120057.4038
 20
3530890.8925
 10
12120055.2262
 20
3530890.1174
 10
12120053.3589
 20
3530889.5286
 10
12120051.7201
 20
3530889.0662
 10
12120049.927
 20
3530888.6579
 10
12120048.9916
 20
3530888.4058
 10
12120046.988
 20
3530888.0057
 10
12120045.5206
 20
3530887.7573
 10
12120044.5522
 20
3530887.6137
 10
12120042.2001
 20
3530887.3316
 10
12120040.066
 20
3530887.1566
 10
12120038.6226
 20
3530887.0913
 10
12120037.5384
 20
3530887.0593
 10
12120036.9613
 20
3530887.0503
 10
12120036.2131
 20
3530887.0412
 10
12120035.19
 20
3530887.0475
 10
12120034.5183
 20
3530887.0663
 10
12120032.4996
 20
3530887.1489
 10
12120030.8631
 20
3530887.2729
 10
12120029.0854
 20
3530887.4587
 10
12120027.6804
 20
3530887.6436
 10
12120025.7883
 20
3530887.9461
 10
12120023.6041
 20
3530888.373
 10
12120021.5999
 20
3530888.8394
 10
12120020.3638
 20
3530889.1636
 10
12120019.3109
 20
3530889.4619
 10
12120018.2245
 20
3530889.7916
 10
12120016.1296
 20
3530890.4915
 10
12120014.0313
 20
3530891.2802
 10
12120012.694
 20
3530891.8303
 10
12120010.9636
 20
3530892.599
 10
12120009.2403
 20
3530893.4305
 10
12120008.7391
 20
3530893.6955
 10
12120007.0259
 20
3530894.6015
 10
12120004.9965
 20
3530895.7819
 10
12120004.1587
 20
3530896.3008
 10
12120002.8927
 20
3530897.1331
 10
12120001.3901
 20
3530898.1563
 10
12119999.5589
 20
3530899.5117
 10
12119998.7287
 20
3530900.1625
 10
12119997.1603
 20
3530901.4585
 10
12119996.1826
 20
3530902.3132
 10
12119994.5054
 20
3530903.8699
 10
12119993.3847
 20
3530904.9792
 10
12119991.2708
 20
3530907.2486
 10
12119989.7852
 20
3530908.9961
 10
12119987.3405
 20
3530912.1675
 10
12119977.2843
 20
3530926.2272
 10
12119958.6126
 20
3530952.3324
  0
LWPOLYLINE
  5
AD
330
17
100
AcDbEntity
  8
SURF_OUTER_Pavement Surface 19
100
AcDbPolyline
 90
83
 70
1
 10
12119186.9437
 20
3531813.5469
 10
12119183.5994
 20
3531821.4313
 10
12119179.6907
 20
3531830.7325
 10
12119175.8092
 20
3531840.0557
 10
12119171.4762
 20
3531850.5734
 10
12119180.2061
 20
3531854.6173
 10
12119186.623
 20
3531839.0973
 10
12119192.4649
 20
3531825.184
 10
12119198.3763
 20
3531811.3002
 10
12119201.0861
 20
3531805.017
 10
12119201.1673
 20
3531804.8349
 10
12119201.163
 20
3531804.8331
 10
12119201.4521
 20
3531804.1692
 10
12119204.357
 20
3531797.446
 10
12119211.2203
 20
3531781.7814
 10
12119216.7753
 20
3531769.27
 10
12119222.8774
 20
3531755.7041
 10
12119229.2507
 20
3531741.7229
 10
12119235.5588
 20
3531728.0674
 10
12119239.2044
 20
3531720.2561
 10
12119242.3691
 20
3531713.522
 10
12119250.0747
 20
3531697.311
 10
12119250.176
 20
3531697.1042
 10
12119250.1735
 20
3531697.103
 10
12119250.324
 20
3531696.7916
 10
12119255.0264
 20
3531687.01
 10
12119258.9354
 20
3531678.9632
 10
12119258.9655
 20
3531678.9055
 10
12119258.963
 20
3531678.9043
 10
12119259.0756
 20
3531678.6748
 10
12119260.645
 20
3531675.4501
 10
12119267.1417
 20
3531662.2377
 10
12119272.8168
 20
3531650.8273
 10
12119279.2046
 20
3531638.1266
 10
12119285.9088
 20
3531624.9548
 10
12119291.1672
 20
3531614.7342
 10
12119297.6088
 20
3531602.3422
 10
12119304.633
 20
3531588.9868
 10
12119309.357
 20
3531580.1048
 10
12119309.4131
 20
3531579.9963
 10
12119316.4883
 20
3531566.8064
 10
12119323.6901
 20
3531553.5458
 10
12119330.5142
 20
3531541.1247
 10
12119337.0224
 20
3531529.4056
 10
12119343.5303
 20
3531517.8084
 10
12119350.6617
 20
3531505.2358
 10
12119353.7649
 20
3531499.8153
 10
12119345.739
 20
3531494.0644
 10
12119342.835
 20
3531499.1403
 10
12119337.88
 20
3531507.8665
 10
12119332.9542
 20
3531516.6048
 10
12119328.0555
 20
3531525.3608
 10
12119324.4488
 20
3531531.8512
 10
12119319.9521
 20
3531539.9968
 10
12119315.1106
 20
3531548.8348
 10
12119310.3118
 20
3531557.6645
 10
12119305.493
 20
3531566.6019
 10
12119300.7224
 20
3531575.5211
 10
12119295.9951
 20
3531584.4302
 10
12119291.3002
 20
3531593.3501
 10
12119286.6293
 20
3531602.2967
 10
12119281.9882
 20
3531611.2588
 10
12119278.2969
 20
3531618.4395
 10
12119272.7958
 20
3531629.2291
 10
12119268.2446
 20
3531638.2371
 10
12119261.9479
 20
3531650.8335
 10
12119259.2354
 20
3531656.2924
 10
12119254.774
 20
3531665.3463
 10
12119250.341
 20
3531674.4191
 10
12119245.9406
 20
3531683.5017
 10
12119241.5705
 20
3531692.5988
 10
12119237.2307
 20
3531701.7105
 10
12119232.842
 20
3531711.0056
 10
12119228.1672
 20
3531720.9974
 10
12119223.5282
 20
3531731.007
 10
12119219.1821
 20
3531740.4727
 10
12119214.766
 20
3531750.18
 10
12119210.6569
 20
3531759.2948
 10
12119206.28
 20
3531769.0935
 10
12119202.8984
 20
3531776.7275
 10
12119199.5474
 20
3531784.3497
 10
12119195.5098
 20
3531793.6101
 10
12119191.5106
 20
3531802.8663
  0
LWPOLYLINE
  5
AF
330
17
100
AcDbEntity
  8
SURF_OUTER_Pavement Surface 2
100
AcDbPolyline
 90
60
 70
1
 10
12119433.3948
 20
3531694.9368
 10
12119428.1791
 20
3531703.4642
 10
12119425.5837
 20
3531707.7437
 10
12119420.4295
 20
3531716.3143
 10
12119415.5365
 20
3531724.5423
 10
12119415.3741
 20
3531724.9349
 10
12119415.4025
 20
3531724.9543
 10
12119433.1409
 20
3531732.2074
 10
12119446.5758
 20
3531737.9499
 10
12119448.3095
 20
3531732.1211
 10
12119451.1006
 20
3531732.6972
 10
12119453.9423
 20
3531732.9144
 10
12119456.7886
 20
3531732.7694
 10
12119459.2696
 20
3531732.3407
 10
12119461.6514
 20
3531731.6511
 10
12119463.9593
 20
3531730.6935
 10
12119466.1463
 20
3531729.4849
 10
12119468.3647
 20
3531727.8961
 10
12119470.3737
 20
3531726.0495
 10
12119472.1434
 20
3531723.9726
 10
12119528.3458
 20
3531614.818
 10
12119537.7692
 20
3531596.0429
 10
12119544.389
 20
3531583.4023
 10
12119549.7424
 20
3531573.4723
 10
12119557.3326
 20
3531559.5407
 10
12119569.6441
 20
3531537.127
 10
12119573.6996
 20
3531529.6255
 10
12119591.7554
 20
3531498.3389
 10
12119608.3103
 20
3531471.0777
 10
12119619.8081
 20
3531452.6492
 10
12119631.6481
 20
3531433.9389
 10
12119645.4618
 20
3531412.6051
 10
12119671.0762
 20
3531375.2242
 10
12119683.738
 20
3531357.6834
 10
12119693.1975
 20
3531344.1412
 10
12119720.7078
 20
3531307.1286
 10
12119740.5658
 20
3531281.6125
 10
12119832.1369
 20
3531164.4577
 10
12119866.591
 20
3531120.5125
 10
12119905.8403
 20
3531070.9732
 10
12119897.6697
 20
3531065.2079
 10
12119895.9563
 20
3531064.3285
 10
12119884.5978
 20
3531055.9742
 10
12119521.1708
 20
3531564.0871
 10
12119519.5788
 20
3531566.1527
 10
12119507.9517
 20
3531582.4151
 10
12119502.1669
 20
3531590.5795
 10
12119499.292
 20
3531594.6696
 10
12119493.5794
 20
3531602.8617
 10
12119487.893
 20
3531611.1037
 10
12119485.0686
 20
3531615.2305
 10
12119479.4504
 20
3531623.5057
 10
12119472.7707
 20
3531633.4648
 10
12119468.3441
 20
3531640.1318
 10
12119465.5959
 20
3531644.302
 10
12119460.0718
 20
3531652.7538
 10
12119454.6892
 20
3531661.0795
 10
12119449.3037
 20
3531669.5016
 10
12119445.0288
 20
3531676.256
 10
12119438.6555
 20
3531686.4318
  0
LWPOLYLINE
  5
B0
330
17
100
AcDbEntity
  8
SURF_OUTER_Pavement Surface 2
100
AcDbPolyline
 90
6
 70
1
 10
12120027.9344
 20
3530902.2596
 10
12120027.9929
 20
3530901.476
 10
12120028.446
 20
3530900.2589
 10
12120030.6833
 20
3530898.715
 10
12120029.3726
 20
3530897.2057
 10
12120027.0705
 20
3530904.3306
  0
LWPOLYLINE
  5
B2
330
17
100
AcDbEntity
  8
SURF_OUTER_Pavement Surface 20
100
AcDbPolyline
 90
29
 70
1
 10
12119366.9941
 20
3531457.5868
 10
12119361.9093
 20
3531466.1989
 10
12119357.3562
 20
3531473.9616
 10
12119352.8292
 20
3531481.7432
 10
12119347.8163
 20
3531490.4336
 10
12119345.739
 20
3531494.0644
 10
12119353.7649
 20
3531499.8153
 10
12119358.1745
 20
3531492.1495
 10
12119358.2244
 20
3531492.0679
 10
12119358.2214
 20
3531492.0662
 10
12119358.7935
 20
3531491.0791
 10
12119363.845
 20
3531482.3558
 10
12119366.2085
 20
3531478.3117
 10
12119366.2563
 20
3531478.2347
 10
12119366.2532
 20
3531478.2329
 10
12119366.8664
 20
3531477.1869
 10
12119370.8312
 20
3531470.4159
 10
12119375.9488
 20
3531461.7553
 10
12119382.8836
 20
3531450.1077
 10
12119519.8034
 20
3531221.4403
 10
12119520.4317
 20
3531220.3574
 10
12119521.5514
 20
3531218.0954
 10
12119525.4666
 20
3531211.0069
 10
12119527.617
 20
3531207.5745
 10
12119529.5433
 20
3531204.8433
 10
12119534.4459
 20
3531198.5344
 10
12119525.309
 20
3531194.2607
 10
12119511.4422
 20
3531215.97
 10
12119374.4337
 20
3531445.0441
  0
LWPOLYLINE
  5
B4
330
17
100
AcDbEntity
  8
SURF_OUTER_Pavement Surface 21
100
AcDbPolyline
 90
10
 70
1
 10
12119525.309
 20
3531194.2607
 10
12119534.4459
 20
3531198.5344
 10
12119534.6847
 20
3531198.163
 10
12119765.5505
 20
3530840.0379
 10
12119763.9459
 20
3530838.9811
 10
12119760.406
 20
3530836.6384
 10
12119759.5506
 20
3530836.1049
 10
12119756.8921
 20
3530834.5991
 10
12119756.0163
 20
3530834.1039
 10
12119596.5814
 20
3531082.7589
  0
LWPOLYLINE
  5
B6
330
17
100
AcDbEntity
  8
SURF_OUTER_Pavement Surface 3
100
AcDbPolyline
 90
290
 70
1
 10
12120064.0689
 20
3531183.3161
 10
12120063.861
 20
3531183.7134
 10
12120062.4573
 20
3531186.6774
 10
12120061.1288
 20
3531190.3703
 10
12120060.6017
 20
3531192.2651
 10
12120060.1526
 20
3531194.2553
 10
12120059.808
 20
3531196.2543
 10
12120059.5639
 20
3531198.2815
 10
12120059.4231
 20
3531200.3294
 10
12120059.3876
 20
3531202.39
 10
12120059.4586
 20
3531204.4552
 10
12120059.6365
 20
3531206.5167
 10
12120059.9207
 20
3531208.5662
 10
12120060.31
 20
3531210.5956
 10
12120060.8021
 20
3531212.5969
 10
12120061.2527
 20
3531214.093
 10
12120062.0821
 20
3531216.4848
 10
12120062.862
 20
3531218.3573
 10
12120063.7285
 20
3531220.1738
 10
12120064.6764
 20
3531221.9287
 10
12120066.7916
 20
3531225.2344
 10
12120069.157
 20
3531228.2436
 10
12120071.7192
 20
3531230.9366
 10
12120074.4257
 20
3531233.3048
 10
12120112.8359
 20
3531263.9779
 10
12120114.471
 20
3531265.0404
 10
12120116.3024
 20
3531265.7697
 10
12120118.2747
 20
3531266.1316
 10
12120120.2244
 20
3531266.0976
 10
12120122.1303
 20
3531265.6859
 10
12120123.954
 20
3531264.8934
 10
12120125.5848
 20
3531263.7556
 10
12120126.934
 20
3531262.3485
 10
12120232.6711
 20
3531127.9911
 10
12120232.7181
 20
3531127.9312
 10
12120233.6817
 20
3531126.6687
 10
12120234.46
 20
3531125.6381
 10
12120235.0443
 20
3531124.8644
 10
12120236.0504
 20
3531123.4522
 10
12120236.545
 20
3531122.7402
 10
12120237.649
 20
3531121.0963
 10
12120238.341
 20
3531119.998
 10
12120239.8428
 20
3531117.5106
 10
12120240.2331
 20
3531116.7903
 10
12120241.4081
 20
3531114.6223
 10
12120241.9319
 20
3531113.6038
 10
12120243.8766
 20
3531109.5736
 10
12120243.9134
 20
3531109.4452
 10
12120244.3579
 20
3531108.3331
 10
12120244.6635
 20
3531107.5454
 10
12120245.3164
 20
3531105.8598
 10
12120245.6541
 20
3531104.9291
 10
12120246.1709
 20
3531103.5054
 10
12120246.5171
 20
3531102.4581
 10
12120247.2699
 20
3531100.0327
 10
12120247.5715
 20
3531098.9715
 10
12120248.3412
 20
3531095.9392
 10
12120248.4296
 20
3531095.5516
 10
12120248.5104
 20
3531095.1974
 10
12120249.046
 20
3531092.6259
 10
12120249.2584
 20
3531091.5212
 10
12120249.7525
 20
3531088.2332
 10
12120249.9234
 20
3531086.8441
 10
12120250.0592
 20
3531085.4851
 10
12120250.1834
 20
3531084.243
 10
12120250.2121
 20
3531083.9549
 10
12120250.258
 20
3531083.33
 10
12120250.2651
 20
3531083.1892
 10
12120250.3362
 20
3531081.7782
 10
12120250.3424
 20
3531081.7757
 10
12120250.4287
 20
3531079.9427
 10
12120250.4396
 20
3531079.3622
 10
12120250.4437
 20
3531076.29
 10
12120250.4251
 20
3531075.342
 10
12120250.3367
 20
3531073.1382
 10
12120250.2259
 20
3531071.4085
 10
12120250.1849
 20
3531070.8338
 10
12120249.9665
 20
3531068.8836
 10
12120249.8781
 20
3531068.1244
 10
12120249.5721
 20
3531065.5299
 10
12120249.0055
 20
3531062.5405
 10
12120248.4897
 20
3531060.0327
 10
12120247.7411
 20
3531057.0032
 10
12120247.7161
 20
3531056.9015
 10
12120247.6113
 20
3531056.519
 10
12120247.3988
 20
3531055.8016
 10
12120246.7051
 20
3531053.4767
 10
12120246.6675
 20
3531053.3506
 10
12120246.4784
 20
3531052.7637
 10
12120246.4294
 20
3531052.6102
 10
12120245.3526
 20
3531049.5599
 10
12120244.8718
 20
3531048.3103
 10
12120244.0734
 20
3531046.386
 10
12120243.6405
 20
3531045.3326
 10
12120243.2852
 20
3531044.4907
 10
12120242.444
 20
3531042.7712
 10
12120240.9816
 20
3531039.8472
 10
12120240.8392
 20
3531039.5719
 10
12120239.6132
 20
3531037.4496
 10
12120239.2168
 20
3531036.7705
 10
12120238.1104
 20
3531034.9666
 10
12120237.9154
 20
3531034.6738
 10
12120236.0314
 20
3531031.8465
 10
12120235.7309
 20
3531031.4112
 10
12120233.9295
 20
3531028.9833
 10
12120233.555
 20
3531028.4853
 10
12120231.0476
 20
3531025.4284
 10
12120230.5348
 20
3531024.8528
 10
12120228.656
 20
3531022.7894
 10
12120228.6559
 20
3531022.7893
 10
12120228.2394
 20
3531022.3468
 10
12120227.8441
 20
3531021.9513
 10
12120226.3849
 20
3531020.4918
 10
12120226.3492
 20
3531020.4561
 10
12120225.3008
 20
3531019.442
 10
12120224.8272
 20
3531018.9966
 10
12120223.9661
 20
3531018.2282
 10
12120223.3432
 20
3531017.6632
 10
12120222.1715
 20
3531016.6505
 10
12120219.7942
 20
3531014.6946
 10
12120211.1461
 20
3531007.9218
 10
12120208.1744
 20
3531005.7546
 10
12120206.8314
 20
3531004.859
 10
12120204.3728
 20
3531003.3481
 10
12120204.2813
 20
3531003.2934
 10
12120204.2801
 20
3531003.2955
 10
12120204.1192
 20
3531003.2046
 10
12120204.1223
 20
3531003.1988
 10
12120202.8172
 20
3531002.4688
 10
12120200.7496
 20
3531001.379
 10
12120197.9071
 20
3531000.0649
 10
12120194.9878
 20
3530998.8965
 10
12120192.2422
 20
3530997.9615
 10
12120189.3712
 20
3530997.1356
 10
12120185.512
 20
3530996.2581
 10
12120184.2525
 20
3530996.0413
 10
12120183.64
 20
3530995.8508
 10
12120182.2232
 20
3530995.7219
 10
12120178.9099
 20
3530995.3686
 10
12120175.8861
 20
3530995.2035
 10
12120173.4162
 20
3530995.17
 10
12120170.3252
 20
3530995.2881
 10
12120168.9227
 20
3530995.4165
 10
12120165.6417
 20
3530995.7925
 10
12120162.3565
 20
3530996.356
 10
12120159.6772
 20
3530996.9599
 10
12120157.8667
 20
3530997.4342
 10
12120155.0023
 20
3530998.3261
 10
12120149.6399
 20
3531000.3111
 10
12120146.5445
 20
3531001.8029
 10
12120143.7158
 20
3531003.3605
 10
12120142.7393
 20
3531003.9447
 10
12120140.8883
 20
3531005.1255
 10
12120138.7157
 20
3531006.6381
 10
12120137.4239
 20
3531007.6073
 10
12120135.6854
 20
3531009.0005
 10
12120134.922
 20
3531009.6466
 10
12120133.2041
 20
3531011.1842
 10
12120133.061
 20
3531011.3272
 10
12120127.1574
 20
3531017.8858
 10
12120125.5206
 20
3531020.0339
 10
12120124.8322
 20
3531021.0396
 10
12120124.3689
 20
3531021.4861
 10
12120122.9928
 20
3531024.0688
 10
12120122.4366
 20
3531025.8009
 10
12120122.2012
 20
3531027.6712
 10
12120122.3265
 20
3531029.5869
 10
12120122.8204
 20
3531031.4535
 10
12120123.6323
 20
3531033.1423
 10
12120124.7093
 20
3531034.6084
 10
12120125.9628
 20
3531035.7987
 10
12120167.4591
 20
3531068.8805
 10
12120168.7779
 20
3531070.1454
 10
12120169.8997
 20
3531071.7241
 10
12120170.3541
 20
3531072.6172
 10
12120170.5904
 20
3531073.2271
 10
12120170.7218
 20
3531073.5663
 10
12120170.9934
 20
3531074.5584
 10
12120171.1624
 20
3531075.5786
 10
12120171.225
 20
3531076.6109
 10
12120171.1813
 20
3531077.6386
 10
12120171.0417
 20
3531078.5947
 10
12120170.7903
 20
3531079.6176
 10
12120170.0485
 20
3531081.4066
 10
12120169.8139
 20
3531081.8528
 10
12120172.4647
 20
3531078.2156
 10
12120172.9447
 20
3531077.557
 10
12120174.0842
 20
3531076.1591
 10
12120174.1834
 20
3531076.0375
 10
12120175.4306
 20
3531075.1281
 10
12120177.5807
 20
3531073.949
 10
12120178.9097
 20
3531073.5914
 10
12120180.2797
 20
3531073.4586
 10
12120182.1633
 20
3531073.4586
 10
12120183.7377
 20
3531073.898
 10
12120185.2815
 20
3531074.4498
 10
12120187.3283
 20
3531075.7888
 10
12120188.4556
 20
3531076.669
 10
12120196.8669
 20
3531083.3917
 10
12120200.6496
 20
3531086.4904
 10
12120206.0999
 20
3531090.8705
 10
12120205.8709
 20
3531091.2946
 10
12120204.0261
 20
3531093.3877
 10
12120201.6855
 20
3531096.2381
 10
12120202.3894
 20
3531096.8016
 10
12120215.2615
 20
3531107.1058
 10
12120219.7233
 20
3531101.3582
 10
12120229.5267
 20
3531109.8841
 10
12120230.5149
 20
3531110.9433
 10
12120231.8082
 20
3531112.7577
 10
12120232.579
 20
3531114.0985
 10
12120233.2521
 20
3531116.6167
 10
12120233.421
 20
3531117.9772
 10
12120233.4677
 20
3531118.3542
 10
12120233.4677
 20
3531119.5238
 10
12120233.3324
 20
3531121.3714
 10
12120232.4983
 20
3531124.11
 10
12120231.5368
 20
3531125.894
 10
12120230.9759
 20
3531126.8223
 10
12120227.8068
 20
3531130.7872
 10
12120222.7268
 20
3531137.4064
 10
12120216.301
 20
3531145.5533
 10
12120211.4472
 20
3531151.5928
 10
12120200.8122
 20
3531165.2235
 10
12120192.9396
 20
3531175.0921
 10
12120185.6482
 20
3531184.3577
 10
12120180.3308
 20
3531190.9985
 10
12120175.0765
 20
3531197.8159
 10
12120174.5725
 20
3531198.4754
 10
12120173.763
 20
3531199.475
 10
12120168.8378
 20
3531205.5816
 10
12120157.5834
 20
3531219.9026
 10
12120150.8414
 20
3531228.3124
 10
12120143.6203
 20
3531237.4839
 10
12120137.0024
 20
3531245.846
 10
12120132.1029
 20
3531252.1143
 10
12120127.0408
 20
3531258.4311
 10
12120125.3876
 20
3531259.9287
 10
12120125.0649
 20
3531260.2211
 10
12120124.328
 20
3531260.6001
 10
12120123.487
 20
3531261.0328
 10
12120121.5146
 20
3531261.7517
 10
12120119.7511
 20
3531262.0996
 10
12120119.5495
 20
3531262.0996
 10
12120117.802
 20
3531262.0996
 10
12120116.4077
 20
3531261.9728
 10
12120115.2155
 20
3531261.7321
 10
12120113.4307
 20
3531261.095
 10
12120110.8032
 20
3531259.5432
 10
12120109.489
 20
3531258.3659
 10
12120108.6091
 20
3531257.3765
 10
12120107.6213
 20
3531256.0718
 10
12120106.7987
 20
3531253.8889
 10
12120106.3582
 20
3531251.8729
 10
12120106.223
 20
3531250.2097
 10
12120106.4556
 20
3531246.8063
 10
12120107.0669
 20
3531243.1559
 10
12120108.195
 20
3531241.5717
 10
12120110.2342
 20
3531239.1627
 10
12120101.1197
 20
3531231.8957
 10
12120098.7741
 20
3531230.0255
 10
12120098.2413
 20
3531229.6007
 10
12120096.9259
 20
3531230.7432
 10
12120094.5614
 20
3531233.0908
 10
12120092.1964
 20
3531235.1505
 10
12120090.3783
 20
3531236.0199
 10
12120087.9713
 20
3531236.8253
 10
12120086.3966
 20
3531237.4306
 10
12120083.6398
 20
3531235.4824
 10
12120081.5939
 20
3531233.7371
 10
12120079.5788
 20
3531231.9786
 10
12120075.5671
 20
3531228.7819
 10
12120073.2026
 20
3531226.1839
 10
12120071.1806
 20
3531222.7826
 10
12120070.2243
 20
3531220.5399
 10
12120069.3787
 20
3531217.003
 10
12120069.1897
 20
3531214.5209
 10
12120069.1897
 20
3531212.7524
 10
12120069.5342
 20
3531210.2483
 10
12120070.145
 20
3531207.7386
 10
12120070.4582
 20
3531207.0263
 10
12120071.3977
 20
3531204.8902
 10
12120071.5174
 20
3531204.6855
 10
12120072.902
 20
3531202.3188
 10
12120088.43
 20
3531183.7075
 10
12120072.7915
 20
3531171.2401
 10
12120069.2796
 20
3531175.6451
 10
12120067.7586
 20
3531177.596
 10
12120065.9959
 20
3531180.0235
 10
12120064.0955
 20
3531183.2182
  0
LWPOLYLINE
  5
B7
330
17
100
AcDbEntity
  8
SURF_OUTER_Pavement Surface 3
100
AcDbPolyline
 90
12
 70
1
 10
12120111.0835
 20
3531155.3353
 10
12120116.6984
 20
3531148.3517
 10
12120119.9429
 20
3531144.2937
 10
12120127.4827
 20
3531151.8295
 10
12120132.3344
 20
3531155.7175
 10
12120130.9579
 20
3531157.4591
 10
12120185.4496
 20
3531088.5161
 10
12120140.2781
 20
3531145.667
 10
12120127.8004
 20
3531134.6684
 10
12120125.4264
 20
3531137.6463
 10
12120119.4036
 20
3531144.8555
 10
12120116.6332
 20
3531148.332
  0
LWPOLYLINE
  5
B9
330
17
100
AcDbEntity
  8
SURF_OUTER_Pavement Surface 4
100
AcDbPolyline
 90
9
 70
1
 10
12119728.0544
 20
3531461.6931
 10
12119728.0544
 20
3531461.6932
 10
12119847.3593
 20
3531541.686
 10
12119866.8536
 20
3531512.7032
 10
12119890.8957
 20
3531478.4156
 10
12119901.7689
 20
3531463.6943
 10
12119788.8643
 20
3531374.9208
 10
12119788.3135
 20
3531375.7065
 10
12119788.3135
 20
3531375.7066
  0
LWPOLYLINE
  5
BB
330
17
100
AcDbEntity
  8
SURF_HOLE_Pavement Surface 4
100
AcDbPolyline
 90
21
 70
1
 10
12119770.0633
 20
3531433.7488
 10
12119763.5194
 20
3531428.5541
 10
12119771.4953
 20
3531417.3769
 10
12119769.0965
 20
3531415.6558
 10
12119769.7701
 20
3531414.7504
 10
12119771.123
 20
3531413.0495
 10
12119773.4762
 20
3531414.9416
 10
12119782.0122
 20
3531403.4959
 10
12119797.8392
 20
3531415.4546
 10
12119787.1643
 20
3531429.9086
 10
12119790.1775
 20
3531432.2474
 10
12119808.3042
 20
3531446.3171
 10
12119815.0549
 20
3531437.6364
 10
12119821.9181
 20
3531442.5369
 10
12119837.3923
 20
3531453.9455
 10
12119822.1957
 20
3531474.1552
 10
12119811.3731
 20
3531465.7065
 10
12119800.3102
 20
3531457.6891
 10
12119805.9238
 20
3531449.3959
 10
12119784.6589
 20
3531433.1232
 10
12119778.7218
 20
3531440.6222
  0
LWPOLYLINE
  5
BD
330
17
100
AcDbEntity
  8
SURF_OUTER_Pavement Surface 5
100
AcDbPolyline
 90
89
 70
1
 10
12119636.3313
 20
3531617.829
 10
12119635.2184
 20
3531621.7296
 10
12119633.5579
 20
3531627.5498
 10
12119633.1852
 20
3531629.0568
 10
12119632.5125
 20
3531631.7769
 10
12119631.005
 20
3531637.8722
 10
12119630.7461
 20
3531639.1043
 10
12119630.4519
 20
3531640.4488
 10
12119629.8427
 20
3531643.3863
 10
12119628.8233
 20
3531648.2589
 10
12119628.63
 20
3531649.3505
 10
12119628.0745
 20
3531652.4449
 10
12119627.0144
 20
3531658.69
 10
12119626.804
 20
3531660.1019
 10
12119625.6875
 20
3531668.3528
 10
12119625.6872
 20
3531668.3549
 10
12119625.5472
 20
3531669.4546
 10
12119624.4858
 20
3531679.9618
 10
12119624.4248
 20
3531680.9596
 10
12119623.8202
 20
3531690.0515
 10
12119621.3803
 20
3531739.8797
 10
12119621.2929
 20
3531743.4467
 10
12119621.3816
 20
3531747.0449
 10
12119621.6503
 20
3531750.6615
 10
12119622.1018
 20
3531754.2829
 10
12119622.7375
 20
3531757.8955
 10
12119623.5574
 20
3531761.4851
 10
12119624.323
 20
3531764.1976
 10
12119624.78
 20
3531765.6889
 10
12119625.7414
 20
3531768.5355
 10
12119627.1016
 20
3531771.9773
 10
12119628.6367
 20
3531775.3493
 10
12119630.3228
 20
3531778.6076
 10
12119632.1804
 20
3531781.7912
 10
12119634.1647
 20
3531784.8327
 10
12119636.2952
 20
3531787.7674
 10
12119638.5513
 20
3531790.5719
 10
12119640.9217
 20
3531793.2388
 10
12119643.4196
 20
3531795.7867
 10
12119646.0625
 20
3531798.2301
 10
12119648.844
 20
3531800.5571
 10
12119651.7562
 20
3531802.7564
 10
12119654.7905
 20
3531804.8173
 10
12119657.9368
 20
3531806.7302
 10
12119661.1849
 20
3531808.4862
 10
12119663.8927
 20
3531809.7784
 10
12119665.398
 20
3531810.4431
 10
12119667.9326
 20
3531811.4981
 10
12119671.4081
 20
3531812.7425
 10
12119674.933
 20
3531813.8069
 10
12119678.4934
 20
3531814.6892
 10
12119682.0753
 20
3531815.3883
 10
12119685.0449
 20
3531815.8155
 10
12119687.9147
 20
3531816.1153
 10
12119692.9723
 20
3531807.0992
 10
12119681.0004
 20
3531800.2566
 10
12119685.2839
 20
3531792.19
 10
12119694.8069
 20
3531797.7473
 10
12119779.7298
 20
3531652.2239
 10
12119799.2035
 20
3531618.4617
 10
12119817.11
 20
3531589.1204
 10
12119834.9616
 20
3531560.1182
 10
12119847.3593
 20
3531541.686
 10
12119728.0544
 20
3531461.6932
 10
12119726.3598
 20
3531463.5576
 10
12119678.1579
 20
3531532.0222
 10
12119672.2817
 20
3531540.6861
 10
12119667.6
 20
3531548.1019
 10
12119666.6877
 20
3531549.5887
 10
12119662.5291
 20
3531556.7288
 10
12119661.3898
 20
3531558.7164
 10
12119659.1646
 20
3531562.8816
 10
12119657.0529
 20
3531566.8344
 10
12119656.4013
 20
3531568.0541
 10
12119654.5863
 20
3531571.761
 10
12119652.3745
 20
3531576.2781
 10
12119651.734
 20
3531577.5862
 10
12119649.6886
 20
3531582.1123
 10
12119648.1973
 20
3531585.5079
 10
12119647.3991
 20
3531587.2958
 10
12119646.3262
 20
3531589.9476
 10
12119644.2485
 20
3531595.0833
 10
12119643.4061
 20
3531597.1655
 10
12119642.5743
 20
3531599.4518
 10
12119641.6145
 20
3531602.0551
 10
12119640.6285
 20
3531604.8
 10
12119639.7636
 20
3531607.177
 10
12119639.0262
 20
3531609.4381
 10
12119636.8022
 20
3531616.2568
  0
LWPOLYLINE
  5
BF
330
17
100
AcDbEntity
  8
SURF_HOLE_Pavement Surface 5
100
AcDbPolyline
 90
15
 70
1
 10
12119772.9701
 20
3531521.0364
 10
12119808.2421
 20
3531539.857
 10
12119755.9046
 20
3531637.9441
 10
12119759.4323
 20
3531639.8252
 10
12119755.711
 20
3531646.8037
 10
12119752.1808
 20
3531644.9212
 10
12119750.79
 20
3531647.5295
 10
12119738.0634
 20
3531640.7387
 10
12119715.518
 20
3531628.7089
 10
12119718.1855
 20
3531623.7097
 10
12119713.7741
 20
3531621.3559
 10
12119722.2185
 20
3531605.5302
 10
12119718.5862
 20
3531603.592
 10
12119721.9698
 20
3531597.2508
 10
12119730.0134
 20
3531601.5427
  0
LWPOLYLINE
  5
C1
330
17
100
AcDbEntity
  8
SURF_OUTER_Pavement Surface 6
100
AcDbPolyline
 90
71
 70
1
 10
12120187.0721
 20
3530921.9184
 10
12120187.0102
 20
3530923.3763
 10
12120187.1384
 20
3530924.8209
 10
12120187.6528
 20
3530926.6948
 10
12120188.8201
 20
3530928.8634
 10
12120189.3893
 20
3530929.673
 10
12120190.7942
 20
3530931.0125
 10
12120195.613
 20
3530934.7867
 10
12120197.8882
 20
3530936.5526
 10
12120198.7621
 20
3530937.2531
 10
12120199.5612
 20
3530937.8591
 10
12120199.5931
 20
3530937.9039
 10
12120233.5387
 20
3530964.4899
 10
12120234.5171
 20
3530965.3378
 10
12120279.4317
 20
3531000.4329
 10
12120281.6613
 20
3531002.2673
 10
12120283.8177
 20
3531004.2236
 10
12120285.8912
 20
3531006.2977
 10
12120287.8727
 20
3531008.4841
 10
12120289.7533
 20
3531010.7768
 10
12120291.5245
 20
3531013.1686
 10
12120293.179
 20
3531015.6516
 10
12120294.7097
 20
3531018.2168
 10
12120296.1109
 20
3531020.8551
 10
12120297.3776
 20
3531023.5566
 10
12120298.5057
 20
3531026.3107
 10
12120299.4925
 20
3531029.107
 10
12120300.3362
 20
3531031.9346
 10
12120301.0358
 20
3531034.7827
 10
12120301.592
 20
3531037.6406
 10
12120302.0059
 20
3531040.4979
 10
12120302.282
 20
3531043.3718
 10
12120302.42
 20
3531046.2801
 10
12120302.4163
 20
3531049.2129
 10
12120302.2683
 20
3531052.1522
 10
12120301.973
 20
3531055.1105
 10
12120301.5307
 20
3531058.0537
 10
12120300.9415
 20
3531060.9786
 10
12120300.2066
 20
3531063.8741
 10
12120299.3285
 20
3531066.7295
 10
12120298.4412
 20
3531069.1648
 10
12120298.3106
 20
3531069.534
 10
12120297.206
 20
3531072.1629
 10
12120295.875
 20
3531074.9514
 10
12120294.4691
 20
3531077.5457
 10
12120292.9471
 20
3531080.0526
 10
12120291.3166
 20
3531082.4648
 10
12120289.5664
 20
3531084.8012
 10
12120289.0979
 20
3531085.3965
 10
12120252.0071
 20
3531132.5345
 10
12120251.6545
 20
3531133.0245
 10
12120247.9939
 20
3531137.6264
 10
12120246.8149
 20
3531139.1243
 10
12120145.0004
 20
3531268.4975
 10
12120144.9984
 20
3531268.5001
 10
12120146.5713
 20
3531269.7353
 10
12120162.0796
 20
3531250.1577
 10
12120269.7684
 20
3531113.1917
 10
12120270.2343
 20
3531112.5825
 10
12120273.4003
 20
3531115.0801
 10
12120344.4
 20
3531024.9179
 10
12120411.6921
 20
3530939.5853
 10
12120413.7644
 20
3530929.3938
 10
12120267.0385
 20
3530819.5539
 10
12120267.6341
 20
3530818.7506
 10
12120264.7043
 20
3530816.5706
 10
12120262.7243
 20
3530820.083
 10
12120220.156
 20
3530877.2886
 10
12120189.0873
 20
3530916.974
 10
12120188.0444
 20
3530918.6112
 10
12120187.5063
 20
3530919.995
  0
LWPOLYLINE
  5
C3
330
17
100
AcDbEntity
  8
SURF_HOLE_Pavement Surface 6
100
AcDbPolyline
 90
25
 70
1
 10
12120275.3966
 20
3530969.0075
 10
12120264.843
 20
3530960.684
 10
12120261.5917
 20
3530964.7143
 10
12120243.0042
 20
3530950.0352
 10
12120245.2016
 20
3530947.1233
 10
12120246.0749
 20
3530945.9244
 10
12120239.6707
 20
3530941.3676
 10
12120234.3126
 20
3530936.5157
 10
12120200.6811
 20
3530909.8031
 10
12120223.4695
 20
3530881.1112
 10
12120242.8192
 20
3530896.473
 10
12120256.2557
 20
3530879.5556
 10
12120310.3928
 20
3530922.5537
 10
12120344.0238
 20
3530949.265
 10
12120329.7552
 20
3530967.23
 10
12120333.6522
 20
3530970.3013
 10
12120336.1301
 20
3530967.1202
 10
12120340.8752
 20
3530970.8987
 10
12120338.3641
 20
3530974.0644
 10
12120353.3179
 20
3530985.8136
 10
12120331.5546
 20
3531013.3817
 10
12120311.6051
 20
3530997.6417
 10
12120309.133
 20
3531000.8389
 10
12120295.383
 20
3530989.8826
 10
12120297.8234
 20
3530986.6954
  0
LWPOLYLINE
  5
C4
330
17
100
AcDbEntity
  8
SURF_OUTER_Pavement Surface 6
100
AcDbPolyline
 90
6
 70
1
 10
12120215.032
 20
3531107.4332
 10
12120215.2615
 20
3531107.1058
 10
12120202.3894
 20
3531096.8016
 10
12120202.656
 20
3531097.5811
 10
12120201.3103
 20
3531096.5309
 10
12120214.885
 20
3531107.1252
  0
LWPOLYLINE
  5
C6
330
17
100
AcDbEntity
  8
SURF_OUTER_Pavement Surface 7
100
AcDbPolyline
 90
140
 70
1
 10
12119674.5835
 20
3531036.5415
 10
12119622.2843
 20
3531117.6579
 10
12119621.4041
 20
3531119.1633
 10
12119620.6373
 20
3531120.7901
 10
12119620.0049
 20
3531122.5264
 10
12119619.5264
 20
3531124.3561
 10
12119619.2189
 20
3531126.2588
 10
12119619.091
 20
3531128.2273
 10
12119619.1648
 20
3531130.1838
 10
12119619.4302
 20
3531132.1503
 10
12119619.8891
 20
3531134.0808
 10
12119620.5335
 20
3531135.9473
 10
12119621.35
 20
3531137.7242
 10
12119622.3207
 20
3531139.3893
 10
12119623.4247
 20
3531140.9248
 10
12119624.6387
 20
3531142.318
 10
12119625.9389
 20
3531143.5605
 10
12119627.1704
 20
3531144.5447
 10
12119668.421
 20
3531174.6796
 10
12119671.0488
 20
3531176.6048
 10
12119671.0525
 20
3531176.6017
 10
12119671.6401
 20
3531177.0162
 10
12119673.0551
 20
3531178.057
 10
12119678.772
 20
3531182.1191
 10
12119686.0427
 20
3531187.2519
 10
12119687.1658
 20
3531188.0447
 10
12119687.2645
 20
3531188.096
 10
12119687.7451
 20
3531188.4221
 10
12119690.0518
 20
3531189.9249
 10
12119692.9246
 20
3531191.6146
 10
12119695.8868
 20
3531193.1422
 10
12119698.9293
 20
3531194.503
 10
12119702.0425
 20
3531195.6927
 10
12119705.2171
 20
3531196.7077
 10
12119708.4431
 20
3531197.5449
 10
12119711.7107
 20
3531198.2016
 10
12119715.0097
 20
3531198.6759
 10
12119718.3299
 20
3531198.9663
 10
12119721.6611
 20
3531199.0719
 10
12119724.9931
 20
3531198.9923
 10
12119728.3155
 20
3531198.7279
 10
12119731.6181
 20
3531198.2793
 10
12119733.9928
 20
3531197.8401
 10
12119734.8907
 20
3531197.6481
 10
12119738.1231
 20
3531196.8362
 10
12119741.3056
 20
3531195.846
 10
12119743.1254
 20
3531195.1908
 10
12119744.4281
 20
3531194.6806
 10
12119747.4811
 20
3531193.3436
 10
12119750.4551
 20
3531191.8392
 10
12119753.3409
 20
3531190.1719
 10
12119756.1298
 20
3531188.347
 10
12119756.7369
 20
3531187.9196
 10
12119758.8131
 20
3531186.37
 10
12119761.3824
 20
3531184.2471
 10
12119763.8299
 20
3531181.9848
 10
12119766.148
 20
3531179.5901
 10
12119768.326
 20
3531177.0764
 10
12119770.6966
 20
3531173.9775
 10
12119957.8467
 20
3530912.3208
 10
12119968.8432
 20
3530896.9627
 10
12119978.812
 20
3530882.9939
 10
12119983.3511
 20
3530876.5569
 10
12119983.5089
 20
3530876.3331
 10
12119984.1451
 20
3530875.3515
 10
12119987.0431
 20
3530869.6709
 10
12119987.5013
 20
3530868.5739
 10
12119988.0416
 20
3530867.0327
 10
12119988.5839
 20
3530865.2872
 10
12119988.9062
 20
3530864.1987
 10
12119989.5165
 20
3530861.2614
 10
12119989.7673
 20
3530859.5963
 10
12119990.0869
 20
3530856.6134
 10
12119990.1166
 20
3530852.6233
 10
12119989.9814
 20
3530850.6234
 10
12119989.7458
 20
3530848.6303
 10
12119989.4105
 20
3530846.6515
 10
12119988.977
 20
3530844.6945
 10
12119987.8248
 20
3530840.8744
 10
12119986.3146
 20
3530837.2238
 10
12119984.4814
 20
3530833.7897
 10
12119982.3674
 20
3530830.61
 10
12119980.0193
 20
3530827.713
 10
12119977.4861
 20
3530825.1168
 10
12119974.8164
 20
3530822.8297
 10
12119956.4684
 20
3530808.4598
 10
12119954.8457
 20
3530807.2538
 10
12119953.1481
 20
3530806.1213
 10
12119951.3806
 20
3530805.0687
 10
12119949.5489
 20
3530804.1022
 10
12119947.659
 20
3530803.2272
 10
12119945.7182
 20
3530802.4489
 10
12119943.7339
 20
3530801.7713
 10
12119941.714
 20
3530801.1979
 10
12119939.6667
 20
3530800.7313
 10
12119937.6007
 20
3530800.3732
 10
12119935.5245
 20
3530800.1244
 10
12119933.4466
 20
3530799.9848
 10
12119931.3757
 20
3530799.9534
 10
12119929.3198
 20
3530800.0284
 10
12119927.287
 20
3530800.207
 10
12119925.2846
 20
3530800.4861
 10
12119923.2989
 20
3530800.8659
 10
12119921.3166
 20
3530801.3506
 10
12119919.3459
 20
3530801.9409
 10
12119917.3951
 20
3530802.6367
 10
12119915.4726
 20
3530803.4373
 10
12119913.5867
 20
3530804.3407
 10
12119911.7456
 20
3530805.3443
 10
12119909.9573
 20
3530806.4446
 10
12119908.2291
 20
3530807.6372
 10
12119906.5681
 20
3530808.917
 10
12119904.9808
 20
3530810.2783
 10
12119903.4728
 20
3530811.7145
 10
12119902.0492
 20
3530813.2189
 10
12119900.7143
 20
3530814.7841
 10
12119899.4712
 20
3530816.4025
 10
12119897.7297
 20
3530818.9735
 10
12119897.1366
 20
3530819.8808
 10
12119895.9506
 20
3530821.6953
 10
12119848.4787
 20
3530894.324
 10
12119739.9523
 20
3531060.3618
 10
12119739.3894
 20
3531061.0727
 10
12119738.6638
 20
3531061.7015
 10
12119736.8257
 20
3531062.5128
 10
12119735.8119
 20
3531062.626
 10
12119734.8167
 20
3531062.535
 10
12119733.0893
 20
3531061.8487
 10
12119688.3635
 20
3531033.4847
 10
12119686.7443
 20
3531032.654
 10
12119684.8951
 20
3531032.1094
 10
12119683.9078
 20
3531031.9703
 10
12119683.1875
 20
3531031.9418
 10
12119681.8747
 20
3531031.9941
 10
12119680.86
 20
3531032.1631
 10
12119679.868
 20
3531032.4354
 10
12119678.9142
 20
3531032.806
 10
12119678.0125
 20
3531033.2668
 10
12119677.1747
 20
3531033.8073
 10
12119675.7245
 20
3531035.0775
  0
LWPOLYLINE
  5
C8
330
17
100
AcDbEntity
  8
SURF_HOLE_Pavement Surface 7
100
AcDbPolyline
 90
7
 70
1
 10
12119885.7939
 20
3530860.0744
 10
12119906.3176
 20
3530831.3798
 10
12119945.4854
 20
3530859.3965
 10
12119966.4916
 20
3530874.4213
 10
12119961.6087
 20
3530881.2771
 10
12119944.9814
 20
3530904.5241
 10
12119884.7991
 20
3530861.4788
  0
LWPOLYLINE
  5
C9
330
17
100
AcDbEntity
  8
SURF_HOLE_Pavement Surface 7
100
AcDbPolyline
 90
6
 70
1
 10
12119928.1239
 20
3530926.2774
 10
12119885.8747
 20
3530896.0588
 10
12119894.892
 20
3530883.4516
 10
12119918.1963
 20
3530900.1201
 10
12119938.0001
 20
3530914.2847
 10
12119928.9829
 20
3530926.8918
  0
LWPOLYLINE
  5
CA
330
17
100
AcDbEntity
  8
SURF_HOLE_Pavement Surface 7
100
AcDbPolyline
 90
5
 70
1
 10
12119869.5855
 20
3530918.8329
 10
12119912.6935
 20
3530949.6661
 10
12119904.271
 20
3530961.4417
 10
12119903.6765
 20
3530962.273
 10
12119860.5684
 20
3530931.4399
  0
LWPOLYLINE
  5
CB
330
17
100
AcDbEntity
  8
SURF_HOLE_Pavement Surface 7
100
AcDbPolyline
 90
5
 70
1
 10
12119835.2621
 20
3530966.8211
 10
12119844.28
 20
3530954.2144
 10
12119875.9905
 20
3530976.8953
 10
12119887.3874
 20
3530985.0469
 10
12119878.3703
 20
3530997.6541
  0
LWPOLYLINE
  5
CC
330
17
100
AcDbEntity
  8
SURF_HOLE_Pavement Surface 7
100
AcDbPolyline
 90
5
 70
1
 10
12119845.055
 20
3531027.3068
 10
12119809.9558
 20
3531002.2022
 10
12119818.973
 20
3530989.5951
 10
12119862.0811
 20
3531020.4281
 10
12119853.0639
 20
3531033.0352
  0
LWPOLYLINE
  5
CD
330
17
100
AcDbEntity
  8
SURF_HOLE_Pavement Surface 7
100
AcDbPolyline
 90
5
 70
1
 10
12119821.6821
 20
3531025.3428
 10
12119846.0828
 20
3531042.7977
 10
12119836.7682
 20
3531055.819
 10
12119835.3205
 20
3531057.8427
 10
12119810.9198
 20
3531040.3878
  0
LWPOLYLINE
  5
CE
330
17
100
AcDbEntity
  8
SURF_HOLE_Pavement Surface 7
100
AcDbPolyline
 90
6
 70
1
 10
12119805.8398
 20
3531065.0328
 10
12119769.8861
 20
3531039.3135
 10
12119780.3587
 20
3531024.6736
 10
12119801.9994
 20
3531040.1542
 10
12119832.4139
 20
3531061.9111
 10
12119821.9413
 20
3531076.5508
  0
LWPOLYLINE
  5
CF
330
17
100
AcDbEntity
  8
SURF_HOLE_Pavement Surface 7
100
AcDbPolyline
 90
22
 70
1
 10
12119732.8044
 20
3531160.9713
 10
12119728.3398
 20
3531158.0538
 10
12119721.046
 20
3531169.2151
 10
12119696.0104
 20
3531152.8547
 10
12119692.8841
 20
3531157.7752
 10
12119652.6869
 20
3531131.4117
 10
12119655.8411
 20
3531126.604
 10
12119633.9869
 20
3531112.3235
 10
12119680.6672
 20
3531040.8904
 10
12119702.586
 20
3531055.2139
 10
12119705.7315
 20
3531050.4006
 10
12119745.8369
 20
3531076.6087
 10
12119742.6915
 20
3531081.4221
 10
12119746.7279
 20
3531084.0598
 10
12119753.2473
 20
3531074.0832
 10
12119765.2854
 20
3531081.9514
 10
12119761.8074
 20
3531087.2736
 10
12119775.4545
 20
3531096.1624
 10
12119768.3583
 20
3531107.022
 10
12119773.3312
 20
3531110.2717
 10
12119746.2353
 20
3531151.7352
 10
12119741.0531
 20
3531148.3487
  0
LWPOLYLINE
  5
D1
330
17
100
AcDbEntity
  8
SURF_OUTER_Pavement Surface 8
100
AcDbPolyline
 90
164
 70
1
 10
12119537.6481
 20
3531706.7869
 10
12119530.0682
 20
3531725.1826
 10
12119529.204
 20
3531726.9356
 10
12119525.8498
 20
3531734.9395
 10
12119504.5958
 20
3531787.0544
 10
12119500.4524
 20
3531785.2578
 10
12119500.6352
 20
3531785.7242
 10
12119501.5168
 20
3531787.5479
 10
12119502.2709
 20
3531788.4929
 10
12119503.6612
 20
3531790.235
 10
12119504.6216
 20
3531791.2913
 10
12119506.3983
 20
3531793.1664
 10
12119508.5733
 20
3531795.2313
 10
12119510.8972
 20
3531797.1285
 10
12119512.5948
 20
3531798.3844
 10
12119514.1216
 20
3531799.4489
 10
12119516.0229
 20
3531800.6254
 10
12119517.6472
 20
3531801.5821
 10
12119519.6646
 20
3531802.602
 10
12119521.3371
 20
3531803.4205
 10
12119522.3853
 20
3531803.8416
 10
12119525.0875
 20
3531804.9201
 10
12119528.8112
 20
3531806.0722
 10
12119530.9115
 20
3531806.5475
 10
12119532.9338
 20
3531806.9787
 10
12119536.4238
 20
3531807.4897
 10
12119540.2434
 20
3531807.7531
 10
12119543.2433
 20
3531807.7322
 10
12119545.1394
 20
3531807.6357
 10
12119547.1157
 20
3531807.4738
 10
12119549.221
 20
3531807.191
 10
12119550.7082
 20
3531806.9581
 10
12119553.16
 20
3531806.4395
 10
12119554.8683
 20
3531806.0438
 10
12119556.1564
 20
3531805.6458
 10
12119558.5639
 20
3531804.8826
 10
12119560.3247
 20
3531804.1967
 10
12119561.5999
 20
3531803.6687
 10
12119562.6802
 20
3531803.1949
 10
12119564.0782
 20
3531802.528
 10
12119565.8686
 20
3531801.5992
 10
12119567.6891
 20
3531800.5571
 10
12119569.7473
 20
3531799.2337
 10
12119571.0674
 20
3531798.3389
 10
12119572.6732
 20
3531797.1165
 10
12119574.2888
 20
3531795.8305
 10
12119575.8299
 20
3531794.4332
 10
12119577.4062
 20
3531792.9664
 10
12119580.0457
 20
3531790.0982
 10
12119581.7961
 20
3531787.8626
 10
12119582.5344
 20
3531786.915
 10
12119583.5666
 20
3531785.3694
 10
12119584.2964
 20
3531784.2455
 10
12119585.4321
 20
3531782.3439
 10
12119585.7219
 20
3531781.8277
 10
12119586.7647
 20
3531779.8718
 10
12119587.5627
 20
3531778.1564
 10
12119588.4479
 20
3531776.0845
 10
12119589.0819
 20
3531774.3968
 10
12119589.816
 20
3531772.164
 10
12119590.2907
 20
3531770.5407
 10
12119590.8724
 20
3531768.0744
 10
12119591.1835
 20
3531766.6237
 10
12119591.6791
 20
3531763.2728
 10
12119591.7597
 20
3531762.695
 10
12119601.1724
 20
3531671.4704
 10
12119602.3852
 20
3531661.2951
 10
12119603.9253
 20
3531651.1271
 10
12119605.7935
 20
3531640.9822
 10
12119607.9897
 20
3531630.8762
 10
12119610.5128
 20
3531620.8249
 10
12119613.3607
 20
3531610.8443
 10
12119616.5303
 20
3531600.9498
 10
12119620.0173
 20
3531591.157
 10
12119623.8167
 20
3531581.4811
 10
12119627.9223
 20
3531571.937
 10
12119632.3272
 20
3531562.539
 10
12119637.0233
 20
3531553.3011
 10
12119642.002
 20
3531544.2365
 10
12119647.2536
 20
3531535.3579
 10
12119652.7678
 20
3531526.6773
 10
12119658.5338
 20
3531518.2059
 10
12119706.7458
 20
3531449.7269
 10
12119708.4001
 20
3531447.9197
 10
12119769.3875
 20
3531360.8939
 10
12119811.7469
 20
3531300.4585
 10
12119814.8698
 20
3531296.1763
 10
12119818.0932
 20
3531291.97
 10
12119821.4235
 20
3531287.8496
 10
12119824.9673
 20
3531283.6874
 10
12119828.7259
 20
3531279.4974
 10
12119832.3745
 20
3531275.6406
 10
12119835.7512
 20
3531272.2335
 10
12119836.7586
 20
3531271.2393
 10
12119839.6661
 20
3531268.4826
 10
12119842.0583
 20
3531266.2789
 10
12119850.7129
 20
3531258.8687
 10
12119851.5606
 20
3531258.1267
 10
12119854.4866
 20
3531255.8134
 10
12119858.0259
 20
3531253.1051
 10
12119859.8515
 20
3531251.7824
 10
12119859.9706
 20
3531251.6738
 10
12119861.2109
 20
3531250.7981
 10
12119864.2929
 20
3531248.6202
 10
12119867.6216
 20
3531246.3712
 10
12119868.6548
 20
3531245.7033
 10
12119868.6979
 20
3531245.6598
 10
12119870.185
 20
3531244.7139
 10
12119872.5092
 20
3531243.2339
 10
12119876.6325
 20
3531240.719
 10
12119943.7055
 20
3531201.0023
 10
12119946.1371
 20
3531199.4926
 10
12119946.8092
 20
3531199.055
 10
12119949.1074
 20
3531197.6185
 10
12119950.0204
 20
3531196.9711
 10
12119953.8304
 20
3531194.3439
 10
12119955.7212
 20
3531192.974
 10
12119960.5644
 20
3531189.2601
 10
12119965.9978
 20
3531184.6624
 10
12119967.499
 20
3531183.2628
 10
12119973.7614
 20
3531176.8675
 10
12119974.5916
 20
3531175.9933
 10
12119977.7096
 20
3531172.5776
 10
12119979.1811
 20
3531170.8884
 10
12119980.7193
 20
3531169.0661
 10
12119983.6179
 20
3531165.4624
 10
12120019.1778
 20
3531119.1327
 10
12120019.3804
 20
3531118.1428
 10
12120019.4037
 20
3531115.8394
 10
12120019.1743
 20
3531114.5225
 10
12120018.7864
 20
3531113.2868
 10
12120018.738
 20
3531113.1811
 10
12120009.6439
 20
3531125.184
 10
12120001.8852
 20
3531135.302
 10
12119997.6577
 20
3531140.9073
 10
12119995.2542
 20
3531144.1709
 10
12119990.0256
 20
3531150.8582
 10
12119986.688
 20
3531155.2407
 10
12119980.6417
 20
3531162.8693
 10
12119973.6463
 20
3531171.1898
 10
12119969.3511
 20
3531175.7353
 10
12119964.1445
 20
3531180.6126
 10
12119961.5671
 20
3531182.9778
 10
12119957.473
 20
3531186.4201
 10
12119954.0308
 20
3531188.9814
 10
12119949.5639
 20
3531192.245
 10
12119947.8812
 20
3531193.3522
 10
12119943.7155
 20
3531196.0182
 10
12119941.9203
 20
3531197.1325
 10
12119890.1125
 20
3531156.2418
 10
12119875.9299
 20
3531174.1657
 10
12119845.1052
 20
3531213.5335
 10
12119814.0331
 20
3531252.7059
 10
12119783.1143
 20
3531292.0004
 10
12119752.2428
 20
3531331.3302
 10
12119722.266
 20
3531371.3475
 10
12119693.2374
 20
3531412.0581
 10
12119665.4356
 20
3531453.6156
 10
12119638.7937
 20
3531495.9264
 10
12119613.1493
 20
3531538.8491
 10
12119603.5481
 20
3531557.0991
 10
12119595.1471
 20
3531574.0104
 10
12119572.7627
 20
3531623.6938
 10
12119557.1643
 20
3531660.2159
  0
LWPOLYLINE
  5
D3
330
17
100
AcDbEntity
  8
SURF_OUTER_Pavement Surface 9
100
AcDbPolyline
 90
23
 70
1
 10
12119756.0163
 20
3530834.1039
 10
12119756.8921
 20
3530834.5991
 10
12119759.2055
 20
3530835.8896
 10
12119759.5506
 20
3530836.1049
 10
12119760.406
 20
3530836.6384
 10
12119762.7731
 20
3530838.1882
 10
12119763.9459
 20
3530838.9811
 10
12119765.5505
 20
3530840.0379
 10
12119782.2546
 20
3530851.0384
 10
12119848.4787
 20
3530894.324
 10
12119895.9506
 20
3530821.6953
 10
12119896.6225
 20
3530820.6361
 10
12119989.7231
 20
3530673.9309
 10
12119990.6628
 20
3530672.4195
 10
12119997.782
 20
3530661.1994
 10
12119998.469
 20
3530660.15
 10
12119999.1349
 20
3530659.1007
 10
12120002.392
 20
3530653.9337
 10
12120004.016
 20
3530651.4094
 10
12120017.9439
 20
3530629.4632
 10
12120017.7739
 20
3530629.3597
 10
12120020.0979
 20
3530626.1007
 10
12119926.0931
 20
3530568.852
  0
LWPOLYLINE
  5
D5
330
17
100
AcDbEntity
  8
SURF_HOLE_Pavement Surface 9
100
AcDbPolyline
 90
14
 70
1
 10
12119864.288
 20
3530821.9495
 10
12119866.7204
 20
3530823.4452
 10
12119866.6245
 20
3530823.6057
 10
12119864.1474
 20
3530822.1704
 10
12119840.2904
 20
3530859.4338
 10
12119789.433
 20
3530826.8745
 10
12119809.7239
 20
3530795.0287
 10
12119811.8284
 20
3530789.6391
 10
12119812.8194
 20
3530790.1936
 10
12119827.3762
 20
3530767.4561
 10
12119840.5349
 20
3530775.8803
 10
12119916.6216
 20
3530657.0333
 10
12119941.1857
 20
3530618.6644
 10
12119978.953
 20
3530642.8433
  0
LWPOLYLINE
  5
D7
330
17
100
AcDbEntity
  8
SURF_OUTER_Roadway Surface N1
100
AcDbPolyline
 90
148
 70
1
 10
12119213.5176
 20
3532112.9771
 10
12119211.3162
 20
3532119.7483
 10
12119208.8467
 20
3532127.42
 10
12119179.9869
 20
3532217.9365
 10
12119202.8481
 20
3532225.2264
 10
12119231.5525
 20
3532135.2019
 10
12119233.8495
 20
3532128.0495
 10
12119236.3217
 20
3532120.4435
 10
12119240.0915
 20
3532109.0511
 10
12119243.2839
 20
3532099.5744
 10
12119245.8736
 20
3532092.0051
 10
12119246.7347
 20
3532089.5076
 10
12119250.8046
 20
3532077.8388
 10
12119252.4745
 20
3532073.1259
 10
12119252.4777
 20
3532073.127
 10
12119252.5128
 20
3532073.0231
 10
12119256.5266
 20
3532061.8295
 10
12119259.9547
 20
3532052.4366
 10
12119262.7328
 20
3532044.9345
 10
12119266.9521
 20
3532033.7008
 10
12119270.5211
 20
3532024.3589
 10
12119274.1377
 20
3532015.0327
 10
12119277.061
 20
3532007.5896
 10
12119281.509
 20
3531996.4389
 10
12119284.3964
 20
3531989.2965
 10
12119287.8465
 20
3531980.8688
 10
12119292.9109
 20
3531968.6958
 10
12119296.8045
 20
3531959.485
 10
12119299.9541
 20
3531952.1311
 10
12119300.162
 20
3531951.6519
 10
12119301.3313
 20
3531948.9412
 10
12119303.9309
 20
3531942.96
 10
12119305.9326
 20
3531938.374
 10
12119308.7607
 20
3531931.9707
 10
12119312.0173
 20
3531924.6636
 10
12119316.1308
 20
3531915.5489
 10
12119321.1306
 20
3531904.6343
 10
12119324.4942
 20
3531897.3815
 10
12119327.6375
 20
3531890.6751
 10
12119330.8858
 20
3531883.8114
 10
12119335.2034
 20
3531874.7915
 10
12119339.5659
 20
3531865.7933
 10
12119341.7656
 20
3531861.3032
 10
12119346.194
 20
3531852.3371
 10
12119351.5732
 20
3531841.603
 10
12119355.188
 20
3531834.4736
 10
12119357.4643
 20
3531830.0218
 10
12119362.0505
 20
3531821.1354
 10
12119366.681
 20
3531812.2722
 10
12119369.0129
 20
3531807.8492
 10
12119376.0775
 20
3531794.6168
 10
12119378.4506
 20
3531790.2161
 10
12119383.2355
 20
3531781.4351
 10
12119387.5121
 20
3531773.6744
 10
12119392.9368
 20
3531763.9457
 10
12119397.8528
 20
3531755.2375
 10
12119402.8154
 20
3531746.5537
 10
12119405.3125
 20
3531742.2202
 10
12119410.3329
 20
3531733.5755
 10
12119412.8726
 20
3531729.2565
 10
12119415.3741
 20
3531724.9349
 10
12119415.5365
 20
3531724.5423
 10
12119420.4295
 20
3531716.3143
 10
12119425.5837
 20
3531707.7437
 10
12119428.1791
 20
3531703.4642
 10
12119433.3948
 20
3531694.9368
 10
12119438.6555
 20
3531686.4318
 10
12119445.0288
 20
3531676.256
 10
12119449.3037
 20
3531669.5016
 10
12119454.6892
 20
3531661.0795
 10
12119460.0718
 20
3531652.7538
 10
12119465.5959
 20
3531644.302
 10
12119468.3441
 20
3531640.1318
 10
12119472.7707
 20
3531633.4648
 10
12119479.4504
 20
3531623.5057
 10
12119485.0686
 20
3531615.2305
 10
12119487.893
 20
3531611.1037
 10
12119493.5794
 20
3531602.8617
 10
12119499.292
 20
3531594.6696
 10
12119502.1669
 20
3531590.5795
 10
12119507.9517
 20
3531582.4151
 10
12119519.5788
 20
3531566.1527
 10
12119521.1708
 20
3531564.0871
 10
12119501.1478
 20
3531550.8389
 10
12119501.2939
 20
3531550.6345
 10
12119501.0225
 20
3531551.0139
 10
12119487.2946
 20
3531570.2202
 10
12119481.2971
 20
3531578.7066
 10
12119474.9992
 20
3531587.7163
 10
12119469.8772
 20
3531595.1183
 10
12119464.2252
 20
3531603.3751
 10
12119456.8243
 20
3531614.3191
 10
12119452.9836
 20
3531620.0574
 10
12119448.3204
 20
3531627.0827
 10
12119442.0351
 20
3531636.6547
 10
12119436.5906
 20
3531645.0426
 10
12119431.1877
 20
3531653.4574
 10
12119424.9378
 20
3531663.3067
 10
12119420.5068
 20
3531670.3663
 10
12119415.2292
 20
3531678.8602
 10
12119410.5093
 20
3531686.5253
 10
12119405.1287
 20
3531695.3695
 10
12119399.9133
 20
3531704.042
 10
12119395.1003
 20
3531712.1364
 10
12119384.5278
 20
3531730.2146
 10
12119379.8713
 20
3531738.3169
 10
12119376.9828
 20
3531743.3867
 10
12119372.0077
 20
3531752.1994
 10
12119366.5179
 20
3531762.045
 10
12119362.1901
 20
3531769.8988
 10
12119359.7634
 20
3531774.3389
 10
12119354.9433
 20
3531783.2373
 10
12119349.2025
 20
3531793.9795
 10
12119345.437
 20
3531801.1058
 10
12119340.7509
 20
3531810.0755
 10
12119337.6236
 20
3531816.1376
 10
12119332.8783
 20
3531825.413
 10
12119327.5389
 20
3531835.9874
 10
12119323.0807
 20
3531844.9386
 10
12119318.6668
 20
3531853.9117
 10
12119314.8876
 20
3531861.6789
 10
12119309.2122
 20
3531873.5035
 10
12119305.9248
 20
3531880.4496
 10
12119300.6108
 20
3531891.8249
 10
12119297.6335
 20
3531898.2926
 10
12119292.2657
 20
3531910.0718
 10
12119288.0532
 20
3531919.4658
 10
12119284.7623
 20
3531926.8961
 10
12119281.9302
 20
3531933.3561
 10
12119276.9122
 20
3531944.9593
 10
12119273.9286
 20
3531951.9473
 10
12119271.9573
 20
3531956.6075
 10
12119268.0496
 20
3531965.9427
 10
12119266.1133
 20
3531970.6174
 10
12119261.5795
 20
3531981.7129
 10
12119258.4886
 20
3531989.3664
 10
12119254.1505
 20
3532000.2819
 10
12119250.304
 20
3532010.1101
 10
12119246.6644
 20
3532019.5527
 10
12119243.3521
 20
3532028.2706
 10
12119239.5252
 20
3532038.4919
 10
12119236.384
 20
3532047.0174
 10
12119232.9696
 20
3532056.4164
 10
12119229.9387
 20
3532064.8811
 10
12119226.2802
 20
3532075.2644
 10
12119223.0054
 20
3532084.713
 10
12119219.7773
 20
3532094.1776
 10
12119217.6421
 20
3532100.522
  0
LWPOLYLINE
  5
D9
330
17
100
AcDbEntity
  8
SURF_OUTER_Roadway Surface N10
100
AcDbPolyline
 90
310
 70
1
 10
12119828.7259
 20
3531279.4974
 10
12119824.9673
 20
3531283.6874
 10
12119821.4235
 20
3531287.8496
 10
12119818.0932
 20
3531291.97
 10
12119814.8698
 20
3531296.1763
 10
12119811.7469
 20
3531300.4585
 10
12119769.3875
 20
3531360.8939
 10
12119788.229
 20
3531374.4552
 10
12119788.7391
 20
3531374.8223
 10
12119788.6852
 20
3531374.9344
 10
12119788.3135
 20
3531375.7065
 10
12119788.3135
 20
3531375.7066
 10
12119788.8643
 20
3531374.9208
 10
12119830.6865
 20
3531315.2426
 10
12119831.6128
 20
3531313.9527
 10
12119831.9425
 20
3531313.4724
 10
12119832.7529
 20
3531312.3776
 10
12119834.0859
 20
3531310.5481
 10
12119835.8966
 20
3531308.1667
 10
12119836.7519
 20
3531307.0703
 10
12119837.2233
 20
3531306.4784
 10
12119838.5092
 20
3531304.8639
 10
12119839.7685
 20
3531303.3287
 10
12119839.9889
 20
3531303.0601
 10
12119841.5436
 20
3531301.2103
 10
12119842.9458
 20
3531299.5836
 10
12119846.0788
 20
3531296.0803
 10
12119846.6435
 20
3531295.4711
 10
12119847.4595
 20
3531294.5908
 10
12119849.3029
 20
3531292.6583
 10
12119851.0927
 20
3531290.841
 10
12119852.6023
 20
3531289.3139
 10
12119853.3567
 20
3531288.5755
 10
12119855.9946
 20
3531286.0594
 10
12119858.1631
 20
3531284.0654
 10
12119859.456
 20
3531282.8821
 10
12119860.2102
 20
3531282.2202
 10
12119861.3761
 20
3531281.2035
 10
12119863.0013
 20
3531279.7966
 10
12119863.815
 20
3531279.1234
 10
12119865.529
 20
3531277.7055
 10
12119866.6225
 20
3531276.8008
 10
12119867.801
 20
3531275.8694
 10
12119870.3256
 20
3531273.9006
 10
12119874.0904
 20
3531271.0906
 10
12119877.1326
 20
3531268.9266
 10
12119877.9197
 20
3531268.3692
 10
12119879.5927
 20
3531267.2426
 10
12119880.8691
 20
3531266.383
 10
12119881.8245
 20
3531265.752
 10
12119883.3584
 20
3531264.7735
 10
12119883.3618
 20
3531264.7713
 10
12119884.6539
 20
3531263.936
 10
12119885.2024
 20
3531263.6015
 10
12119885.2031
 20
3531263.6011
 10
12119885.7885
 20
3531263.229
 10
12119888.3553
 20
3531261.6761
 10
12119956.6647
 20
3531221.2321
 10
12119959.0941
 20
3531219.8363
 10
12119974.3311
 20
3531213.8483
 10
12119974.5654
 20
3531213.7562
 10
12119975.1363
 20
3531213.6695
 10
12119982.6364
 20
3531212.4213
 10
12119982.8152
 20
3531212.3917
 10
12119983.3001
 20
3531212.3806
 10
12119990.7311
 20
3531212.2108
 10
12119991.2673
 20
3531212.1985
 10
12119991.4833
 20
3531212.2245
 10
12119999.1825
 20
3531213.1499
 10
12120000.8308
 20
3531213.4447
 10
12120002.7042
 20
3531213.8937
 10
12120005.5923
 20
3531214.7054
 10
12120007.5995
 20
3531215.3207
 10
12120010.3192
 20
3531216.2656
 10
12120014.5542
 20
3531218.1158
 10
12120018.574
 20
3531220.2514
 10
12120022.3536
 20
3531222.6399
 10
12120025.8739
 20
3531225.2465
 10
12120098.1043
 20
3531282.9271
 10
12120098.7642
 20
3531283.5044
 10
12120099.4173
 20
3531284.1877
 10
12120100.007
 20
3531284.9366
 10
12120100.5347
 20
3531285.7592
 10
12120101.355
 20
3531287.5915
 10
12120101.7979
 20
3531289.5929
 10
12120101.7583
 20
3531292.1013
 10
12120100.882
 20
3531294.9705
 10
12120100.3574
 20
3531295.9471
 10
12120100.0673
 20
3531296.4872
 10
12120126.934
 20
3531262.3485
 10
12120125.5848
 20
3531263.7556
 10
12120123.954
 20
3531264.8934
 10
12120122.1303
 20
3531265.6859
 10
12120120.2244
 20
3531266.0976
 10
12120118.2747
 20
3531266.1316
 10
12120116.3024
 20
3531265.7697
 10
12120114.471
 20
3531265.0404
 10
12120112.8359
 20
3531263.9779
 10
12120074.4257
 20
3531233.3048
 10
12120071.7192
 20
3531230.9366
 10
12120069.157
 20
3531228.2436
 10
12120066.7916
 20
3531225.2344
 10
12120064.6764
 20
3531221.9287
 10
12120063.7285
 20
3531220.1738
 10
12120062.862
 20
3531218.3573
 10
12120062.0821
 20
3531216.4848
 10
12120061.394
 20
3531214.5624
 10
12120061.2527
 20
3531214.093
 10
12120060.8021
 20
3531212.5969
 10
12120060.31
 20
3531210.5956
 10
12120059.9207
 20
3531208.5662
 10
12120059.6365
 20
3531206.5167
 10
12120059.4586
 20
3531204.4552
 10
12120059.3876
 20
3531202.39
 10
12120059.4231
 20
3531200.3294
 10
12120059.5639
 20
3531198.2815
 10
12120059.808
 20
3531196.2543
 10
12120060.1526
 20
3531194.2553
 10
12120060.6017
 20
3531192.2651
 10
12120061.1288
 20
3531190.3703
 10
12120062.4573
 20
3531186.6774
 10
12120063.861
 20
3531183.7134
 10
12120064.0955
 20
3531183.2182
 10
12120065.9959
 20
3531180.0235
 10
12120067.7586
 20
3531177.596
 10
12120068.109
 20
3531177.1135
 10
12120069.2796
 20
3531175.6451
 10
12120072.7915
 20
3531171.2401
 10
12120088.43
 20
3531183.7075
 10
12120092.3771
 20
3531178.7707
 10
12120116.6332
 20
3531148.332
 10
12120119.4036
 20
3531144.8555
 10
12120125.4264
 20
3531137.6463
 10
12120127.8004
 20
3531134.6684
 10
12120169.0447
 20
3531082.9335
 10
12120169.2139
 20
3531082.676
 10
12120170.0485
 20
3531081.4066
 10
12120170.7903
 20
3531079.6176
 10
12120171.1813
 20
3531077.6386
 10
12120171.225
 20
3531076.6109
 10
12120171.1624
 20
3531075.5786
 10
12120170.9934
 20
3531074.5584
 10
12120170.5904
 20
3531073.2271
 10
12120169.8997
 20
3531071.7241
 10
12120168.7779
 20
3531070.1454
 10
12120167.4591
 20
3531068.8805
 10
12120125.9628
 20
3531035.7987
 10
12120124.7093
 20
3531034.6084
 10
12120123.6323
 20
3531033.1423
 10
12120122.8204
 20
3531031.4535
 10
12120122.3265
 20
3531029.5869
 10
12120122.2012
 20
3531027.6712
 10
12120122.4366
 20
3531025.8009
 10
12120122.9928
 20
3531024.0688
 10
12120124.3689
 20
3531021.4861
 10
12120124.8322
 20
3531021.0396
 10
12120125.4633
 20
3531020.0874
 10
12120125.5206
 20
3531020.0339
 10
12120126.975
 20
3531018.0897
 10
12120127.1574
 20
3531017.8858
 10
12120133.061
 20
3531011.3272
 10
12120133.2041
 20
3531011.1842
 10
12120134.922
 20
3531009.6466
 10
12120135.6854
 20
3531009.0005
 10
12120137.4239
 20
3531007.6073
 10
12120138.7157
 20
3531006.6381
 10
12120140.8883
 20
3531005.1255
 10
12120142.7393
 20
3531003.9447
 10
12120143.7158
 20
3531003.3605
 10
12120146.5445
 20
3531001.8029
 10
12120149.6399
 20
3531000.3111
 10
12120155.0023
 20
3530998.3261
 10
12120157.8667
 20
3530997.4342
 10
12120159.6772
 20
3530996.9599
 10
12120162.3565
 20
3530996.356
 10
12120165.6417
 20
3530995.7925
 10
12120168.9227
 20
3530995.4165
 10
12120170.3252
 20
3530995.2881
 10
12120173.4162
 20
3530995.17
 10
12120175.8861
 20
3530995.2035
 10
12120176.5303
 20
3530995.2123
 10
12120178.9099
 20
3530995.3686
 10
12120182.2232
 20
3530995.7219
 10
12120183.64
 20
3530995.8508
 10
12120184.2525
 20
3530996.0413
 10
12120185.512
 20
3530996.2581
 10
12120189.3712
 20
3530997.1356
 10
12120191.9694
 20
3530997.8705
 10
12120192.2422
 20
3530997.9615
 10
12120194.9878
 20
3530998.8965
 10
12120197.9071
 20
3531000.0649
 10
12120200.7496
 20
3531001.379
 10
12120202.8172
 20
3531002.4688
 10
12120203.5046
 20
3531002.8311
 10
12120204.1223
 20
3531003.1988
 10
12120204.1192
 20
3531003.2046
 10
12120204.2813
 20
3531003.2934
 10
12120204.2801
 20
3531003.2955
 10
12120204.3728
 20
3531003.3481
 10
12120206.8314
 20
3531004.859
 10
12120208.1744
 20
3531005.7546
 10
12120211.1461
 20
3531007.9218
 10
12120208.1161
 20
3531005.5489
 10
12120207.0396
 20
3531004.7213
 10
12120206.9746
 20
3531004.6552
 10
12120166.3186
 20
3530972.8236
 10
12120154.4713
 20
3530963.5271
 10
12120153.9967
 20
3530963.1694
 10
12120153.9346
 20
3530963.1059
 10
12120104.0143
 20
3530924.0123
 10
12120107.6598
 20
3530928.7478
 10
12120109.6584
 20
3530931.3959
 10
12120110.4738
 20
3530932.5644
 10
12120111.3016
 20
3530933.9059
 10
12120111.4929
 20
3530934.1703
 10
12120112.9532
 20
3530936.5554
 10
12120113.2295
 20
3530937.0214
 10
12120114.7758
 20
3530939.974
 10
12120115.1352
 20
3530940.7222
 10
12120116.156
 20
3530943.0077
 10
12120116.9736
 20
3530945.0493
 10
12120117.3544
 20
3530946.1151
 10
12120118.3775
 20
3530949.2833
 10
12120118.815
 20
3530950.7422
 10
12120119.2604
 20
3530952.5015
 10
12120119.6097
 20
3530954.0675
 10
12120119.9392
 20
3530955.7645
 10
12120120.3913
 20
3530958.7035
 10
12120120.7495
 20
3530962.3783
 10
12120120.8081
 20
3530963.3864
 10
12120120.8611
 20
3530965.1314
 10
12120120.8786
 20
3530965.7087
 10
12120120.8694
 20
3530967.6099
 10
12120120.8228
 20
3530969.041
 10
12120120.5823
 20
3530972.3653
 10
12120120.5395
 20
3530972.7781
 10
12120120.158
 20
3530975.6711
 10
12120119.8557
 20
3530977.4295
 10
12120119.551
 20
3530978.9482
 10
12120118.7633
 20
3530982.1867
 10
12120117.7973
 20
3530985.3766
 10
12120117.4099
 20
3530986.5013
 10
12120116.656
 20
3530988.5079
 10
12120115.663
 20
3530990.8661
 10
12120115.3428
 20
3530991.5712
 10
12120113.8618
 20
3530994.557
 10
12120113.5802
 20
3530995.0809
 10
12120112.2176
 20
3530997.4561
 10
12120111.1744
 20
3530999.1201
 10
12120110.4152
 20
3531000.2596
 10
12120108.6011
 20
3531002.7745
 10
12120101.8851
 20
3531011.5265
 10
12120099.1548
 20
3531010.0215
 10
12120052.2219
 20
3530973.2632
 10
12120046.9597
 20
3530969.2168
 10
12120007.5967
 20
3531019.3005
 10
12120002.1742
 20
3531015.0089
 10
12119961.8362
 20
3531066.2157
 10
12119964.7156
 20
3531068.5036
 10
12119969.7198
 20
3531072.4673
 10
12119977.6615
 20
3531078.7543
 10
12119985.5369
 20
3531085.0327
 10
12120001.3498
 20
3531097.6392
 10
12120010.1102
 20
3531104.5396
 10
12120013.5147
 20
3531107.346
 10
12120016.3994
 20
3531109.7245
 10
12120016.5869
 20
3531109.8791
 10
12120016.8734
 20
3531110.2205
 10
12120017.2006
 20
3531110.5629
 10
12120017.3518
 20
3531110.7906
 10
12120017.6045
 20
3531111.0917
 10
12120018.2798
 20
3531112.1817
 10
12120018.692
 20
3531113.0809
 10
12120018.738
 20
3531113.1811
 10
12120018.7864
 20
3531113.2868
 10
12120019.1743
 20
3531114.5225
 10
12120019.4037
 20
3531115.8394
 10
12120019.3804
 20
3531118.1428
 10
12120019.1778
 20
3531119.1327
 10
12119983.6179
 20
3531165.4624
 10
12119980.7193
 20
3531169.0661
 10
12119979.1811
 20
3531170.8884
 10
12119977.7096
 20
3531172.5776
 10
12119974.5916
 20
3531175.9933
 10
12119973.7614
 20
3531176.8675
 10
12119967.499
 20
3531183.2628
 10
12119965.9978
 20
3531184.6624
 10
12119960.5644
 20
3531189.2601
 10
12119955.7212
 20
3531192.974
 10
12119953.8304
 20
3531194.3439
 10
12119949.1074
 20
3531197.6185
 10
12119946.8092
 20
3531199.055
 10
12119946.1371
 20
3531199.4926
 10
12119943.7055
 20
3531201.0023
 10
12119876.6325
 20
3531240.719
 10
12119872.5092
 20
3531243.2339
 10
12119870.185
 20
3531244.7139
 10
12119868.6548
 20
3531245.7033
 10
12119867.6216
 20
3531246.3712
 10
12119864.2929
 20
3531248.6202
 10
12119861.2109
 20
3531250.7981
 10
12119859.8515
 20
3531251.7824
 10
12119858.0259
 20
3531253.1051
 10
12119854.4866
 20
3531255.8134
 10
12119851.5606
 20
3531258.1267
 10
12119850.7129
 20
3531258.8687
 10
12119839.6661
 20
3531268.4826
 10
12119836.7586
 20
3531271.2393
 10
12119835.7512
 20
3531272.2335
 10
12119832.3745
 20
3531275.6406
  0
LWPOLYLINE
  5
DB
330
17
100
AcDbEntity
  8
SURF_OUTER_Roadway Surface N11
100
AcDbPolyline
 90
83
 70
1
 10
12119534.6847
 20
3531198.163
 10
12119534.6013
 20
3531198.3318
 10
12119534.7367
 20
3531198.2178
 10
12119539.7829
 20
3531192.7208
 10
12119544.6638
 20
3531188.0069
 10
12119545.0266
 20
3531187.6566
 10
12119545.5882
 20
3531187.1706
 10
12119546.2072
 20
3531186.6689
 10
12119548.6835
 20
3531184.6626
 10
12119551.3281
 20
3531182.6487
 10
12119551.8156
 20
3531182.2776
 10
12119552.9308
 20
3531181.5183
 10
12119555.9916
 20
3531179.4343
 10
12119556.789
 20
3531178.8915
 10
12119557.1129
 20
3531178.7131
 10
12119570.5209
 20
3531171.3308
 10
12119578.1659
 20
3531168.2284
 10
12119589.1656
 20
3531164.77
 10
12119596.4813
 20
3531163.5677
 10
12119606.7246
 20
3531162.1185
 10
12119617.6665
 20
3531161.833
 10
12119618.6691
 20
3531161.8085
 10
12119619.0013
 20
3531161.8229
 10
12119621.1206
 20
3531161.9171
 10
12119626.8547
 20
3531162.3709
 10
12119627.6478
 20
3531162.4768
 10
12119633.5722
 20
3531163.336
 10
12119634.5273
 20
3531163.4745
 10
12119635.3165
 20
3531163.6534
 10
12119641.6183
 20
3531165.0261
 10
12119646.528
 20
3531166.3821
 10
12119647.2985
 20
3531166.5948
 10
12119648.2952
 20
3531166.968
 10
12119659.5776
 20
3531171.1917
 10
12119662.8226
 20
3531172.6729
 10
12119671.5738
 20
3531177.1273
 10
12119672.0418
 20
3531177.3379
 10
12119672.0929
 20
3531177.3609
 10
12119671.0525
 20
3531176.6017
 10
12119671.0488
 20
3531176.6048
 10
12119668.421
 20
3531174.6796
 10
12119627.1704
 20
3531144.5447
 10
12119626.85
 20
3531144.31
 10
12119625.9389
 20
3531143.5605
 10
12119624.6387
 20
3531142.318
 10
12119623.4247
 20
3531140.9248
 10
12119622.3207
 20
3531139.3893
 10
12119621.35
 20
3531137.7242
 10
12119620.5335
 20
3531135.9473
 10
12119619.8891
 20
3531134.0808
 10
12119619.4302
 20
3531132.1503
 10
12119619.1648
 20
3531130.1838
 10
12119619.091
 20
3531128.2273
 10
12119619.2189
 20
3531126.2588
 10
12119619.5264
 20
3531124.3561
 10
12119620.0049
 20
3531122.5264
 10
12119620.6373
 20
3531120.7901
 10
12119621.4041
 20
3531119.1633
 10
12119622.2843
 20
3531117.6579
 10
12119674.5835
 20
3531036.5415
 10
12119675.7245
 20
3531035.0775
 10
12119677.1747
 20
3531033.8073
 10
12119678.0125
 20
3531033.2668
 10
12119678.9142
 20
3531032.806
 10
12119679.868
 20
3531032.4354
 10
12119680.86
 20
3531032.1631
 10
12119681.8747
 20
3531031.9941
 10
12119682.896
 20
3531031.9303
 10
12119683.1875
 20
3531031.9418
 10
12119683.9078
 20
3531031.9703
 10
12119684.8951
 20
3531032.1094
 10
12119686.7443
 20
3531032.654
 10
12119688.3635
 20
3531033.4847
 10
12119733.0893
 20
3531061.8487
 10
12119734.8167
 20
3531062.535
 10
12119735.8119
 20
3531062.626
 10
12119736.8257
 20
3531062.5128
 10
12119738.6638
 20
3531061.7015
 10
12119739.3894
 20
3531061.0727
 10
12119739.9523
 20
3531060.3618
 10
12119848.4787
 20
3530894.324
 10
12119782.2546
 20
3530851.0384
 10
12119765.5505
 20
3530840.0379
  0
LWPOLYLINE
  5
DD
330
17
100
AcDbEntity
  8
SURF_OUTER_Roadway Surface N12
100
AcDbPolyline
 90
265
 70
1
 10
12119978.812
 20
3530882.9939
 10
12119968.8432
 20
3530896.9627
 10
12119957.8467
 20
3530912.3208
 10
12119977.2843
 20
3530926.2272
 10
12119987.3405
 20
3530912.1675
 10
12119989.7852
 20
3530908.9961
 10
12119991.2708
 20
3530907.2486
 10
12119993.3847
 20
3530904.9792
 10
12119994.5054
 20
3530903.8699
 10
12119996.1826
 20
3530902.3132
 10
12119997.1603
 20
3530901.4585
 10
12119998.7287
 20
3530900.1625
 10
12119999.5589
 20
3530899.5117
 10
12120001.3901
 20
3530898.1563
 10
12120002.2638
 20
3530897.5466
 10
12120002.8927
 20
3530897.1331
 10
12120004.1587
 20
3530896.3008
 10
12120004.9965
 20
3530895.7819
 10
12120007.0259
 20
3530894.6015
 10
12120007.9671
 20
3530894.0894
 10
12120008.7391
 20
3530893.6955
 10
12120009.2403
 20
3530893.4305
 10
12120010.9636
 20
3530892.599
 10
12120012.694
 20
3530891.8303
 10
12120014.0313
 20
3530891.2802
 10
12120016.1296
 20
3530890.4915
 10
12120017.1584
 20
3530890.1371
 10
12120018.2245
 20
3530889.7916
 10
12120019.3109
 20
3530889.4619
 10
12120020.3638
 20
3530889.1636
 10
12120021.5999
 20
3530888.8394
 10
12120023.6041
 20
3530888.373
 10
12120025.7883
 20
3530887.9461
 10
12120027.6804
 20
3530887.6436
 10
12120029.0854
 20
3530887.4587
 10
12120030.8631
 20
3530887.2729
 10
12120032.4996
 20
3530887.1489
 10
12120033.5241
 20
3530887.0941
 10
12120034.5183
 20
3530887.0663
 10
12120035.19
 20
3530887.0475
 10
12120036.2131
 20
3530887.0412
 10
12120036.9613
 20
3530887.0503
 10
12120037.3361
 20
3530887.0439
 10
12120037.5384
 20
3530887.0593
 10
12120038.6226
 20
3530887.0913
 10
12120038.8906
 20
3530887.0928
 10
12120040.066
 20
3530887.1566
 10
12120042.2001
 20
3530887.3316
 10
12120044.5522
 20
3530887.6137
 10
12120045.5206
 20
3530887.7573
 10
12120046.988
 20
3530888.0057
 10
12120048.9916
 20
3530888.4058
 10
12120049.927
 20
3530888.6579
 10
12120051.7201
 20
3530889.0662
 10
12120053.3589
 20
3530889.5286
 10
12120055.2262
 20
3530890.1174
 10
12120056.3515
 20
3530890.5049
 10
12120057.4038
 20
3530890.8925
 10
12120058.3576
 20
3530891.2586
 10
12120060.8517
 20
3530892.3122
 10
12120062.3251
 20
3530893.0114
 10
12120064.1313
 20
3530893.9146
 10
12120065.1715
 20
3530894.4657
 10
12120065.7868
 20
3530894.8085
 10
12120067.306
 20
3530895.6965
 10
12120069.6269
 20
3530897.1725
 10
12120070.1096
 20
3530897.4987
 10
12120071.7295
 20
3530898.6718
 10
12120072.809
 20
3530899.4536
 10
12120073.2811
 20
3530899.8196
 10
12120092.9022
 20
3530915.1867
 10
12120096.1715
 20
3530917.7821
 10
12120104.0061
 20
3530924.0017
 10
12120104.0143
 20
3530924.0123
 10
12120153.9346
 20
3530963.1059
 10
12120154.4713
 20
3530963.5271
 10
12120166.3186
 20
3530972.8236
 10
12120206.9746
 20
3531004.6552
 10
12120208.1161
 20
3531005.5489
 10
12120211.1461
 20
3531007.9218
 10
12120219.7942
 20
3531014.6946
 10
12120222.1715
 20
3531016.6505
 10
12120222.7657
 20
3531017.1394
 10
12120223.3432
 20
3531017.6632
 10
12120223.7461
 20
3531018.0144
 10
12120223.9661
 20
3531018.2282
 10
12120224.8272
 20
3531018.9966
 10
12120225.3008
 20
3531019.442
 10
12120225.6409
 20
3531019.7477
 10
12120226.3492
 20
3531020.4561
 10
12120226.3849
 20
3531020.4918
 10
12120227.3832
 20
3531021.4589
 10
12120227.8441
 20
3531021.9513
 10
12120228.2394
 20
3531022.3468
 10
12120228.6559
 20
3531022.7893
 10
12120228.656
 20
3531022.7894
 10
12120230.1662
 20
3531024.4321
 10
12120230.5348
 20
3531024.8528
 10
12120231.0476
 20
3531025.4284
 10
12120233.555
 20
3531028.4853
 10
12120233.9295
 20
3531028.9833
 10
12120234.9731
 20
3531030.3676
 10
12120235.7309
 20
3531031.4112
 10
12120236.0314
 20
3531031.8465
 10
12120236.8621
 20
3531033.0498
 10
12120237.9154
 20
3531034.6738
 10
12120238.1104
 20
3531034.9666
 10
12120239.2168
 20
3531036.7705
 10
12120239.6132
 20
3531037.4496
 10
12120240.8495
 20
3531039.5679
 10
12120240.9816
 20
3531039.8472
 10
12120242.444
 20
3531042.7712
 10
12120243.2967
 20
3531044.4858
 10
12120243.6405
 20
3531045.3326
 10
12120244.0734
 20
3531046.386
 10
12120244.3991
 20
3531047.138
 10
12120244.8718
 20
3531048.3103
 10
12120245.3526
 20
3531049.5599
 10
12120245.8386
 20
3531050.8639
 10
12120246.4294
 20
3531052.6102
 10
12120246.4784
 20
3531052.7637
 10
12120246.6675
 20
3531053.3506
 10
12120246.7051
 20
3531053.4767
 10
12120247.1064
 20
3531054.7375
 10
12120247.3988
 20
3531055.8016
 10
12120247.6113
 20
3531056.519
 10
12120247.7161
 20
3531056.9015
 10
12120247.7411
 20
3531057.0032
 10
12120248.0899
 20
3531058.352
 10
12120248.4897
 20
3531060.0327
 10
12120249.0055
 20
3531062.5405
 10
12120249.5721
 20
3531065.5299
 10
12120249.8781
 20
3531068.1244
 10
12120249.9129
 20
3531068.33
 10
12120249.9665
 20
3531068.8836
 10
12120250.1849
 20
3531070.8338
 10
12120250.2259
 20
3531071.4085
 10
12120250.3367
 20
3531073.1382
 10
12120250.4251
 20
3531075.342
 10
12120250.4437
 20
3531076.29
 10
12120250.4647
 20
3531078.0261
 10
12120250.4396
 20
3531079.3622
 10
12120250.4287
 20
3531079.9427
 10
12120250.4213
 20
3531080.3342
 10
12120250.3424
 20
3531081.7757
 10
12120250.3362
 20
3531081.7782
 10
12120250.3133
 20
3531082.4391
 10
12120250.2651
 20
3531083.1892
 10
12120250.258
 20
3531083.33
 10
12120250.2121
 20
3531083.9549
 10
12120250.1834
 20
3531084.243
 10
12120250.0863
 20
3531085.3334
 10
12120250.0592
 20
3531085.4851
 10
12120249.9234
 20
3531086.8441
 10
12120249.8481
 20
3531087.5969
 10
12120249.7525
 20
3531088.2332
 10
12120249.2584
 20
3531091.5212
 10
12120249.046
 20
3531092.6259
 10
12120248.5104
 20
3531095.1974
 10
12120248.468
 20
3531095.4351
 10
12120248.4296
 20
3531095.5516
 10
12120248.3412
 20
3531095.9392
 10
12120247.8509
 20
3531097.9614
 10
12120247.5715
 20
3531098.9715
 10
12120247.2699
 20
3531100.0327
 10
12120246.5171
 20
3531102.4581
 10
12120246.2903
 20
3531103.2064
 10
12120246.1709
 20
3531103.5054
 10
12120246.0034
 20
3531104.0201
 10
12120245.6541
 20
3531104.9291
 10
12120245.3164
 20
3531105.8598
 10
12120244.9649
 20
3531106.8284
 10
12120244.6635
 20
3531107.5454
 10
12120244.3579
 20
3531108.3331
 10
12120243.8766
 20
3531109.5736
 10
12120241.9319
 20
3531113.6038
 10
12120241.7175
 20
3531114.0494
 10
12120241.4081
 20
3531114.6223
 10
12120240.6276
 20
3531116.1113
 10
12120240.2331
 20
3531116.7903
 10
12120239.8428
 20
3531117.5106
 10
12120238.341
 20
3531119.998
 10
12120237.649
 20
3531121.0963
 10
12120237.2085
 20
3531121.7821
 10
12120236.545
 20
3531122.7402
 10
12120236.0504
 20
3531123.4522
 10
12120235.6395
 20
3531124.0694
 10
12120235.0443
 20
3531124.8644
 10
12120234.46
 20
3531125.6381
 10
12120233.7401
 20
3531126.61
 10
12120233.6817
 20
3531126.6687
 10
12120233.3331
 20
3531127.1497
 10
12120232.7181
 20
3531127.9312
 10
12120232.6711
 20
3531127.9911
 10
12120246.8149
 20
3531139.1243
 10
12120247.9939
 20
3531137.6264
 10
12120252.0071
 20
3531132.5345
 10
12120289.0979
 20
3531085.3965
 10
12120291.3166
 20
3531082.4648
 10
12120292.9471
 20
3531080.0526
 10
12120294.4691
 20
3531077.5457
 10
12120295.875
 20
3531074.9514
 10
12120297.206
 20
3531072.1629
 10
12120298.4412
 20
3531069.1648
 10
12120299.3285
 20
3531066.7295
 10
12120300.2066
 20
3531063.8741
 10
12120300.9415
 20
3531060.9786
 10
12120301.5307
 20
3531058.0537
 10
12120301.973
 20
3531055.1105
 10
12120302.2683
 20
3531052.1522
 10
12120302.4163
 20
3531049.2129
 10
12120302.42
 20
3531046.2801
 10
12120302.282
 20
3531043.3718
 10
12120302.0059
 20
3531040.4979
 10
12120301.592
 20
3531037.6406
 10
12120301.0358
 20
3531034.7827
 10
12120300.3362
 20
3531031.9346
 10
12120299.4925
 20
3531029.107
 10
12120298.5057
 20
3531026.3107
 10
12120297.3776
 20
3531023.5566
 10
12120296.1109
 20
3531020.8551
 10
12120294.7097
 20
3531018.2168
 10
12120293.179
 20
3531015.6516
 10
12120291.5245
 20
3531013.1686
 10
12120289.7533
 20
3531010.7768
 10
12120287.8727
 20
3531008.4841
 10
12120285.8912
 20
3531006.2977
 10
12120283.8177
 20
3531004.2236
 10
12120281.6613
 20
3531002.2673
 10
12120279.4317
 20
3531000.4329
 10
12120234.5171
 20
3530965.3378
 10
12120233.5387
 20
3530964.4899
 10
12120199.5931
 20
3530937.9039
 10
12120198.7621
 20
3530937.2531
 10
12120195.613
 20
3530934.7867
 10
12120190.7942
 20
3530931.0125
 10
12120065.8092
 20
3530833.1255
 10
12120062.5728
 20
3530830.84
 10
12120060.8527
 20
3530829.8083
 10
12120059.0714
 20
3530828.8584
 10
12120057.235
 20
3530827.9953
 10
12120055.3563
 20
3530827.2264
 10
12120053.4525
 20
3530826.5579
 10
12120051.4824
 20
3530825.9761
 10
12120049.4721
 20
3530825.493
 10
12120047.4642
 20
3530825.119
 10
12120045.4571
 20
3530824.8501
 10
12120043.4374
 20
3530824.6828
 10
12120041.4052
 20
3530824.6176
 10
12120039.3998
 20
3530824.6549
 10
12120035.7166
 20
3530824.9991
 10
12120035.0935
 20
3530825.094
 10
12120032.1488
 20
3530825.6673
 10
12120030.6773
 20
3530826.0238
 10
12120029.6311
 20
3530826.3099
 10
12120027.7131
 20
3530826.9396
 10
12120025.8291
 20
3530827.6656
 10
12120023.9586
 20
3530828.4974
 10
12120022.1374
 20
3530829.4218
 10
12120020.3634
 20
3530830.4393
 10
12120018.4922
 20
3530831.6497
 10
12120013.1139
 20
3530836.0911
 10
12120009.4845
 20
3530840.2451
 10
12120008.6906
 20
3530841.2462
 10
12119983.3745
 20
3530876.6318
  0
LWPOLYLINE
  5
DF
330
17
100
AcDbEntity
  8
SURF_OUTER_Roadway Surface N2
100
AcDbPolyline
 90
166
 70
1
 10
12119231.5525
 20
3532135.2019
 10
12119202.8481
 20
3532225.2264
 10
12119208.7585
 20
3532227.1111
 10
12119213.3523
 20
3532211.6497
 10
12119221.6737
 20
3532185.8116
 10
12119237.2776
 20
3532137.0199
 10
12119242.1826
 20
3532121.8472
 10
12119247.21
 20
3532106.7108
 10
12119252.3592
 20
3532091.6122
 10
12119257.6301
 20
3532076.5529
 10
12119263.0221
 20
3532061.5345
 10
12119268.5347
 20
3532046.5581
 10
12119274.1674
 20
3532031.6254
 10
12119279.9197
 20
3532016.7379
 10
12119285.791
 20
3532001.8969
 10
12119291.7807
 20
3531987.1038
 10
12119297.8837
 20
3531972.371
 10
12119304.1131
 20
3531957.6673
 10
12119310.4546
 20
3531943.0266
 10
12119316.912
 20
3531928.4394
 10
12119323.4847
 20
3531913.9073
 10
12119330.172
 20
3531899.4314
 10
12119341.7919
 20
3531874.9594
 10
12119343.8858
 20
3531871.0754
 10
12119346.3453
 20
3531867.3479
 10
12119347.7066
 20
3531865.5586
 10
12119349.1515
 20
3531863.8272
 10
12119350.6763
 20
3531862.1594
 10
12119352.2763
 20
3531860.5605
 10
12119353.9472
 20
3531859.0357
 10
12119355.084
 20
3531858.0887
 10
12119355.7124
 20
3531857.5674
 10
12119356.9224
 20
3531856.6488
 10
12119357.4797
 20
3531856.2258
 10
12119359.3297
 20
3531854.9483
 10
12119363.1666
 20
3531852.6631
 10
12119365.8701
 20
3531851.3626
 10
12119367.143
 20
3531850.7503
 10
12119367.9958
 20
3531850.3948
 10
12119382.5756
 20
3531844.4743
 10
12119384.4912
 20
3531843.7713
 10
12119387.0661
 20
3531843.05
 10
12119389.7664
 20
3531842.5509
 10
12119392.5641
 20
3531842.298
 10
12119395.4259
 20
3531842.3106
 10
12119398.3137
 20
3531842.6019
 10
12119401.1868
 20
3531843.1777
 10
12119404.0035
 20
3531844.0358
 10
12119406.7322
 20
3531845.1711
 10
12119409.3054
 20
3531846.5498
 10
12119411.7186
 20
3531848.1625
 10
12119413.9344
 20
3531849.9735
 10
12119415.9319
 20
3531851.9487
 10
12119417.6976
 20
3531854.0518
 10
12119419.2252
 20
3531856.2465
 10
12119420.5148
 20
3531858.4978
 10
12119421.7152
 20
3531861.1235
 10
12119422.6694
 20
3531863.8926
 10
12119423.3543
 20
3531866.7698
 10
12119423.5504
 20
3531868.2167
 10
12119423.7889
 20
3531870.6966
 10
12119423.8599
 20
3531872.6849
 10
12119423.6733
 20
3531875.6366
 10
12119423.2029
 20
3531878.5275
 10
12119422.4655
 20
3531881.3188
 10
12119421.061
 20
3531885.7206
 10
12119417.3021
 20
3531897.642
 10
12119415.1316
 20
3531904.693
 10
12119414.3098
 20
3531907.4238
 10
12119419.2106
 20
3531892.2889
 10
12119421.8512
 20
3531884.2715
 10
12119424.4931
 20
3531876.3629
 10
12119426.3584
 20
3531870.8446
 10
12119429.5947
 20
3531861.3948
 10
12119433.305
 20
3531850.7478
 10
12119436.2183
 20
3531842.5211
 10
12119438.7961
 20
3531835.3365
 10
12119442.4658
 20
3531825.2553
 10
12119446.5109
 20
3531814.3354
 10
12119450.0365
 20
3531804.9747
 10
12119453.6073
 20
3531795.6369
 10
12119457.2269
 20
3531786.3127
 10
12119461.8277
 20
3531774.6576
 10
12119464.5974
 20
3531767.7436
 10
12119468.3641
 20
3531758.4593
 10
12119472.169
 20
3531749.2149
 10
12119476.0267
 20
3531739.975
 10
12119479.0672
 20
3531732.7833
 10
12119482.5598
 20
3531724.6182
 10
12119480.4113
 20
3531723.6837
 10
12119480.3004
 20
3531723.927
 10
12119479.1474
 20
3531726.1438
 10
12119478.408
 20
3531727.3424
 10
12119477.7919
 20
3531728.2438
 10
12119476.2464
 20
3531730.2076
 10
12119474.5242
 20
3531732.0186
 10
12119472.6403
 20
3531733.6606
 10
12119470.6113
 20
3531735.1196
 10
12119468.4548
 20
3531736.3825
 10
12119466.1898
 20
3531737.4385
 10
12119463.836
 20
3531738.2782
 10
12119461.4141
 20
3531738.8944
 10
12119459.5383
 20
3531739.2101
 10
12119458.9452
 20
3531739.2816
 10
12119456.4509
 20
3531739.4365
 10
12119453.953
 20
3531739.3577
 10
12119451.4735
 20
3531739.0458
 10
12119449.034
 20
3531738.5037
 10
12119446.6538
 20
3531737.7353
 10
12119446.5758
 20
3531737.9499
 10
12119433.1409
 20
3531732.2074
 10
12119415.4025
 20
3531724.9543
 10
12119412.8726
 20
3531729.2565
 10
12119410.3329
 20
3531733.5755
 10
12119405.3125
 20
3531742.2202
 10
12119402.8154
 20
3531746.5537
 10
12119397.8528
 20
3531755.2375
 10
12119392.9368
 20
3531763.9457
 10
12119387.5121
 20
3531773.6744
 10
12119383.2355
 20
3531781.4351
 10
12119378.4506
 20
3531790.2161
 10
12119376.0775
 20
3531794.6168
 10
12119369.0129
 20
3531807.8492
 10
12119366.681
 20
3531812.2722
 10
12119362.0505
 20
3531821.1354
 10
12119357.4643
 20
3531830.0218
 10
12119355.188
 20
3531834.4736
 10
12119351.5732
 20
3531841.603
 10
12119346.194
 20
3531852.3371
 10
12119341.7656
 20
3531861.3032
 10
12119339.5659
 20
3531865.7933
 10
12119335.2034
 20
3531874.7915
 10
12119330.8858
 20
3531883.8114
 10
12119327.6375
 20
3531890.6751
 10
12119324.4942
 20
3531897.3815
 10
12119321.1306
 20
3531904.6343
 10
12119316.1308
 20
3531915.5489
 10
12119312.0173
 20
3531924.6636
 10
12119308.7607
 20
3531931.9707
 10
12119305.9326
 20
3531938.374
 10
12119303.9309
 20
3531942.96
 10
12119301.3313
 20
3531948.9412
 10
12119300.162
 20
3531951.6519
 10
12119299.9541
 20
3531952.1311
 10
12119296.8045
 20
3531959.485
 10
12119292.9109
 20
3531968.6958
 10
12119287.8465
 20
3531980.8688
 10
12119284.3964
 20
3531989.2965
 10
12119281.509
 20
3531996.4389
 10
12119277.061
 20
3532007.5896
 10
12119274.1377
 20
3532015.0327
 10
12119270.5211
 20
3532024.3589
 10
12119266.9521
 20
3532033.7008
 10
12119262.7328
 20
3532044.9345
 10
12119259.9547
 20
3532052.4366
 10
12119256.5266
 20
3532061.8295
 10
12119252.5128
 20
3532073.0231
 10
12119252.4745
 20
3532073.1259
 10
12119252.4777
 20
3532073.127
 10
12119250.8046
 20
3532077.8388
 10
12119246.7347
 20
3532089.5076
 10
12119245.8736
 20
3532092.0051
 10
12119243.2839
 20
3532099.5744
 10
12119240.0915
 20
3532109.0511
 10
12119236.3217
 20
3532120.4435
 10
12119233.8495
 20
3532128.0495
  0
LWPOLYLINE
  5
E1
330
17
100
AcDbEntity
  8
SURF_OUTER_Roadway Surface N3
100
AcDbPolyline
 90
68
 70
1
 10
12119734.2433
 20
3531798.0202
 10
12119735.048
 20
3531800.1268
 10
12119735.9535
 20
3531802.2077
 10
12119736.9587
 20
3531804.2558
 10
12119738.0619
 20
3531806.2641
 10
12119739.2605
 20
3531808.2255
 10
12119740.5514
 20
3531810.1334
 10
12119741.931
 20
3531811.9813
 10
12119743.3949
 20
3531813.7632
 10
12119744.9383
 20
3531815.4734
 10
12119746.5557
 20
3531817.1068
 10
12119748.2414
 20
3531818.6585
 10
12119749.9893
 20
3531820.1249
 10
12119751.7928
 20
3531821.5023
 10
12119753.6455
 20
3531822.7879
 10
12119755.5357
 20
3531823.9766
 10
12119757.9992
 20
3531820.5536
 10
12119760.8857
 20
3531816.4699
 10
12119761.9923
 20
3531814.8074
 10
12119764.2379
 20
3531811.4436
 10
12119765.0849
 20
3531810.1748
 10
12119765.9035
 20
3531808.9485
 10
12119766.3264
 20
3531808.2743
 10
12119769.075
 20
3531803.9068
 10
12119770.8091
 20
3531801.0926
 10
12119771.6629
 20
3531799.6297
 10
12119771.6716
 20
3531799.6341
 10
12119775.177
 20
3531793.6124
 10
12119776.6457
 20
3531790.9579
 10
12119779.3379
 20
3531785.9928
 10
12119780.2962
 20
3531784.1582
 10
12119783.5717
 20
3531777.6558
 10
12119785.7262
 20
3531773.1439
 10
12119788.2506
 20
3531767.5954
 10
12119790.3321
 20
3531762.7808
 10
12119790.3416
 20
3531762.6524
 10
12119789.5084
 20
3531763.8827
 10
12119789.2076
 20
3531764.3268
 10
12119787.7334
 20
3531766.0316
 10
12119786.6745
 20
3531766.9693
 10
12119785.8697
 20
3531767.6563
 10
12119784.0269
 20
3531768.8649
 10
12119781.9514
 20
3531769.8461
 10
12119779.8962
 20
3531770.4926
 10
12119779.8027
 20
3531770.522
 10
12119777.6444
 20
3531770.8948
 10
12119775.4557
 20
3531770.9806
 10
12119773.2134
 20
3531770.768
 10
12119770.9788
 20
3531770.2415
 10
12119768.8178
 20
3531769.4027
 10
12119766.7945
 20
3531768.2714
 10
12119764.965
 20
3531766.8845
 10
12119763.3726
 20
3531765.2915
 10
12119762.0444
 20
3531763.5498
 10
12119761.8835
 20
3531763.2686
 10
12119760.9567
 20
3531761.6486
 10
12119760.1088
 20
3531759.5619
 10
12119759.5429
 20
3531757.337
 10
12119759.3826
 20
3531755.8877
 10
12119759.288
 20
3531755.0329
 10
12119759.2943
 20
3531754.8366
 10
12119759.3561
 20
3531752.7158
 10
12119759.6171
 20
3531751.1783
 10
12119759.4318
 20
3531749.7377
 10
12119734.291
 20
3531794.5558
 10
12119734.2499
 20
3531794.6291
 10
12119734.0509
 20
3531794.9838
 10
12119733.554
 20
3531795.8701
  0
LWPOLYLINE
  5
E3
330
17
100
AcDbEntity
  8
SURF_OUTER_Roadway Surface N4
100
AcDbPolyline
 90
222
 70
1
 10
12119656.4924
 20
3531937.6078
 10
12119654.6435
 20
3531940.0413
 10
12119652.5489
 20
3531942.8947
 10
12119650.5827
 20
3531945.6733
 10
12119649.1348
 20
3531947.7855
 10
12119647.7808
 20
3531949.8144
 10
12119645.6235
 20
3531953.1624
 10
12119644.4929
 20
3531954.9775
 10
12119643.2522
 20
3531957.0131
 10
12119642.4879
 20
3531958.2977
 10
12119640.3861
 20
3531961.963
 10
12119632.6701
 20
3531975.7184
 10
12119643.136
 20
3531981.5891
 10
12119650.8533
 20
3531967.8398
 10
12119652.8553
 20
3531964.405
 10
12119653.9821
 20
3531962.5383
 10
12119655.309
 20
3531960.3975
 10
12119657.0952
 20
3531957.6073
 10
12119659.1383
 20
3531954.5355
 10
12119660.4946
 20
3531952.562
 10
12119662.343
 20
3531949.9516
 10
12119664.3091
 20
3531947.2688
 10
12119666.0423
 20
3531944.9791
 10
12119667.0206
 20
3531943.7162
 10
12119669.3434
 20
3531940.7988
 10
12119671.3369
 20
3531938.3814
 10
12119673.7637
 20
3531935.5394
 10
12119675.5118
 20
3531933.5571
 10
12119741.6813
 20
3531859.525
 10
12119742.8339
 20
3531858.2852
 10
12119745.1482
 20
3531855.9176
 10
12119746.8412
 20
3531854.2809
 10
12119747.9602
 20
3531853.2404
 10
12119749.3368
 20
3531852.0032
 10
12119751.2834
 20
3531850.3297
 10
12119752.9175
 20
3531848.9901
 10
12119755.2998
 20
3531847.166
 10
12119756.512
 20
3531846.2378
 10
12119756.9752
 20
3531845.902
 10
12119759.6639
 20
3531844.0368
 10
12119760.0849
 20
3531843.7458
 10
12119761.75
 20
3531842.6612
 10
12119762.9707
 20
3531841.8956
 10
12119765.5553
 20
3531840.3671
 10
12119766.229
 20
3531839.9687
 10
12119767.7281
 20
3531839.137
 10
12119769.1501
 20
3531838.3788
 10
12119771.8417
 20
3531837.0224
 10
12119773.4712
 20
3531836.2497
 10
12119774.7609
 20
3531835.6635
 10
12119777.5024
 20
3531834.4895
 10
12119781.0952
 20
3531833.0942
 10
12119783.6756
 20
3531832.1888
 10
12119786.4395
 20
3531831.3055
 10
12119790.4949
 20
3531830.1669
 10
12119792.4598
 20
3531829.6808
 10
12119797.2955
 20
3531828.2737
 10
12119797.4622
 20
3531828.2072
 10
12119799.1849
 20
3531827.5201
 10
12119801.9638
 20
3531826.3841
 10
12119803.8933
 20
3531825.4353
 10
12119806.4167
 20
3531824.0313
 10
12119808.8256
 20
3531822.5024
 10
12119810.5949
 20
3531821.2315
 10
12119811.1331
 20
3531820.8449
 10
12119813.1105
 20
3531819.2555
 10
12119814.8391
 20
3531817.7016
 10
12119816.9979
 20
3531815.5864
 10
12119818.4435
 20
3531814.0004
 10
12119820.4177
 20
3531811.5883
 10
12119821.2012
 20
3531810.5388
 10
12119822.0399
 20
3531809.3477
 10
12119823.3967
 20
3531807.2475
 10
12119823.9502
 20
3531806.319
 10
12119825.0352
 20
3531804.352
 10
12119826.2591
 20
3531801.8385
 10
12119827.4212
 20
3531799.0483
 10
12119828.0999
 20
3531797.1551
 10
12119829.1843
 20
3531793.4517
 10
12119829.4557
 20
3531792.3143
 10
12119830.2866
 20
3531787.592
 10
12119830.3618
 20
3531786.9655
 10
12119830.5617
 20
3531784.7751
 10
12119830.6741
 20
3531782.0824
 10
12119830.6785
 20
3531781.0704
 10
12119830.6481
 20
3531779.5974
 10
12119830.512
 20
3531777.2852
 10
12119830.283
 20
3531774.2136
 10
12119830.0409
 20
3531769.8864
 10
12119829.9358
 20
3531767.1335
 10
12119829.8596
 20
3531763.8186
 10
12119829.8507
 20
3531758.6223
 10
12119829.8763
 20
3531756.9655
 10
12119829.9756
 20
3531753.4598
 10
12119830.2319
 20
3531748.3319
 10
12119830.3772
 20
3531746.2307
 10
12119830.6174
 20
3531743.2396
 10
12119831.1298
 20
3531738.184
 10
12119831.3066
 20
3531736.6863
 10
12119831.7673
 20
3531733.1661
 10
12119832.2357
 20
3531730.0028
 10
12119832.7928
 20
3531726.6273
 10
12119833.2936
 20
3531723.8612
 10
12119833.7802
 20
3531721.3651
 10
12119834.4123
 20
3531718.3489
 10
12119834.7882
 20
3531716.657
 10
12119835.5328
 20
3531713.4925
 10
12119836.7702
 20
3531708.6792
 10
12119837.2879
 20
3531706.801
 10
12119838.0327
 20
3531704.2158
 10
12119838.6856
 20
3531702.051
 10
12119839.5907
 20
3531699.1867
 10
12119840.2852
 20
3531697.0847
 10
12119841.1713
 20
3531694.51
 10
12119842.864
 20
3531689.8812
 10
12119843.7725
 20
3531687.5332
 10
12119844.6678
 20
3531685.3016
 10
12119846.4042
 20
3531681.1796
 10
12119847.2681
 20
3531679.22
 10
12119848.6047
 20
3531676.2951
 10
12119851.0776
 20
3531671.1868
 10
12119852.1793
 20
3531669.0238
 10
12119854.4155
 20
3531664.7248
 10
12119857.5385
 20
3531658.8062
 10
12119860.1113
 20
3531654.0026
 10
12119863.1107
 20
3531648.4818
 10
12119866.8019
 20
3531641.8009
 10
12119869.339
 20
3531637.279
 10
12119871.7635
 20
3531633.0093
 10
12119874.5255
 20
3531628.2049
 10
12119877.8211
 20
3531622.5531
 10
12119882.913
 20
3531613.9871
 10
12119886.4175
 20
3531608.2043
 10
12119889.2722
 20
3531603.5591
 10
12119891.9214
 20
3531599.2993
 10
12119894.5355
 20
3531595.143
 10
12119897.1703
 20
3531590.9999
 10
12119899.8258
 20
3531586.87
 10
12119902.5019
 20
3531582.7534
 10
12119905.1985
 20
3531578.6502
 10
12119907.9157
 20
3531574.5606
 10
12119911.6062
 20
3531569.076
 10
12119914.8879
 20
3531564.2652
 10
12119918.9878
 20
3531558.3395
 10
12119921.8063
 20
3531554.3191
 10
12119924.1265
 20
3531551.0434
 10
12119924.6378
 20
3531550.3076
 10
12119924.4716
 20
3531550.5299
 10
12119909.3803
 20
3531540.7187
 10
12119909.3783
 20
3531540.7216
 10
12119904.2232
 20
3531548.0437
 10
12119900.0482
 20
3531554.078
 10
12119898.5856
 20
3531556.2261
 10
12119898.5829
 20
3531556.2243
 10
12119898.5479
 20
3531556.2775
 10
12119895.736
 20
3531560.4115
 10
12119892.9482
 20
3531564.5622
 10
12119890.1813
 20
3531568.7267
 10
12119886.0577
 20
3531575.0182
 10
12119882.0058
 20
3531581.3027
 10
12119879.3227
 20
3531585.5218
 10
12119876.6607
 20
3531589.7543
 10
12119874.0199
 20
3531594.0
 10
12119871.0559
 20
3531598.8225
 10
12119867.4889
 20
3531604.7125
 10
12119863.6635
 20
3531611.1321
 10
12119861.1486
 20
3531615.4092
 10
12119858.6239
 20
3531619.7467
 10
12119856.1333
 20
3531624.0822
 10
12119853.7895
 20
3531628.2084
 10
12119851.2172
 20
3531632.7903
 10
12119847.3313
 20
3531639.8215
 10
12119843.9232
 20
3531646.0997
 10
12119840.3052
 20
3531652.884
 10
12119836.1918
 20
3531660.7578
 10
12119832.4312
 20
3531668.1013
 10
12119829.9806
 20
3531672.9713
 10
12119827.9566
 20
3531677.0442
 10
12119825.7528
 20
3531681.5324
 10
12119822.3776
 20
3531688.5187
 10
12119819.1397
 20
3531695.354
 10
12119815.3877
 20
3531703.4461
 10
12119811.74
 20
3531711.5002
 10
12119808.9363
 20
3531717.8227
 10
12119805.8954
 20
3531724.8168
 10
12119803.0063
 20
3531731.6006
 10
12119801.0757
 20
3531736.2128
 10
12119797.8846
 20
3531743.9819
 10
12119795.4225
 20
3531750.1065
 10
12119792.0114
 20
3531758.719
 10
12119790.801
 20
3531761.6428
 10
12119790.3321
 20
3531762.7808
 10
12119788.2506
 20
3531767.5954
 10
12119785.7262
 20
3531773.1439
 10
12119783.5717
 20
3531777.6558
 10
12119780.2962
 20
3531784.1582
 10
12119779.3379
 20
3531785.9928
 10
12119776.6457
 20
3531790.9579
 10
12119775.177
 20
3531793.6124
 10
12119771.6716
 20
3531799.6341
 10
12119771.6629
 20
3531799.6297
 10
12119769.075
 20
3531803.9068
 10
12119766.3264
 20
3531808.2743
 10
12119765.0849
 20
3531810.1748
 10
12119764.2379
 20
3531811.4436
 10
12119763.6741
 20
3531812.3215
 10
12119761.9923
 20
3531814.8074
 10
12119760.8857
 20
3531816.4699
 10
12119757.9992
 20
3531820.5536
 10
12119755.5357
 20
3531823.9766
 10
12119753.5605
 20
3531826.6383
 10
12119752.0684
 20
3531828.6023
 10
12119749.992
 20
3531831.2782
 10
12119747.8775
 20
3531833.9455
 10
12119745.3603
 20
3531837.0387
 10
12119742.6515
 20
3531840.2759
 10
12119739.3842
 20
3531844.0607
 10
12119737.6261
 20
3531846.0455
 10
12119665.6918
 20
3531926.5427
 10
12119663.7146
 20
3531928.799
 10
12119662.1516
 20
3531930.6075
 10
12119659.5967
 20
3531933.6883
  0
LWPOLYLINE
  5
E5
330
17
100
AcDbEntity
  8
SURF_OUTER_Roadway Surface N5
100
AcDbPolyline
 90
265
 70
1
 10
12119492.7361
 20
3531804.8206
 10
12119490.2003
 20
3531811.3662
 10
12119486.9807
 20
3531819.8004
 10
12119483.7882
 20
3531828.2796
 10
12119480.5608
 20
3531836.9782
 10
12119476.8494
 20
3531847.1411
 10
12119473.901
 20
3531855.3496
 10
12119471.6294
 20
3531861.7419
 10
12119468.9123
 20
3531869.4933
 10
12119466.8554
 20
3531875.4274
 10
12119463.3364
 20
3531885.7326
 10
12119459.6282
 20
3531896.8069
 10
12119459.3272
 20
3531897.8188
 10
12119459.7738
 20
3531896.5818
 10
12119461.6177
 20
3531891.1523
 10
12119462.1193
 20
3531889.7879
 10
12119463.0043
 20
3531887.931
 10
12119464.2033
 20
3531885.7889
 10
12119464.7611
 20
3531884.8547
 10
12119466.4309
 20
3531882.5749
 10
12119468.3078
 20
3531880.4624
 10
12119470.3656
 20
3531878.5439
 10
12119472.3555
 20
3531877.0091
 10
12119472.5738
 20
3531876.8407
 10
12119474.7236
 20
3531875.4812
 10
12119474.8992
 20
3531875.3679
 10
12119476.8288
 20
3531874.3638
 10
12119478.468
 20
3531873.6336
 10
12119480.3713
 20
3531872.9327
 10
12119481.8786
 20
3531872.4909
 10
12119482.3044
 20
3531872.3661
 10
12119484.2711
 20
3531871.9305
 10
12119486.2582
 20
3531871.6284
 10
12119488.252
 20
3531871.4604
 10
12119490.2392
 20
3531871.4256
 10
12119605.0016
 20
3531873.2145
 10
12119608.1464
 20
3531873.4456
 10
12119610.8446
 20
3531873.8975
 10
12119613.3256
 20
3531874.5403
 10
12119615.6217
 20
3531875.3445
 10
12119617.7572
 20
3531876.2885
 10
12119619.7498
 20
3531877.3559
 10
12119621.6141
 20
3531878.5357
 10
12119623.3595
 20
3531879.82
 10
12119624.972
 20
3531881.2214
 10
12119626.4671
 20
3531882.7243
 10
12119626.9876
 20
3531883.261
 10
12119627.6843
 20
3531884.1255
 10
12119627.8536
 20
3531884.3204
 10
12119629.1321
 20
3531886.0114
 10
12119630.3002
 20
3531887.8003
 10
12119630.6822
 20
3531888.4702
 10
12119631.2335
 20
3531889.4369
 10
12119631.355
 20
3531889.6974
 10
12119632.2604
 20
3531891.6379
 10
12119632.9849
 20
3531893.584
 10
12119633.0906
 20
3531893.8678
 10
12119633.5611
 20
3531895.5166
 10
12119634.0155
 20
3531897.5717
 10
12119634.3475
 20
3531899.6946
 10
12119634.5402
 20
3531901.6136
 10
12119634.5421
 20
3531901.9262
 10
12119634.5574
 20
3531904.4453
 10
12119634.3285
 20
3531907.0228
 10
12119633.8189
 20
3531909.9038
 10
12119632.8376
 20
3531913.2395
 10
12119631.0614
 20
3531917.2111
 10
12119630.8479
 20
3531917.6883
 10
12119630.4995
 20
3531918.2994
 10
12119627.9446
 20
3531922.7649
 10
12119622.601
 20
3531932.321
 10
12119622.687
 20
3531932.3985
 10
12119687.9147
 20
3531816.1153
 10
12119685.6648
 20
3531815.9047
 10
12119685.0449
 20
3531815.8155
 10
12119682.0753
 20
3531815.3883
 10
12119678.4934
 20
3531814.6892
 10
12119674.933
 20
3531813.8069
 10
12119671.4081
 20
3531812.7425
 10
12119667.9326
 20
3531811.4981
 10
12119665.398
 20
3531810.4431
 10
12119664.5201
 20
3531810.0777
 10
12119663.8927
 20
3531809.7784
 10
12119661.1849
 20
3531808.4862
 10
12119657.9368
 20
3531806.7302
 10
12119654.7905
 20
3531804.8173
 10
12119651.7562
 20
3531802.7564
 10
12119648.844
 20
3531800.5571
 10
12119646.0625
 20
3531798.2301
 10
12119643.4196
 20
3531795.7867
 10
12119640.9217
 20
3531793.2388
 10
12119638.5513
 20
3531790.5719
 10
12119636.2952
 20
3531787.7674
 10
12119634.1647
 20
3531784.8327
 10
12119632.1804
 20
3531781.7912
 10
12119630.3228
 20
3531778.6076
 10
12119628.6367
 20
3531775.3493
 10
12119627.1016
 20
3531771.9773
 10
12119625.7414
 20
3531768.5355
 10
12119624.78
 20
3531765.6889
 10
12119624.5602
 20
3531765.0379
 10
12119624.323
 20
3531764.1976
 10
12119623.5574
 20
3531761.4851
 10
12119622.7375
 20
3531757.8955
 10
12119622.1018
 20
3531754.2829
 10
12119621.6503
 20
3531750.6615
 10
12119621.3816
 20
3531747.0449
 10
12119621.2929
 20
3531743.4467
 10
12119621.3803
 20
3531739.8797
 10
12119623.8202
 20
3531690.0515
 10
12119624.4248
 20
3531680.9596
 10
12119624.4858
 20
3531679.9618
 10
12119625.5472
 20
3531669.4546
 10
12119625.6872
 20
3531668.3549
 10
12119625.6875
 20
3531668.3528
 10
12119626.3062
 20
3531663.6886
 10
12119626.804
 20
3531660.1019
 10
12119627.0144
 20
3531658.69
 10
12119628.0745
 20
3531652.4449
 10
12119628.63
 20
3531649.3505
 10
12119628.8233
 20
3531648.2589
 10
12119629.8427
 20
3531643.3863
 10
12119630.4386
 20
3531640.4409
 10
12119630.7461
 20
3531639.1043
 10
12119631.005
 20
3531637.8722
 10
12119632.5125
 20
3531631.7769
 10
12119632.7582
 20
3531630.7163
 10
12119633.1852
 20
3531629.0568
 10
12119633.5579
 20
3531627.5498
 10
12119635.2184
 20
3531621.7296
 10
12119635.386
 20
3531621.0685
 10
12119636.3313
 20
3531617.829
 10
12119636.8022
 20
3531616.2568
 10
12119638.3386
 20
3531611.5054
 10
12119639.0262
 20
3531609.4381
 10
12119639.7636
 20
3531607.177
 10
12119640.6285
 20
3531604.8
 10
12119641.5901
 20
3531602.0529
 10
12119642.5743
 20
3531599.4518
 10
12119643.4061
 20
3531597.1655
 10
12119644.2485
 20
3531595.0833
 10
12119645.1772
 20
3531592.7211
 10
12119646.3262
 20
3531589.9476
 10
12119647.3991
 20
3531587.2958
 10
12119648.1973
 20
3531585.5079
 10
12119649.0504
 20
3531583.5053
 10
12119649.6241
 20
3531582.2256
 10
12119649.6886
 20
3531582.1123
 10
12119651.734
 20
3531577.5862
 10
12119652.3745
 20
3531576.2781
 10
12119653.2476
 20
3531574.4351
 10
12119654.5863
 20
3531571.761
 10
12119656.4013
 20
3531568.0541
 10
12119657.0529
 20
3531566.8344
 10
12119657.74
 20
3531565.5089
 10
12119659.1646
 20
3531562.8816
 10
12119661.3898
 20
3531558.7164
 10
12119662.5291
 20
3531556.7288
 10
12119666.6877
 20
3531549.5887
 10
12119667.6
 20
3531548.1019
 10
12119672.2817
 20
3531540.6861
 10
12119678.1579
 20
3531532.0222
 10
12119726.3598
 20
3531463.5576
 10
12119728.0544
 20
3531461.6932
 10
12119718.2273
 20
3531454.8065
 10
12119708.4001
 20
3531447.9197
 10
12119706.7458
 20
3531449.7269
 10
12119658.5338
 20
3531518.2059
 10
12119652.7678
 20
3531526.6773
 10
12119647.2536
 20
3531535.3579
 10
12119642.002
 20
3531544.2365
 10
12119637.0233
 20
3531553.3011
 10
12119632.3272
 20
3531562.539
 10
12119627.9223
 20
3531571.937
 10
12119623.8167
 20
3531581.4811
 10
12119620.0173
 20
3531591.157
 10
12119616.5303
 20
3531600.9498
 10
12119613.3607
 20
3531610.8443
 10
12119610.5128
 20
3531620.8249
 10
12119607.9897
 20
3531630.8762
 10
12119605.7935
 20
3531640.9822
 10
12119603.9253
 20
3531651.1271
 10
12119602.3852
 20
3531661.2951
 10
12119601.1724
 20
3531671.4704
 10
12119591.7597
 20
3531762.695
 10
12119591.6791
 20
3531763.2728
 10
12119591.2654
 20
3531766.2383
 10
12119591.1835
 20
3531766.6237
 10
12119590.8724
 20
3531768.0744
 10
12119590.4675
 20
3531769.9362
 10
12119590.2907
 20
3531770.5407
 10
12119589.816
 20
3531772.164
 10
12119589.6255
 20
3531772.8156
 10
12119589.0819
 20
3531774.3968
 10
12119588.4479
 20
3531776.0845
 10
12119588.1183
 20
3531776.962
 10
12119587.5627
 20
3531778.1564
 10
12119586.7647
 20
3531779.8718
 10
12119586.4927
 20
3531780.4551
 10
12119585.7219
 20
3531781.8277
 10
12119585.4321
 20
3531782.3439
 10
12119584.2964
 20
3531784.2455
 10
12119584.121
 20
3531784.5393
 10
12119583.5666
 20
3531785.3694
 10
12119582.5344
 20
3531786.915
 10
12119582.4549
 20
3531787.0341
 10
12119581.7961
 20
3531787.8626
 10
12119580.0457
 20
3531790.0982
 10
12119577.4062
 20
3531792.9664
 10
12119575.8299
 20
3531794.4332
 10
12119574.5612
 20
3531795.6137
 10
12119574.2888
 20
3531795.8305
 10
12119572.6732
 20
3531797.1165
 10
12119571.5388
 20
3531798.0194
 10
12119571.0674
 20
3531798.3389
 10
12119569.7473
 20
3531799.2337
 10
12119567.6891
 20
3531800.5571
 10
12119565.8686
 20
3531801.5992
 10
12119565.0855
 20
3531802.0475
 10
12119564.0782
 20
3531802.528
 10
12119562.6802
 20
3531803.1949
 10
12119561.5999
 20
3531803.6687
 10
12119560.9653
 20
3531803.9471
 10
12119560.3247
 20
3531804.1967
 10
12119558.5639
 20
3531804.8826
 10
12119558.3034
 20
3531804.9841
 10
12119556.1564
 20
3531805.6458
 10
12119554.8683
 20
3531806.0438
 10
12119553.16
 20
3531806.4395
 10
12119550.7082
 20
3531806.9581
 10
12119549.221
 20
3531807.191
 10
12119547.7443
 20
3531807.4223
 10
12119547.1157
 20
3531807.4738
 10
12119545.1394
 20
3531807.6357
 10
12119544.0273
 20
3531807.7268
 10
12119543.2433
 20
3531807.7322
 10
12119540.2434
 20
3531807.7531
 10
12119536.4238
 20
3531807.4897
 10
12119532.9338
 20
3531806.9787
 10
12119532.6015
 20
3531806.93
 10
12119530.9115
 20
3531806.5475
 10
12119528.8112
 20
3531806.0722
 10
12119525.0875
 20
3531804.9201
 10
12119522.3853
 20
3531803.8416
 10
12119521.4643
 20
3531803.4828
 10
12119521.3371
 20
3531803.4205
 10
12119519.6646
 20
3531802.602
 10
12119517.9738
 20
3531801.7745
 10
12119517.6472
 20
3531801.5821
 10
12119516.0229
 20
3531800.6254
 10
12119514.6453
 20
3531799.814
 10
12119514.1216
 20
3531799.4489
 10
12119512.5948
 20
3531798.3844
 10
12119511.5046
 20
3531797.6243
 10
12119510.8972
 20
3531797.1285
 10
12119508.5733
 20
3531795.2313
 10
12119506.3983
 20
3531793.1664
 10
12119505.8686
 20
3531792.6635
 10
12119504.6216
 20
3531791.2913
 10
12119503.6612
 20
3531790.235
 10
12119503.4027
 20
3531789.9506
 10
12119502.2709
 20
3531788.4929
 10
12119501.5168
 20
3531787.5479
 10
12119500.6352
 20
3531785.7242
 10
12119499.4549
 20
3531787.7829
  0
LWPOLYLINE
  5
E7
330
17
100
AcDbEntity
  8
SURF_OUTER_Roadway Surface N6
100
AcDbPolyline
 90
325
 70
1
 10
12119063.5222
 20
3532184.0414
 10
12119086.3129
 20
3532191.5676
 10
12119092.5104
 20
3532172.8081
 10
12119092.5871
 20
3532172.5773
 10
12119092.584
 20
3532172.5763
 10
12119092.6459
 20
3532172.3978
 10
12119093.1775
 20
3532170.7878
 10
12119093.2151
 20
3532170.6755
 10
12119093.2119
 20
3532170.6745
 10
12119093.3103
 20
3532170.3856
 10
12119095.6471
 20
3532163.308
 10
12119095.7226
 20
3532163.0817
 10
12119095.7195
 20
3532163.0807
 10
12119095.9882
 20
3532162.2751
 10
12119104.9027
 20
3532135.2757
 10
12119105.126
 20
3532134.5936
 10
12119105.1291
 20
3532134.5946
 10
12119105.1656
 20
3532134.4792
 10
12119129.1539
 20
3532061.8266
 10
12119132.7336
 20
3532051.0543
 10
12119134.9146
 20
3532044.559
 10
12119135.04
 20
3532044.189
 10
12119139.7834
 20
3532030.2295
 10
12119142.5163
 20
3532022.284
 10
12119146.3089
 20
3532011.39
 10
12119146.3423
 20
3532011.3026
 10
12119149.126
 20
3532003.3697
 10
12119152.9595
 20
3531992.5843
 10
12119153.0061
 20
3531992.4537
 10
12119155.7688
 20
3531984.7588
 10
12119156.3363
 20
3531983.193
 10
12119156.3394
 20
3531983.1941
 10
12119156.3568
 20
3531983.1431
 10
12119160.9686
 20
3531970.4573
 10
12119165.7497
 20
3531957.4995
 10
12119169.5144
 20
3531947.4253
 10
12119171.6535
 20
3531941.7793
 10
12119171.9104
 20
3531941.0703
 10
12119172.3646
 20
3531939.9
 10
12119175.0638
 20
3531932.7727
 10
12119180.4088
 20
3531918.8745
 10
12119182.5204
 20
3531913.4462
 10
12119182.8021
 20
3531912.7268
 10
12119185.7936
 20
3531905.0795
 10
12119189.3502
 20
3531896.076
 10
12119193.6582
 20
3531885.2802
 10
12119195.2754
 20
3531881.2677
 10
12119195.5222
 20
3531880.6515
 10
12119195.5252
 20
3531880.6527
 10
12119195.5696
 20
3531880.5376
 10
12119199.3408
 20
3531871.2353
 10
12119199.4244
 20
3531871.0259
 10
12119199.4275
 20
3531871.0271
 10
12119199.4486
 20
3531870.9725
 10
12119202.6209
 20
3531863.2048
 10
12119206.4454
 20
3531853.9357
 10
12119210.3008
 20
3531844.6796
 10
12119210.6994
 20
3531843.7295
 10
12119210.7025
 20
3531843.7308
 10
12119210.7903
 20
3531843.5155
 10
12119214.187
 20
3531835.4369
 10
12119214.5713
 20
3531834.5312
 10
12119214.5744
 20
3531834.5325
 10
12119214.6671
 20
3531834.3097
 10
12119214.7644
 20
3531834.0847
 10
12119214.7613
 20
3531834.0834
 10
12119214.9199
 20
3531833.7163
 10
12119216.597
 20
3531829.7482
 10
12119220.284
 20
3531821.1149
 10
12119220.6745
 20
3531820.208
 10
12119224.3823
 20
3531811.5912
 10
12119228.3107
 20
3531802.5554
 10
12119228.4464
 20
3531802.2457
 10
12119231.7428
 20
3531794.7224
 10
12119234.6228
 20
3531788.1981
 10
12119240.4063
 20
3531775.2246
 10
12119240.6253
 20
3531774.7388
 10
12119244.7408
 20
3531765.6033
 10
12119251.0633
 20
3531751.7333
 10
12119255.2494
 20
3531742.6516
 10
12119258.9653
 20
3531734.6565
 10
12119259.1677
 20
3531734.2244
 10
12119259.1707
 20
3531734.2258
 10
12119259.2701
 20
3531734.0083
 10
12119259.3835
 20
3531733.7671
 10
12119259.4704
 20
3531733.5861
 10
12119259.4674
 20
3531733.5847
 10
12119259.8175
 20
3531732.8444
 10
12119261.2724
 20
3531729.7248
 10
12119261.3892
 20
3531729.4751
 10
12119265.354
 20
3531721.0526
 10
12119267.6022
 20
3531716.3158
 10
12119267.674
 20
3531716.1678
 10
12119267.671
 20
3531716.1664
 10
12119267.8154
 20
3531715.8665
 10
12119270.5515
 20
3531710.1138
 10
12119276.2429
 20
3531698.2738
 10
12119276.2963
 20
3531698.1662
 10
12119276.2933
 20
3531698.1648
 10
12119276.5051
 20
3531697.7283
 10
12119280.5086
 20
3531689.4709
 10
12119282.7229
 20
3531684.9394
 10
12119282.96
 20
3531684.4731
 10
12119287.2372
 20
3531675.7457
 10
12119291.1667
 20
3531667.8333
 10
12119291.6722
 20
3531666.7952
 10
12119292.5098
 20
3531665.1348
 10
12119296.1297
 20
3531657.8735
 10
12119303.2869
 20
3531643.7019
 10
12119304.6561
 20
3531641.0334
 10
12119305.14
 20
3531640.063
 10
12119306.0195
 20
3531638.3617
 10
12119310.1637
 20
3531630.2628
 10
12119313.8633
 20
3531623.0965
 10
12119316.0317
 20
3531618.9314
 10
12119316.5709
 20
3531617.8857
 10
12119316.5739
 20
3531617.8872
 10
12119316.6001
 20
3531617.8323
 10
12119321.1086
 20
3531609.203
 10
12119321.1933
 20
3531609.0408
 10
12119321.1963
 20
3531609.0423
 10
12119321.2649
 20
3531608.904
 10
12119321.5569
 20
3531608.3511
 10
12119321.6556
 20
3531608.1693
 10
12119328.1838
 20
3531595.8031
 10
12119335.3639
 20
3531582.3715
 10
12119342.363
 20
3531569.4336
 10
12119349.5518
 20
3531556.3026
 10
12119352.1574
 20
3531551.5936
 10
12119354.3822
 20
3531547.5696
 10
12119354.3851
 20
3531547.5712
 10
12119354.4228
 20
3531547.5022
 10
12119356.0478
 20
3531544.5672
 10
12119362.1807
 20
3531533.6014
 10
12119367.575
 20
3531524.0535
 10
12119371.4797
 20
3531517.1784
 10
12119376.4246
 20
3531508.5421
 10
12119380.4588
 20
3531501.5485
 10
12119388.6049
 20
3531487.5473
 10
12119394.7058
 20
3531477.1771
 10
12119399.8111
 20
3531468.5784
 10
12119404.1328
 20
3531461.3375
 10
12119429.3544
 20
3531419.218
 10
12119429.9448
 20
3531418.2308
 10
12119429.9477
 20
3531418.2325
 10
12119430.0829
 20
3531418.0015
 10
12119517.8537
 20
3531271.4263
 10
12119517.9623
 20
3531271.246
 10
12119517.9594
 20
3531271.2443
 10
12119520.4615
 20
3531267.0714
 10
12119528.1782
 20
3531254.1847
 10
12119528.237
 20
3531254.0872
 10
12119528.2341
 20
3531254.0855
 10
12119532.4285
 20
3531247.0868
 10
12119533.3422
 20
3531245.5609
 10
12119533.3743
 20
3531245.5077
 10
12119533.3714
 20
3531245.506
 10
12119537.7897
 20
3531238.1338
 10
12119537.8318
 20
3531238.0636
 10
12119537.8289
 20
3531238.0619
 10
12119538.514
 20
3531236.9211
 10
12119540.7686
 20
3531233.1557
 10
12119540.9448
 20
3531232.8561
 10
12119541.7721
 20
3531231.5684
 10
12119542.9046
 20
3531229.8604
 10
12119542.9665
 20
3531229.7704
 10
12119543.3822
 20
3531229.1284
 10
12119544.0261
 20
3531228.2731
 10
12119545.6191
 20
3531226.1001
 10
12119546.3453
 20
3531225.1172
 10
12119547.2992
 20
3531223.9816
 10
12119548.6222
 20
3531222.407
 10
12119549.4652
 20
3531221.4038
 10
12119549.709
 20
3531221.1342
 10
12119552.5871
 20
3531218.1146
 10
12119553.0121
 20
3531217.6689
 10
12119556.6822
 20
3531214.2723
 10
12119560.5545
 20
3531211.1134
 10
12119564.6121
 20
3531208.2065
 10
12119565.0357
 20
3531207.9243
 10
12119568.8509
 20
3531205.5542
 10
12119573.2445
 20
3531203.1733
 10
12119577.7847
 20
3531201.0691
 10
12119582.4482
 20
3531199.2531
 10
12119587.2017
 20
3531197.7373
 10
12119589.5496
 20
3531197.1067
 10
12119592.1536
 20
3531196.4989
 10
12119596.964
 20
3531195.6059
 10
12119601.9246
 20
3531195.0027
 10
12119606.9157
 20
3531194.7102
 10
12119611.9272
 20
3531194.7302
 10
12119616.9152
 20
3531195.0639
 10
12119621.8676
 20
3531195.7083
 10
12119626.7788
 20
3531196.6631
 10
12119631.6019
 20
3531197.9174
 10
12119636.3679
 20
3531199.4806
 10
12119641.011
 20
3531201.3336
 10
12119643.7921
 20
3531202.6112
 10
12119645.5247
 20
3531203.4713
 10
12119648.4504
 20
3531205.048
 10
12119650.8257
 20
3531206.4587
 10
12119651.0001
 20
3531206.5388
 10
12119651.0358
 20
3531206.5835
 10
12119651.3116
 20
3531206.7455
 10
12119665.7558
 20
3531216.9516
 10
12119666.4986
 20
3531217.5038
 10
12119667.0605
 20
3531216.6664
 10
12119687.1203
 20
3531188.2888
 10
12119686.0427
 20
3531187.2519
 10
12119678.772
 20
3531182.1191
 10
12119673.0551
 20
3531178.057
 10
12119672.0418
 20
3531177.3379
 10
12119671.5738
 20
3531177.1273
 10
12119662.8226
 20
3531172.6729
 10
12119659.5776
 20
3531171.1917
 10
12119648.2952
 20
3531166.968
 10
12119646.528
 20
3531166.3821
 10
12119641.6183
 20
3531165.0261
 10
12119635.3165
 20
3531163.6534
 10
12119633.5722
 20
3531163.336
 10
12119627.6478
 20
3531162.4768
 10
12119626.8547
 20
3531162.3709
 10
12119621.1206
 20
3531161.9171
 10
12119619.0013
 20
3531161.8229
 10
12119617.6665
 20
3531161.833
 10
12119606.7246
 20
3531162.1185
 10
12119596.4813
 20
3531163.5677
 10
12119589.1656
 20
3531164.77
 10
12119578.1659
 20
3531168.2284
 10
12119570.5209
 20
3531171.3308
 10
12119557.1129
 20
3531178.7131
 10
12119555.9916
 20
3531179.4343
 10
12119552.9308
 20
3531181.5183
 10
12119551.3281
 20
3531182.6487
 10
12119548.6835
 20
3531184.6626
 10
12119546.2072
 20
3531186.6689
 10
12119544.6638
 20
3531188.0069
 10
12119539.7829
 20
3531192.7208
 10
12119534.7367
 20
3531198.2178
 10
12119534.4459
 20
3531198.5344
 10
12119529.5433
 20
3531204.8433
 10
12119527.617
 20
3531207.5745
 10
12119525.4666
 20
3531211.0069
 10
12119521.5514
 20
3531218.0954
 10
12119520.4317
 20
3531220.3574
 10
12119520.0685
 20
3531221.0111
 10
12119519.8034
 20
3531221.4403
 10
12119382.8836
 20
3531450.1077
 10
12119375.9488
 20
3531461.7553
 10
12119370.8312
 20
3531470.4159
 10
12119366.8664
 20
3531477.1869
 10
12119366.2563
 20
3531478.2347
 10
12119366.2532
 20
3531478.2329
 10
12119366.2085
 20
3531478.3117
 10
12119363.845
 20
3531482.3558
 10
12119358.7935
 20
3531491.0791
 10
12119358.2244
 20
3531492.0679
 10
12119358.2214
 20
3531492.0662
 10
12119358.1745
 20
3531492.1495
 10
12119353.7649
 20
3531499.8153
 10
12119350.6617
 20
3531505.2358
 10
12119343.5303
 20
3531517.8084
 10
12119337.0224
 20
3531529.4056
 10
12119330.5142
 20
3531541.1247
 10
12119323.6901
 20
3531553.5458
 10
12119316.4883
 20
3531566.8064
 10
12119309.4131
 20
3531579.9963
 10
12119309.357
 20
3531580.1048
 10
12119304.633
 20
3531588.9868
 10
12119297.6088
 20
3531602.3422
 10
12119291.1672
 20
3531614.7342
 10
12119285.9088
 20
3531624.9548
 10
12119279.2046
 20
3531638.1266
 10
12119272.8168
 20
3531650.8273
 10
12119267.1417
 20
3531662.2377
 10
12119260.645
 20
3531675.4501
 10
12119259.0756
 20
3531678.6748
 10
12119258.9655
 20
3531678.9055
 10
12119258.963
 20
3531678.9043
 10
12119258.9354
 20
3531678.9632
 10
12119255.0264
 20
3531687.01
 10
12119250.324
 20
3531696.7916
 10
12119250.176
 20
3531697.1042
 10
12119250.1735
 20
3531697.103
 10
12119250.0747
 20
3531697.311
 10
12119242.3691
 20
3531713.522
 10
12119239.2044
 20
3531720.2561
 10
12119235.5588
 20
3531728.0674
 10
12119229.2507
 20
3531741.7229
 10
12119222.8774
 20
3531755.7041
 10
12119216.7753
 20
3531769.27
 10
12119211.2203
 20
3531781.7814
 10
12119204.357
 20
3531797.446
 10
12119201.4521
 20
3531804.1692
 10
12119201.1673
 20
3531804.8349
 10
12119201.163
 20
3531804.8331
 10
12119201.0861
 20
3531805.017
 10
12119198.3763
 20
3531811.3002
 10
12119192.4649
 20
3531825.184
 10
12119186.623
 20
3531839.0973
 10
12119180.2061
 20
3531854.6173
 10
12119175.1482
 20
3531867.0107
 10
12119169.7549
 20
3531880.4118
 10
12119167.6589
 20
3531885.6856
 10
12119165.9363
 20
3531890.0371
 10
12119165.9321
 20
3531890.0355
 10
12119165.9088
 20
3531890.0982
 10
12119162.239
 20
3531899.4147
 10
12119162.1215
 20
3531899.722
 10
12119158.8711
 20
3531908.0351
 10
12119154.2862
 20
3531919.9204
 10
12119149.4634
 20
3531932.5777
 10
12119144.2385
 20
3531946.4912
 10
12119139.8895
 20
3531958.2338
 10
12119135.4754
 20
3531970.308
 10
12119130.3618
 20
3531984.5051
 10
12119126.4962
 20
3531995.3765
 10
12119121.9917
 20
3532008.2214
 10
12119118.9196
 20
3532017.1078
 10
12119118.9047
 20
3532017.1597
 10
12119118.9006
 20
3532017.1583
 10
12119118.8507
 20
3532017.3073
 10
12119117.0659
 20
3532022.4847
 10
12119112.2113
 20
3532036.7726
 10
12119107.4274
 20
3532051.0876
  0
LWPOLYLINE
  5
E9
330
17
100
AcDbEntity
  8
SURF_OUTER_Roadway Surface N7
100
AcDbPolyline
 90
8
 70
1
 10
12119708.4001
 20
3531447.9197
 10
12119718.2273
 20
3531454.8065
 10
12119728.0544
 20
3531461.6931
 10
12119788.3135
 20
3531375.7066
 10
12119788.3135
 20
3531375.7065
 10
12119788.6852
 20
3531374.9344
 10
12119788.229
 20
3531374.4552
 10
12119769.3875
 20
3531360.8939
  0
LWPOLYLINE
  5
EB
330
17
100
AcDbEntity
  8
SURF_OUTER_Roadway Surface N8
100
AcDbPolyline
 90
28
 70
1
 10
12119936.9072
 20
3531503.8172
 10
12119930.104
 20
3531512.627
 10
12119927.7558
 20
3531515.7026
 10
12119924.4843
 20
3531520.0491
 10
12119922.3809
 20
3531522.9135
 10
12119921.7494
 20
3531523.697
 10
12119920.6864
 20
3531525.1851
 10
12119917.8436
 20
3531528.9956
 10
12119915.8263
 20
3531531.754
 10
12119912.8514
 20
3531535.866
 10
12119909.3803
 20
3531540.7187
 10
12119924.4716
 20
3531550.5299
 10
12119924.6378
 20
3531550.3076
 10
12119931.39
 20
3531540.9615
 10
12119936.1986
 20
3531534.4311
 10
12119938.6204
 20
3531531.1851
 10
12119942.094
 20
3531526.5776
 10
12119945.071
 20
3531522.6731
 10
12119948.0676
 20
3531518.7836
 10
12119951.0834
 20
3531514.9091
 10
12120144.9984
 20
3531268.5001
 10
12120145.0004
 20
3531268.4975
 10
12120246.8149
 20
3531139.1243
 10
12120232.6711
 20
3531127.9911
 10
12120126.934
 20
3531262.3485
 10
12120100.0673
 20
3531296.4872
 10
12120099.7233
 20
3531296.9243
 10
12119942.9785
 20
3531496.0961
  0
LWPOLYLINE
  5
ED
330
17
100
AcDbEntity
  8
SURF_OUTER_Roadway Surface N9
100
AcDbPolyline
 90
106
 70
1
 10
12119627.3959
 20
3531368.6715
 10
12119614.534
 20
3531390.9512
 10
12119607.8235
 20
3531401.6938
 10
12119501.2939
 20
3531550.6345
 10
12119501.1478
 20
3531550.8389
 10
12119521.1708
 20
3531564.0871
 10
12119884.5978
 20
3531055.9742
 10
12119955.9776
 20
3530956.1769
 10
12119958.6126
 20
3530952.3324
 10
12119977.2843
 20
3530926.2272
 10
12119957.8467
 20
3530912.3208
 10
12119770.6966
 20
3531173.9775
 10
12119768.326
 20
3531177.0764
 10
12119766.148
 20
3531179.5901
 10
12119763.8299
 20
3531181.9848
 10
12119761.3824
 20
3531184.2471
 10
12119758.8131
 20
3531186.37
 10
12119756.7369
 20
3531187.9196
 10
12119756.1298
 20
3531188.347
 10
12119753.3409
 20
3531190.1719
 10
12119750.4551
 20
3531191.8392
 10
12119747.4811
 20
3531193.3436
 10
12119744.4281
 20
3531194.6806
 10
12119743.1254
 20
3531195.1908
 10
12119741.3056
 20
3531195.846
 10
12119738.1231
 20
3531196.8362
 10
12119734.8907
 20
3531197.6481
 10
12119733.9928
 20
3531197.8401
 10
12119731.6181
 20
3531198.2793
 10
12119728.3155
 20
3531198.7279
 10
12119724.9931
 20
3531198.9923
 10
12119721.6611
 20
3531199.0719
 10
12119718.3299
 20
3531198.9663
 10
12119715.0097
 20
3531198.6759
 10
12119711.7107
 20
3531198.2016
 10
12119708.4431
 20
3531197.5449
 10
12119705.2171
 20
3531196.7077
 10
12119702.0425
 20
3531195.6927
 10
12119698.9293
 20
3531194.503
 10
12119695.8868
 20
3531193.1422
 10
12119692.9246
 20
3531191.6146
 10
12119690.0518
 20
3531189.9249
 10
12119687.7451
 20
3531188.4221
 10
12119687.1658
 20
3531188.0447
 10
12119686.0427
 20
3531187.2519
 10
12119687.1203
 20
3531188.2888
 10
12119667.0605
 20
3531216.6664
 10
12119666.4986
 20
3531217.5038
 10
12119666.4994
 20
3531217.5047
 10
12119666.3544
 20
3531217.726
 10
12119667.9409
 20
3531218.9422
 10
12119669.2824
 20
3531220.0277
 10
12119670.5429
 20
3531221.0842
 10
12119671.5446
 20
3531222.0044
 10
12119673.2748
 20
3531223.6567
 10
12119674.9105
 20
3531225.3419
 10
12119676.2074
 20
3531226.778
 10
12119678.2999
 20
3531229.3072
 10
12119679.4922
 20
3531230.9129
 10
12119680.7947
 20
3531232.7838
 10
12119682.0259
 20
3531234.6901
 10
12119683.0555
 20
3531236.405
 10
12119684.5837
 20
3531239.2411
 10
12119685.6678
 20
3531241.5405
 10
12119686.6904
 20
3531243.964
 10
12119687.0961
 20
3531244.9773
 10
12119687.7333
 20
3531246.7834
 10
12119688.6169
 20
3531249.5956
 10
12119689.156
 20
3531251.5956
 10
12119689.3906
 20
3531252.5677
 10
12119689.8283
 20
3531254.6008
 10
12119690.2355
 20
3531256.8202
 10
12119690.5412
 20
3531259.0887
 10
12119690.74
 20
3531261.1019
 10
12119690.8785
 20
3531262.7758
 10
12119690.9295
 20
3531264.4056
 10
12119690.9627
 20
3531266.4517
 10
12119690.9377
 20
3531267.7125
 10
12119690.8356
 20
3531270.0152
 10
12119690.6992
 20
3531271.9423
 10
12119690.5331
 20
3531273.3049
 10
12119690.1627
 20
3531275.9298
 10
12119689.8809
 20
3531277.5573
 10
12119689.3925
 20
3531279.8078
 10
12119688.9013
 20
3531281.7669
 10
12119688.3815
 20
3531283.6405
 10
12119687.5401
 20
3531286.1837
 10
12119686.7487
 20
3531288.2709
 10
12119685.9465
 20
3531290.1937
 10
12119685.2897
 20
3531291.6836
 10
12119683.6655
 20
3531294.9428
 10
12119682.4676
 20
3531296.9523
 10
12119681.7906
 20
3531298.0905
 10
12119683.3934
 20
3531296.0269
 10
12119680.3413
 20
3531300.2715
 10
12119679.9346
 20
3531300.8697
 10
12119663.8798
 20
3531318.3199
 10
12119663.8359
 20
3531318.3676
 10
12119663.5967
 20
3531318.279
 10
12119663.3825
 20
3531318.248
 10
12119662.9698
 20
3531318.0624
 10
12119661.8348
 20
3531317.5585
 10
12119638.6627
 20
3531304.214
 10
12119608.2508
 20
3531357.092
 10
12119622.5151
 20
3531365.2961
 10
12119626.1769
 20
3531367.4507
  0
ENDSEC
  0
SECTION
  2
OBJECTS
  0
DICTIONARY
  5
A
330
0
100
AcDbDictionary
281
1
  3
ACAD_COLOR
350
B
  3
ACAD_GROUP
350
C
  3
ACAD_LAYOUT
350
D
  3
ACAD_MATERIAL
350
E
  3
ACAD_MLEADERSTYLE
350
F
  3
ACAD_MLINESTYLE
350
10
  3
ACAD_PLOTSETTINGS
350
11
  3
ACAD_PLOTSTYLENAME
350
12
  3
ACAD_SCALELIST
350
14
  3
ACAD_TABLESTYLE
350
15
  3
ACAD_VISUALSTYLE
350
16
  3
EZDXF_META
350
2D
  0
DICTIONARY
  5
B
330
A
100
AcDbDictionary
281
1
  0
DICTIONARY
  5
C
330
A
100
AcDbDictionary
281
1
  0
DICTIONARY
  5
D
330
A
100
AcDbDictionary
281
1
  3
Model
350
1A
  3
Layout1
350
1E
  0
DICTIONARY
  5
E
330
A
100
AcDbDictionary
281
1
  3
ByBlock
350
1F
  3
ByLayer
350
20
  3
Global
350
21
  0
DICTIONARY
  5
F
330
A
100
AcDbDictionary
281
1
  3
Standard
350
2C
  0
DICTIONARY
  5
10
330
A
100
AcDbDictionary
281
1
  3
Standard
350
22
  0
DICTIONARY
  5
11
330
A
100
AcDbDictionary
281
1
  0
ACDBDICTIONARYWDFLT
  5
12
330
A
100
AcDbDictionary
281
1
  3
Normal
350
13
100
AcDbDictionaryWithDefault
340
13
  0
ACDBPLACEHOLDER
  5
13
330
12
  0
DICTIONARY
  5
14
330
A
100
AcDbDictionary
281
1
  0
DICTIONARY
  5
15
330
A
100
AcDbDictionary
281
1
  0
DICTIONARY
  5
16
330
A
100
AcDbDictionary
281
1
  3
2dWireframe
350
5A
  3
Basic
350
5B
  3
Brighten
350
5C
  3
ColorChange
350
5D
  3
Conceptual
350
5E
  3
Dim
350
5F
  3
EdgeColorOff
350
60
  3
Facepattern
350
61
  3
Flat
350
62
  3
FlatWithEdges
350
63
  3
Gouraud
350
64
  3
GouraudWithEdges
350
65
  3
Hidden
350
66
  3
JitterOff
350
67
  3
Linepattern
350
68
  3
Modeling
350
69
  3
OverhangOff
350
6A
  3
Realistic
350
6B
  3
Shaded
350
6C
  3
Shaded with edges
350
6D
  3
Shades of Gray
350
6E
  3
Sketchy
350
6F
  3
Thicken
350
70
  3
Wireframe
350
71
  3
X-Ray
350
72
  0
LAYOUT
  5
1A
330
D
100
AcDbPlotSettings
  1

  4
A3
  6

 40
7.5
 41
20.0
 42
7.5
 43
20.0
 44
420.0
 45
297.0
 46
0.0
 47
0.0
 48
0.0
 49
0.0
140
0.0
141
0.0
142
1.0
143
1.0
 70
1024
 72
1
 73
0
 74
5
  7

 75
16
 76
0
 77
2
 78
300
147
1.0
148
0.0
149
0.0
100
AcDbLayout
  1
Model
 70
1
 71
0
 10
0.0
 20
0.0
 11
420.0
 21
297.0
 12
0.0
 22
0.0
 32
0.0
 14
1e+20
 24
1e+20
 34
1e+20
 15
-1e+20
 25
-1e+20
 35
-1e+20
146
0.0
 13
0.0
 23
0.0
 33
0.0
 16
1.0
 26
0.0
 36
0.0
 17
0.0
 27
1.0
 37
0.0
 76
1
330
17
  0
LAYOUT
  5
1E
330
D
100
AcDbPlotSettings
  1

  4
A3
  6

 40
7.5
 41
20.0
 42
7.5
 43
20.0
 44
420.0
 45
297.0
 46
0.0
 47
0.0
 48
0.0
 49
0.0
140
0.0
141
0.0
142
1.0
143
1.0
 70
0
 72
1
 73
0
 74
5
  7

 75
16
 76
0
 77
2
 78
300
147
1.0
148
0.0
149
0.0
100
AcDbLayout
  1
Layout1
 70
1
 71
1
 10
0.0
 20
0.0
 11
420.0
 21
297.0
 12
0.0
 22
0.0
 32
0.0
 14
1e+20
 24
1e+20
 34
1e+20
 15
-1e+20
 25
-1e+20
 35
-1e+20
146
0.0
 13
0.0
 23
0.0
 33
0.0
 16
1.0
 26
0.0
 36
0.0
 17
0.0
 27
1.0
 37
0.0
 76
1
330
1B
  0
MATERIAL
  5
1F
102
{ACAD_REACTORS
330
E
102
}
330
E
100
AcDbMaterial
  1
ByBlock
  2

 70
0
 40
1.0
 71
1
 41
1.0
 91
-1023410177
 42
1.0
 72
1
  3

 73
1
 74
1
 75
1
 44
0.5
 73
0
 45
1.0
 46
1.0
 77
1
  4

 78
1
 79
1
170
1
 48
1.0
171
1
  6

172
1
173
1
174
1
140
1.0
141
1.0
175
1
  7

176
1
177
1
178
1
143
1.0
179
1
  8

270
1
271
1
272
1
145
1.0
146
1.0
273
1
  9

274
1
275
1
276
1
 42
1.0
 72
1
  3

 73
1
 74
1
 75
1
 94
63
  0
MATERIAL
  5
20
102
{ACAD_REACTORS
330
E
102
}
330
E
100
AcDbMaterial
  1
ByLayer
  2

 70
0
 40
1.0
 71
1
 41
1.0
 91
-1023410177
 42
1.0
 72
1
  3

 73
1
 74
1
 75
1
 44
0.5
 73
0
 45
1.0
 46
1.0
 77
1
  4

 78
1
 79
1
170
1
 48
1.0
171
1
  6

172
1
173
1
174
1
140
1.0
141
1.0
175
1
  7

176
1
177
1
178
1
143
1.0
179
1
  8

270
1
271
1
272
1
145
1.0
146
1.0
273
1
  9

274
1
275
1
276
1
 42
1.0
 72
1
  3

 73
1
 74
1
 75
1
 94
63
  0
MATERIAL
  5
21
102
{ACAD_REACTORS
330
E
102
}
330
E
100
AcDbMaterial
  1
Global
  2

 70
0
 40
1.0
 71
1
 41
1.0
 91
-1023410177
 42
1.0
 72
1
  3

 73
1
 74
1
 75
1
 44
0.5
 73
0
 45
1.0
 46
1.0
 77
1
  4

 78
1
 79
1
170
1
 48
1.0
171
1
  6

172
1
173
1
174
1
140
1.0
141
1.0
175
1
  7

176
1
177
1
178
1
143
1.0
179
1
  8

270
1
271
1
272
1
145
1.0
146
1.0
273
1
  9

274
1
275
1
276
1
 42
1.0
 72
1
  3

 73
1
 74
1
 75
1
 94
63
  0
MLINESTYLE
  5
22
102
{ACAD_REACTORS
330
10
102
}
330
10
100
AcDbMlineStyle
  2
Standard
 70
0
  3

 62
256
 51
90.0
 52
90.0
 71
2
 49
0.5
 62
256
  6
BYLAYER
 49
-0.5
 62
256
  6
BYLAYER
  0
MLEADERSTYLE
  5
2C
102
{ACAD_REACTORS
330
F
102
}
330
F
100
AcDbMLeaderStyle
179
2
170
2
171
1
172
0
 90
2
 40
0.0
 41
0.0
173
1
 91
-1056964608
 92
-2
290
1
 42
2.0
291
1
 43
8.0
  3
Standard
 44
4.0
300

342
29
174
1
175
1
176
0
178
1
 93
-1056964608
 45
4.0
292
0
297
0
 46
4.0
 94
-1056964608
 47
1.0
 49
1.0
140
1.0
294
1
141
0.0
177
0
142
1.0
295
0
296
0
143
3.75
271
0
272
9
273
9
  0
DICTIONARY
  5
2D
330
A
100
AcDbDictionary
280
1
281
1
  3
CREATED_BY_EZDXF
350
2E
  3
WRITTEN_BY_EZDXF
350
F0
  0
DICTIONARYVAR
  5
2E
330
2D
100
DictionaryVariables
280
0
  1
1.4.4 @ 2026-07-31T21:29:43.502853+00:00
  0
VISUALSTYLE
  5
5A
102
{ACAD_REACTORS
330
16
102
}
330
16
100
AcDbVisualStyle
  2
2dWireframe
 70
4
 90
0
 40
0.6
 62
7
290
0
291
0
  0
VISUALSTYLE
  5
5B
102
{ACAD_REACTORS
330
16
102
}
330
16
100
AcDbVisualStyle
  2
Basic
 70
7
 90
1
 40
0.6
 62
7
290
0
291
1
  0
VISUALSTYLE
  5
5C
102
{ACAD_REACTORS
330
16
102
}
330
16
100
AcDbVisualStyle
  2
Brighten
 70
12
 90
2
 40
0.6
 62
7
290
0
291
1
  0
VISUALSTYLE
  5
5D
102
{ACAD_REACTORS
330
16
102
}
330
16
100
AcDbVisualStyle
  2
ColorChange
 70
16
 90
2
 40
0.6
 62
8
290
0
291
1
  0
VISUALSTYLE
  5
5E
102
{ACAD_REACTORS
330
16
102
}
330
16
100
AcDbVisualStyle
  2
Conceptual
 70
9
 90
3
 40
0.6
 62
7
290
0
291
0
  0
VISUALSTYLE
  5
5F
102
{ACAD_REACTORS
330
16
102
}
330
16
100
AcDbVisualStyle
  2
Dim
 70
11
 90
2
 40
0.6
 62
7
290
0
291
1
  0
VISUALSTYLE
  5
60
102
{ACAD_REACTORS
330
16
102
}
330
16
100
AcDbVisualStyle
  2
EdgeColorOff
 70
22
 90
2
 40
0.6
 62
7
290
0
291
1
  0
VISUALSTYLE
  5
61
102
{ACAD_REACTORS
330
16
102
}
330
16
100
AcDbVisualStyle
  2
Facepattern
 70
15
 90
2
 40
0.6
 62
7
290
0
291
1
  0
VISUALSTYLE
  5
62
102
{ACAD_REACTORS
330
16
102
}
330
16
100
AcDbVisualStyle
  2
Flat
 70
0
 90
2
 40
0.6
 62
7
290
0
291
1
  0
VISUALSTYLE
  5
63
102
{ACAD_REACTORS
330
16
102
}
330
16
100
AcDbVisualStyle
  2
FlatWithEdges
 70
1
 90
2
 40
0.6
 62
7
290
0
291
1
  0
VISUALSTYLE
  5
64
102
{ACAD_REACTORS
330
16
102
}
330
16
100
AcDbVisualStyle
  2
Gouraud
 70
2
 90
2
 40
0.6
 62
7
290
0
291
1
  0
VISUALSTYLE
  5
65
102
{ACAD_REACTORS
330
16
102
}
330
16
100
AcDbVisualStyle
  2
GouraudWithEdges
 70
3
 90
2
 40
0.6
 62
7
290
0
291
1
  0
VISUALSTYLE
  5
66
102
{ACAD_REACTORS
330
16
102
}
330
16
100
AcDbVisualStyle
  2
Hidden
 70
6
 90
1
 40
0.6
 62
7
290
0
291
0
  0
VISUALSTYLE
  5
67
102
{ACAD_REACTORS
330
16
102
}
330
16
100
AcDbVisualStyle
  2
JitterOff
 70
20
 90
2
 40
0.6
 62
7
290
0
291
1
  0
VISUALSTYLE
  5
68
102
{ACAD_REACTORS
330
16
102
}
330
16
100
AcDbVisualStyle
  2
Linepattern
 70
14
 90
2
 40
0.6
 62
7
290
0
291
1
  0
VISUALSTYLE
  5
69
102
{ACAD_REACTORS
330
16
102
}
330
16
100
AcDbVisualStyle
  2
Modeling
 70
10
 90
2
 40
0.6
 62
7
290
0
291
0
  0
VISUALSTYLE
  5
6A
102
{ACAD_REACTORS
330
16
102
}
330
16
100
AcDbVisualStyle
  2
OverhangOff
 70
21
 90
2
 40
0.6
 62
7
290
0
291
1
  0
VISUALSTYLE
  5
6B
102
{ACAD_REACTORS
330
16
102
}
330
16
100
AcDbVisualStyle
  2
Realistic
 70
8
 90
2
 40
0.6
 62
7
290
0
291
0
  0
VISUALSTYLE
  5
6C
102
{ACAD_REACTORS
330
16
102
}
330
16
100
AcDbVisualStyle
  2
Shaded
 70
27
 90
2
 40
0.6
 62
7
290
0
291
0
  0
VISUALSTYLE
  5
6D
102
{ACAD_REACTORS
330
16
102
}
330
16
100
AcDbVisualStyle
  2
Shaded with edges
 70
26
 90
2
 40
0.6
 62
7
290
0
291
0
  0
VISUALSTYLE
  5
6E
102
{ACAD_REACTORS
330
16
102
}
330
16
100
AcDbVisualStyle
  2
Shades of Gray
 70
23
 90
2
 40
0.6
 62
7
290
0
291
0
  0
VISUALSTYLE
  5
6F
102
{ACAD_REACTORS
330
16
102
}
330
16
100
AcDbVisualStyle
  2
Sketchy
 70
24
 90
1
 40
0.6
 62
7
290
0
291
0
  0
VISUALSTYLE
  5
70
102
{ACAD_REACTORS
330
16
102
}
330
16
100
AcDbVisualStyle
  2
Thicken
 70
13
 90
2
 40
0.6
 62
7
290
0
291
1
  0
VISUALSTYLE
  5
71
102
{ACAD_REACTORS
330
16
102
}
330
16
100
AcDbVisualStyle
  2
Wireframe
 70
5
 90
0
 40
0.6
 62
7
290
0
291
0
  0
VISUALSTYLE
  5
72
102
{ACAD_REACTORS
330
16
102
}
330
16
100
AcDbVisualStyle
  2
X-Ray
 70
25
 90
2
 40
0.5
 62
7
290
0
291
0
  0
DICTIONARYVAR
  5
F0
330
2D
100
DictionaryVariables
280
0
  1
1.4.4 @ 2026-07-31T21:29:43.519900+00:00
  0
ENDSEC
  0
EOF
