SurfaceName,PieceId,RingType,RingId,Seq,X,Y
Gravel Surface 1,0,OUTER,0,0,1125.3600,738.9582
Gravel Surface 1,0,OUTER,0,1,1134.4745,746.2252
Gravel Surface 1,0,OUTER,0,2,1132.4353,748.6342
Gravel Surface 1,0,OUTER,0,3,1131.3072,750.2184
Gravel Surface 1,0,OUTER,0,4,1130.6959,753.8688
Gravel Surface 1,0,OUTER,0,5,1130.4633,757.2722
Gravel Surface 1,0,OUTER,0,6,1130.5985,758.9354
Gravel Surface 1,0,OUTER,0,7,1131.0390,760.9514
Gravel Surface 1,0,OUTER,0,8,1131.8616,763.1343
Gravel Surface 1,0,OUTER,0,9,1132.8494,764.4390
Gravel Surface 1,0,OUTER,0,10,1133.7293,765.4284
Gravel Surface 1,0,OUTER,0,11,1135.0435,766.6057
Gravel Surface 1,0,OUTER,0,12,1137.6710,768.1575
Gravel Surface 1,0,OUTER,0,13,1139.4558,768.7946
Gravel Surface 1,0,OUTER,0,14,1140.6480,769.0353
Gravel Surface 1,0,OUTER,0,15,1142.0423,769.1621
Gravel Surface 1,0,OUTER,0,16,1143.7898,769.1621
Gravel Surface 1,0,OUTER,0,17,1145.7549,768.8142
Gravel Surface 1,0,OUTER,0,18,1147.7273,768.0953
Gravel Surface 1,0,OUTER,0,19,1148.5683,767.6626
Gravel Surface 1,0,OUTER,0,20,1149.6279,766.9912
Gravel Surface 1,0,OUTER,0,21,1151.2811,765.4936
Gravel Surface 1,0,OUTER,0,22,1156.3432,759.1768
Gravel Surface 1,0,OUTER,0,23,1161.2427,752.9085
Gravel Surface 1,0,OUTER,0,24,1167.8606,744.5464
Gravel Surface 1,0,OUTER,0,25,1175.0818,735.3749
Gravel Surface 1,0,OUTER,0,26,1181.8238,726.9651
Gravel Surface 1,0,OUTER,0,27,1193.0782,712.6440
Gravel Surface 1,0,OUTER,0,28,1198.0034,706.5374
Gravel Surface 1,0,OUTER,0,29,1199.3169,704.8783
Gravel Surface 1,0,OUTER,0,30,1204.5712,698.0609
Gravel Surface 1,0,OUTER,0,31,1209.8886,691.4201
Gravel Surface 1,0,OUTER,0,32,1217.1800,682.1545
Gravel Surface 1,0,OUTER,0,33,1225.0527,672.2858
Gravel Surface 1,0,OUTER,0,34,1235.6877,658.6551
Gravel Surface 1,0,OUTER,0,35,1240.5415,652.6156
Gravel Surface 1,0,OUTER,0,36,1246.9673,644.4687
Gravel Surface 1,0,OUTER,0,37,1252.0473,637.8495
Gravel Surface 1,0,OUTER,0,38,1255.2164,633.8846
Gravel Surface 1,0,OUTER,0,39,1255.7773,632.9563
Gravel Surface 1,0,OUTER,0,40,1256.7388,631.1723
Gravel Surface 1,0,OUTER,0,41,1257.5729,628.4337
Gravel Surface 1,0,OUTER,0,42,1257.7082,626.5861
Gravel Surface 1,0,OUTER,0,43,1257.6615,625.0395
Gravel Surface 1,0,OUTER,0,44,1257.4926,623.6789
Gravel Surface 1,0,OUTER,0,45,1256.8195,621.1607
Gravel Surface 1,0,OUTER,0,46,1256.0487,619.8199
Gravel Surface 1,0,OUTER,0,47,1254.7554,618.0055
Gravel Surface 1,0,OUTER,0,48,1253.7672,616.9463
Gravel Surface 1,0,OUTER,0,49,1243.9638,608.4204
Gravel Surface 1,0,OUTER,0,50,1239.5020,614.1680
Gravel Surface 1,0,OUTER,0,51,1239.2725,614.4954
Gravel Surface 1,0,OUTER,0,52,1238.2558,615.8166
Gravel Surface 1,0,OUTER,0,53,1238.1779,615.9364
Gravel Surface 1,0,OUTER,0,54,1237.1827,617.1804
Gravel Surface 1,0,OUTER,0,55,1251.3265,628.3511
Gravel Surface 1,0,OUTER,0,56,1251.2556,628.4069
Gravel Surface 1,0,OUTER,0,57,1250.2565,628.7936
Gravel Surface 1,0,OUTER,0,58,1207.4401,682.9876
Gravel Surface 1,0,OUTER,0,59,1202.0648,678.8741
Gravel Surface 1,0,OUTER,0,60,1145.6225,750.1018
Gravel Surface 1,0,OUTER,0,61,1137.3951,743.5903
Gravel Surface 1,0,OUTER,0,62,1135.2786,746.2955
Gravel Surface 1,0,OUTER,0,63,1126.8839,739.7444
Gravel Surface 1,1,OUTER,0,0,1097.1422,709.3812
Gravel Surface 1,1,OUTER,0,1,1095.7576,711.7479
Gravel Surface 1,1,OUTER,0,2,1094.6984,714.0887
Gravel Surface 1,1,OUTER,0,3,1094.3852,714.8010
Gravel Surface 1,1,OUTER,0,4,1093.7744,717.3107
Gravel Surface 1,1,OUTER,0,5,1093.4299,719.8148
Gravel Surface 1,1,OUTER,0,6,1093.4299,721.5833
Gravel Surface 1,1,OUTER,0,7,1093.6189,724.0654
Gravel Surface 1,1,OUTER,0,8,1094.4645,727.6024
Gravel Surface 1,1,OUTER,0,9,1095.4208,729.8451
Gravel Surface 1,1,OUTER,0,10,1097.4428,733.2464
Gravel Surface 1,1,OUTER,0,11,1099.8073,735.8444
Gravel Surface 1,1,OUTER,0,12,1103.8190,739.0411
Gravel Surface 1,1,OUTER,0,13,1105.8341,740.7996
Gravel Surface 1,1,OUTER,0,14,1107.8800,742.5449
Gravel Surface 1,1,OUTER,0,15,1110.6368,744.4931
Gravel Surface 1,1,OUTER,0,16,1112.2115,743.8878
Gravel Surface 1,1,OUTER,0,17,1112.6724,743.7106
Gravel Surface 1,1,OUTER,0,18,1114.6185,743.0824
Gravel Surface 1,1,OUTER,0,19,1116.4366,742.2130
Gravel Surface 1,1,OUTER,0,20,1118.8016,740.1533
Gravel Surface 1,1,OUTER,0,21,1121.1661,737.8057
Gravel Surface 1,1,OUTER,0,22,1122.4815,736.6632
Gravel Surface 1,1,OUTER,0,23,1123.0143,737.0880
Gravel Surface 1,1,OUTER,0,24,1124.5189,737.8988
Gravel Surface 1,1,OUTER,0,25,1122.1539,736.0532
Gravel Surface 1,1,OUTER,0,26,1121.5456,735.5535
Gravel Surface 1,1,OUTER,0,27,1123.6887,732.8267
Gravel Surface 1,1,OUTER,0,28,1115.4717,726.3034
Gravel Surface 1,1,OUTER,0,29,1157.2131,673.3380
Gravel Surface 1,1,OUTER,0,30,1151.7020,668.9448
Gravel Surface 1,1,OUTER,0,31,1155.1982,664.5214
Gravel Surface 1,1,OUTER,0,32,1156.5747,662.7798
Gravel Surface 1,1,OUTER,0,33,1151.7230,658.8918
Gravel Surface 1,1,OUTER,0,34,1144.1832,651.3560
Gravel Surface 1,1,OUTER,0,35,1140.9387,655.4140
Gravel Surface 1,1,OUTER,0,36,1116.6173,685.8331
Gravel Surface 1,1,OUTER,0,37,1112.6702,690.7699
Gravel Surface 1,2,OUTER,0,0,1164.5184,652.7293
Gravel Surface 1,2,OUTER,0,1,1209.6900,595.5783
Gravel Surface 1,2,OUTER,0,2,1223.3915,606.3548
Gravel Surface 1,2,OUTER,0,3,1224.1384,605.3995
Gravel Surface 1,2,OUTER,0,4,1225.0869,603.3492
Gravel Surface 1,2,OUTER,0,5,1225.5067,603.6495
Gravel Surface 1,2,OUTER,0,6,1225.5508,603.5931
Gravel Surface 1,2,OUTER,0,7,1226.8965,604.6433
Gravel Surface 1,2,OUTER,0,8,1226.6299,603.8638
Gravel Surface 1,2,OUTER,0,9,1225.9260,603.3003
Gravel Surface 1,2,OUTER,0,10,1228.2666,600.4499
Gravel Surface 1,2,OUTER,0,11,1230.1114,598.3568
Gravel Surface 1,2,OUTER,0,12,1230.3404,597.9327
Gravel Surface 1,2,OUTER,0,13,1224.8900,593.5526
Gravel Surface 1,2,OUTER,0,14,1221.1073,590.4539
Gravel Surface 1,2,OUTER,0,15,1212.6960,583.7312
Gravel Surface 1,2,OUTER,0,16,1211.5687,582.8510
Gravel Surface 1,2,OUTER,0,17,1209.5219,581.5120
Gravel Surface 1,2,OUTER,0,18,1207.9781,580.9602
Gravel Surface 1,2,OUTER,0,19,1206.4037,580.5208
Gravel Surface 1,2,OUTER,0,20,1204.5201,580.5208
Gravel Surface 1,2,OUTER,0,21,1203.1501,580.6536
Gravel Surface 1,2,OUTER,0,22,1201.8211,581.0112
Gravel Surface 1,2,OUTER,0,23,1199.6710,582.1903
Gravel Surface 1,2,OUTER,0,24,1198.4238,583.0997
Gravel Surface 1,2,OUTER,0,25,1198.3246,583.2213
Gravel Surface 1,2,OUTER,0,26,1196.7051,585.2778
Gravel Surface 1,2,OUTER,0,27,1194.0543,588.9150
Gravel Surface 1,2,OUTER,0,28,1193.4543,589.7382
Gravel Surface 1,2,OUTER,0,29,1193.2851,589.9957
Gravel Surface 1,2,OUTER,0,30,1152.0407,641.7307
Gravel Surface 2,0,OUTER,0,0,965.0747,605.1531
Gravel Surface 2,0,OUTER,0,1,961.9662,602.7567
Gravel Surface 2,0,OUTER,0,2,931.1952,642.0181
Gravel Surface 2,0,OUTER,0,3,914.3523,663.3041
Gravel Surface 2,0,OUTER,0,4,966.1602,704.1949
Gravel Surface 2,0,OUTER,0,5,967.9554,703.0806
Gravel Surface 2,0,OUTER,0,6,972.1211,700.4146
Gravel Surface 2,0,OUTER,0,7,973.8038,699.3074
Gravel Surface 2,0,OUTER,0,8,978.2708,696.0438
Gravel Surface 2,0,OUTER,0,9,981.7130,693.4825
Gravel Surface 2,0,OUTER,0,10,985.8071,690.0402
Gravel Surface 2,0,OUTER,0,11,988.3845,687.6750
Gravel Surface 2,0,OUTER,0,12,993.5911,682.7977
Gravel Surface 2,0,OUTER,0,13,997.8863,678.2522
Gravel Surface 2,0,OUTER,0,14,1004.8817,669.9316
Gravel Surface 2,0,OUTER,0,15,1010.9280,662.3030
Gravel Surface 2,0,OUTER,0,16,1014.2656,657.9205
Gravel Surface 2,0,OUTER,0,17,1019.4942,651.2332
Gravel Surface 2,0,OUTER,0,18,1021.8977,647.9696
Gravel Surface 2,0,OUTER,0,19,1026.1253,642.3643
Gravel Surface 2,0,OUTER,0,20,1033.8840,632.2463
Gravel Surface 2,0,OUTER,0,21,1042.9781,620.2433
Gravel Surface 2,0,OUTER,0,22,1042.9321,620.1431
Gravel Surface 2,0,OUTER,0,23,1042.3555,619.0026
Gravel Surface 2,0,OUTER,0,24,1041.5919,617.8528
Gravel Surface 2,0,OUTER,0,25,1041.1135,617.2827
Gravel Surface 2,0,OUTER,0,26,1040.6395,616.7867
Gravel Surface 2,0,OUTER,0,27,1037.7548,614.4082
Gravel Surface 2,0,OUTER,0,28,1025.5899,604.7014
Gravel Surface 2,0,OUTER,0,29,1009.7769,592.0949
Gravel Surface 2,0,OUTER,0,30,993.9598,579.5295
Gravel Surface 2,0,OUTER,0,31,988.9556,575.5658
Gravel Surface 2,0,OUTER,0,32,978.1189,588.7712
Gravel Surface 2,0,OUTER,0,33,966.0475,603.9131
Gravel Surface 2,0,HOLE,0,0,1002.6001,618.0453
Gravel Surface 2,0,HOLE,0,1,1001.8242,617.3870
Gravel Surface 2,0,HOLE,0,2,1008.0347,610.1077
Gravel Surface 2,0,HOLE,0,3,1028.9870,628.3007
Gravel Surface 2,0,HOLE,0,4,1023.1242,635.4589
Gravel Surface 2,0,HOLE,1,0,985.3965,624.0928
Gravel Surface 2,0,HOLE,1,1,985.8496,623.3752
Gravel Surface 2,0,HOLE,1,2,991.1628,627.9369
Gravel Surface 2,0,HOLE,1,3,994.0425,630.1232
Gravel Surface 2,0,HOLE,1,4,997.2099,626.4857
Gravel Surface 2,0,HOLE,1,5,998.9123,627.9443
Gravel Surface 2,0,HOLE,1,6,1001.6396,624.8893
Gravel Surface 2,0,HOLE,1,7,1014.4214,635.9155
Gravel Surface 2,0,HOLE,1,8,1018.2722,639.8847
Gravel Surface 2,0,HOLE,1,9,1021.0155,642.0274
Gravel Surface 2,0,HOLE,1,10,1018.8915,644.6083
Gravel Surface 2,0,HOLE,1,11,1016.2280,642.4112
Gravel Surface 2,0,HOLE,1,12,1011.8176,639.0019
Gravel Surface 2,0,HOLE,1,13,1002.3934,650.0051
Gravel Surface 2,0,HOLE,1,14,987.7092,637.3962
Gravel Surface 2,0,HOLE,1,15,989.4287,635.4215
Gravel Surface 2,0,HOLE,1,16,982.3644,628.8949
Gravel Surface 2,0,HOLE,2,0,984.6037,667.4427
Gravel Surface 2,0,HOLE,2,1,975.3130,678.5069
Gravel Surface 2,0,HOLE,2,2,964.6708,669.6196
Gravel Surface 2,0,HOLE,2,3,974.0779,658.7379
Gravel Surface 2,0,HOLE,2,4,971.2713,656.3177
Gravel Surface 2,0,HOLE,2,5,965.8375,651.1344
Gravel Surface 2,0,HOLE,2,6,969.3138,645.5919
Gravel Surface 2,0,HOLE,2,7,975.1751,650.8201
Gravel Surface 2,0,HOLE,2,8,978.4081,653.0878
Gravel Surface 2,0,HOLE,2,9,978.7253,653.3620
Gravel Surface 2,0,HOLE,2,10,983.4472,647.9000
Gravel Surface 2,0,HOLE,2,11,987.9069,642.5752
Gravel Surface 2,0,HOLE,2,12,998.1948,651.1667
Gravel Surface 2,0,HOLE,2,13,988.8674,662.3652
Gravel Surface 2,0,HOLE,2,14,992.0077,664.4434
Gravel Surface 2,0,HOLE,2,15,998.4263,670.4302
Gravel Surface 2,0,HOLE,2,16,1001.0130,671.8782
Gravel Surface 2,0,HOLE,2,17,995.8449,677.8967
Gravel Surface 2,0,HOLE,2,18,992.9541,675.3634
Gravel Surface 2,0,HOLE,2,19,993.4614,674.7534
Gravel Surface 2,0,HOLE,2,20,987.9796,670.1946
Pavement Surface 1,0,OUTER,0,0,894.5654,780.9632
Pavement Surface 1,0,OUTER,0,1,892.0408,782.9320
Pavement Surface 1,0,OUTER,0,2,889.7688,784.7681
Pavement Surface 1,0,OUTER,0,3,888.0548,786.1860
Pavement Surface 1,0,OUTER,0,4,885.6159,788.2661
Pavement Surface 1,0,OUTER,0,5,884.4500,789.2828
Pavement Surface 1,0,OUTER,0,6,882.4029,791.1280
Pavement Surface 1,0,OUTER,0,7,880.2344,793.1220
Pavement Surface 1,0,OUTER,0,8,877.5965,795.6381
Pavement Surface 1,0,OUTER,0,9,875.3325,797.9036
Pavement Surface 1,0,OUTER,0,10,873.5426,799.7209
Pavement Surface 1,0,OUTER,0,11,870.8832,802.5337
Pavement Surface 1,0,OUTER,0,12,870.3185,803.1429
Pavement Surface 1,0,OUTER,0,13,867.1855,806.6462
Pavement Surface 1,0,OUTER,0,14,864.2286,810.1227
Pavement Surface 1,0,OUTER,0,15,864.0082,810.3913
Pavement Surface 1,0,OUTER,0,16,861.4630,813.5410
Pavement Surface 1,0,OUTER,0,17,860.9916,814.1329
Pavement Surface 1,0,OUTER,0,18,858.3256,817.6107
Pavement Surface 1,0,OUTER,0,19,856.9926,819.4402
Pavement Surface 1,0,OUTER,0,20,855.8525,821.0153
Pavement Surface 1,0,OUTER,0,21,854.9262,822.3052
Pavement Surface 1,0,OUTER,0,22,813.1039,881.9836
Pavement Surface 1,0,OUTER,0,23,926.0088,970.7572
Pavement Surface 1,0,OUTER,0,24,957.8866,927.5981
Pavement Surface 1,0,OUTER,0,25,1010.2509,861.6217
Pavement Surface 1,0,OUTER,0,26,1068.2495,788.0345
Pavement Surface 1,0,OUTER,0,27,1069.9878,786.0991
Pavement Surface 1,0,OUTER,0,28,1070.4094,778.2299
Pavement Surface 1,0,OUTER,0,29,1081.3023,764.4404
Pavement Surface 1,0,OUTER,0,30,1109.7714,786.6755
Pavement Surface 1,0,OUTER,0,31,1110.4941,787.1457
Pavement Surface 1,0,OUTER,0,32,1116.6151,792.2779
Pavement Surface 1,0,OUTER,0,33,1105.7137,806.0617
Pavement Surface 1,0,OUTER,0,34,1098.4231,808.4215
Pavement Surface 1,0,OUTER,0,35,1048.2425,871.9998
Pavement Surface 1,0,OUTER,0,36,980.4079,958.5934
Pavement Surface 1,0,OUTER,0,37,954.6277,993.2594
Pavement Surface 1,0,OUTER,0,38,967.2184,1003.1591
Pavement Surface 1,0,OUTER,0,39,1123.9635,803.9869
Pavement Surface 1,0,OUTER,0,40,1124.5976,803.0097
Pavement Surface 1,0,OUTER,0,41,1125.1223,802.0331
Pavement Surface 1,0,OUTER,0,42,1125.9986,799.1639
Pavement Surface 1,0,OUTER,0,43,1126.0382,796.6555
Pavement Surface 1,0,OUTER,0,44,1125.5953,794.6541
Pavement Surface 1,0,OUTER,0,45,1124.7749,792.8218
Pavement Surface 1,0,OUTER,0,46,1123.6575,791.2503
Pavement Surface 1,0,OUTER,0,47,1122.3445,789.9897
Pavement Surface 1,0,OUTER,0,48,1050.1140,732.3090
Pavement Surface 1,0,OUTER,0,49,1046.5937,729.7024
Pavement Surface 1,0,OUTER,0,50,1042.8141,727.3139
Pavement Surface 1,0,OUTER,0,51,1038.7943,725.1783
Pavement Surface 1,0,OUTER,0,52,1034.5593,723.3280
Pavement Surface 1,0,OUTER,0,53,1031.8396,722.3831
Pavement Surface 1,0,OUTER,0,54,1029.8324,721.7678
Pavement Surface 1,0,OUTER,0,55,1026.9443,720.9561
Pavement Surface 1,0,OUTER,0,56,1025.0709,720.5071
Pavement Surface 1,0,OUTER,0,57,1023.4225,720.2123
Pavement Surface 1,0,OUTER,0,58,1015.7233,719.2869
Pavement Surface 1,0,OUTER,0,59,1014.9711,719.2732
Pavement Surface 1,0,OUTER,0,60,1007.5401,719.4430
Pavement Surface 1,0,OUTER,0,61,1006.8764,719.4837
Pavement Surface 1,0,OUTER,0,62,999.3763,720.7319
Pavement Surface 1,0,OUTER,0,63,998.5711,720.9107
Pavement Surface 1,0,OUTER,0,64,983.3341,726.8988
Pavement Surface 1,0,OUTER,0,65,980.9047,728.2946
Pavement Surface 1,0,OUTER,0,66,912.5951,768.7386
Pavement Surface 1,0,OUTER,0,67,909.4429,770.6636
Pavement Surface 1,0,OUTER,0,68,909.4422,770.6640
Pavement Surface 1,0,OUTER,0,69,907.6016,771.8338
Pavement Surface 1,0,OUTER,0,70,907.5982,771.8360
Pavement Surface 1,0,OUTER,0,71,905.1089,773.4455
Pavement Surface 1,0,OUTER,0,72,903.8325,774.3051
Pavement Surface 1,0,OUTER,0,73,901.3724,775.9892
Pavement Surface 1,0,OUTER,0,74,898.3302,778.1532
Pavement Surface 1,0,HOLE,0,0,927.9591,832.5463
Pavement Surface 1,0,HOLE,0,1,911.7219,816.1600
Pavement Surface 1,0,HOLE,0,2,913.1988,790.7771
Pavement Surface 1,0,HOLE,0,3,926.4223,791.8584
Pavement Surface 1,0,HOLE,0,4,917.7864,782.4705
Pavement Surface 1,0,HOLE,0,5,933.4556,768.1463
Pavement Surface 1,0,HOLE,0,6,958.2164,796.0939
Pavement Surface 1,0,HOLE,0,7,947.5925,812.9166
Pavement Surface 10,0,OUTER,0,0,967.9738,308.8329
Pavement Surface 10,0,OUTER,0,1,969.9581,309.5105
Pavement Surface 10,0,OUTER,0,2,971.8989,310.2888
Pavement Surface 10,0,OUTER,0,3,973.7888,311.1638
Pavement Surface 10,0,OUTER,0,4,975.6206,312.1303
Pavement Surface 10,0,OUTER,0,5,977.3881,313.1829
Pavement Surface 10,0,OUTER,0,6,979.0857,314.3154
Pavement Surface 10,0,OUTER,0,7,980.7084,315.5214
Pavement Surface 10,0,OUTER,0,8,999.0564,329.8914
Pavement Surface 10,0,OUTER,0,9,1001.7261,332.1785
Pavement Surface 10,0,OUTER,0,10,1004.2593,334.7747
Pavement Surface 10,0,OUTER,0,11,1006.6074,337.6717
Pavement Surface 10,0,OUTER,0,12,1008.7214,340.8514
Pavement Surface 10,0,OUTER,0,13,1010.5546,344.2855
Pavement Surface 10,0,OUTER,0,14,1012.0648,347.9361
Pavement Surface 10,0,OUTER,0,15,1013.2170,351.7562
Pavement Surface 10,0,OUTER,0,16,1013.6505,353.7132
Pavement Surface 10,0,OUTER,0,17,1013.9858,355.6920
Pavement Surface 10,0,OUTER,0,18,1014.2214,357.6851
Pavement Surface 10,0,OUTER,0,19,1014.3566,359.6850
Pavement Surface 10,0,OUTER,0,20,1014.3269,363.6751
Pavement Surface 10,0,OUTER,0,21,1014.0073,366.6580
Pavement Surface 10,0,OUTER,0,22,1013.7565,368.3231
Pavement Surface 10,0,OUTER,0,23,1013.1462,371.2604
Pavement Surface 10,0,OUTER,0,24,1013.1142,371.4146
Pavement Surface 10,0,OUTER,0,25,1012.8239,372.3489
Pavement Surface 10,0,OUTER,0,26,1012.2816,374.0944
Pavement Surface 10,0,OUTER,0,27,1011.9813,375.0610
Pavement Surface 10,0,OUTER,0,28,1011.7413,375.6357
Pavement Surface 10,0,OUTER,0,29,1011.5183,376.2718
Pavement Surface 10,0,OUTER,0,30,1011.2831,376.7327
Pavement Surface 10,0,OUTER,0,31,1008.3851,382.4133
Pavement Surface 10,0,OUTER,0,32,1008.2386,382.7005
Pavement Surface 10,0,OUTER,0,33,1007.7489,383.3949
Pavement Surface 10,0,OUTER,0,34,1007.5911,383.6187
Pavement Surface 10,0,OUTER,0,35,1005.0201,387.2925
Pavement Surface 10,0,OUTER,0,36,1007.6145,383.6936
Pavement Surface 10,0,OUTER,0,37,1032.9307,348.3079
Pavement Surface 10,0,OUTER,0,38,1033.2951,347.7997
Pavement Surface 10,0,OUTER,0,39,1033.7246,347.3068
Pavement Surface 10,0,OUTER,0,40,1037.3540,343.1528
Pavement Surface 10,0,OUTER,0,41,1042.7323,338.7114
Pavement Surface 10,0,OUTER,0,42,1044.6035,337.5010
Pavement Surface 10,0,OUTER,0,43,1046.3775,336.4835
Pavement Surface 10,0,OUTER,0,44,1048.1987,335.5591
Pavement Surface 10,0,OUTER,0,45,1050.0692,334.7273
Pavement Surface 10,0,OUTER,0,46,1051.9532,334.0013
Pavement Surface 10,0,OUTER,0,47,1053.8712,333.3716
Pavement Surface 10,0,OUTER,0,48,1054.9174,333.0855
Pavement Surface 10,0,OUTER,0,49,1055.8060,332.8425
Pavement Surface 10,0,OUTER,0,50,1056.3889,332.7290
Pavement Surface 10,0,OUTER,0,51,1059.3336,332.1557
Pavement Surface 10,0,OUTER,0,52,1059.6950,332.0853
Pavement Surface 10,0,OUTER,0,53,1059.9567,332.0608
Pavement Surface 10,0,OUTER,0,54,1063.6399,331.7166
Pavement Surface 10,0,OUTER,0,55,1065.6453,331.6793
Pavement Surface 10,0,OUTER,0,56,1067.6775,331.7445
Pavement Surface 10,0,OUTER,0,57,1069.6972,331.9118
Pavement Surface 10,0,OUTER,0,58,1071.7043,332.1807
Pavement Surface 10,0,OUTER,0,59,1073.7122,332.5547
Pavement Surface 10,0,OUTER,0,60,1075.7226,333.0378
Pavement Surface 10,0,OUTER,0,61,1077.6927,333.6196
Pavement Surface 10,0,OUTER,0,62,1079.5965,334.2881
Pavement Surface 10,0,OUTER,0,63,1081.4752,335.0570
Pavement Surface 10,0,OUTER,0,64,1083.3116,335.9201
Pavement Surface 10,0,OUTER,0,65,1085.0929,336.8700
Pavement Surface 10,0,OUTER,0,66,1086.8130,337.9017
Pavement Surface 10,0,OUTER,0,67,1090.0494,340.1872
Pavement Surface 10,0,OUTER,0,68,1215.0346,438.0744
Pavement Surface 10,0,OUTER,0,69,1213.6297,436.7349
Pavement Surface 10,0,OUTER,0,70,1213.0605,435.9253
Pavement Surface 10,0,OUTER,0,71,1211.8932,433.7567
Pavement Surface 10,0,OUTER,0,72,1211.3788,431.8828
Pavement Surface 10,0,OUTER,0,73,1211.2506,430.4382
Pavement Surface 10,0,OUTER,0,74,1211.3125,428.9803
Pavement Surface 10,0,OUTER,0,75,1211.7467,427.0569
Pavement Surface 10,0,OUTER,0,76,1212.2848,425.6731
Pavement Surface 10,0,OUTER,0,77,1213.3277,424.0358
Pavement Surface 10,0,OUTER,0,78,1244.3965,384.3504
Pavement Surface 10,0,OUTER,0,79,1286.9649,327.1447
Pavement Surface 10,0,OUTER,0,80,1288.9449,323.6322
Pavement Surface 10,0,OUTER,0,81,1163.1863,230.0516
Pavement Surface 10,0,OUTER,0,82,1148.1978,248.4877
Pavement Surface 10,0,OUTER,0,83,1147.2322,249.5711
Pavement Surface 10,0,OUTER,0,84,1146.1901,250.5459
Pavement Surface 10,0,OUTER,0,85,1144.1524,252.0310
Pavement Surface 10,0,OUTER,0,86,1141.9243,253.1686
Pavement Surface 10,0,OUTER,0,87,1139.5546,253.9436
Pavement Surface 10,0,OUTER,0,88,1137.0890,254.3411
Pavement Surface 10,0,OUTER,0,89,1136.0966,254.3915
Pavement Surface 10,0,OUTER,0,90,1134.5916,254.3501
Pavement Surface 10,0,OUTER,0,91,1132.1232,253.9704
Pavement Surface 10,0,OUTER,0,92,1130.2958,253.4242
Pavement Surface 10,0,OUTER,0,93,1129.7660,253.2196
Pavement Surface 10,0,OUTER,0,94,1127.5118,252.0908
Pavement Surface 10,0,OUTER,0,95,1125.4812,250.6369
Pavement Surface 10,0,OUTER,0,96,1124.0884,249.3142
Pavement Surface 10,0,OUTER,0,97,1123.7016,248.8846
Pavement Surface 10,0,OUTER,0,98,1122.2164,246.8768
Pavement Surface 10,0,OUTER,0,99,1121.0586,244.6550
Pavement Surface 10,0,OUTER,0,100,1084.7263,159.3209
Pavement Surface 10,0,OUTER,0,101,1081.8703,156.0133
Pavement Surface 10,0,OUTER,0,102,1044.3380,133.1620
Pavement Surface 10,0,OUTER,0,103,1042.0140,136.4210
Pavement Surface 10,0,OUTER,0,104,1042.1840,136.5245
Pavement Surface 10,0,OUTER,0,105,1028.2561,158.4707
Pavement Surface 10,0,OUTER,0,106,1023.3749,166.1620
Pavement Surface 10,0,OUTER,0,107,1022.7090,167.2113
Pavement Surface 10,0,OUTER,0,108,1013.9631,180.9923
Pavement Surface 10,0,OUTER,0,109,920.8623,327.6978
Pavement Surface 10,0,OUTER,0,110,921.3764,326.9425
Pavement Surface 10,0,OUTER,0,111,921.9695,326.0352
Pavement Surface 10,0,OUTER,0,112,922.5625,325.1279
Pavement Surface 10,0,OUTER,0,113,923.7110,323.4641
Pavement Surface 10,0,OUTER,0,114,924.9541,321.8457
Pavement Surface 10,0,OUTER,0,115,926.2891,320.2805
Pavement Surface 10,0,OUTER,0,116,927.7127,318.7761
Pavement Surface 10,0,OUTER,0,117,929.2207,317.3399
Pavement Surface 10,0,OUTER,0,118,930.8080,315.9786
Pavement Surface 10,0,OUTER,0,119,932.4690,314.6988
Pavement Surface 10,0,OUTER,0,120,934.1972,313.5062
Pavement Surface 10,0,OUTER,0,121,935.9855,312.4059
Pavement Surface 10,0,OUTER,0,122,937.8266,311.4023
Pavement Surface 10,0,OUTER,0,123,939.7125,310.4989
Pavement Surface 10,0,OUTER,0,124,941.6350,309.6983
Pavement Surface 10,0,OUTER,0,125,943.5858,309.0025
Pavement Surface 10,0,OUTER,0,126,945.5565,308.4122
Pavement Surface 10,0,OUTER,0,127,947.5388,307.9275
Pavement Surface 10,0,OUTER,0,128,949.5245,307.5477
Pavement Surface 10,0,OUTER,0,129,951.5269,307.2686
Pavement Surface 10,0,OUTER,0,130,953.5597,307.0900
Pavement Surface 10,0,OUTER,0,131,955.6156,307.0150
Pavement Surface 10,0,OUTER,0,132,957.6865,307.0464
Pavement Surface 10,0,OUTER,0,133,959.7644,307.1860
Pavement Surface 10,0,OUTER,0,134,961.8406,307.4348
Pavement Surface 10,0,OUTER,0,135,963.9066,307.7929
Pavement Surface 10,0,OUTER,0,136,965.9539,308.2595
Pavement Surface 11,0,OUTER,0,0,159.2783,1551.2531
Pavement Surface 11,0,OUTER,0,1,159.1529,1551.6231
Pavement Surface 11,0,OUTER,0,2,156.9719,1558.1184
Pavement Surface 11,0,OUTER,0,3,153.3922,1568.8907
Pavement Surface 11,0,OUTER,0,4,129.4039,1641.5435
Pavement Surface 11,0,OUTER,0,5,129.3643,1641.6579
Pavement Surface 11,0,OUTER,0,6,129.3674,1641.6589
Pavement Surface 11,0,OUTER,0,7,129.1410,1642.3400
Pavement Surface 11,0,OUTER,0,8,120.2264,1669.3394
Pavement Surface 11,0,OUTER,0,9,119.9608,1670.1460
Pavement Surface 11,0,OUTER,0,10,119.9577,1670.1450
Pavement Surface 11,0,OUTER,0,11,119.8853,1670.3723
Pavement Surface 11,0,OUTER,0,12,117.5485,1677.4500
Pavement Surface 11,0,OUTER,0,13,117.4533,1677.7399
Pavement Surface 11,0,OUTER,0,14,117.4501,1677.7389
Pavement Surface 11,0,OUTER,0,15,117.4157,1677.8522
Pavement Surface 11,0,OUTER,0,16,116.8841,1679.4622
Pavement Surface 11,0,OUTER,0,17,116.8253,1679.6417
Pavement Surface 11,0,OUTER,0,18,116.8222,1679.6407
Pavement Surface 11,0,OUTER,0,19,116.7486,1679.8725
Pavement Surface 11,0,OUTER,0,20,110.5511,1698.6320
Pavement Surface 11,0,OUTER,0,21,113.7729,1699.3286
Pavement Surface 11,0,OUTER,0,22,116.1725,1691.7032
Pavement Surface 11,0,OUTER,0,23,120.1442,1679.4140
Pavement Surface 11,0,OUTER,0,24,124.9179,1664.8706
Pavement Surface 11,0,OUTER,0,25,127.9488,1655.7601
Pavement Surface 11,0,OUTER,0,26,130.7438,1647.4366
Pavement Surface 11,0,OUTER,0,27,135.7551,1632.7136
Pavement Surface 11,0,OUTER,0,28,141.6856,1615.6077
Pavement Surface 11,0,OUTER,0,29,143.0678,1611.7004
Pavement Surface 11,0,OUTER,0,30,159.3258,1566.5017
Pavement Surface 11,0,OUTER,0,31,184.0952,1501.6347
Pavement Surface 11,0,OUTER,0,32,183.7164,1499.6577
Pavement Surface 11,0,OUTER,0,33,189.6304,1482.3432
Pavement Surface 11,0,OUTER,0,34,210.3893,1432.0228
Pavement Surface 11,0,OUTER,0,35,227.8800,1389.1043
Pavement Surface 11,0,OUTER,0,36,247.4171,1341.5877
Pavement Surface 11,0,OUTER,0,37,274.4341,1279.3798
Pavement Surface 11,0,OUTER,0,38,284.5799,1256.8783
Pavement Surface 11,0,OUTER,0,39,290.3908,1244.1602
Pavement Surface 11,0,OUTER,0,40,292.4555,1239.8245
Pavement Surface 11,0,OUTER,0,41,292.6131,1239.5423
Pavement Surface 11,0,OUTER,0,42,293.8122,1236.9254
Pavement Surface 11,0,OUTER,0,43,303.0470,1217.1930
Pavement Surface 11,0,OUTER,0,44,307.8931,1207.0250
Pavement Surface 11,0,OUTER,0,45,311.3854,1199.7675
Pavement Surface 11,0,OUTER,0,46,330.9197,1160.0173
Pavement Surface 11,0,OUTER,0,47,360.9249,1101.5909
Pavement Surface 11,0,OUTER,0,48,364.3615,1095.0955
Pavement Surface 11,0,OUTER,0,49,388.5172,1050.4431
Pavement Surface 11,0,OUTER,0,50,389.6907,1051.1124
Pavement Surface 11,0,OUTER,0,51,391.4428,1047.1487
Pavement Surface 11,0,OUTER,0,52,392.6882,1044.1877
Pavement Surface 11,0,OUTER,0,53,407.7299,1018.0322
Pavement Surface 11,0,OUTER,0,54,404.8726,1016.3890
Pavement Surface 11,0,OUTER,0,55,414.6255,999.4301
Pavement Surface 11,0,OUTER,0,56,417.4489,1001.0539
Pavement Surface 11,0,OUTER,0,57,418.9693,1001.9063
Pavement Surface 11,0,OUTER,0,58,424.4193,992.4320
Pavement Surface 11,0,OUTER,0,59,425.7186,990.2248
Pavement Surface 11,0,OUTER,0,60,428.5947,985.1734
Pavement Surface 11,0,OUTER,0,61,480.9222,894.2061
Pavement Surface 11,0,OUTER,0,62,510.0405,910.9516
Pavement Surface 11,0,OUTER,0,63,509.4392,911.9646
Pavement Surface 11,0,OUTER,0,64,515.4403,915.4158
Pavement Surface 11,0,OUTER,0,65,519.5159,908.0949
Pavement Surface 11,0,OUTER,0,66,523.9468,910.6537
Pavement Surface 11,0,OUTER,0,67,534.5210,892.2667
Pavement Surface 11,0,OUTER,0,68,552.5009,902.6064
Pavement Surface 11,0,OUTER,0,69,554.9290,898.2349
Pavement Surface 11,0,OUTER,0,70,561.3521,901.9288
Pavement Surface 11,0,OUTER,0,71,567.8813,890.6753
Pavement Surface 11,0,OUTER,0,72,583.2995,899.5598
Pavement Surface 11,0,OUTER,0,73,596.5561,876.5083
Pavement Surface 11,0,OUTER,0,74,598.6970,877.7395
Pavement Surface 11,0,OUTER,0,75,602.3907,871.3166
Pavement Surface 11,0,OUTER,0,76,606.7251,873.8093
Pavement Surface 11,0,OUTER,0,77,603.0314,880.2322
Pavement Surface 11,0,OUTER,0,78,604.9592,881.3409
Pavement Surface 11,0,OUTER,0,79,606.2774,879.0488
Pavement Surface 11,0,OUTER,0,80,628.3976,891.7621
Pavement Surface 11,0,OUTER,0,81,625.8409,896.3465
Pavement Surface 11,0,OUTER,0,82,630.1034,898.7978
Pavement Surface 11,0,OUTER,0,83,624.6447,908.2896
Pavement Surface 11,0,OUTER,0,84,618.3038,904.7190
Pavement Surface 11,0,OUTER,0,85,603.3998,930.6351
Pavement Surface 11,0,OUTER,0,86,605.2638,931.6798
Pavement Surface 11,0,OUTER,0,87,606.0086,932.1163
Pavement Surface 11,0,OUTER,0,88,591.9331,956.5919
Pavement Surface 11,0,OUTER,0,89,585.0701,952.6450
Pavement Surface 11,0,OUTER,0,90,574.7573,970.5777
Pavement Surface 11,0,OUTER,0,91,572.5993,974.2114
Pavement Surface 11,0,OUTER,0,92,572.6507,974.2408
Pavement Surface 11,0,OUTER,0,93,547.6405,1017.7302
Pavement Surface 11,0,OUTER,0,94,541.0686,1013.9508
Pavement Surface 11,0,OUTER,0,95,526.9318,1038.5329
Pavement Surface 11,0,OUTER,0,96,513.9987,1031.0953
Pavement Surface 11,0,OUTER,0,97,502.5761,1050.9577
Pavement Surface 11,0,OUTER,0,98,512.1298,1056.4519
Pavement Surface 11,0,OUTER,0,99,504.5774,1069.5956
Pavement Surface 11,0,OUTER,0,100,500.2430,1067.1030
Pavement Surface 11,0,OUTER,0,101,488.2530,1087.9520
Pavement Surface 11,0,OUTER,0,102,476.8113,1081.3730
Pavement Surface 11,0,OUTER,0,103,471.9743,1089.7840
Pavement Surface 11,0,OUTER,0,104,473.4864,1090.7026
Pavement Surface 11,0,OUTER,0,105,470.0237,1097.2023
Pavement Surface 11,0,OUTER,0,106,471.2257,1097.8585
Pavement Surface 11,0,OUTER,0,107,464.2227,1110.9284
Pavement Surface 11,0,OUTER,0,108,451.0648,1135.8790
Pavement Surface 11,0,OUTER,0,109,435.8346,1164.9640
Pavement Surface 11,0,OUTER,0,110,423.5017,1188.6561
Pavement Surface 11,0,OUTER,0,111,401.4681,1230.4460
Pavement Surface 11,0,OUTER,0,112,397.7392,1237.6635
Pavement Surface 11,0,OUTER,0,113,389.9184,1253.0686
Pavement Surface 11,0,OUTER,0,114,368.0345,1297.1023
Pavement Surface 11,0,OUTER,0,115,359.5635,1314.6146
Pavement Surface 11,0,OUTER,0,116,353.2387,1328.0038
Pavement Surface 11,0,OUTER,0,117,345.8767,1343.6828
Pavement Surface 11,0,OUTER,0,118,331.4376,1375.3062
Pavement Surface 11,0,OUTER,0,119,323.9374,1391.9842
Pavement Surface 11,0,OUTER,0,120,320.1522,1400.5563
Pavement Surface 11,0,OUTER,0,121,311.2444,1421.1411
Pavement Surface 11,0,OUTER,0,122,294.1517,1461.5380
Pavement Surface 11,0,OUTER,0,123,289.0275,1474.0875
Pavement Surface 11,0,OUTER,0,124,283.1550,1488.5308
Pavement Surface 11,0,OUTER,0,125,273.1433,1513.7811
Pavement Surface 11,0,OUTER,0,126,264.9906,1532.0639
Pavement Surface 11,0,OUTER,0,127,231.3518,1624.3340
Pavement Surface 11,0,OUTER,0,128,203.9312,1718.2051
Pavement Surface 11,0,OUTER,0,129,202.0460,1724.7463
Pavement Surface 11,0,OUTER,0,130,204.2253,1725.0010
Pavement Surface 11,0,OUTER,0,131,233.0852,1634.4843
Pavement Surface 11,0,OUTER,0,132,235.5547,1626.8126
Pavement Surface 11,0,OUTER,0,133,237.7561,1620.0413
Pavement Surface 11,0,OUTER,0,134,241.8806,1607.5862
Pavement Surface 11,0,OUTER,0,135,244.0158,1601.2418
Pavement Surface 11,0,OUTER,0,136,247.2439,1591.7772
Pavement Surface 11,0,OUTER,0,137,250.5187,1582.3286
Pavement Surface 11,0,OUTER,0,138,254.1772,1571.9452
Pavement Surface 11,0,OUTER,0,139,257.2081,1563.4805
Pavement Surface 11,0,OUTER,0,140,260.6225,1554.0815
Pavement Surface 11,0,OUTER,0,141,263.7637,1545.5560
Pavement Surface 11,0,OUTER,0,142,267.5906,1535.3347
Pavement Surface 11,0,OUTER,0,143,270.9029,1526.6168
Pavement Surface 11,0,OUTER,0,144,274.5425,1517.1741
Pavement Surface 11,0,OUTER,0,145,278.3891,1507.3459
Pavement Surface 11,0,OUTER,0,146,282.7272,1496.4304
Pavement Surface 11,0,OUTER,0,147,285.8181,1488.7769
Pavement Surface 11,0,OUTER,0,148,290.3519,1477.6814
Pavement Surface 11,0,OUTER,0,149,292.2882,1473.0066
Pavement Surface 11,0,OUTER,0,150,296.1959,1463.6714
Pavement Surface 11,0,OUTER,0,151,298.1672,1459.0112
Pavement Surface 11,0,OUTER,0,152,301.1508,1452.0232
Pavement Surface 11,0,OUTER,0,153,306.1688,1440.4200
Pavement Surface 11,0,OUTER,0,154,309.0009,1433.9600
Pavement Surface 11,0,OUTER,0,155,312.2918,1426.5297
Pavement Surface 11,0,OUTER,0,156,316.5043,1417.1356
Pavement Surface 11,0,OUTER,0,157,321.8721,1405.3564
Pavement Surface 11,0,OUTER,0,158,324.8494,1398.8887
Pavement Surface 11,0,OUTER,0,159,330.1635,1387.5134
Pavement Surface 11,0,OUTER,0,160,333.4509,1380.5673
Pavement Surface 11,0,OUTER,0,161,339.1263,1368.7426
Pavement Surface 11,0,OUTER,0,162,342.9055,1360.9754
Pavement Surface 11,0,OUTER,0,163,347.3194,1352.0023
Pavement Surface 11,0,OUTER,0,164,351.7776,1343.0511
Pavement Surface 11,0,OUTER,0,165,357.1170,1332.4767
Pavement Surface 11,0,OUTER,0,166,361.8623,1323.2012
Pavement Surface 11,0,OUTER,0,167,364.9896,1317.1391
Pavement Surface 11,0,OUTER,0,168,369.6757,1308.1694
Pavement Surface 11,0,OUTER,0,169,373.4412,1301.0431
Pavement Surface 11,0,OUTER,0,170,379.1821,1290.3009
Pavement Surface 11,0,OUTER,0,171,384.0022,1281.4025
Pavement Surface 11,0,OUTER,0,172,386.4289,1276.9624
Pavement Surface 11,0,OUTER,0,173,390.7567,1269.1085
Pavement Surface 11,0,OUTER,0,174,396.2465,1259.2629
Pavement Surface 11,0,OUTER,0,175,401.2216,1250.4502
Pavement Surface 11,0,OUTER,0,176,404.1101,1245.3804
Pavement Surface 11,0,OUTER,0,177,408.7666,1237.2781
Pavement Surface 11,0,OUTER,0,178,419.3391,1219.1998
Pavement Surface 11,0,OUTER,0,179,424.1521,1211.1054
Pavement Surface 11,0,OUTER,0,180,429.3676,1202.4329
Pavement Surface 11,0,OUTER,0,181,434.7482,1193.5887
Pavement Surface 11,0,OUTER,0,182,439.4681,1185.9236
Pavement Surface 11,0,OUTER,0,183,444.7457,1177.4297
Pavement Surface 11,0,OUTER,0,184,449.1767,1170.3700
Pavement Surface 11,0,OUTER,0,185,455.4266,1160.5207
Pavement Surface 11,0,OUTER,0,186,460.8295,1152.1059
Pavement Surface 11,0,OUTER,0,187,466.2740,1143.7180
Pavement Surface 11,0,OUTER,0,188,472.5593,1134.1460
Pavement Surface 11,0,OUTER,0,189,477.2226,1127.1207
Pavement Surface 11,0,OUTER,0,190,481.0633,1121.3823
Pavement Surface 11,0,OUTER,0,191,488.4642,1110.4383
Pavement Surface 11,0,OUTER,0,192,494.1162,1102.1815
Pavement Surface 11,0,OUTER,0,193,499.2382,1094.7795
Pavement Surface 11,0,OUTER,0,194,505.5361,1085.7698
Pavement Surface 11,0,OUTER,0,195,511.5336,1077.2834
Pavement Surface 11,0,OUTER,0,196,525.2616,1058.0770
Pavement Surface 11,0,OUTER,0,197,525.3869,1057.9020
Pavement Surface 11,0,OUTER,0,198,525.5330,1057.6976
Pavement Surface 11,0,OUTER,0,199,632.0628,908.7566
Pavement Surface 11,0,OUTER,0,200,638.7733,898.0140
Pavement Surface 11,0,OUTER,0,201,651.6352,875.7343
Pavement Surface 11,0,OUTER,0,202,650.4162,874.5134
Pavement Surface 11,0,OUTER,0,203,646.7544,872.3588
Pavement Surface 11,0,OUTER,0,204,632.4901,864.1547
Pavement Surface 11,0,OUTER,0,205,662.9020,811.2766
Pavement Surface 11,0,OUTER,0,206,686.0742,824.6211
Pavement Surface 11,0,OUTER,0,207,687.2092,825.1251
Pavement Surface 11,0,OUTER,0,208,687.8361,825.3417
Pavement Surface 11,0,OUTER,0,209,688.1192,825.3826
Pavement Surface 11,0,OUTER,0,210,704.1740,807.9323
Pavement Surface 11,0,OUTER,0,211,704.5807,807.3341
Pavement Surface 11,0,OUTER,0,212,705.5172,805.9576
Pavement Surface 11,0,OUTER,0,213,706.7070,804.0149
Pavement Surface 11,0,OUTER,0,214,707.9049,802.0054
Pavement Surface 11,0,OUTER,0,215,709.5291,798.7462
Pavement Surface 11,0,OUTER,0,216,710.1859,797.2563
Pavement Surface 11,0,OUTER,0,217,710.9881,795.3335
Pavement Surface 11,0,OUTER,0,218,711.7795,793.2463
Pavement Surface 11,0,OUTER,0,219,712.6209,790.7031
Pavement Surface 11,0,OUTER,0,220,713.1407,788.8295
Pavement Surface 11,0,OUTER,0,221,713.6319,786.8704
Pavement Surface 11,0,OUTER,0,222,714.1203,784.6199
Pavement Surface 11,0,OUTER,0,223,714.4021,782.9924
Pavement Surface 11,0,OUTER,0,224,714.7725,780.3675
Pavement Surface 11,0,OUTER,0,225,714.9386,779.0049
Pavement Surface 11,0,OUTER,0,226,715.0750,777.0778
Pavement Surface 11,0,OUTER,0,227,715.1771,774.7750
Pavement Surface 11,0,OUTER,0,228,715.2021,773.5142
Pavement Surface 11,0,OUTER,0,229,715.1689,771.4681
Pavement Surface 11,0,OUTER,0,230,715.1179,769.8383
Pavement Surface 11,0,OUTER,0,231,714.9794,768.1644
Pavement Surface 11,0,OUTER,0,232,714.7806,766.1512
Pavement Surface 11,0,OUTER,0,233,714.4749,763.8827
Pavement Surface 11,0,OUTER,0,234,714.0677,761.6633
Pavement Surface 11,0,OUTER,0,235,713.6300,759.6302
Pavement Surface 11,0,OUTER,0,236,713.3954,758.6581
Pavement Surface 11,0,OUTER,0,237,712.8563,756.6581
Pavement Surface 11,0,OUTER,0,238,711.9727,753.8459
Pavement Surface 11,0,OUTER,0,239,711.3355,752.0398
Pavement Surface 11,0,OUTER,0,240,710.9298,751.0265
Pavement Surface 11,0,OUTER,0,241,709.9072,748.6030
Pavement Surface 11,0,OUTER,0,242,708.8231,746.3036
Pavement Surface 11,0,OUTER,0,243,707.2949,743.4675
Pavement Surface 11,0,OUTER,0,244,706.2653,741.7526
Pavement Surface 11,0,OUTER,0,245,705.0341,739.8463
Pavement Surface 11,0,OUTER,0,246,703.7316,737.9754
Pavement Surface 11,0,OUTER,0,247,702.5393,736.3697
Pavement Surface 11,0,OUTER,0,248,700.4468,733.8405
Pavement Surface 11,0,OUTER,0,249,699.1499,732.4044
Pavement Surface 11,0,OUTER,0,250,697.5142,730.7192
Pavement Surface 11,0,OUTER,0,251,695.7840,729.0669
Pavement Surface 11,0,OUTER,0,252,694.7823,728.1467
Pavement Surface 11,0,OUTER,0,253,693.5218,727.0902
Pavement Surface 11,0,OUTER,0,254,692.1803,726.0047
Pavement Surface 11,0,OUTER,0,255,690.5938,724.7884
Pavement Surface 11,0,OUTER,0,256,690.7388,724.5671
Pavement Surface 11,0,OUTER,0,257,690.7380,724.5662
Pavement Surface 11,0,OUTER,0,258,689.9952,724.0140
Pavement Surface 11,0,OUTER,0,259,675.5510,713.8079
Pavement Surface 11,0,OUTER,0,260,675.2752,713.6459
Pavement Surface 11,0,OUTER,0,261,675.0651,713.5211
Pavement Surface 11,0,OUTER,0,262,672.6897,712.1104
Pavement Surface 11,0,OUTER,0,263,669.7640,710.5337
Pavement Surface 11,0,OUTER,0,264,668.0314,709.6736
Pavement Surface 11,0,OUTER,0,265,665.2503,708.3960
Pavement Surface 11,0,OUTER,0,266,660.6072,706.5430
Pavement Surface 11,0,OUTER,0,267,655.8412,704.9798
Pavement Surface 11,0,OUTER,0,268,651.0181,703.7255
Pavement Surface 11,0,OUTER,0,269,646.1069,702.7707
Pavement Surface 11,0,OUTER,0,270,641.1545,702.1263
Pavement Surface 11,0,OUTER,0,271,636.1665,701.7926
Pavement Surface 11,0,OUTER,0,272,631.1550,701.7726
Pavement Surface 11,0,OUTER,0,273,626.1639,702.0651
Pavement Surface 11,0,OUTER,0,274,621.2032,702.6683
Pavement Surface 11,0,OUTER,0,275,616.3928,703.5613
Pavement Surface 11,0,OUTER,0,276,613.7888,704.1691
Pavement Surface 11,0,OUTER,0,277,611.4409,704.7997
Pavement Surface 11,0,OUTER,0,278,606.6874,706.3155
Pavement Surface 11,0,OUTER,0,279,602.0239,708.1315
Pavement Surface 11,0,OUTER,0,280,597.4837,710.2357
Pavement Surface 11,0,OUTER,0,281,593.0901,712.6166
Pavement Surface 11,0,OUTER,0,282,589.2749,714.9867
Pavement Surface 11,0,OUTER,0,283,588.8513,715.2689
Pavement Surface 11,0,OUTER,0,284,584.7937,718.1758
Pavement Surface 11,0,OUTER,0,285,580.9214,721.3347
Pavement Surface 11,0,OUTER,0,286,577.2513,724.7313
Pavement Surface 11,0,OUTER,0,287,576.8263,725.1771
Pavement Surface 11,0,OUTER,0,288,574.8512,727.2698
Pavement Surface 11,0,OUTER,0,289,573.9481,728.1967
Pavement Surface 11,0,OUTER,0,290,573.7043,728.4663
Pavement Surface 11,0,OUTER,0,291,573.1338,729.1622
Pavement Surface 11,0,OUTER,0,292,572.8613,729.4695
Pavement Surface 11,0,OUTER,0,293,571.5383,731.0441
Pavement Surface 11,0,OUTER,0,294,570.5998,732.1904
Pavement Surface 11,0,OUTER,0,295,569.8582,733.1626
Pavement Surface 11,0,OUTER,0,296,568.2652,735.3356
Pavement Surface 11,0,OUTER,0,297,567.2056,736.8329
Pavement Surface 11,0,OUTER,0,298,567.1437,736.9229
Pavement Surface 11,0,OUTER,0,299,565.0077,740.2182
Pavement Surface 11,0,OUTER,0,300,562.7531,743.9836
Pavement Surface 11,0,OUTER,0,301,562.0709,745.1261
Pavement Surface 11,0,OUTER,0,302,562.0680,745.1244
Pavement Surface 11,0,OUTER,0,303,562.0288,745.1963
Pavement Surface 11,0,OUTER,0,304,557.6134,752.5702
Pavement Surface 11,0,OUTER,0,305,557.6105,752.5685
Pavement Surface 11,0,OUTER,0,306,557.5813,752.6234
Pavement Surface 11,0,OUTER,0,307,556.6676,754.1493
Pavement Surface 11,0,OUTER,0,308,552.4761,761.1497
Pavement Surface 11,0,OUTER,0,309,552.4732,761.1480
Pavement Surface 11,0,OUTER,0,310,552.4173,761.2472
Pavement Surface 11,0,OUTER,0,311,544.7006,774.1339
Pavement Surface 11,0,OUTER,0,312,542.2014,778.3086
Pavement Surface 11,0,OUTER,0,313,542.1985,778.3069
Pavement Surface 11,0,OUTER,0,314,542.0928,778.4889
Pavement Surface 11,0,OUTER,0,315,454.3218,925.0644
Pavement Surface 11,0,OUTER,0,316,454.1837,925.2937
Pavement Surface 11,0,OUTER,0,317,454.1866,925.2954
Pavement Surface 11,0,OUTER,0,318,453.5933,926.2809
Pavement Surface 11,0,OUTER,0,319,428.3717,968.4004
Pavement Surface 11,0,OUTER,0,320,424.0499,975.6414
Pavement Surface 11,0,OUTER,0,321,418.9446,984.2401
Pavement Surface 11,0,OUTER,0,322,412.8437,994.6103
Pavement Surface 11,0,OUTER,0,323,404.6976,1008.6115
Pavement Surface 11,0,OUTER,0,324,400.6634,1015.6051
Pavement Surface 11,0,OUTER,0,325,395.7185,1024.2414
Pavement Surface 11,0,OUTER,0,326,391.8138,1031.1166
Pavement Surface 11,0,OUTER,0,327,386.4195,1040.6645
Pavement Surface 11,0,OUTER,0,328,380.2866,1051.6303
Pavement Surface 11,0,OUTER,0,329,378.6616,1054.5653
Pavement Surface 11,0,OUTER,0,330,378.6210,1054.6327
Pavement Surface 11,0,OUTER,0,331,378.6239,1054.6343
Pavement Surface 11,0,OUTER,0,332,376.3962,1058.6567
Pavement Surface 11,0,OUTER,0,333,373.7905,1063.3657
Pavement Surface 11,0,OUTER,0,334,366.6017,1076.4968
Pavement Surface 11,0,OUTER,0,335,359.6026,1089.4347
Pavement Surface 11,0,OUTER,0,336,352.4225,1102.8663
Pavement Surface 11,0,OUTER,0,337,345.8943,1115.2325
Pavement Surface 11,0,OUTER,0,338,345.7956,1115.4143
Pavement Surface 11,0,OUTER,0,339,345.5036,1115.9672
Pavement Surface 11,0,OUTER,0,340,345.4320,1116.1040
Pavement Surface 11,0,OUTER,0,341,345.4350,1116.1055
Pavement Surface 11,0,OUTER,0,342,345.3473,1116.2662
Pavement Surface 11,0,OUTER,0,343,340.8388,1124.8955
Pavement Surface 11,0,OUTER,0,344,340.8096,1124.9489
Pavement Surface 11,0,OUTER,0,345,340.8126,1124.9504
Pavement Surface 11,0,OUTER,0,346,340.2704,1125.9947
Pavement Surface 11,0,OUTER,0,347,338.1020,1130.1598
Pavement Surface 11,0,OUTER,0,348,334.4024,1137.3261
Pavement Surface 11,0,OUTER,0,349,330.2582,1145.4250
Pavement Surface 11,0,OUTER,0,350,328.8948,1148.0967
Pavement Surface 11,0,OUTER,0,351,327.5256,1150.7652
Pavement Surface 11,0,OUTER,0,352,320.3683,1164.9368
Pavement Surface 11,0,OUTER,0,353,316.7484,1172.1981
Pavement Surface 11,0,OUTER,0,354,315.4053,1174.8966
Pavement Surface 11,0,OUTER,0,355,311.4758,1182.8091
Pavement Surface 11,0,OUTER,0,356,307.1986,1191.5365
Pavement Surface 11,0,OUTER,0,357,306.9615,1192.0028
Pavement Surface 11,0,OUTER,0,358,304.7472,1196.5343
Pavement Surface 11,0,OUTER,0,359,300.7437,1204.7917
Pavement Surface 11,0,OUTER,0,360,300.5349,1205.2296
Pavement Surface 11,0,OUTER,0,361,300.5319,1205.2282
Pavement Surface 11,0,OUTER,0,362,300.4815,1205.3372
Pavement Surface 11,0,OUTER,0,363,294.7901,1217.1772
Pavement Surface 11,0,OUTER,0,364,292.0540,1222.9299
Pavement Surface 11,0,OUTER,0,365,291.9126,1223.2312
Pavement Surface 11,0,OUTER,0,366,291.9096,1223.2298
Pavement Surface 11,0,OUTER,0,367,291.8408,1223.3792
Pavement Surface 11,0,OUTER,0,368,289.5926,1228.1161
Pavement Surface 11,0,OUTER,0,369,285.6278,1236.5386
Pavement Surface 11,0,OUTER,0,370,285.5110,1236.7883
Pavement Surface 11,0,OUTER,0,371,284.0561,1239.9079
Pavement Surface 11,0,OUTER,0,372,283.7090,1240.6496
Pavement Surface 11,0,OUTER,0,373,283.7060,1240.6482
Pavement Surface 11,0,OUTER,0,374,283.6221,1240.8306
Pavement Surface 11,0,OUTER,0,375,283.5087,1241.0718
Pavement Surface 11,0,OUTER,0,376,283.4063,1241.2879
Pavement Surface 11,0,OUTER,0,377,283.4093,1241.2893
Pavement Surface 11,0,OUTER,0,378,283.2039,1241.7200
Pavement Surface 11,0,OUTER,0,379,279.4880,1249.7151
Pavement Surface 11,0,OUTER,0,380,275.3019,1258.7968
Pavement Surface 11,0,OUTER,0,381,268.9793,1272.6668
Pavement Surface 11,0,OUTER,0,382,264.8638,1281.8024
Pavement Surface 11,0,OUTER,0,383,264.6448,1282.2882
Pavement Surface 11,0,OUTER,0,384,258.8613,1295.2617
Pavement Surface 11,0,OUTER,0,385,255.9813,1301.7860
Pavement Surface 11,0,OUTER,0,386,252.6849,1309.3093
Pavement Surface 11,0,OUTER,0,387,252.5492,1309.6190
Pavement Surface 11,0,OUTER,0,388,248.6208,1318.6548
Pavement Surface 11,0,OUTER,0,389,244.9130,1327.2717
Pavement Surface 11,0,OUTER,0,390,244.5225,1328.1786
Pavement Surface 11,0,OUTER,0,391,240.8355,1336.8119
Pavement Surface 11,0,OUTER,0,392,239.1584,1340.7800
Pavement Surface 11,0,OUTER,0,393,239.0029,1341.1484
Pavement Surface 11,0,OUTER,0,394,238.9998,1341.1471
Pavement Surface 11,0,OUTER,0,395,238.9056,1341.3734
Pavement Surface 11,0,OUTER,0,396,238.8098,1341.5949
Pavement Surface 11,0,OUTER,0,397,238.8129,1341.5962
Pavement Surface 11,0,OUTER,0,398,238.4255,1342.5006
Pavement Surface 11,0,OUTER,0,399,235.0288,1350.5792
Pavement Surface 11,0,OUTER,0,400,234.9379,1350.7932
Pavement Surface 11,0,OUTER,0,401,234.9410,1350.7945
Pavement Surface 11,0,OUTER,0,402,234.5393,1351.7433
Pavement Surface 11,0,OUTER,0,403,230.6839,1360.9994
Pavement Surface 11,0,OUTER,0,404,226.8594,1370.2685
Pavement Surface 11,0,OUTER,0,405,223.6870,1378.0363
Pavement Surface 11,0,OUTER,0,406,223.6628,1378.0897
Pavement Surface 11,0,OUTER,0,407,223.6659,1378.0909
Pavement Surface 11,0,OUTER,0,408,223.5792,1378.2991
Pavement Surface 11,0,OUTER,0,409,219.8080,1387.6014
Pavement Surface 11,0,OUTER,0,410,219.7606,1387.7153
Pavement Surface 11,0,OUTER,0,411,219.7636,1387.7165
Pavement Surface 11,0,OUTER,0,412,219.5138,1388.3315
Pavement Surface 11,0,OUTER,0,413,217.8966,1392.3440
Pavement Surface 11,0,OUTER,0,414,213.5886,1403.1398
Pavement Surface 11,0,OUTER,0,415,210.0320,1412.1433
Pavement Surface 11,0,OUTER,0,416,207.0405,1419.7906
Pavement Surface 11,0,OUTER,0,417,206.7588,1420.5100
Pavement Surface 11,0,OUTER,0,418,204.6472,1425.9384
Pavement Surface 11,0,OUTER,0,419,199.3022,1439.8366
Pavement Surface 11,0,OUTER,0,420,196.6030,1446.9639
Pavement Surface 11,0,OUTER,0,421,195.8919,1448.8432
Pavement Surface 11,0,OUTER,0,422,193.7528,1454.4892
Pavement Surface 11,0,OUTER,0,423,189.9881,1464.5634
Pavement Surface 11,0,OUTER,0,424,185.2070,1477.5213
Pavement Surface 11,0,OUTER,0,425,180.5952,1490.2071
Pavement Surface 11,0,OUTER,0,426,180.5747,1490.2570
Pavement Surface 11,0,OUTER,0,427,180.5778,1490.2581
Pavement Surface 11,0,OUTER,0,428,180.0072,1491.8228
Pavement Surface 11,0,OUTER,0,429,177.2445,1499.5177
Pavement Surface 11,0,OUTER,0,430,177.1979,1499.6483
Pavement Surface 11,0,OUTER,0,431,173.3643,1510.4337
Pavement Surface 11,0,OUTER,0,432,170.5806,1518.3666
Pavement Surface 11,0,OUTER,0,433,170.5472,1518.4540
Pavement Surface 11,0,OUTER,0,434,166.7546,1529.3481
Pavement Surface 11,0,OUTER,0,435,164.0217,1537.2936
Pavement Surface 11,0,HOLE,0,0,625.7888,809.2257
Pavement Surface 11,0,HOLE,0,1,625.1170,809.0210
Pavement Surface 11,0,HOLE,0,2,624.4533,808.7917
Pavement Surface 11,0,HOLE,0,3,623.7985,808.5381
Pavement Surface 11,0,HOLE,0,4,623.1536,808.2604
Pavement Surface 11,0,HOLE,0,5,622.5193,807.9591
Pavement Surface 11,0,HOLE,0,6,621.8984,807.6354
Pavement Surface 11,0,HOLE,0,7,621.3061,807.2984
Pavement Surface 11,0,HOLE,0,8,620.6898,806.9178
Pavement Surface 11,0,HOLE,0,9,620.1064,806.5260
Pavement Surface 11,0,HOLE,0,10,619.5383,806.1133
Pavement Surface 11,0,HOLE,0,11,618.9858,805.6798
Pavement Surface 11,0,HOLE,0,12,618.4498,805.2263
Pavement Surface 11,0,HOLE,0,13,617.9309,804.7532
Pavement Surface 11,0,HOLE,0,14,617.4298,804.2613
Pavement Surface 11,0,HOLE,0,15,616.9472,803.7512
Pavement Surface 11,0,HOLE,0,16,616.4065,803.1288
Pavement Surface 11,0,HOLE,0,17,616.0397,802.6786
Pavement Surface 11,0,HOLE,0,18,615.6170,802.1189
Pavement Surface 11,0,HOLE,0,19,615.2149,801.5433
Pavement Surface 11,0,HOLE,0,20,614.8342,800.9532
Pavement Surface 11,0,HOLE,0,21,614.4757,800.3494
Pavement Surface 11,0,HOLE,0,22,614.1397,799.7328
Pavement Surface 11,0,HOLE,0,23,613.8267,799.1043
Pavement Surface 11,0,HOLE,0,24,613.5371,798.4645
Pavement Surface 11,0,HOLE,0,25,613.2681,797.8057
Pavement Surface 11,0,HOLE,0,26,613.0299,797.1552
Pavement Surface 11,0,HOLE,0,27,612.8129,796.4874
Pavement Surface 11,0,HOLE,0,28,612.6206,795.8117
Pavement Surface 11,0,HOLE,0,29,612.4536,795.1299
Pavement Surface 11,0,HOLE,0,30,612.3119,794.4422
Pavement Surface 11,0,HOLE,0,31,612.1956,793.7497
Pavement Surface 11,0,HOLE,0,32,612.1051,793.0538
Pavement Surface 11,0,HOLE,0,33,612.0402,792.3530
Pavement Surface 11,0,HOLE,0,34,612.0013,791.6530
Pavement Surface 11,0,HOLE,0,35,611.9884,790.9510
Pavement Surface 11,0,HOLE,0,36,612.0013,790.2489
Pavement Surface 11,0,HOLE,0,37,612.0402,789.5489
Pavement Surface 11,0,HOLE,0,38,612.1051,788.8483
Pavement Surface 11,0,HOLE,0,39,612.1956,788.1522
Pavement Surface 11,0,HOLE,0,40,612.3119,787.4597
Pavement Surface 11,0,HOLE,0,41,612.4536,786.7720
Pavement Surface 11,0,HOLE,0,42,612.6207,786.0900
Pavement Surface 11,0,HOLE,0,43,612.8129,785.4146
Pavement Surface 11,0,HOLE,0,44,613.0299,784.7467
Pavement Surface 11,0,HOLE,0,45,613.2714,784.0874
Pavement Surface 11,0,HOLE,0,46,613.5371,783.4374
Pavement Surface 11,0,HOLE,0,47,613.8267,782.7977
Pavement Surface 11,0,HOLE,0,48,614.1397,782.1691
Pavement Surface 11,0,HOLE,0,49,614.4757,781.5525
Pavement Surface 11,0,HOLE,0,50,614.7526,781.0862
Pavement Surface 11,0,HOLE,0,51,615.2149,780.3587
Pavement Surface 11,0,HOLE,0,52,615.6170,779.7830
Pavement Surface 11,0,HOLE,0,53,616.0402,779.2227
Pavement Surface 11,0,HOLE,0,54,616.4838,778.6783
Pavement Surface 11,0,HOLE,0,55,616.9473,778.1506
Pavement Surface 11,0,HOLE,0,56,617.4298,777.6406
Pavement Surface 11,0,HOLE,0,57,617.9309,777.1487
Pavement Surface 11,0,HOLE,0,58,618.4498,776.6756
Pavement Surface 11,0,HOLE,0,59,618.9860,776.2219
Pavement Surface 11,0,HOLE,0,60,619.5388,775.7883
Pavement Surface 11,0,HOLE,0,61,620.1064,775.3759
Pavement Surface 11,0,HOLE,0,62,620.6893,774.9844
Pavement Surface 11,0,HOLE,0,63,621.2864,774.6148
Pavement Surface 11,0,HOLE,0,64,621.8952,774.2682
Pavement Surface 11,0,HOLE,0,65,622.5193,773.9429
Pavement Surface 11,0,HOLE,0,66,623.1533,773.6416
Pavement Surface 11,0,HOLE,0,67,623.7985,773.3639
Pavement Surface 11,0,HOLE,0,68,624.4489,773.1119
Pavement Surface 11,0,HOLE,0,69,625.1170,772.8809
Pavement Surface 11,0,HOLE,0,70,625.7888,772.6763
Pavement Surface 11,0,HOLE,0,71,626.4676,772.4966
Pavement Surface 11,0,HOLE,0,72,627.1526,772.3422
Pavement Surface 11,0,HOLE,0,73,627.8428,772.2132
Pavement Surface 11,0,HOLE,0,74,628.5374,772.1097
Pavement Surface 11,0,HOLE,0,75,629.2349,772.0321
Pavement Surface 11,0,HOLE,0,76,629.9355,771.9802
Pavement Surface 11,0,HOLE,0,77,630.5070,771.9590
Pavement Surface 11,0,HOLE,0,78,631.3395,771.9542
Pavement Surface 11,0,HOLE,0,79,632.0412,771.9802
Pavement Surface 11,0,HOLE,0,80,632.7415,772.0320
Pavement Surface 11,0,HOLE,0,81,633.4389,772.1097
Pavement Surface 11,0,HOLE,0,82,634.1339,772.2132
Pavement Surface 11,0,HOLE,0,83,634.8241,772.3422
Pavement Surface 11,0,HOLE,0,84,635.5091,772.4966
Pavement Surface 11,0,HOLE,0,85,636.1880,772.6763
Pavement Surface 11,0,HOLE,0,86,636.8597,772.8809
Pavement Surface 11,0,HOLE,0,87,637.5234,773.1102
Pavement Surface 11,0,HOLE,0,88,638.1782,773.3639
Pavement Surface 11,0,HOLE,0,89,638.8231,773.6415
Pavement Surface 11,0,HOLE,0,90,639.4574,773.9429
Pavement Surface 11,0,HOLE,0,91,640.0801,774.2674
Pavement Surface 11,0,HOLE,0,92,640.6738,774.6053
Pavement Surface 11,0,HOLE,0,93,641.2875,774.9845
Pavement Surface 11,0,HOLE,0,94,641.8703,775.3759
Pavement Surface 11,0,HOLE,0,95,642.4385,775.7887
Pavement Surface 11,0,HOLE,0,96,642.9910,776.2222
Pavement Surface 11,0,HOLE,0,97,643.7684,776.8958
Pavement Surface 11,0,HOLE,0,98,644.5470,777.6406
Pavement Surface 11,0,HOLE,0,99,645.0295,778.1507
Pavement Surface 11,0,HOLE,0,100,645.5022,778.6897
Pavement Surface 11,0,HOLE,0,101,645.9365,779.2227
Pavement Surface 11,0,HOLE,0,102,646.3594,779.7826
Pavement Surface 11,0,HOLE,0,103,646.7618,780.3586
Pavement Surface 11,0,HOLE,0,104,647.1425,780.9488
Pavement Surface 11,0,HOLE,0,105,647.6792,781.8794
Pavement Surface 11,0,HOLE,0,106,648.1500,782.7976
Pavement Surface 11,0,HOLE,0,107,648.4396,783.4374
Pavement Surface 11,0,HOLE,0,108,648.7053,784.0874
Pavement Surface 11,0,HOLE,0,109,648.9469,784.7467
Pavement Surface 11,0,HOLE,0,110,649.1639,785.4146
Pavement Surface 11,0,HOLE,0,111,649.4609,786.5180
Pavement Surface 11,0,HOLE,0,112,649.6648,787.4597
Pavement Surface 11,0,HOLE,0,113,649.7811,788.1522
Pavement Surface 11,0,HOLE,0,114,649.8717,788.8486
Pavement Surface 11,0,HOLE,0,115,649.9365,789.5478
Pavement Surface 11,0,HOLE,0,116,649.9754,790.2489
Pavement Surface 11,0,HOLE,0,117,649.9884,790.9510
Pavement Surface 11,0,HOLE,0,118,649.9754,791.6530
Pavement Surface 11,0,HOLE,0,119,649.9365,792.3542
Pavement Surface 11,0,HOLE,0,120,649.8717,793.0534
Pavement Surface 11,0,HOLE,0,121,649.7804,793.7537
Pavement Surface 11,0,HOLE,0,122,649.6648,794.4422
Pavement Surface 11,0,HOLE,0,123,649.5231,795.1299
Pavement Surface 11,0,HOLE,0,124,649.3560,795.8120
Pavement Surface 11,0,HOLE,0,125,649.1638,796.4874
Pavement Surface 11,0,HOLE,0,126,648.9469,797.1552
Pavement Surface 11,0,HOLE,0,127,648.7053,797.8146
Pavement Surface 11,0,HOLE,0,128,648.4396,798.4645
Pavement Surface 11,0,HOLE,0,129,648.1501,799.1043
Pavement Surface 11,0,HOLE,0,130,647.8373,799.7324
Pavement Surface 11,0,HOLE,0,131,647.5010,800.3494
Pavement Surface 11,0,HOLE,0,132,647.1421,800.9538
Pavement Surface 11,0,HOLE,0,133,646.7619,801.5433
Pavement Surface 11,0,HOLE,0,134,646.3598,802.1188
Pavement Surface 11,0,HOLE,0,135,645.9365,802.6793
Pavement Surface 11,0,HOLE,0,136,645.4929,803.2236
Pavement Surface 11,0,HOLE,0,137,645.0295,803.7512
Pavement Surface 11,0,HOLE,0,138,644.5470,804.2613
Pavement Surface 11,0,HOLE,0,139,644.0462,804.7529
Pavement Surface 11,0,HOLE,0,140,643.5269,805.2263
Pavement Surface 11,0,HOLE,0,141,642.9909,805.6798
Pavement Surface 11,0,HOLE,0,142,642.4384,806.1133
Pavement Surface 11,0,HOLE,0,143,641.8703,806.5261
Pavement Surface 11,0,HOLE,0,144,641.2873,806.9176
Pavement Surface 11,0,HOLE,0,145,640.6890,807.2880
Pavement Surface 11,0,HOLE,0,146,640.0801,807.6345
Pavement Surface 11,0,HOLE,0,147,639.4574,807.9591
Pavement Surface 11,0,HOLE,0,148,638.8231,808.2604
Pavement Surface 11,0,HOLE,0,149,638.1788,808.5378
Pavement Surface 11,0,HOLE,0,150,637.5234,808.7917
Pavement Surface 11,0,HOLE,0,151,636.8597,809.0210
Pavement Surface 11,0,HOLE,0,152,636.1880,809.2257
Pavement Surface 11,0,HOLE,0,153,635.5091,809.4053
Pavement Surface 11,0,HOLE,0,154,634.8241,809.5598
Pavement Surface 11,0,HOLE,0,155,634.1343,809.6887
Pavement Surface 11,0,HOLE,0,156,633.4393,809.7922
Pavement Surface 11,0,HOLE,0,157,632.7415,809.8699
Pavement Surface 11,0,HOLE,0,158,632.0412,809.9218
Pavement Surface 11,0,HOLE,0,159,631.3395,809.9477
Pavement Surface 11,0,HOLE,0,160,630.6373,809.9477
Pavement Surface 11,0,HOLE,0,161,629.9355,809.9218
Pavement Surface 11,0,HOLE,0,162,629.2353,809.8699
Pavement Surface 11,0,HOLE,0,163,628.5374,809.7922
Pavement Surface 11,0,HOLE,0,164,627.8421,809.6887
Pavement Surface 11,0,HOLE,0,165,627.1526,809.5598
Pavement Surface 11,0,HOLE,0,166,626.4676,809.4053
Pavement Surface 12,0,OUTER,0,0,693.5828,1447.8627
Pavement Surface 12,0,OUTER,0,1,691.2600,1450.7801
Pavement Surface 12,0,OUTER,0,2,690.2817,1452.0430
Pavement Surface 12,0,OUTER,0,3,688.5485,1454.3327
Pavement Surface 12,0,OUTER,0,4,686.5824,1457.0155
Pavement Surface 12,0,OUTER,0,5,684.7340,1459.6259
Pavement Surface 12,0,OUTER,0,6,683.3777,1461.5994
Pavement Surface 12,0,OUTER,0,7,681.3346,1464.6712
Pavement Surface 12,0,OUTER,0,8,679.5484,1467.4614
Pavement Surface 12,0,OUTER,0,9,678.2215,1469.6022
Pavement Surface 12,0,OUTER,0,10,677.0947,1471.4689
Pavement Surface 12,0,OUTER,0,11,675.0927,1474.9037
Pavement Surface 12,0,OUTER,0,12,667.3753,1488.6531
Pavement Surface 12,0,OUTER,0,13,677.8310,1494.5181
Pavement Surface 12,0,OUTER,0,14,698.9697,1456.8362
Pavement Surface 12,0,OUTER,0,15,701.6841,1458.9684
Pavement Surface 12,0,OUTER,0,16,696.9971,1464.9352
Pavement Surface 12,0,OUTER,0,17,690.7018,1475.5638
Pavement Surface 12,0,OUTER,0,18,680.9249,1493.0112
Pavement Surface 12,0,OUTER,0,19,680.1975,1495.8726
Pavement Surface 12,0,OUTER,0,20,720.4424,1519.8930
Pavement Surface 12,0,OUTER,0,21,727.8310,1517.7694
Pavement Surface 12,0,OUTER,0,22,736.9037,1513.7408
Pavement Surface 12,0,OUTER,0,23,748.7827,1509.9733
Pavement Surface 12,0,OUTER,0,24,772.7993,1506.7763
Pavement Surface 12,0,OUTER,0,25,790.9320,1498.2869
Pavement Surface 12,0,OUTER,0,26,822.7476,1455.4153
Pavement Surface 12,0,OUTER,0,27,839.3022,1416.5465
Pavement Surface 12,0,OUTER,0,28,843.5956,1404.0899
Pavement Surface 12,0,OUTER,0,29,849.0599,1392.0469
Pavement Surface 12,0,OUTER,0,30,850.6052,1385.1233
Pavement Surface 12,0,OUTER,0,31,848.3258,1382.7472
Pavement Surface 12,0,OUTER,0,32,843.6095,1379.2566
Pavement Surface 12,0,OUTER,0,33,851.1930,1382.4896
Pavement Surface 12,0,OUTER,0,34,868.0103,1307.1384
Pavement Surface 12,0,OUTER,0,35,866.8042,1305.4589
Pavement Surface 12,0,OUTER,0,36,867.1740,1299.6246
Pavement Surface 12,0,OUTER,0,37,869.9091,1294.5201
Pavement Surface 12,0,OUTER,0,38,872.1930,1288.4312
Pavement Surface 12,0,OUTER,0,39,886.9370,1222.4886
Pavement Surface 12,0,OUTER,0,40,971.1856,1048.2645
Pavement Surface 12,0,OUTER,0,41,986.9255,1027.5782
Pavement Surface 12,0,OUTER,0,42,977.5767,1020.2207
Pavement Surface 12,0,OUTER,0,43,977.6405,1020.1238
Pavement Surface 12,0,OUTER,0,44,979.5830,1021.1808
Pavement Surface 12,0,OUTER,0,45,987.2201,1027.1911
Pavement Surface 12,0,OUTER,0,46,1015.5622,989.9423
Pavement Surface 12,0,OUTER,0,47,1018.3679,985.6788
Pavement Surface 12,0,OUTER,0,48,1020.6338,983.3082
Pavement Surface 12,0,OUTER,0,49,1050.5549,944.1684
Pavement Surface 12,0,OUTER,0,50,1173.3458,779.5739
Pavement Surface 12,0,OUTER,0,51,1175.2235,780.8932
Pavement Surface 12,0,OUTER,0,52,1175.5250,780.5105
Pavement Surface 12,0,OUTER,0,53,1170.8116,776.7979
Pavement Surface 12,0,OUTER,0,54,1169.2387,775.5627
Pavement Surface 12,0,OUTER,0,55,975.3234,1021.9721
Pavement Surface 12,0,OUTER,0,56,972.3075,1025.8467
Pavement Surface 12,0,OUTER,0,57,969.3109,1029.7362
Pavement Surface 12,0,OUTER,0,58,966.3339,1033.6407
Pavement Surface 12,0,OUTER,0,59,962.8603,1038.2482
Pavement Surface 12,0,OUTER,0,60,960.4385,1041.4942
Pavement Surface 12,0,OUTER,0,61,955.6299,1048.0246
Pavement Surface 12,0,OUTER,0,62,948.8777,1057.3707
Pavement Surface 12,0,OUTER,0,63,948.3664,1058.1065
Pavement Surface 12,0,OUTER,0,64,946.0462,1061.3822
Pavement Surface 12,0,OUTER,0,65,943.2277,1065.4026
Pavement Surface 12,0,OUTER,0,66,939.1278,1071.3283
Pavement Surface 12,0,OUTER,0,67,935.8461,1076.1392
Pavement Surface 12,0,OUTER,0,68,932.1556,1081.6238
Pavement Surface 12,0,OUTER,0,69,929.4384,1085.7134
Pavement Surface 12,0,OUTER,0,70,926.7418,1089.8166
Pavement Surface 12,0,OUTER,0,71,924.0656,1093.9332
Pavement Surface 12,0,OUTER,0,72,921.4101,1098.0631
Pavement Surface 12,0,OUTER,0,73,918.7753,1102.2062
Pavement Surface 12,0,OUTER,0,74,916.1612,1106.3625
Pavement Surface 12,0,OUTER,0,75,913.5120,1110.6223
Pavement Surface 12,0,OUTER,0,76,910.6573,1115.2675
Pavement Surface 12,0,OUTER,0,77,907.1528,1121.0503
Pavement Surface 12,0,OUTER,0,78,902.0609,1129.6164
Pavement Surface 12,0,OUTER,0,79,898.7653,1135.2682
Pavement Surface 12,0,OUTER,0,80,896.0033,1140.0726
Pavement Surface 12,0,OUTER,0,81,893.5788,1144.3423
Pavement Surface 12,0,OUTER,0,82,891.0417,1148.8642
Pavement Surface 12,0,OUTER,0,83,887.3505,1155.5451
Pavement Surface 12,0,OUTER,0,84,884.3511,1161.0659
Pavement Surface 12,0,OUTER,0,85,881.7783,1165.8695
Pavement Surface 12,0,OUTER,0,86,878.6553,1171.7881
Pavement Surface 12,0,OUTER,0,87,876.4191,1176.0872
Pavement Surface 12,0,OUTER,0,88,875.3174,1178.2502
Pavement Surface 12,0,OUTER,0,89,872.8444,1183.3585
Pavement Surface 12,0,OUTER,0,90,871.5078,1186.2834
Pavement Surface 12,0,OUTER,0,91,870.6439,1188.2430
Pavement Surface 12,0,OUTER,0,92,868.9075,1192.3650
Pavement Surface 12,0,OUTER,0,93,868.0122,1194.5966
Pavement Surface 12,0,OUTER,0,94,867.1037,1196.9446
Pavement Surface 12,0,OUTER,0,95,865.4110,1201.5734
Pavement Surface 12,0,OUTER,0,96,864.5249,1204.1481
Pavement Surface 12,0,OUTER,0,97,863.8304,1206.2501
Pavement Surface 12,0,OUTER,0,98,862.9253,1209.1144
Pavement Surface 12,0,OUTER,0,99,862.2724,1211.2792
Pavement Surface 12,0,OUTER,0,100,861.5276,1213.8644
Pavement Surface 12,0,OUTER,0,101,861.0099,1215.7426
Pavement Surface 12,0,OUTER,0,102,859.7725,1220.5559
Pavement Surface 12,0,OUTER,0,103,859.0279,1223.7204
Pavement Surface 12,0,OUTER,0,104,858.6520,1225.4124
Pavement Surface 12,0,OUTER,0,105,858.0199,1228.4286
Pavement Surface 12,0,OUTER,0,106,857.5333,1230.9247
Pavement Surface 12,0,OUTER,0,107,857.0325,1233.6908
Pavement Surface 12,0,OUTER,0,108,856.4754,1237.0663
Pavement Surface 12,0,OUTER,0,109,856.0070,1240.2296
Pavement Surface 12,0,OUTER,0,110,855.5463,1243.7498
Pavement Surface 12,0,OUTER,0,111,855.3695,1245.2475
Pavement Surface 12,0,OUTER,0,112,854.8571,1250.3031
Pavement Surface 12,0,OUTER,0,113,854.6169,1253.2942
Pavement Surface 12,0,OUTER,0,114,854.4716,1255.3954
Pavement Surface 12,0,OUTER,0,115,854.2153,1260.5233
Pavement Surface 12,0,OUTER,0,116,854.1160,1264.0290
Pavement Surface 12,0,OUTER,0,117,854.0904,1265.6858
Pavement Surface 12,0,OUTER,0,118,854.0993,1270.8821
Pavement Surface 12,0,OUTER,0,119,854.1755,1274.1970
Pavement Surface 12,0,OUTER,0,120,854.2806,1276.9500
Pavement Surface 12,0,OUTER,0,121,854.5227,1281.2772
Pavement Surface 12,0,OUTER,0,122,854.7517,1284.3488
Pavement Surface 12,0,OUTER,0,123,854.8878,1286.6610
Pavement Surface 12,0,OUTER,0,124,854.9182,1288.1340
Pavement Surface 12,0,OUTER,0,125,854.9138,1289.1460
Pavement Surface 12,0,OUTER,0,126,854.8014,1291.8387
Pavement Surface 12,0,OUTER,0,127,854.6015,1294.0291
Pavement Surface 12,0,OUTER,0,128,854.5263,1294.6556
Pavement Surface 12,0,OUTER,0,129,853.6954,1299.3779
Pavement Surface 12,0,OUTER,0,130,853.4240,1300.5153
Pavement Surface 12,0,OUTER,0,131,852.3396,1304.2187
Pavement Surface 12,0,OUTER,0,132,851.6609,1306.1119
Pavement Surface 12,0,OUTER,0,133,850.4988,1308.9021
Pavement Surface 12,0,OUTER,0,134,850.1363,1309.6855
Pavement Surface 12,0,OUTER,0,135,849.2749,1311.4156
Pavement Surface 12,0,OUTER,0,136,848.1899,1313.3826
Pavement Surface 12,0,OUTER,0,137,847.6364,1314.3111
Pavement Surface 12,0,OUTER,0,138,846.2796,1316.4113
Pavement Surface 12,0,OUTER,0,139,845.4409,1317.6024
Pavement Surface 12,0,OUTER,0,140,844.6574,1318.6519
Pavement Surface 12,0,OUTER,0,141,842.6832,1321.0640
Pavement Surface 12,0,OUTER,0,142,841.2376,1322.6500
Pavement Surface 12,0,OUTER,0,143,839.0788,1324.7652
Pavement Surface 12,0,OUTER,0,144,838.4792,1325.3336
Pavement Surface 12,0,OUTER,0,145,837.3502,1326.3192
Pavement Surface 12,0,OUTER,0,146,835.3728,1327.9086
Pavement Surface 12,0,OUTER,0,147,834.8346,1328.2952
Pavement Surface 12,0,OUTER,0,148,833.6446,1329.1686
Pavement Surface 12,0,OUTER,0,149,833.0653,1329.5661
Pavement Surface 12,0,OUTER,0,150,830.6564,1331.0950
Pavement Surface 12,0,OUTER,0,151,828.1330,1332.4990
Pavement Surface 12,0,OUTER,0,152,826.2035,1333.4478
Pavement Surface 12,0,OUTER,0,153,823.4245,1334.5838
Pavement Surface 12,0,OUTER,0,154,821.8588,1335.2239
Pavement Surface 12,0,OUTER,0,155,821.7018,1335.2709
Pavement Surface 12,0,OUTER,0,156,821.5351,1335.3374
Pavement Surface 12,0,OUTER,0,157,816.6994,1336.7445
Pavement Surface 12,0,OUTER,0,158,814.7345,1337.2306
Pavement Surface 12,0,OUTER,0,159,810.6791,1338.3692
Pavement Surface 12,0,OUTER,0,160,807.9152,1339.2525
Pavement Surface 12,0,OUTER,0,161,805.3348,1340.1579
Pavement Surface 12,0,OUTER,0,162,801.7420,1341.5532
Pavement Surface 12,0,OUTER,0,163,799.0005,1342.7272
Pavement Surface 12,0,OUTER,0,164,797.7108,1343.3134
Pavement Surface 12,0,OUTER,0,165,796.0813,1344.0861
Pavement Surface 12,0,OUTER,0,166,793.3897,1345.4425
Pavement Surface 12,0,OUTER,0,167,791.9677,1346.2007
Pavement Surface 12,0,OUTER,0,168,789.7949,1347.4308
Pavement Surface 12,0,OUTER,0,169,787.2103,1348.9593
Pavement Surface 12,0,OUTER,0,170,785.9896,1349.7249
Pavement Surface 12,0,OUTER,0,171,783.9035,1351.1005
Pavement Surface 12,0,OUTER,0,172,781.2148,1352.9657
Pavement Surface 12,0,OUTER,0,173,779.5394,1354.2297
Pavement Surface 12,0,OUTER,0,174,777.1571,1356.0538
Pavement Surface 12,0,OUTER,0,175,775.5230,1357.3934
Pavement Surface 12,0,OUTER,0,176,773.5763,1359.0669
Pavement Surface 12,0,OUTER,0,177,772.1997,1360.3041
Pavement Surface 12,0,OUTER,0,178,771.0807,1361.3446
Pavement Surface 12,0,OUTER,0,179,769.3877,1362.9813
Pavement Surface 12,0,OUTER,0,180,767.0734,1365.3489
Pavement Surface 12,0,OUTER,0,181,765.9208,1366.5887
Pavement Surface 12,0,OUTER,0,182,699.7512,1440.6210
Pavement Surface 12,0,OUTER,0,183,698.0031,1442.6033
Pavement Surface 12,0,OUTER,0,184,695.5763,1445.4453
Pavement Surface 13,0,OUTER,0,0,802.6032,1238.0774
Pavement Surface 13,0,OUTER,0,1,795.1529,1252.9239
Pavement Surface 13,0,OUTER,0,2,808.2812,1258.7473
Pavement Surface 13,0,OUTER,0,3,808.2127,1258.9114
Pavement Surface 13,0,OUTER,0,4,794.7862,1253.6548
Pavement Surface 13,0,OUTER,0,5,792.1223,1258.9631
Pavement Surface 13,0,OUTER,0,6,791.6967,1260.0632
Pavement Surface 13,0,OUTER,0,7,787.9814,1258.4976
Pavement Surface 13,0,OUTER,0,8,783.6714,1256.8012
Pavement Surface 13,0,OUTER,0,9,783.8567,1258.2418
Pavement Surface 13,0,OUTER,0,10,783.5957,1259.7793
Pavement Surface 13,0,OUTER,0,11,783.5339,1261.9001
Pavement Surface 13,0,OUTER,0,12,783.6222,1262.9512
Pavement Surface 13,0,OUTER,0,13,783.7825,1264.4005
Pavement Surface 13,0,OUTER,0,14,784.3484,1266.6254
Pavement Surface 13,0,OUTER,0,15,785.1963,1268.7121
Pavement Surface 13,0,OUTER,0,16,786.1231,1270.3321
Pavement Surface 13,0,OUTER,0,17,787.6122,1272.3550
Pavement Surface 13,0,OUTER,0,18,789.2046,1273.9480
Pavement Surface 13,0,OUTER,0,19,791.0341,1275.3350
Pavement Surface 13,0,OUTER,0,20,793.0574,1276.4663
Pavement Surface 13,0,OUTER,0,21,795.2184,1277.3051
Pavement Surface 13,0,OUTER,0,22,797.4530,1277.8316
Pavement Surface 13,0,OUTER,0,23,799.6953,1278.0442
Pavement Surface 13,0,OUTER,0,24,801.8840,1277.9584
Pavement Surface 13,0,OUTER,0,25,804.1358,1277.5562
Pavement Surface 13,0,OUTER,0,26,806.1910,1276.9097
Pavement Surface 13,0,OUTER,0,27,808.2665,1275.9285
Pavement Surface 13,0,OUTER,0,28,810.1093,1274.7198
Pavement Surface 13,0,OUTER,0,29,810.9141,1274.0328
Pavement Surface 13,0,OUTER,0,30,811.9730,1273.0951
Pavement Surface 13,0,OUTER,0,31,813.4472,1271.3903
Pavement Surface 13,0,OUTER,0,32,813.7480,1270.9462
Pavement Surface 13,0,OUTER,0,33,814.5583,1269.6898
Pavement Surface 13,0,OUTER,0,34,815.0406,1268.7063
Pavement Surface 13,0,OUTER,0,35,816.2510,1265.7825
Pavement Surface 13,0,OUTER,0,36,819.6621,1257.1700
Pavement Surface 13,0,OUTER,0,37,822.1242,1251.0454
Pavement Surface 13,0,OUTER,0,38,825.3154,1243.2763
Pavement Surface 13,0,OUTER,0,39,827.2460,1238.6641
Pavement Surface 13,0,OUTER,0,40,830.1351,1231.8803
Pavement Surface 13,0,OUTER,0,41,833.1760,1224.8861
Pavement Surface 13,0,OUTER,0,42,835.9797,1218.5636
Pavement Surface 13,0,OUTER,0,43,839.6274,1210.5095
Pavement Surface 13,0,OUTER,0,44,843.3794,1202.4174
Pavement Surface 13,0,OUTER,0,45,846.6173,1195.5821
Pavement Surface 13,0,OUTER,0,46,849.9925,1188.5958
Pavement Surface 13,0,OUTER,0,47,852.1963,1184.1076
Pavement Surface 13,0,OUTER,0,48,854.2203,1180.0347
Pavement Surface 13,0,OUTER,0,49,856.6709,1175.1647
Pavement Surface 13,0,OUTER,0,50,860.4315,1167.8211
Pavement Surface 13,0,OUTER,0,51,864.5449,1159.9473
Pavement Surface 13,0,OUTER,0,52,868.1629,1153.1630
Pavement Surface 13,0,OUTER,0,53,871.5710,1146.8848
Pavement Surface 13,0,OUTER,0,54,875.4570,1139.8536
Pavement Surface 13,0,OUTER,0,55,878.0293,1135.2717
Pavement Surface 13,0,OUTER,0,56,880.3731,1131.1455
Pavement Surface 13,0,OUTER,0,57,882.8637,1126.8100
Pavement Surface 13,0,OUTER,0,58,885.3884,1122.4724
Pavement Surface 13,0,OUTER,0,59,887.9033,1118.1953
Pavement Surface 13,0,OUTER,0,60,891.7287,1111.7757
Pavement Surface 13,0,OUTER,0,61,895.2957,1105.8857
Pavement Surface 13,0,OUTER,0,62,898.2597,1101.0632
Pavement Surface 13,0,OUTER,0,63,900.9005,1096.8175
Pavement Surface 13,0,OUTER,0,64,903.5625,1092.5850
Pavement Surface 13,0,OUTER,0,65,906.2456,1088.3659
Pavement Surface 13,0,OUTER,0,66,910.2975,1082.0814
Pavement Surface 13,0,OUTER,0,67,914.4211,1075.7899
Pavement Surface 13,0,OUTER,0,68,917.1880,1071.6253
Pavement Surface 13,0,OUTER,0,69,919.9758,1067.4746
Pavement Surface 13,0,OUTER,0,70,922.7877,1063.3406
Pavement Surface 13,0,OUTER,0,71,922.8254,1063.2892
Pavement Surface 13,0,OUTER,0,72,922.8227,1063.2874
Pavement Surface 13,0,OUTER,0,73,924.2880,1061.1411
Pavement Surface 13,0,OUTER,0,74,928.4631,1055.1068
Pavement Surface 13,0,OUTER,0,75,933.6182,1047.7847
Pavement Surface 13,0,OUTER,0,76,933.6202,1047.7818
Pavement Surface 13,0,OUTER,0,77,937.0913,1042.9291
Pavement Surface 13,0,OUTER,0,78,940.0662,1038.8171
Pavement Surface 13,0,OUTER,0,79,942.0835,1036.0587
Pavement Surface 13,0,OUTER,0,80,944.9263,1032.2482
Pavement Surface 13,0,OUTER,0,81,945.9893,1030.7601
Pavement Surface 13,0,OUTER,0,82,946.6208,1029.9766
Pavement Surface 13,0,OUTER,0,83,948.7242,1027.1122
Pavement Surface 13,0,OUTER,0,84,951.9957,1022.7656
Pavement Surface 13,0,OUTER,0,85,954.3439,1019.6900
Pavement Surface 13,0,OUTER,0,86,961.1471,1010.8802
Pavement Surface 13,0,OUTER,0,87,967.2184,1003.1591
Pavement Surface 13,0,OUTER,0,88,954.6277,993.2594
Pavement Surface 13,0,OUTER,0,89,943.3572,1008.4144
Pavement Surface 13,0,OUTER,0,90,905.1866,1063.7589
Pavement Surface 13,0,OUTER,0,91,875.0724,1110.6318
Pavement Surface 13,0,OUTER,0,92,853.7370,1145.7238
Pavement Surface 13,0,OUTER,0,93,828.8639,1189.5042
Pavement Surface 13,0,OUTER,0,94,815.6124,1213.4343
Pavement Surface 14,0,OUTER,0,0,666.6992,1465.3449
Pavement Surface 14,0,OUTER,0,1,667.4915,1464.0770
Pavement Surface 14,0,OUTER,0,2,668.7322,1462.0414
Pavement Surface 14,0,OUTER,0,3,669.8628,1460.2263
Pavement Surface 14,0,OUTER,0,4,672.0201,1456.8783
Pavement Surface 14,0,OUTER,0,5,673.3741,1454.8494
Pavement Surface 14,0,OUTER,0,6,674.8220,1452.7372
Pavement Surface 14,0,OUTER,0,7,676.7883,1449.9586
Pavement Surface 14,0,OUTER,0,8,678.8829,1447.1052
Pavement Surface 14,0,OUTER,0,9,680.7318,1444.6717
Pavement Surface 14,0,OUTER,0,10,681.7762,1443.3304
Pavement Surface 14,0,OUTER,0,11,683.8361,1440.7522
Pavement Surface 14,0,OUTER,0,12,686.3910,1437.6714
Pavement Surface 14,0,OUTER,0,13,687.9540,1435.8629
Pavement Surface 14,0,OUTER,0,14,688.9897,1434.6621
Pavement Surface 14,0,OUTER,0,15,689.9312,1433.6066
Pavement Surface 14,0,OUTER,0,16,761.8656,1353.1092
Pavement Surface 14,0,OUTER,0,17,763.6237,1351.1244
Pavement Surface 14,0,OUTER,0,18,766.8910,1347.3396
Pavement Surface 14,0,OUTER,0,19,769.5998,1344.1024
Pavement Surface 14,0,OUTER,0,20,772.1170,1341.0092
Pavement Surface 14,0,OUTER,0,21,774.2315,1338.3419
Pavement Surface 14,0,OUTER,0,22,776.3080,1335.6660
Pavement Surface 14,0,OUTER,0,23,777.8001,1333.7020
Pavement Surface 14,0,OUTER,0,24,779.7753,1331.0403
Pavement Surface 14,0,OUTER,0,25,777.8851,1329.8516
Pavement Surface 14,0,OUTER,0,26,776.0324,1328.5660
Pavement Surface 14,0,OUTER,0,27,774.2288,1327.1886
Pavement Surface 14,0,OUTER,0,28,772.4809,1325.7222
Pavement Surface 14,0,OUTER,0,29,770.7952,1324.1704
Pavement Surface 14,0,OUTER,0,30,769.1778,1322.5370
Pavement Surface 14,0,OUTER,0,31,767.6344,1320.8268
Pavement Surface 14,0,OUTER,0,32,766.1705,1319.0449
Pavement Surface 14,0,OUTER,0,33,764.7909,1317.1970
Pavement Surface 14,0,OUTER,0,34,763.5000,1315.2891
Pavement Surface 14,0,OUTER,0,35,762.3014,1313.3277
Pavement Surface 14,0,OUTER,0,36,761.1982,1311.3194
Pavement Surface 14,0,OUTER,0,37,760.1930,1309.2713
Pavement Surface 14,0,OUTER,0,38,759.2875,1307.1904
Pavement Surface 14,0,OUTER,0,39,758.4828,1305.0838
Pavement Surface 14,0,OUTER,0,40,757.7935,1302.9337
Pavement Surface 14,0,OUTER,0,41,758.4894,1301.6927
Pavement Surface 14,0,OUTER,0,42,758.5305,1301.6194
Pavement Surface 14,0,OUTER,0,43,758.2904,1302.0474
Pavement Surface 15,0,OUTER,0,0,78.8100,1688.1502
Pavement Surface 15,0,OUTER,0,1,87.7604,1691.1058
Pavement Surface 15,0,OUTER,0,2,131.6657,1558.1517
Pavement Surface 15,0,OUTER,0,3,136.4496,1543.8367
Pavement Surface 15,0,OUTER,0,4,141.3042,1529.5488
Pavement Surface 15,0,OUTER,0,5,143.0890,1524.3713
Pavement Surface 15,0,OUTER,0,6,143.1430,1524.2237
Pavement Surface 15,0,OUTER,0,7,143.1389,1524.2223
Pavement Surface 15,0,OUTER,0,8,143.1579,1524.1718
Pavement Surface 15,0,OUTER,0,9,146.2300,1515.2854
Pavement Surface 15,0,OUTER,0,10,150.7345,1502.4405
Pavement Surface 15,0,OUTER,0,11,154.6001,1491.5691
Pavement Surface 15,0,OUTER,0,12,159.7137,1477.3720
Pavement Surface 15,0,OUTER,0,13,164.1278,1465.2977
Pavement Surface 15,0,OUTER,0,14,168.4768,1453.5551
Pavement Surface 15,0,OUTER,0,15,173.7017,1439.6416
Pavement Surface 15,0,OUTER,0,16,178.5246,1426.9843
Pavement Surface 15,0,OUTER,0,17,183.1095,1415.0989
Pavement Surface 15,0,OUTER,0,18,186.3599,1406.7858
Pavement Surface 15,0,OUTER,0,19,186.4774,1406.4785
Pavement Surface 15,0,OUTER,0,20,190.1472,1397.1620
Pavement Surface 15,0,OUTER,0,21,190.1747,1397.1009
Pavement Surface 15,0,OUTER,0,22,190.1705,1397.0993
Pavement Surface 15,0,OUTER,0,23,191.8973,1392.7494
Pavement Surface 15,0,OUTER,0,24,193.9933,1387.4756
Pavement Surface 15,0,OUTER,0,25,199.3866,1374.0744
Pavement Surface 15,0,OUTER,0,26,204.4445,1361.6810
Pavement Surface 15,0,OUTER,0,27,195.7146,1357.6371
Pavement Surface 15,0,OUTER,0,28,192.3785,1365.8035
Pavement Surface 15,0,OUTER,0,29,188.5978,1375.1469
Pavement Surface 15,0,OUTER,0,30,184.7899,1384.6492
Pavement Surface 15,0,OUTER,0,31,181.1206,1393.8948
Pavement Surface 15,0,OUTER,0,32,177.4289,1403.2872
Pavement Surface 15,0,OUTER,0,33,173.7686,1412.6921
Pavement Surface 15,0,OUTER,0,34,170.1397,1422.1090
Pavement Surface 15,0,OUTER,0,35,166.5427,1431.5362
Pavement Surface 15,0,OUTER,0,36,162.9725,1440.9872
Pavement Surface 15,0,OUTER,0,37,159.0819,1451.3969
Pavement Surface 15,0,OUTER,0,38,154.5619,1463.6409
Pavement Surface 15,0,OUTER,0,39,152.1745,1470.1755
Pavement Surface 15,0,OUTER,0,40,149.0280,1478.8596
Pavement Surface 15,0,OUTER,0,41,145.6173,1488.3649
Pavement Surface 15,0,OUTER,0,42,143.2369,1495.0558
Pavement Surface 15,0,OUTER,0,43,138.8937,1507.3883
Pavement Surface 15,0,OUTER,0,44,135.4253,1517.3676
Pavement Surface 15,0,OUTER,0,45,132.3028,1526.4654
Pavement Surface 15,0,OUTER,0,46,128.9958,1536.2248
Pavement Surface 15,0,OUTER,0,47,125.8325,1545.6519
Pavement Surface 15,0,OUTER,0,48,121.6335,1558.2394
Pavement Surface 16,0,OUTER,0,0,492.5468,1387.5262
Pavement Surface 16,0,OUTER,0,1,490.6699,1389.6387
Pavement Surface 16,0,OUTER,0,2,489.0001,1391.9185
Pavement Surface 16,0,OUTER,0,3,488.4423,1392.8527
Pavement Surface 16,0,OUTER,0,4,487.2433,1394.9948
Pavement Surface 16,0,OUTER,0,5,486.3583,1396.8517
Pavement Surface 16,0,OUTER,0,6,485.8567,1398.2161
Pavement Surface 16,0,OUTER,0,7,484.0128,1403.6456
Pavement Surface 16,0,OUTER,0,8,483.5662,1404.8826
Pavement Surface 16,0,OUTER,0,9,482.8473,1406.9456
Pavement Surface 16,0,OUTER,0,10,481.2831,1411.7081
Pavement Surface 16,0,OUTER,0,11,478.4508,1420.4393
Pavement Surface 16,0,OUTER,0,12,471.1261,1459.4476
Pavement Surface 16,0,OUTER,0,13,615.5507,1490.7256
Pavement Surface 16,0,OUTER,0,14,629.9441,1449.9035
Pavement Surface 16,0,OUTER,0,15,636.6740,1437.1631
Pavement Surface 16,0,OUTER,0,16,637.9129,1434.4200
Pavement Surface 16,0,OUTER,0,17,646.7073,1439.3270
Pavement Surface 16,0,OUTER,0,18,646.8403,1439.3849
Pavement Surface 16,0,OUTER,0,19,652.1839,1429.8288
Pavement Surface 16,0,OUTER,0,20,654.7388,1425.3633
Pavement Surface 16,0,OUTER,0,21,655.3007,1424.2749
Pavement Surface 16,0,OUTER,0,22,657.0769,1420.3033
Pavement Surface 16,0,OUTER,0,23,658.0582,1416.9676
Pavement Surface 16,0,OUTER,0,24,658.5678,1414.0866
Pavement Surface 16,0,OUTER,0,25,658.7967,1411.5091
Pavement Surface 16,0,OUTER,0,26,658.7814,1408.9900
Pavement Surface 16,0,OUTER,0,27,658.5868,1406.7584
Pavement Surface 16,0,OUTER,0,28,658.2548,1404.6355
Pavement Surface 16,0,OUTER,0,29,657.8004,1402.5804
Pavement Surface 16,0,OUTER,0,30,657.2242,1400.6478
Pavement Surface 16,0,OUTER,0,31,656.4997,1398.7017
Pavement Surface 16,0,OUTER,0,32,655.5943,1396.7612
Pavement Surface 16,0,OUTER,0,33,654.9215,1395.5340
Pavement Surface 16,0,OUTER,0,34,654.5395,1394.8641
Pavement Surface 16,0,OUTER,0,35,653.3714,1393.0752
Pavement Surface 16,0,OUTER,0,36,652.0929,1391.3842
Pavement Surface 16,0,OUTER,0,37,651.9236,1391.1893
Pavement Surface 16,0,OUTER,0,38,650.7064,1389.7881
Pavement Surface 16,0,OUTER,0,39,649.2113,1388.2852
Pavement Surface 16,0,OUTER,0,40,647.5988,1386.8838
Pavement Surface 16,0,OUTER,0,41,645.8534,1385.5995
Pavement Surface 16,0,OUTER,0,42,643.9891,1384.4197
Pavement Surface 16,0,OUTER,0,43,641.9965,1383.3523
Pavement Surface 16,0,OUTER,0,44,639.8610,1382.4083
Pavement Surface 16,0,OUTER,0,45,637.5649,1381.6041
Pavement Surface 16,0,OUTER,0,46,635.0839,1380.9613
Pavement Surface 16,0,OUTER,0,47,632.3857,1380.5094
Pavement Surface 16,0,OUTER,0,48,629.2409,1380.2783
Pavement Surface 16,0,OUTER,0,49,514.4782,1378.4894
Pavement Surface 16,0,OUTER,0,50,512.4910,1378.5242
Pavement Surface 16,0,OUTER,0,51,510.4972,1378.6922
Pavement Surface 16,0,OUTER,0,52,508.5101,1378.9943
Pavement Surface 16,0,OUTER,0,53,506.1176,1379.5547
Pavement Surface 16,0,OUTER,0,54,504.6103,1379.9965
Pavement Surface 16,0,OUTER,0,55,502.7070,1380.6974
Pavement Surface 16,0,OUTER,0,56,501.0678,1381.4276
Pavement Surface 16,0,OUTER,0,57,499.1382,1382.4317
Pavement Surface 16,0,OUTER,0,58,498.9626,1382.5450
Pavement Surface 16,0,OUTER,0,59,496.5945,1384.0729
Pavement Surface 16,0,OUTER,0,60,494.6046,1385.6077
Pavement Surface 17,0,OUTER,0,0,245.9122,1692.8760
Pavement Surface 17,0,OUTER,0,1,237.5908,1718.7141
Pavement Surface 17,0,OUTER,0,2,232.9970,1734.1756
Pavement Surface 17,0,OUTER,0,3,235.6656,1735.0265
Pavement Surface 17,0,OUTER,0,4,237.5576,1729.1092
Pavement Surface 17,0,OUTER,0,5,242.8677,1730.7164
Pavement Surface 17,0,OUTER,0,6,245.3636,1731.4183
Pavement Surface 17,0,OUTER,0,7,250.9141,1732.9378
Pavement Surface 17,0,OUTER,0,8,277.7124,1649.2488
Pavement Surface 17,0,OUTER,0,9,286.3281,1622.9588
Pavement Surface 17,0,OUTER,0,10,302.5758,1576.2300
Pavement Surface 17,0,OUTER,0,11,318.8319,1532.9620
Pavement Surface 17,0,OUTER,0,12,327.8346,1510.2418
Pavement Surface 17,0,OUTER,0,13,329.9660,1504.9617
Pavement Surface 17,0,OUTER,0,14,322.6262,1501.7924
Pavement Surface 17,0,OUTER,0,15,320.2149,1500.7211
Pavement Surface 17,0,OUTER,0,16,322.7437,1494.5511
Pavement Surface 17,0,OUTER,0,17,332.4596,1471.3847
Pavement Surface 17,0,OUTER,0,18,343.2462,1446.5828
Pavement Surface 17,0,OUTER,0,19,353.9490,1422.8454
Pavement Surface 17,0,OUTER,0,20,360.2831,1409.2040
Pavement Surface 17,0,OUTER,0,21,358.7450,1408.4854
Pavement Surface 17,0,OUTER,0,22,358.8048,1408.3412
Pavement Surface 17,0,OUTER,0,23,432.1617,1435.0061
Pavement Surface 17,0,OUTER,0,24,435.1176,1425.4407
Pavement Surface 17,0,OUTER,0,25,437.2023,1418.8005
Pavement Surface 17,0,OUTER,0,26,439.3705,1411.7568
Pavement Surface 17,0,OUTER,0,27,441.5410,1404.7058
Pavement Surface 17,0,OUTER,0,28,445.2999,1392.7844
Pavement Surface 17,0,OUTER,0,29,446.7044,1388.3826
Pavement Surface 17,0,OUTER,0,30,447.4418,1385.5913
Pavement Surface 17,0,OUTER,0,31,447.9122,1382.7004
Pavement Surface 17,0,OUTER,0,32,448.0988,1379.7487
Pavement Surface 17,0,OUTER,0,33,448.0278,1377.7604
Pavement Surface 17,0,OUTER,0,34,447.7893,1375.2805
Pavement Surface 17,0,OUTER,0,35,447.5932,1373.8335
Pavement Surface 17,0,OUTER,0,36,446.9083,1370.9563
Pavement Surface 17,0,OUTER,0,37,445.9541,1368.1872
Pavement Surface 17,0,OUTER,0,38,444.7537,1365.5615
Pavement Surface 17,0,OUTER,0,39,443.4641,1363.3102
Pavement Surface 17,0,OUTER,0,40,441.9365,1361.1155
Pavement Surface 17,0,OUTER,0,41,440.1708,1359.0124
Pavement Surface 17,0,OUTER,0,42,438.1733,1357.0372
Pavement Surface 17,0,OUTER,0,43,435.9575,1355.2262
Pavement Surface 17,0,OUTER,0,44,433.5443,1353.6135
Pavement Surface 17,0,OUTER,0,45,430.9711,1352.2348
Pavement Surface 17,0,OUTER,0,46,428.2424,1351.0995
Pavement Surface 17,0,OUTER,0,47,425.4257,1350.2414
Pavement Surface 17,0,OUTER,0,48,422.5525,1349.6656
Pavement Surface 17,0,OUTER,0,49,419.6647,1349.3743
Pavement Surface 17,0,OUTER,0,50,416.8029,1349.3617
Pavement Surface 17,0,OUTER,0,51,414.0052,1349.6146
Pavement Surface 17,0,OUTER,0,52,411.3049,1350.1137
Pavement Surface 17,0,OUTER,0,53,408.7300,1350.8350
Pavement Surface 17,0,OUTER,0,54,406.8144,1351.5380
Pavement Surface 17,0,OUTER,0,55,392.2346,1357.4585
Pavement Surface 17,0,OUTER,0,56,390.1089,1358.4263
Pavement Surface 17,0,OUTER,0,57,387.4054,1359.7268
Pavement Surface 17,0,OUTER,0,58,383.5685,1362.0120
Pavement Surface 17,0,OUTER,0,59,381.7185,1363.2895
Pavement Surface 17,0,OUTER,0,60,381.1612,1363.7125
Pavement Surface 17,0,OUTER,0,61,379.3228,1365.1524
Pavement Surface 17,0,OUTER,0,62,378.1860,1366.0994
Pavement Surface 17,0,OUTER,0,63,376.5151,1367.6242
Pavement Surface 17,0,OUTER,0,64,374.9150,1369.2231
Pavement Surface 17,0,OUTER,0,65,373.3902,1370.8909
Pavement Surface 17,0,OUTER,0,66,371.9453,1372.6223
Pavement Surface 17,0,OUTER,0,67,370.5840,1374.4116
Pavement Surface 17,0,OUTER,0,68,368.1245,1378.1392
Pavement Surface 17,0,OUTER,0,69,366.0306,1382.0232
Pavement Surface 17,0,OUTER,0,70,354.4107,1406.4952
Pavement Surface 17,0,OUTER,0,71,347.7234,1420.9711
Pavement Surface 17,0,OUTER,0,72,341.1507,1435.5033
Pavement Surface 17,0,OUTER,0,73,334.6933,1450.0905
Pavement Surface 17,0,OUTER,0,74,328.3518,1464.7312
Pavement Surface 17,0,OUTER,0,75,322.1223,1479.4350
Pavement Surface 17,0,OUTER,0,76,316.0193,1494.1678
Pavement Surface 17,0,OUTER,0,77,310.0296,1508.9609
Pavement Surface 17,0,OUTER,0,78,304.1583,1523.8019
Pavement Surface 17,0,OUTER,0,79,298.4060,1538.6895
Pavement Surface 17,0,OUTER,0,80,292.7733,1553.6222
Pavement Surface 17,0,OUTER,0,81,287.2607,1568.5986
Pavement Surface 17,0,OUTER,0,82,281.8687,1583.6171
Pavement Surface 17,0,OUTER,0,83,276.5978,1598.6764
Pavement Surface 17,0,OUTER,0,84,271.4485,1613.7750
Pavement Surface 17,0,OUTER,0,85,266.4211,1628.9115
Pavement Surface 17,0,OUTER,0,86,261.5161,1644.0842
Pavement Surface 18,0,OUTER,0,0,980.2176,463.2388
Pavement Surface 18,0,OUTER,0,1,908.8376,563.0363
Pavement Surface 18,0,OUTER,0,2,920.1961,571.3906
Pavement Surface 18,0,OUTER,0,3,1050.9578,405.3261
Pavement Surface 18,0,OUTER,0,4,1052.7996,402.9648
Pavement Surface 18,0,OUTER,0,5,1053.7927,403.7105
Pavement Surface 18,0,OUTER,0,6,1053.6127,404.2675
Pavement Surface 18,0,OUTER,0,7,1054.9234,405.7768
Pavement Surface 18,0,OUTER,0,8,1052.6861,407.3207
Pavement Surface 18,0,OUTER,0,9,1052.2330,408.5378
Pavement Surface 18,0,OUTER,0,10,1052.1745,409.3214
Pavement Surface 18,0,OUTER,0,11,1051.3106,411.3924
Pavement Surface 18,0,OUTER,0,12,1095.1660,445.8724
Pavement Surface 18,0,OUTER,0,13,1071.1998,476.2788
Pavement Surface 18,0,OUTER,0,14,1076.4621,480.3252
Pavement Surface 18,0,OUTER,0,15,1123.3950,517.0835
Pavement Surface 18,0,OUTER,0,16,1126.1254,518.5885
Pavement Surface 18,0,OUTER,0,17,1132.8414,509.8365
Pavement Surface 18,0,OUTER,0,18,1134.6555,507.3216
Pavement Surface 18,0,OUTER,0,19,1135.4147,506.1821
Pavement Surface 18,0,OUTER,0,20,1136.4579,504.5181
Pavement Surface 18,0,OUTER,0,21,1137.8205,502.1429
Pavement Surface 18,0,OUTER,0,22,1138.1021,501.6190
Pavement Surface 18,0,OUTER,0,23,1139.5831,498.6332
Pavement Surface 18,0,OUTER,0,24,1139.9033,497.9281
Pavement Surface 18,0,OUTER,0,25,1140.8963,495.5699
Pavement Surface 18,0,OUTER,0,26,1141.6502,493.5633
Pavement Surface 18,0,OUTER,0,27,1142.0376,492.4386
Pavement Surface 18,0,OUTER,0,28,1143.0036,489.2487
Pavement Surface 18,0,OUTER,0,29,1143.7913,486.0102
Pavement Surface 18,0,OUTER,0,30,1144.0960,484.4915
Pavement Surface 18,0,OUTER,0,31,1144.3983,482.7331
Pavement Surface 18,0,OUTER,0,32,1144.7798,479.8401
Pavement Surface 18,0,OUTER,0,33,1144.8226,479.4273
Pavement Surface 18,0,OUTER,0,34,1145.0631,476.1030
Pavement Surface 18,0,OUTER,0,35,1145.1097,474.6718
Pavement Surface 18,0,OUTER,0,36,1145.1189,472.7706
Pavement Surface 18,0,OUTER,0,37,1145.1014,472.1933
Pavement Surface 18,0,OUTER,0,38,1144.9898,469.4402
Pavement Surface 18,0,OUTER,0,39,1144.6316,465.7654
Pavement Surface 18,0,OUTER,0,40,1144.1795,462.8264
Pavement Surface 18,0,OUTER,0,41,1143.8500,461.1294
Pavement Surface 18,0,OUTER,0,42,1143.5007,459.5634
Pavement Surface 18,0,OUTER,0,43,1143.0553,457.8041
Pavement Surface 18,0,OUTER,0,44,1141.5947,453.1770
Pavement Surface 18,0,OUTER,0,45,1141.2139,452.1112
Pavement Surface 18,0,OUTER,0,46,1140.3963,450.0696
Pavement Surface 18,0,OUTER,0,47,1139.0161,447.0359
Pavement Surface 18,0,OUTER,0,48,1137.4698,444.0833
Pavement Surface 18,0,OUTER,0,49,1137.1935,443.6173
Pavement Surface 18,0,OUTER,0,50,1136.3942,442.2697
Pavement Surface 18,0,OUTER,0,51,1135.5419,440.9678
Pavement Surface 18,0,OUTER,0,52,1134.7141,439.6263
Pavement Surface 18,0,OUTER,0,53,1133.8987,438.4578
Pavement Surface 18,0,OUTER,0,54,1131.9001,435.8097
Pavement Surface 18,0,OUTER,0,55,1128.2546,431.0742
Pavement Surface 18,0,OUTER,0,56,1128.2464,431.0636
Pavement Surface 18,0,OUTER,0,57,1125.5403,428.9375
Pavement Surface 18,0,OUTER,0,58,1120.4117,424.8439
Pavement Surface 18,0,OUTER,0,59,1117.1424,422.2485
Pavement Surface 18,0,OUTER,0,60,1097.5213,406.8814
Pavement Surface 18,0,OUTER,0,61,1095.9697,405.7336
Pavement Surface 18,0,OUTER,0,62,1094.3498,404.5605
Pavement Surface 18,0,OUTER,0,63,1093.8671,404.2343
Pavement Surface 18,0,OUTER,0,64,1091.5462,402.7583
Pavement Surface 18,0,OUTER,0,65,1089.4117,401.5275
Pavement Surface 18,0,OUTER,0,66,1088.3715,400.9764
Pavement Surface 18,0,OUTER,0,67,1086.5653,400.0732
Pavement Surface 18,0,OUTER,0,68,1085.0919,399.3740
Pavement Surface 18,0,OUTER,0,69,1082.5978,398.3204
Pavement Surface 18,0,OUTER,0,70,1081.6440,397.9543
Pavement Surface 18,0,OUTER,0,71,1079.4664,397.1792
Pavement Surface 18,0,OUTER,0,72,1077.5991,396.5904
Pavement Surface 18,0,OUTER,0,73,1075.9603,396.1280
Pavement Surface 18,0,OUTER,0,74,1074.1671,395.7197
Pavement Surface 18,0,OUTER,0,75,1073.2317,395.4676
Pavement Surface 18,0,OUTER,0,76,1071.2281,395.0675
Pavement Surface 18,0,OUTER,0,77,1069.7607,394.8191
Pavement Surface 18,0,OUTER,0,78,1068.7923,394.6755
Pavement Surface 18,0,OUTER,0,79,1066.4402,394.3934
Pavement Surface 18,0,OUTER,0,80,1064.3061,394.2184
Pavement Surface 18,0,OUTER,0,81,1062.8627,394.1531
Pavement Surface 18,0,OUTER,0,82,1061.7785,394.1211
Pavement Surface 18,0,OUTER,0,83,1061.2014,394.1121
Pavement Surface 18,0,OUTER,0,84,1060.4532,394.1030
Pavement Surface 18,0,OUTER,0,85,1059.4301,394.1093
Pavement Surface 18,0,OUTER,0,86,1058.7584,394.1281
Pavement Surface 18,0,OUTER,0,87,1056.7397,394.2107
Pavement Surface 18,0,OUTER,0,88,1055.1032,394.3347
Pavement Surface 18,0,OUTER,0,89,1053.3255,394.5205
Pavement Surface 18,0,OUTER,0,90,1051.9205,394.7054
Pavement Surface 18,0,OUTER,0,91,1050.0284,395.0079
Pavement Surface 18,0,OUTER,0,92,1047.8442,395.4348
Pavement Surface 18,0,OUTER,0,93,1045.8400,395.9012
Pavement Surface 18,0,OUTER,0,94,1044.6039,396.2254
Pavement Surface 18,0,OUTER,0,95,1043.5510,396.5237
Pavement Surface 18,0,OUTER,0,96,1042.4646,396.8534
Pavement Surface 18,0,OUTER,0,97,1040.3697,397.5533
Pavement Surface 18,0,OUTER,0,98,1038.2714,398.3420
Pavement Surface 18,0,OUTER,0,99,1036.9341,398.8921
Pavement Surface 18,0,OUTER,0,100,1035.2037,399.6608
Pavement Surface 18,0,OUTER,0,101,1033.4804,400.4923
Pavement Surface 18,0,OUTER,0,102,1032.9792,400.7573
Pavement Surface 18,0,OUTER,0,103,1031.2660,401.6633
Pavement Surface 18,0,OUTER,0,104,1029.2366,402.8437
Pavement Surface 18,0,OUTER,0,105,1028.3988,403.3626
Pavement Surface 18,0,OUTER,0,106,1027.1328,404.1949
Pavement Surface 18,0,OUTER,0,107,1025.6302,405.2181
Pavement Surface 18,0,OUTER,0,108,1023.7989,406.5735
Pavement Surface 18,0,OUTER,0,109,1022.9687,407.2243
Pavement Surface 18,0,OUTER,0,110,1021.4003,408.5203
Pavement Surface 18,0,OUTER,0,111,1020.4226,409.3750
Pavement Surface 18,0,OUTER,0,112,1018.7454,410.9317
Pavement Surface 18,0,OUTER,0,113,1017.6247,412.0410
Pavement Surface 18,0,OUTER,0,114,1015.5108,414.3104
Pavement Surface 18,0,OUTER,0,115,1014.0252,416.0579
Pavement Surface 18,0,OUTER,0,116,1011.5805,419.2293
Pavement Surface 18,0,OUTER,0,117,1001.5243,433.2891
Pavement Surface 18,0,OUTER,0,118,982.8526,459.3943
Pavement Surface 19,0,OUTER,0,0,211.1821,1320.6105
Pavement Surface 19,0,OUTER,0,1,207.8378,1328.4950
Pavement Surface 19,0,OUTER,0,2,203.9291,1337.7962
Pavement Surface 19,0,OUTER,0,3,200.0476,1347.1194
Pavement Surface 19,0,OUTER,0,4,195.7146,1357.6371
Pavement Surface 19,0,OUTER,0,5,204.4445,1361.6810
Pavement Surface 19,0,OUTER,0,6,210.8614,1346.1610
Pavement Surface 19,0,OUTER,0,7,216.7033,1332.2477
Pavement Surface 19,0,OUTER,0,8,222.6147,1318.3638
Pavement Surface 19,0,OUTER,0,9,225.3246,1312.0806
Pavement Surface 19,0,OUTER,0,10,225.4058,1311.8985
Pavement Surface 19,0,OUTER,0,11,225.4015,1311.8967
Pavement Surface 19,0,OUTER,0,12,225.6906,1311.2328
Pavement Surface 19,0,OUTER,0,13,228.5955,1304.5096
Pavement Surface 19,0,OUTER,0,14,235.4588,1288.8450
Pavement Surface 19,0,OUTER,0,15,241.0138,1276.3336
Pavement Surface 19,0,OUTER,0,16,247.1159,1262.7676
Pavement Surface 19,0,OUTER,0,17,253.4892,1248.7864
Pavement Surface 19,0,OUTER,0,18,259.7973,1235.1309
Pavement Surface 19,0,OUTER,0,19,263.4429,1227.3196
Pavement Surface 19,0,OUTER,0,20,266.6076,1220.5854
Pavement Surface 19,0,OUTER,0,21,274.3132,1204.3744
Pavement Surface 19,0,OUTER,0,22,274.4145,1204.1676
Pavement Surface 19,0,OUTER,0,23,274.4120,1204.1664
Pavement Surface 19,0,OUTER,0,24,274.5625,1203.8550
Pavement Surface 19,0,OUTER,0,25,279.2650,1194.0734
Pavement Surface 19,0,OUTER,0,26,283.1740,1186.0266
Pavement Surface 19,0,OUTER,0,27,283.2041,1185.9689
Pavement Surface 19,0,OUTER,0,28,283.2016,1185.9677
Pavement Surface 19,0,OUTER,0,29,283.3142,1185.7382
Pavement Surface 19,0,OUTER,0,30,284.8836,1182.5135
Pavement Surface 19,0,OUTER,0,31,291.3803,1169.3010
Pavement Surface 19,0,OUTER,0,32,297.0554,1157.8906
Pavement Surface 19,0,OUTER,0,33,303.4432,1145.1899
Pavement Surface 19,0,OUTER,0,34,310.1474,1132.0181
Pavement Surface 19,0,OUTER,0,35,315.4058,1121.7974
Pavement Surface 19,0,OUTER,0,36,321.8474,1109.4054
Pavement Surface 19,0,OUTER,0,37,328.8717,1096.0500
Pavement Surface 19,0,OUTER,0,38,333.5957,1087.1680
Pavement Surface 19,0,OUTER,0,39,333.6518,1087.0595
Pavement Surface 19,0,OUTER,0,40,340.7270,1073.8695
Pavement Surface 19,0,OUTER,0,41,347.9288,1060.6089
Pavement Surface 19,0,OUTER,0,42,354.7529,1048.1878
Pavement Surface 19,0,OUTER,0,43,361.2611,1036.4687
Pavement Surface 19,0,OUTER,0,44,367.7690,1024.8714
Pavement Surface 19,0,OUTER,0,45,374.9004,1012.2988
Pavement Surface 19,0,OUTER,0,46,378.0037,1006.8783
Pavement Surface 19,0,OUTER,0,47,369.9777,1001.1274
Pavement Surface 19,0,OUTER,0,48,367.0737,1006.2033
Pavement Surface 19,0,OUTER,0,49,362.1187,1014.9295
Pavement Surface 19,0,OUTER,0,50,357.1929,1023.6678
Pavement Surface 19,0,OUTER,0,51,352.2942,1032.4239
Pavement Surface 19,0,OUTER,0,52,348.6875,1038.9143
Pavement Surface 19,0,OUTER,0,53,344.1908,1047.0599
Pavement Surface 19,0,OUTER,0,54,339.3493,1055.8979
Pavement Surface 19,0,OUTER,0,55,334.5505,1064.7276
Pavement Surface 19,0,OUTER,0,56,329.7317,1073.6650
Pavement Surface 19,0,OUTER,0,57,324.9610,1082.5843
Pavement Surface 19,0,OUTER,0,58,320.2337,1091.4934
Pavement Surface 19,0,OUTER,0,59,315.5388,1100.4133
Pavement Surface 19,0,OUTER,0,60,310.8679,1109.3599
Pavement Surface 19,0,OUTER,0,61,306.2268,1118.3220
Pavement Surface 19,0,OUTER,0,62,302.5355,1125.5028
Pavement Surface 19,0,OUTER,0,63,297.0344,1136.2924
Pavement Surface 19,0,OUTER,0,64,292.4832,1145.3004
Pavement Surface 19,0,OUTER,0,65,286.1865,1157.8968
Pavement Surface 19,0,OUTER,0,66,283.4740,1163.3557
Pavement Surface 19,0,OUTER,0,67,279.0126,1172.4096
Pavement Surface 19,0,OUTER,0,68,274.5795,1181.4825
Pavement Surface 19,0,OUTER,0,69,270.1791,1190.5651
Pavement Surface 19,0,OUTER,0,70,265.8090,1199.6622
Pavement Surface 19,0,OUTER,0,71,261.4692,1208.7739
Pavement Surface 19,0,OUTER,0,72,257.0805,1218.0690
Pavement Surface 19,0,OUTER,0,73,252.4057,1228.0609
Pavement Surface 19,0,OUTER,0,74,247.7667,1238.0705
Pavement Surface 19,0,OUTER,0,75,243.4206,1247.5362
Pavement Surface 19,0,OUTER,0,76,239.0045,1257.2435
Pavement Surface 19,0,OUTER,0,77,234.8954,1266.3583
Pavement Surface 19,0,OUTER,0,78,230.5185,1276.1571
Pavement Surface 19,0,OUTER,0,79,227.1369,1283.7911
Pavement Surface 19,0,OUTER,0,80,223.7858,1291.4133
Pavement Surface 19,0,OUTER,0,81,219.7482,1300.6737
Pavement Surface 19,0,OUTER,0,82,215.7490,1309.9299
Pavement Surface 2,0,OUTER,0,0,457.6337,1202.0002
Pavement Surface 2,0,OUTER,0,1,452.4180,1210.5276
Pavement Surface 2,0,OUTER,0,2,449.8226,1214.8071
Pavement Surface 2,0,OUTER,0,3,444.6684,1223.3777
Pavement Surface 2,0,OUTER,0,4,439.7754,1231.6058
Pavement Surface 2,0,OUTER,0,5,439.6130,1231.9984
Pavement Surface 2,0,OUTER,0,6,439.6414,1232.0178
Pavement Surface 2,0,OUTER,0,7,457.3798,1239.2709
Pavement Surface 2,0,OUTER,0,8,470.8147,1245.0134
Pavement Surface 2,0,OUTER,0,9,472.5484,1239.1846
Pavement Surface 2,0,OUTER,0,10,475.3396,1239.7607
Pavement Surface 2,0,OUTER,0,11,478.1813,1239.9779
Pavement Surface 2,0,OUTER,0,12,481.0276,1239.8329
Pavement Surface 2,0,OUTER,0,13,483.5086,1239.4042
Pavement Surface 2,0,OUTER,0,14,485.8904,1238.7146
Pavement Surface 2,0,OUTER,0,15,488.1983,1237.7570
Pavement Surface 2,0,OUTER,0,16,490.3853,1236.5484
Pavement Surface 2,0,OUTER,0,17,492.6037,1234.9596
Pavement Surface 2,0,OUTER,0,18,494.6127,1233.1130
Pavement Surface 2,0,OUTER,0,19,496.3824,1231.0361
Pavement Surface 2,0,OUTER,0,20,552.5849,1121.8812
Pavement Surface 2,0,OUTER,0,21,562.0083,1103.1061
Pavement Surface 2,0,OUTER,0,22,568.6281,1090.4655
Pavement Surface 2,0,OUTER,0,23,573.9815,1080.5355
Pavement Surface 2,0,OUTER,0,24,581.5718,1066.6038
Pavement Surface 2,0,OUTER,0,25,593.8833,1044.1901
Pavement Surface 2,0,OUTER,0,26,597.9388,1036.6886
Pavement Surface 2,0,OUTER,0,27,615.9946,1005.4019
Pavement Surface 2,0,OUTER,0,28,632.5496,978.1407
Pavement Surface 2,0,OUTER,0,29,644.0474,959.7121
Pavement Surface 2,0,OUTER,0,30,655.8874,941.0018
Pavement Surface 2,0,OUTER,0,31,669.7011,919.6679
Pavement Surface 2,0,OUTER,0,32,695.3156,882.2870
Pavement Surface 2,0,OUTER,0,33,707.9774,864.7461
Pavement Surface 2,0,OUTER,0,34,717.4369,851.2039
Pavement Surface 2,0,OUTER,0,35,744.9473,814.1912
Pavement Surface 2,0,OUTER,0,36,764.8053,788.6751
Pavement Surface 2,0,OUTER,0,37,856.3766,671.5200
Pavement Surface 2,0,OUTER,0,38,890.8308,627.5748
Pavement Surface 2,0,OUTER,0,39,930.0802,578.0354
Pavement Surface 2,0,OUTER,0,40,921.9095,572.2700
Pavement Surface 2,0,OUTER,0,41,920.1961,571.3906
Pavement Surface 2,0,OUTER,0,42,908.8376,563.0363
Pavement Surface 2,0,OUTER,0,43,545.4099,1071.1502
Pavement Surface 2,0,OUTER,0,44,543.8179,1073.2158
Pavement Surface 2,0,OUTER,0,45,532.1908,1089.4783
Pavement Surface 2,0,OUTER,0,46,526.4060,1097.6427
Pavement Surface 2,0,OUTER,0,47,523.5310,1101.7328
Pavement Surface 2,0,OUTER,0,48,517.8184,1109.9249
Pavement Surface 2,0,OUTER,0,49,512.1320,1118.1669
Pavement Surface 2,0,OUTER,0,50,509.3076,1122.2937
Pavement Surface 2,0,OUTER,0,51,503.6894,1130.5690
Pavement Surface 2,0,OUTER,0,52,497.0097,1140.5281
Pavement Surface 2,0,OUTER,0,53,492.5831,1147.1951
Pavement Surface 2,0,OUTER,0,54,489.8349,1151.3653
Pavement Surface 2,0,OUTER,0,55,484.3108,1159.8171
Pavement Surface 2,0,OUTER,0,56,478.9282,1168.1428
Pavement Surface 2,0,OUTER,0,57,473.5426,1176.5650
Pavement Surface 2,0,OUTER,0,58,469.2677,1183.3194
Pavement Surface 2,0,OUTER,0,59,462.8944,1193.4952
Pavement Surface 2,1,OUTER,0,0,1052.1745,409.3214
Pavement Surface 2,1,OUTER,0,1,1052.2330,408.5378
Pavement Surface 2,1,OUTER,0,2,1052.6861,407.3207
Pavement Surface 2,1,OUTER,0,3,1054.9234,405.7768
Pavement Surface 2,1,OUTER,0,4,1053.6127,404.2675
Pavement Surface 2,1,OUTER,0,5,1051.3106,411.3924
Pavement Surface 20,0,OUTER,0,0,391.2329,964.6497
Pavement Surface 20,0,OUTER,0,1,386.1481,973.2618
Pavement Surface 20,0,OUTER,0,2,381.5950,981.0246
Pavement Surface 20,0,OUTER,0,3,377.0680,988.8062
Pavement Surface 20,0,OUTER,0,4,372.0550,997.4966
Pavement Surface 20,0,OUTER,0,5,369.9777,1001.1274
Pavement Surface 20,0,OUTER,0,6,378.0037,1006.8783
Pavement Surface 20,0,OUTER,0,7,382.4133,999.2125
Pavement Surface 20,0,OUTER,0,8,382.4632,999.1309
Pavement Surface 20,0,OUTER,0,9,382.4602,999.1292
Pavement Surface 20,0,OUTER,0,10,383.0323,998.1421
Pavement Surface 20,0,OUTER,0,11,388.0838,989.4188
Pavement Surface 20,0,OUTER,0,12,390.4473,985.3747
Pavement Surface 20,0,OUTER,0,13,390.4951,985.2977
Pavement Surface 20,0,OUTER,0,14,390.4920,985.2959
Pavement Surface 20,0,OUTER,0,15,391.1052,984.2499
Pavement Surface 20,0,OUTER,0,16,395.0700,977.4789
Pavement Surface 20,0,OUTER,0,17,400.1876,968.8182
Pavement Surface 20,0,OUTER,0,18,407.1224,957.1706
Pavement Surface 20,0,OUTER,0,19,544.0425,728.5028
Pavement Surface 20,0,OUTER,0,20,544.6708,727.4199
Pavement Surface 20,0,OUTER,0,21,545.7905,725.1579
Pavement Surface 20,0,OUTER,0,22,549.7057,718.0693
Pavement Surface 20,0,OUTER,0,23,551.8561,714.6369
Pavement Surface 20,0,OUTER,0,24,553.7824,711.9057
Pavement Surface 20,0,OUTER,0,25,558.6850,705.5968
Pavement Surface 20,0,OUTER,0,26,549.5481,701.3231
Pavement Surface 20,0,OUTER,0,27,535.6813,723.0324
Pavement Surface 20,0,OUTER,0,28,398.6725,952.1070
Pavement Surface 21,0,OUTER,0,0,549.5481,701.3231
Pavement Surface 21,0,OUTER,0,1,558.6850,705.5968
Pavement Surface 21,0,OUTER,0,2,558.9238,705.2254
Pavement Surface 21,0,OUTER,0,3,789.7901,347.0996
Pavement Surface 21,0,OUTER,0,4,788.1855,346.0428
Pavement Surface 21,0,OUTER,0,5,784.6456,343.7001
Pavement Surface 21,0,OUTER,0,6,783.7902,343.1666
Pavement Surface 21,0,OUTER,0,7,781.1317,341.6608
Pavement Surface 21,0,OUTER,0,8,780.2559,341.1656
Pavement Surface 21,0,OUTER,0,9,620.8206,589.8211
Pavement Surface 3,0,OUTER,0,0,1088.3091,690.3785
Pavement Surface 3,0,OUTER,0,1,1088.1012,690.7758
Pavement Surface 3,0,OUTER,0,2,1086.6975,693.7398
Pavement Surface 3,0,OUTER,0,3,1085.3690,697.4327
Pavement Surface 3,0,OUTER,0,4,1084.8419,699.3275
Pavement Surface 3,0,OUTER,0,5,1084.3928,701.3177
Pavement Surface 3,0,OUTER,0,6,1084.0482,703.3167
Pavement Surface 3,0,OUTER,0,7,1083.8041,705.3439
Pavement Surface 3,0,OUTER,0,8,1083.6633,707.3918
Pavement Surface 3,0,OUTER,0,9,1083.6278,709.4524
Pavement Surface 3,0,OUTER,0,10,1083.6988,711.5176
Pavement Surface 3,0,OUTER,0,11,1083.8767,713.5791
Pavement Surface 3,0,OUTER,0,12,1084.1609,715.6286
Pavement Surface 3,0,OUTER,0,13,1084.5502,717.6580
Pavement Surface 3,0,OUTER,0,14,1085.0423,719.6593
Pavement Surface 3,0,OUTER,0,15,1085.4929,721.1554
Pavement Surface 3,0,OUTER,0,16,1086.3223,723.5472
Pavement Surface 3,0,OUTER,0,17,1087.1022,725.4198
Pavement Surface 3,0,OUTER,0,18,1087.9687,727.2363
Pavement Surface 3,0,OUTER,0,19,1088.9166,728.9912
Pavement Surface 3,0,OUTER,0,20,1091.0318,732.2969
Pavement Surface 3,0,OUTER,0,21,1093.3972,735.3061
Pavement Surface 3,0,OUTER,0,22,1095.9594,737.9991
Pavement Surface 3,0,OUTER,0,23,1098.6659,740.3673
Pavement Surface 3,0,OUTER,0,24,1137.0762,771.0404
Pavement Surface 3,0,OUTER,0,25,1138.7113,772.1029
Pavement Surface 3,0,OUTER,0,26,1140.5427,772.8322
Pavement Surface 3,0,OUTER,0,27,1142.5150,773.1941
Pavement Surface 3,0,OUTER,0,28,1144.4647,773.1601
Pavement Surface 3,0,OUTER,0,29,1146.3706,772.7484
Pavement Surface 3,0,OUTER,0,30,1148.1943,771.9559
Pavement Surface 3,0,OUTER,0,31,1149.8251,770.8181
Pavement Surface 3,0,OUTER,0,32,1151.1743,769.4110
Pavement Surface 3,0,OUTER,0,33,1256.9116,635.0534
Pavement Surface 3,0,OUTER,0,34,1256.9586,634.9935
Pavement Surface 3,0,OUTER,0,35,1257.9222,633.7310
Pavement Surface 3,0,OUTER,0,36,1258.7005,632.7004
Pavement Surface 3,0,OUTER,0,37,1259.2848,631.9267
Pavement Surface 3,0,OUTER,0,38,1260.2909,630.5145
Pavement Surface 3,0,OUTER,0,39,1260.7855,629.8025
Pavement Surface 3,0,OUTER,0,40,1261.8895,628.1586
Pavement Surface 3,0,OUTER,0,41,1262.5815,627.0603
Pavement Surface 3,0,OUTER,0,42,1264.0833,624.5728
Pavement Surface 3,0,OUTER,0,43,1264.4736,623.8525
Pavement Surface 3,0,OUTER,0,44,1265.6486,621.6845
Pavement Surface 3,0,OUTER,0,45,1266.1724,620.6660
Pavement Surface 3,0,OUTER,0,46,1268.1171,616.6358
Pavement Surface 3,0,OUTER,0,47,1268.1539,616.5074
Pavement Surface 3,0,OUTER,0,48,1268.5984,615.3953
Pavement Surface 3,0,OUTER,0,49,1268.9040,614.6076
Pavement Surface 3,0,OUTER,0,50,1269.5569,612.9220
Pavement Surface 3,0,OUTER,0,51,1269.8946,611.9913
Pavement Surface 3,0,OUTER,0,52,1270.4114,610.5676
Pavement Surface 3,0,OUTER,0,53,1270.7576,609.5203
Pavement Surface 3,0,OUTER,0,54,1271.5104,607.0949
Pavement Surface 3,0,OUTER,0,55,1271.8120,606.0337
Pavement Surface 3,0,OUTER,0,56,1272.5817,603.0014
Pavement Surface 3,0,OUTER,0,57,1272.6701,602.6138
Pavement Surface 3,0,OUTER,0,58,1272.7509,602.2596
Pavement Surface 3,0,OUTER,0,59,1273.2865,599.6881
Pavement Surface 3,0,OUTER,0,60,1273.4989,598.5834
Pavement Surface 3,0,OUTER,0,61,1273.9930,595.2954
Pavement Surface 3,0,OUTER,0,62,1274.1639,593.9063
Pavement Surface 3,0,OUTER,0,63,1274.2997,592.5473
Pavement Surface 3,0,OUTER,0,64,1274.4239,591.3052
Pavement Surface 3,0,OUTER,0,65,1274.4526,591.0171
Pavement Surface 3,0,OUTER,0,66,1274.4985,590.3922
Pavement Surface 3,0,OUTER,0,67,1274.5056,590.2514
Pavement Surface 3,0,OUTER,0,68,1274.5767,588.8404
Pavement Surface 3,0,OUTER,0,69,1274.5829,588.8379
Pavement Surface 3,0,OUTER,0,70,1274.6692,587.0049
Pavement Surface 3,0,OUTER,0,71,1274.6801,586.4244
Pavement Surface 3,0,OUTER,0,72,1274.6842,583.3522
Pavement Surface 3,0,OUTER,0,73,1274.6656,582.4042
Pavement Surface 3,0,OUTER,0,74,1274.5772,580.2004
Pavement Surface 3,0,OUTER,0,75,1274.4664,578.4707
Pavement Surface 3,0,OUTER,0,76,1274.4254,577.8960
Pavement Surface 3,0,OUTER,0,77,1274.2070,575.9458
Pavement Surface 3,0,OUTER,0,78,1274.1186,575.1866
Pavement Surface 3,0,OUTER,0,79,1273.8126,572.5920
Pavement Surface 3,0,OUTER,0,80,1273.2460,569.6026
Pavement Surface 3,0,OUTER,0,81,1272.7302,567.0948
Pavement Surface 3,0,OUTER,0,82,1271.9816,564.0653
Pavement Surface 3,0,OUTER,0,83,1271.9566,563.9636
Pavement Surface 3,0,OUTER,0,84,1271.8518,563.5811
Pavement Surface 3,0,OUTER,0,85,1271.6393,562.8637
Pavement Surface 3,0,OUTER,0,86,1270.9456,560.5388
Pavement Surface 3,0,OUTER,0,87,1270.9080,560.4127
Pavement Surface 3,0,OUTER,0,88,1270.7189,559.8258
Pavement Surface 3,0,OUTER,0,89,1270.6699,559.6723
Pavement Surface 3,0,OUTER,0,90,1269.5931,556.6220
Pavement Surface 3,0,OUTER,0,91,1269.1123,555.3724
Pavement Surface 3,0,OUTER,0,92,1268.3139,553.4481
Pavement Surface 3,0,OUTER,0,93,1267.8810,552.3947
Pavement Surface 3,0,OUTER,0,94,1267.5257,551.5528
Pavement Surface 3,0,OUTER,0,95,1266.6845,549.8333
Pavement Surface 3,0,OUTER,0,96,1265.2221,546.9093
Pavement Surface 3,0,OUTER,0,97,1265.0797,546.6340
Pavement Surface 3,0,OUTER,0,98,1263.8537,544.5117
Pavement Surface 3,0,OUTER,0,99,1263.4573,543.8326
Pavement Surface 3,0,OUTER,0,100,1262.3509,542.0287
Pavement Surface 3,0,OUTER,0,101,1262.1559,541.7359
Pavement Surface 3,0,OUTER,0,102,1260.2719,538.9086
Pavement Surface 3,0,OUTER,0,103,1259.9714,538.4733
Pavement Surface 3,0,OUTER,0,104,1258.1700,536.0454
Pavement Surface 3,0,OUTER,0,105,1257.7955,535.5474
Pavement Surface 3,0,OUTER,0,106,1255.2881,532.4905
Pavement Surface 3,0,OUTER,0,107,1254.7753,531.9149
Pavement Surface 3,0,OUTER,0,108,1252.8965,529.8515
Pavement Surface 3,0,OUTER,0,109,1252.8964,529.8514
Pavement Surface 3,0,OUTER,0,110,1252.4799,529.4089
Pavement Surface 3,0,OUTER,0,111,1252.0846,529.0134
Pavement Surface 3,0,OUTER,0,112,1250.6254,527.5539
Pavement Surface 3,0,OUTER,0,113,1250.5897,527.5182
Pavement Surface 3,0,OUTER,0,114,1249.5413,526.5041
Pavement Surface 3,0,OUTER,0,115,1249.0677,526.0587
Pavement Surface 3,0,OUTER,0,116,1248.2066,525.2903
Pavement Surface 3,0,OUTER,0,117,1247.5837,524.7252
Pavement Surface 3,0,OUTER,0,118,1246.4120,523.7125
Pavement Surface 3,0,OUTER,0,119,1244.0347,521.7566
Pavement Surface 3,0,OUTER,0,120,1235.3866,514.9838
Pavement Surface 3,0,OUTER,0,121,1232.4149,512.8166
Pavement Surface 3,0,OUTER,0,122,1231.0719,511.9210
Pavement Surface 3,0,OUTER,0,123,1228.6133,510.4101
Pavement Surface 3,0,OUTER,0,124,1228.5218,510.3554
Pavement Surface 3,0,OUTER,0,125,1228.5206,510.3575
Pavement Surface 3,0,OUTER,0,126,1228.3597,510.2666
Pavement Surface 3,0,OUTER,0,127,1228.3628,510.2608
Pavement Surface 3,0,OUTER,0,128,1227.0577,509.5308
Pavement Surface 3,0,OUTER,0,129,1224.9900,508.4410
Pavement Surface 3,0,OUTER,0,130,1222.1475,507.1269
Pavement Surface 3,0,OUTER,0,131,1219.2282,505.9585
Pavement Surface 3,0,OUTER,0,132,1216.4826,505.0235
Pavement Surface 3,0,OUTER,0,133,1213.6116,504.1976
Pavement Surface 3,0,OUTER,0,134,1209.7524,503.3201
Pavement Surface 3,0,OUTER,0,135,1208.4929,503.1033
Pavement Surface 3,0,OUTER,0,136,1207.8804,502.9128
Pavement Surface 3,0,OUTER,0,137,1206.4636,502.7839
Pavement Surface 3,0,OUTER,0,138,1203.1503,502.4306
Pavement Surface 3,0,OUTER,0,139,1200.1265,502.2655
Pavement Surface 3,0,OUTER,0,140,1197.6566,502.2320
Pavement Surface 3,0,OUTER,0,141,1194.5656,502.3501
Pavement Surface 3,0,OUTER,0,142,1193.1631,502.4785
Pavement Surface 3,0,OUTER,0,143,1189.8821,502.8545
Pavement Surface 3,0,OUTER,0,144,1186.5969,503.4180
Pavement Surface 3,0,OUTER,0,145,1183.9176,504.0219
Pavement Surface 3,0,OUTER,0,146,1182.1071,504.4962
Pavement Surface 3,0,OUTER,0,147,1179.2427,505.3881
Pavement Surface 3,0,OUTER,0,148,1173.8802,507.3731
Pavement Surface 3,0,OUTER,0,149,1170.7848,508.8649
Pavement Surface 3,0,OUTER,0,150,1167.9561,510.4225
Pavement Surface 3,0,OUTER,0,151,1166.9796,511.0067
Pavement Surface 3,0,OUTER,0,152,1165.1286,512.1875
Pavement Surface 3,0,OUTER,0,153,1162.9560,513.7001
Pavement Surface 3,0,OUTER,0,154,1161.6642,514.6693
Pavement Surface 3,0,OUTER,0,155,1159.9257,516.0625
Pavement Surface 3,0,OUTER,0,156,1159.1623,516.7086
Pavement Surface 3,0,OUTER,0,157,1157.4444,518.2462
Pavement Surface 3,0,OUTER,0,158,1157.3013,518.3892
Pavement Surface 3,0,OUTER,0,159,1151.3977,524.9478
Pavement Surface 3,0,OUTER,0,160,1149.7609,527.0960
Pavement Surface 3,0,OUTER,0,161,1149.0725,528.1017
Pavement Surface 3,0,OUTER,0,162,1148.6092,528.5482
Pavement Surface 3,0,OUTER,0,163,1147.2331,531.1309
Pavement Surface 3,0,OUTER,0,164,1146.6769,532.8630
Pavement Surface 3,0,OUTER,0,165,1146.4415,534.7333
Pavement Surface 3,0,OUTER,0,166,1146.5668,536.6490
Pavement Surface 3,0,OUTER,0,167,1147.0607,538.5156
Pavement Surface 3,0,OUTER,0,168,1147.8726,540.2044
Pavement Surface 3,0,OUTER,0,169,1148.9496,541.6705
Pavement Surface 3,0,OUTER,0,170,1150.2031,542.8608
Pavement Surface 3,0,OUTER,0,171,1191.6995,575.9427
Pavement Surface 3,0,OUTER,0,172,1193.0183,577.2076
Pavement Surface 3,0,OUTER,0,173,1194.1401,578.7863
Pavement Surface 3,0,OUTER,0,174,1194.5945,579.6794
Pavement Surface 3,0,OUTER,0,175,1194.8308,580.2893
Pavement Surface 3,0,OUTER,0,176,1194.9622,580.6285
Pavement Surface 3,0,OUTER,0,177,1195.2338,581.6206
Pavement Surface 3,0,OUTER,0,178,1195.4028,582.6408
Pavement Surface 3,0,OUTER,0,179,1195.4654,583.6731
Pavement Surface 3,0,OUTER,0,180,1195.4217,584.7008
Pavement Surface 3,0,OUTER,0,181,1195.2821,585.6569
Pavement Surface 3,0,OUTER,0,182,1195.0307,586.6798
Pavement Surface 3,0,OUTER,0,183,1194.2889,588.4688
Pavement Surface 3,0,OUTER,0,184,1194.0543,588.9150
Pavement Surface 3,0,OUTER,0,185,1196.7051,585.2778
Pavement Surface 3,0,OUTER,0,186,1197.1851,584.6192
Pavement Surface 3,0,OUTER,0,187,1198.3246,583.2213
Pavement Surface 3,0,OUTER,0,188,1198.4238,583.0997
Pavement Surface 3,0,OUTER,0,189,1199.6710,582.1903
Pavement Surface 3,0,OUTER,0,190,1201.8211,581.0112
Pavement Surface 3,0,OUTER,0,191,1203.1501,580.6536
Pavement Surface 3,0,OUTER,0,192,1204.5201,580.5208
Pavement Surface 3,0,OUTER,0,193,1206.4037,580.5208
Pavement Surface 3,0,OUTER,0,194,1207.9781,580.9602
Pavement Surface 3,0,OUTER,0,195,1209.5219,581.5120
Pavement Surface 3,0,OUTER,0,196,1211.5687,582.8510
Pavement Surface 3,0,OUTER,0,197,1212.6960,583.7312
Pavement Surface 3,0,OUTER,0,198,1221.1073,590.4539
Pavement Surface 3,0,OUTER,0,199,1224.8900,593.5526
Pavement Surface 3,0,OUTER,0,200,1230.3404,597.9327
Pavement Surface 3,0,OUTER,0,201,1230.1114,598.3568
Pavement Surface 3,0,OUTER,0,202,1228.2666,600.4499
Pavement Surface 3,0,OUTER,0,203,1225.9260,603.3003
Pavement Surface 3,0,OUTER,0,204,1226.6299,603.8638
Pavement Surface 3,0,OUTER,0,205,1239.5020,614.1680
Pavement Surface 3,0,OUTER,0,206,1243.9638,608.4204
Pavement Surface 3,0,OUTER,0,207,1253.7672,616.9463
Pavement Surface 3,0,OUTER,0,208,1254.7554,618.0055
Pavement Surface 3,0,OUTER,0,209,1256.0487,619.8199
Pavement Surface 3,0,OUTER,0,210,1256.8195,621.1607
Pavement Surface 3,0,OUTER,0,211,1257.4926,623.6789
Pavement Surface 3,0,OUTER,0,212,1257.6615,625.0395
Pavement Surface 3,0,OUTER,0,213,1257.7082,625.4165
Pavement Surface 3,0,OUTER,0,214,1257.7082,626.5861
Pavement Surface 3,0,OUTER,0,215,1257.5729,628.4337
Pavement Surface 3,0,OUTER,0,216,1256.7388,631.1723
Pavement Surface 3,0,OUTER,0,217,1255.7773,632.9563
Pavement Surface 3,0,OUTER,0,218,1255.2164,633.8846
Pavement Surface 3,0,OUTER,0,219,1252.0473,637.8495
Pavement Surface 3,0,OUTER,0,220,1246.9673,644.4687
Pavement Surface 3,0,OUTER,0,221,1240.5415,652.6156
Pavement Surface 3,0,OUTER,0,222,1235.6877,658.6551
Pavement Surface 3,0,OUTER,0,223,1225.0527,672.2858
Pavement Surface 3,0,OUTER,0,224,1217.1800,682.1545
Pavement Surface 3,0,OUTER,0,225,1209.8886,691.4201
Pavement Surface 3,0,OUTER,0,226,1204.5712,698.0609
Pavement Surface 3,0,OUTER,0,227,1199.3169,704.8783
Pavement Surface 3,0,OUTER,0,228,1198.8129,705.5378
Pavement Surface 3,0,OUTER,0,229,1198.0034,706.5374
Pavement Surface 3,0,OUTER,0,230,1193.0782,712.6440
Pavement Surface 3,0,OUTER,0,231,1181.8238,726.9651
Pavement Surface 3,0,OUTER,0,232,1175.0818,735.3749
Pavement Surface 3,0,OUTER,0,233,1167.8606,744.5464
Pavement Surface 3,0,OUTER,0,234,1161.2427,752.9085
Pavement Surface 3,0,OUTER,0,235,1156.3432,759.1768
Pavement Surface 3,0,OUTER,0,236,1151.2811,765.4936
Pavement Surface 3,0,OUTER,0,237,1149.6279,766.9912
Pavement Surface 3,0,OUTER,0,238,1149.3052,767.2836
Pavement Surface 3,0,OUTER,0,239,1148.5683,767.6626
Pavement Surface 3,0,OUTER,0,240,1147.7273,768.0953
Pavement Surface 3,0,OUTER,0,241,1145.7549,768.8142
Pavement Surface 3,0,OUTER,0,242,1143.9914,769.1621
Pavement Surface 3,0,OUTER,0,243,1143.7898,769.1621
Pavement Surface 3,0,OUTER,0,244,1142.0423,769.1621
Pavement Surface 3,0,OUTER,0,245,1140.6480,769.0353
Pavement Surface 3,0,OUTER,0,246,1139.4558,768.7946
Pavement Surface 3,0,OUTER,0,247,1137.6710,768.1575
Pavement Surface 3,0,OUTER,0,248,1135.0435,766.6057
Pavement Surface 3,0,OUTER,0,249,1133.7293,765.4284
Pavement Surface 3,0,OUTER,0,250,1132.8494,764.4390
Pavement Surface 3,0,OUTER,0,251,1131.8616,763.1343
Pavement Surface 3,0,OUTER,0,252,1131.0390,760.9514
Pavement Surface 3,0,OUTER,0,253,1130.5985,758.9354
Pavement Surface 3,0,OUTER,0,254,1130.4633,757.2722
Pavement Surface 3,0,OUTER,0,255,1130.6959,753.8688
Pavement Surface 3,0,OUTER,0,256,1131.3072,750.2184
Pavement Surface 3,0,OUTER,0,257,1132.4353,748.6342
Pavement Surface 3,0,OUTER,0,258,1134.4745,746.2252
Pavement Surface 3,0,OUTER,0,259,1125.3600,738.9582
Pavement Surface 3,0,OUTER,0,260,1123.0143,737.0880
Pavement Surface 3,0,OUTER,0,261,1122.4815,736.6632
Pavement Surface 3,0,OUTER,0,262,1121.1661,737.8057
Pavement Surface 3,0,OUTER,0,263,1118.8016,740.1533
Pavement Surface 3,0,OUTER,0,264,1116.4366,742.2130
Pavement Surface 3,0,OUTER,0,265,1114.6185,743.0824
Pavement Surface 3,0,OUTER,0,266,1112.2115,743.8878
Pavement Surface 3,0,OUTER,0,267,1110.6368,744.4931
Pavement Surface 3,0,OUTER,0,268,1107.8800,742.5449
Pavement Surface 3,0,OUTER,0,269,1105.8341,740.7996
Pavement Surface 3,0,OUTER,0,270,1103.8190,739.0411
Pavement Surface 3,0,OUTER,0,271,1099.8073,735.8444
Pavement Surface 3,0,OUTER,0,272,1097.4428,733.2464
Pavement Surface 3,0,OUTER,0,273,1095.4208,729.8451
Pavement Surface 3,0,OUTER,0,274,1094.4645,727.6024
Pavement Surface 3,0,OUTER,0,275,1093.6189,724.0654
Pavement Surface 3,0,OUTER,0,276,1093.4299,721.5833
Pavement Surface 3,0,OUTER,0,277,1093.4299,719.8148
Pavement Surface 3,0,OUTER,0,278,1093.7744,717.3107
Pavement Surface 3,0,OUTER,0,279,1094.3852,714.8010
Pavement Surface 3,0,OUTER,0,280,1094.6984,714.0887
Pavement Surface 3,0,OUTER,0,281,1095.6379,711.9526
Pavement Surface 3,0,OUTER,0,282,1095.7576,711.7479
Pavement Surface 3,0,OUTER,0,283,1097.1422,709.3812
Pavement Surface 3,0,OUTER,0,284,1112.6702,690.7699
Pavement Surface 3,0,OUTER,0,285,1097.0317,678.3025
Pavement Surface 3,0,OUTER,0,286,1093.5198,682.7075
Pavement Surface 3,0,OUTER,0,287,1091.9988,684.6584
Pavement Surface 3,0,OUTER,0,288,1090.2361,687.0859
Pavement Surface 3,0,OUTER,0,289,1088.3357,690.2806
Pavement Surface 3,1,OUTER,0,0,1135.3238,662.3976
Pavement Surface 3,1,OUTER,0,1,1140.9387,655.4140
Pavement Surface 3,1,OUTER,0,2,1144.1832,651.3560
Pavement Surface 3,1,OUTER,0,3,1151.7230,658.8918
Pavement Surface 3,1,OUTER,0,4,1156.5747,662.7798
Pavement Surface 3,1,OUTER,0,5,1155.1982,664.5214
Pavement Surface 3,1,OUTER,0,6,1209.6900,595.5783
Pavement Surface 3,1,OUTER,0,7,1164.5184,652.7293
Pavement Surface 3,1,OUTER,0,8,1152.0407,641.7307
Pavement Surface 3,1,OUTER,0,9,1149.6667,644.7086
Pavement Surface 3,1,OUTER,0,10,1143.6439,651.9178
Pavement Surface 3,1,OUTER,0,11,1140.8735,655.3943
Pavement Surface 4,0,OUTER,0,0,752.2939,968.7560
Pavement Surface 4,0,OUTER,0,1,752.2939,968.7561
Pavement Surface 4,0,OUTER,0,2,871.5990,1048.7491
Pavement Surface 4,0,OUTER,0,3,891.0934,1019.7662
Pavement Surface 4,0,OUTER,0,4,915.1355,985.4786
Pavement Surface 4,0,OUTER,0,5,926.0088,970.7572
Pavement Surface 4,0,OUTER,0,6,813.1039,881.9836
Pavement Surface 4,0,OUTER,0,7,812.5531,882.7693
Pavement Surface 4,0,OUTER,0,8,812.5531,882.7694
Pavement Surface 4,0,HOLE,0,0,794.3029,940.8117
Pavement Surface 4,0,HOLE,0,1,787.7590,935.6170
Pavement Surface 4,0,HOLE,0,2,795.7349,924.4397
Pavement Surface 4,0,HOLE,0,3,793.3361,922.7186
Pavement Surface 4,0,HOLE,0,4,794.0097,921.8132
Pavement Surface 4,0,HOLE,0,5,795.3626,920.1123
Pavement Surface 4,0,HOLE,0,6,797.7158,922.0044
Pavement Surface 4,0,HOLE,0,7,806.2518,910.5587
Pavement Surface 4,0,HOLE,0,8,822.0788,922.5174
Pavement Surface 4,0,HOLE,0,9,811.4039,936.9715
Pavement Surface 4,0,HOLE,0,10,814.4171,939.3103
Pavement Surface 4,0,HOLE,0,11,832.5439,953.3800
Pavement Surface 4,0,HOLE,0,12,839.2946,944.6993
Pavement Surface 4,0,HOLE,0,13,846.1578,949.5998
Pavement Surface 4,0,HOLE,0,14,861.6320,961.0084
Pavement Surface 4,0,HOLE,0,15,846.4354,981.2182
Pavement Surface 4,0,HOLE,0,16,835.6128,972.7694
Pavement Surface 4,0,HOLE,0,17,824.5498,964.7520
Pavement Surface 4,0,HOLE,0,18,830.1635,956.4588
Pavement Surface 4,0,HOLE,0,19,808.8985,940.1861
Pavement Surface 4,0,HOLE,0,20,802.9614,947.6851
Pavement Surface 5,0,OUTER,0,0,660.5706,1124.8922
Pavement Surface 5,0,OUTER,0,1,659.4577,1128.7929
Pavement Surface 5,0,OUTER,0,2,657.7972,1134.6131
Pavement Surface 5,0,OUTER,0,3,657.4245,1136.1201
Pavement Surface 5,0,OUTER,0,4,656.7518,1138.8402
Pavement Surface 5,0,OUTER,0,5,655.2443,1144.9355
Pavement Surface 5,0,OUTER,0,6,654.9854,1146.1676
Pavement Surface 5,0,OUTER,0,7,654.6912,1147.5121
Pavement Surface 5,0,OUTER,0,8,654.0820,1150.4496
Pavement Surface 5,0,OUTER,0,9,653.0626,1155.3222
Pavement Surface 5,0,OUTER,0,10,652.8693,1156.4138
Pavement Surface 5,0,OUTER,0,11,652.3138,1159.5082
Pavement Surface 5,0,OUTER,0,12,651.2537,1165.7533
Pavement Surface 5,0,OUTER,0,13,651.0433,1167.1652
Pavement Surface 5,0,OUTER,0,14,649.9268,1175.4162
Pavement Surface 5,0,OUTER,0,15,649.9265,1175.4183
Pavement Surface 5,0,OUTER,0,16,649.7865,1176.5180
Pavement Surface 5,0,OUTER,0,17,648.7251,1187.0252
Pavement Surface 5,0,OUTER,0,18,648.6641,1188.0230
Pavement Surface 5,0,OUTER,0,19,648.0595,1197.1149
Pavement Surface 5,0,OUTER,0,20,645.6196,1246.9432
Pavement Surface 5,0,OUTER,0,21,645.5322,1250.5102
Pavement Surface 5,0,OUTER,0,22,645.6209,1254.1084
Pavement Surface 5,0,OUTER,0,23,645.8896,1257.7250
Pavement Surface 5,0,OUTER,0,24,646.3411,1261.3464
Pavement Surface 5,0,OUTER,0,25,646.9768,1264.9590
Pavement Surface 5,0,OUTER,0,26,647.7967,1268.5486
Pavement Surface 5,0,OUTER,0,27,648.5623,1271.2611
Pavement Surface 5,0,OUTER,0,28,649.0193,1272.7524
Pavement Surface 5,0,OUTER,0,29,649.9807,1275.5991
Pavement Surface 5,0,OUTER,0,30,651.3409,1279.0409
Pavement Surface 5,0,OUTER,0,31,652.8760,1282.4129
Pavement Surface 5,0,OUTER,0,32,654.5621,1285.6712
Pavement Surface 5,0,OUTER,0,33,656.4197,1288.8548
Pavement Surface 5,0,OUTER,0,34,658.4040,1291.8963
Pavement Surface 5,0,OUTER,0,35,660.5345,1294.8310
Pavement Surface 5,0,OUTER,0,36,662.7906,1297.6355
Pavement Surface 5,0,OUTER,0,37,665.1610,1300.3024
Pavement Surface 5,0,OUTER,0,38,667.6589,1302.8503
Pavement Surface 5,0,OUTER,0,39,670.3018,1305.2937
Pavement Surface 5,0,OUTER,0,40,673.0833,1307.6207
Pavement Surface 5,0,OUTER,0,41,675.9956,1309.8200
Pavement Surface 5,0,OUTER,0,42,679.0299,1311.8809
Pavement Surface 5,0,OUTER,0,43,682.1762,1313.7938
Pavement Surface 5,0,OUTER,0,44,685.4243,1315.5498
Pavement Surface 5,0,OUTER,0,45,688.1321,1316.8420
Pavement Surface 5,0,OUTER,0,46,689.6374,1317.5067
Pavement Surface 5,0,OUTER,0,47,692.1720,1318.5617
Pavement Surface 5,0,OUTER,0,48,695.6475,1319.8061
Pavement Surface 5,0,OUTER,0,49,699.1724,1320.8705
Pavement Surface 5,0,OUTER,0,50,702.7328,1321.7528
Pavement Surface 5,0,OUTER,0,51,706.3147,1322.4519
Pavement Surface 5,0,OUTER,0,52,709.2843,1322.8791
Pavement Surface 5,0,OUTER,0,53,712.1541,1323.1789
Pavement Surface 5,0,OUTER,0,54,717.2117,1314.1628
Pavement Surface 5,0,OUTER,0,55,705.2398,1307.3202
Pavement Surface 5,0,OUTER,0,56,709.5233,1299.2536
Pavement Surface 5,0,OUTER,0,57,719.0463,1304.8109
Pavement Surface 5,0,OUTER,0,58,803.9694,1159.2872
Pavement Surface 5,0,OUTER,0,59,823.4431,1125.5250
Pavement Surface 5,0,OUTER,0,60,841.3497,1096.1836
Pavement Surface 5,0,OUTER,0,61,859.2013,1067.1813
Pavement Surface 5,0,OUTER,0,62,871.5990,1048.7491
Pavement Surface 5,0,OUTER,0,63,752.2939,968.7561
Pavement Surface 5,0,OUTER,0,64,750.5993,970.6205
Pavement Surface 5,0,OUTER,0,65,702.3973,1039.0853
Pavement Surface 5,0,OUTER,0,66,696.5211,1047.7492
Pavement Surface 5,0,OUTER,0,67,691.8394,1055.1650
Pavement Surface 5,0,OUTER,0,68,690.9271,1056.6518
Pavement Surface 5,0,OUTER,0,69,686.7685,1063.7919
Pavement Surface 5,0,OUTER,0,70,685.6292,1065.7795
Pavement Surface 5,0,OUTER,0,71,683.4040,1069.9447
Pavement Surface 5,0,OUTER,0,72,681.2923,1073.8975
Pavement Surface 5,0,OUTER,0,73,680.6407,1075.1173
Pavement Surface 5,0,OUTER,0,74,678.8257,1078.8242
Pavement Surface 5,0,OUTER,0,75,676.6139,1083.3413
Pavement Surface 5,0,OUTER,0,76,675.9734,1084.6494
Pavement Surface 5,0,OUTER,0,77,673.9279,1089.1755
Pavement Surface 5,0,OUTER,0,78,672.4366,1092.5711
Pavement Surface 5,0,OUTER,0,79,671.6384,1094.3590
Pavement Surface 5,0,OUTER,0,80,670.5655,1097.0108
Pavement Surface 5,0,OUTER,0,81,668.4878,1102.1465
Pavement Surface 5,0,OUTER,0,82,667.6454,1104.2287
Pavement Surface 5,0,OUTER,0,83,666.8136,1106.5150
Pavement Surface 5,0,OUTER,0,84,665.8538,1109.1183
Pavement Surface 5,0,OUTER,0,85,664.8678,1111.8632
Pavement Surface 5,0,OUTER,0,86,664.0029,1114.2402
Pavement Surface 5,0,OUTER,0,87,663.2655,1116.5013
Pavement Surface 5,0,OUTER,0,88,661.0415,1123.3200
Pavement Surface 5,0,HOLE,0,0,797.2097,1028.0995
Pavement Surface 5,0,HOLE,0,1,832.4818,1046.9201
Pavement Surface 5,0,HOLE,0,2,780.1442,1145.0074
Pavement Surface 5,0,HOLE,0,3,783.6719,1146.8885
Pavement Surface 5,0,HOLE,0,4,779.9506,1153.8670
Pavement Surface 5,0,HOLE,0,5,776.4204,1151.9845
Pavement Surface 5,0,HOLE,0,6,775.0296,1154.5928
Pavement Surface 5,0,HOLE,0,7,762.3029,1147.8020
Pavement Surface 5,0,HOLE,0,8,739.7575,1135.7722
Pavement Surface 5,0,HOLE,0,9,742.4250,1130.7730
Pavement Surface 5,0,HOLE,0,10,738.0136,1128.4192
Pavement Surface 5,0,HOLE,0,11,746.4580,1112.5934
Pavement Surface 5,0,HOLE,0,12,742.8257,1110.6552
Pavement Surface 5,0,HOLE,0,13,746.2093,1104.3140
Pavement Surface 5,0,HOLE,0,14,754.2529,1108.6059
Pavement Surface 6,0,OUTER,0,0,1211.3125,428.9803
Pavement Surface 6,0,OUTER,0,1,1211.2506,430.4382
Pavement Surface 6,0,OUTER,0,2,1211.3788,431.8828
Pavement Surface 6,0,OUTER,0,3,1211.8932,433.7567
Pavement Surface 6,0,OUTER,0,4,1213.0605,435.9253
Pavement Surface 6,0,OUTER,0,5,1213.6297,436.7349
Pavement Surface 6,0,OUTER,0,6,1215.0346,438.0744
Pavement Surface 6,0,OUTER,0,7,1219.8534,441.8486
Pavement Surface 6,0,OUTER,0,8,1222.1286,443.6145
Pavement Surface 6,0,OUTER,0,9,1223.0025,444.3150
Pavement Surface 6,0,OUTER,0,10,1223.8016,444.9210
Pavement Surface 6,0,OUTER,0,11,1223.8335,444.9658
Pavement Surface 6,0,OUTER,0,12,1257.7792,471.5518
Pavement Surface 6,0,OUTER,0,13,1258.7576,472.3997
Pavement Surface 6,0,OUTER,0,14,1303.6723,507.4949
Pavement Surface 6,0,OUTER,0,15,1305.9019,509.3293
Pavement Surface 6,0,OUTER,0,16,1308.0583,511.2856
Pavement Surface 6,0,OUTER,0,17,1310.1318,513.3597
Pavement Surface 6,0,OUTER,0,18,1312.1133,515.5461
Pavement Surface 6,0,OUTER,0,19,1313.9939,517.8388
Pavement Surface 6,0,OUTER,0,20,1315.7651,520.2306
Pavement Surface 6,0,OUTER,0,21,1317.4196,522.7136
Pavement Surface 6,0,OUTER,0,22,1318.9503,525.2789
Pavement Surface 6,0,OUTER,0,23,1320.3515,527.9172
Pavement Surface 6,0,OUTER,0,24,1321.6182,530.6187
Pavement Surface 6,0,OUTER,0,25,1322.7463,533.3728
Pavement Surface 6,0,OUTER,0,26,1323.7331,536.1691
Pavement Surface 6,0,OUTER,0,27,1324.5768,538.9967
Pavement Surface 6,0,OUTER,0,28,1325.2765,541.8448
Pavement Surface 6,0,OUTER,0,29,1325.8327,544.7027
Pavement Surface 6,0,OUTER,0,30,1326.2466,547.5600
Pavement Surface 6,0,OUTER,0,31,1326.5227,550.4339
Pavement Surface 6,0,OUTER,0,32,1326.6607,553.3422
Pavement Surface 6,0,OUTER,0,33,1326.6570,556.2750
Pavement Surface 6,0,OUTER,0,34,1326.5090,559.2143
Pavement Surface 6,0,OUTER,0,35,1326.2137,562.1726
Pavement Surface 6,0,OUTER,0,36,1325.7714,565.1158
Pavement Surface 6,0,OUTER,0,37,1325.1822,568.0407
Pavement Surface 6,0,OUTER,0,38,1324.4472,570.9362
Pavement Surface 6,0,OUTER,0,39,1323.5691,573.7916
Pavement Surface 6,0,OUTER,0,40,1322.6818,576.2270
Pavement Surface 6,0,OUTER,0,41,1322.5512,576.5962
Pavement Surface 6,0,OUTER,0,42,1321.4466,579.2251
Pavement Surface 6,0,OUTER,0,43,1320.1156,582.0136
Pavement Surface 6,0,OUTER,0,44,1318.7097,584.6079
Pavement Surface 6,0,OUTER,0,45,1317.1877,587.1148
Pavement Surface 6,0,OUTER,0,46,1315.5572,589.5270
Pavement Surface 6,0,OUTER,0,47,1313.8070,591.8634
Pavement Surface 6,0,OUTER,0,48,1313.3385,592.4587
Pavement Surface 6,0,OUTER,0,49,1276.2477,639.5968
Pavement Surface 6,0,OUTER,0,50,1275.8951,640.0868
Pavement Surface 6,0,OUTER,0,51,1272.2344,644.6887
Pavement Surface 6,0,OUTER,0,52,1271.0554,646.1866
Pavement Surface 6,0,OUTER,0,53,1169.2407,775.5601
Pavement Surface 6,0,OUTER,0,54,1169.2387,775.5627
Pavement Surface 6,0,OUTER,0,55,1170.8116,776.7979
Pavement Surface 6,0,OUTER,0,56,1186.3200,757.2202
Pavement Surface 6,0,OUTER,0,57,1294.0090,620.2539
Pavement Surface 6,0,OUTER,0,58,1294.4749,619.6447
Pavement Surface 6,0,OUTER,0,59,1297.6409,622.1423
Pavement Surface 6,0,OUTER,0,60,1368.6407,531.9800
Pavement Surface 6,0,OUTER,0,61,1435.9330,446.6472
Pavement Surface 6,0,OUTER,0,62,1438.0053,436.4557
Pavement Surface 6,0,OUTER,0,63,1291.2791,326.6156
Pavement Surface 6,0,OUTER,0,64,1291.8747,325.8123
Pavement Surface 6,0,OUTER,0,65,1288.9449,323.6322
Pavement Surface 6,0,OUTER,0,66,1286.9649,327.1447
Pavement Surface 6,0,OUTER,0,67,1244.3965,384.3504
Pavement Surface 6,0,OUTER,0,68,1213.3277,424.0358
Pavement Surface 6,0,OUTER,0,69,1212.2848,425.6731
Pavement Surface 6,0,OUTER,0,70,1211.7467,427.0569
Pavement Surface 6,0,HOLE,0,0,1299.6372,476.0695
Pavement Surface 6,0,HOLE,0,1,1289.0836,467.7459
Pavement Surface 6,0,HOLE,0,2,1285.8323,471.7762
Pavement Surface 6,0,HOLE,0,3,1267.2447,457.0971
Pavement Surface 6,0,HOLE,0,4,1269.4421,454.1852
Pavement Surface 6,0,HOLE,0,5,1270.3154,452.9863
Pavement Surface 6,0,HOLE,0,6,1263.9112,448.4295
Pavement Surface 6,0,HOLE,0,7,1258.5531,443.5776
Pavement Surface 6,0,HOLE,0,8,1224.9215,416.8649
Pavement Surface 6,0,HOLE,0,9,1247.7100,388.1730
Pavement Surface 6,0,HOLE,0,10,1267.0597,403.5348
Pavement Surface 6,0,HOLE,0,11,1280.4963,386.6174
Pavement Surface 6,0,HOLE,0,12,1334.6335,429.6156
Pavement Surface 6,0,HOLE,0,13,1368.2645,456.3269
Pavement Surface 6,0,HOLE,0,14,1353.9959,474.2919
Pavement Surface 6,0,HOLE,0,15,1357.8929,477.3633
Pavement Surface 6,0,HOLE,0,16,1360.3708,474.1821
Pavement Surface 6,0,HOLE,0,17,1365.1159,477.9607
Pavement Surface 6,0,HOLE,0,18,1362.6048,481.1264
Pavement Surface 6,0,HOLE,0,19,1377.5587,492.8756
Pavement Surface 6,0,HOLE,0,20,1355.7953,520.4437
Pavement Surface 6,0,HOLE,0,21,1335.8458,504.7037
Pavement Surface 6,0,HOLE,0,22,1333.3737,507.9009
Pavement Surface 6,0,HOLE,0,23,1319.6236,496.9446
Pavement Surface 6,0,HOLE,0,24,1322.0640,493.7574
Pavement Surface 6,1,OUTER,0,0,1239.2725,614.4954
Pavement Surface 6,1,OUTER,0,1,1239.5020,614.1680
Pavement Surface 6,1,OUTER,0,2,1226.6299,603.8638
Pavement Surface 6,1,OUTER,0,3,1226.8965,604.6433
Pavement Surface 6,1,OUTER,0,4,1225.5508,603.5931
Pavement Surface 6,1,OUTER,0,5,1239.1255,614.1874
Pavement Surface 7,0,OUTER,0,0,698.8229,543.6036
Pavement Surface 7,0,OUTER,0,1,646.5236,624.7201
Pavement Surface 7,0,OUTER,0,2,645.6434,626.2256
Pavement Surface 7,0,OUTER,0,3,644.8766,627.8524
Pavement Surface 7,0,OUTER,0,4,644.2442,629.5887
Pavement Surface 7,0,OUTER,0,5,643.7657,631.4184
Pavement Surface 7,0,OUTER,0,6,643.4582,633.3211
Pavement Surface 7,0,OUTER,0,7,643.3303,635.2896
Pavement Surface 7,0,OUTER,0,8,643.4041,637.2461
Pavement Surface 7,0,OUTER,0,9,643.6695,639.2126
Pavement Surface 7,0,OUTER,0,10,644.1284,641.1431
Pavement Surface 7,0,OUTER,0,11,644.7728,643.0096
Pavement Surface 7,0,OUTER,0,12,645.5893,644.7865
Pavement Surface 7,0,OUTER,0,13,646.5600,646.4516
Pavement Surface 7,0,OUTER,0,14,647.6640,647.9871
Pavement Surface 7,0,OUTER,0,15,648.8780,649.3803
Pavement Surface 7,0,OUTER,0,16,650.1782,650.6228
Pavement Surface 7,0,OUTER,0,17,651.4097,651.6070
Pavement Surface 7,0,OUTER,0,18,692.6604,681.7420
Pavement Surface 7,0,OUTER,0,19,695.2882,683.6672
Pavement Surface 7,0,OUTER,0,20,695.2919,683.6641
Pavement Surface 7,0,OUTER,0,21,695.8795,684.0786
Pavement Surface 7,0,OUTER,0,22,697.2945,685.1194
Pavement Surface 7,0,OUTER,0,23,703.0114,689.1815
Pavement Surface 7,0,OUTER,0,24,710.2821,694.3143
Pavement Surface 7,0,OUTER,0,25,711.4052,695.1071
Pavement Surface 7,0,OUTER,0,26,711.5039,695.1584
Pavement Surface 7,0,OUTER,0,27,711.9845,695.4845
Pavement Surface 7,0,OUTER,0,28,714.2912,696.9873
Pavement Surface 7,0,OUTER,0,29,717.1640,698.6770
Pavement Surface 7,0,OUTER,0,30,720.1262,700.2046
Pavement Surface 7,0,OUTER,0,31,723.1687,701.5654
Pavement Surface 7,0,OUTER,0,32,726.2820,702.7551
Pavement Surface 7,0,OUTER,0,33,729.4566,703.7701
Pavement Surface 7,0,OUTER,0,34,732.6826,704.6073
Pavement Surface 7,0,OUTER,0,35,735.9502,705.2640
Pavement Surface 7,0,OUTER,0,36,739.2492,705.7383
Pavement Surface 7,0,OUTER,0,37,742.5694,706.0287
Pavement Surface 7,0,OUTER,0,38,745.9006,706.1343
Pavement Surface 7,0,OUTER,0,39,749.2326,706.0547
Pavement Surface 7,0,OUTER,0,40,752.5550,705.7903
Pavement Surface 7,0,OUTER,0,41,755.8576,705.3417
Pavement Surface 7,0,OUTER,0,42,758.2323,704.9025
Pavement Surface 7,0,OUTER,0,43,759.1302,704.7105
Pavement Surface 7,0,OUTER,0,44,762.3626,703.8986
Pavement Surface 7,0,OUTER,0,45,765.5451,702.9084
Pavement Surface 7,0,OUTER,0,46,767.3649,702.2532
Pavement Surface 7,0,OUTER,0,47,768.6676,701.7430
Pavement Surface 7,0,OUTER,0,48,771.7206,700.4060
Pavement Surface 7,0,OUTER,0,49,774.6946,698.9016
Pavement Surface 7,0,OUTER,0,50,777.5805,697.2343
Pavement Surface 7,0,OUTER,0,51,780.3694,695.4094
Pavement Surface 7,0,OUTER,0,52,780.9765,694.9820
Pavement Surface 7,0,OUTER,0,53,783.0527,693.4324
Pavement Surface 7,0,OUTER,0,54,785.6220,691.3095
Pavement Surface 7,0,OUTER,0,55,788.0695,689.0472
Pavement Surface 7,0,OUTER,0,56,790.3876,686.6525
Pavement Surface 7,0,OUTER,0,57,792.5656,684.1388
Pavement Surface 7,0,OUTER,0,58,794.9362,681.0399
Pavement Surface 7,0,OUTER,0,59,982.0867,419.3826
Pavement Surface 7,0,OUTER,0,60,993.0832,404.0245
Pavement Surface 7,0,OUTER,0,61,1003.0520,390.0557
Pavement Surface 7,0,OUTER,0,62,1007.5911,383.6187
Pavement Surface 7,0,OUTER,0,63,1007.7489,383.3949
Pavement Surface 7,0,OUTER,0,64,1008.3851,382.4133
Pavement Surface 7,0,OUTER,0,65,1011.2831,376.7327
Pavement Surface 7,0,OUTER,0,66,1011.7413,375.6357
Pavement Surface 7,0,OUTER,0,67,1012.2816,374.0944
Pavement Surface 7,0,OUTER,0,68,1012.8239,372.3489
Pavement Surface 7,0,OUTER,0,69,1013.1462,371.2604
Pavement Surface 7,0,OUTER,0,70,1013.7565,368.3231
Pavement Surface 7,0,OUTER,0,71,1014.0073,366.6580
Pavement Surface 7,0,OUTER,0,72,1014.3269,363.6751
Pavement Surface 7,0,OUTER,0,73,1014.3566,359.6850
Pavement Surface 7,0,OUTER,0,74,1014.2214,357.6851
Pavement Surface 7,0,OUTER,0,75,1013.9858,355.6920
Pavement Surface 7,0,OUTER,0,76,1013.6505,353.7132
Pavement Surface 7,0,OUTER,0,77,1013.2170,351.7562
Pavement Surface 7,0,OUTER,0,78,1012.0648,347.9361
Pavement Surface 7,0,OUTER,0,79,1010.5546,344.2855
Pavement Surface 7,0,OUTER,0,80,1008.7214,340.8514
Pavement Surface 7,0,OUTER,0,81,1006.6074,337.6717
Pavement Surface 7,0,OUTER,0,82,1004.2593,334.7747
Pavement Surface 7,0,OUTER,0,83,1001.7261,332.1785
Pavement Surface 7,0,OUTER,0,84,999.0564,329.8914
Pavement Surface 7,0,OUTER,0,85,980.7084,315.5214
Pavement Surface 7,0,OUTER,0,86,979.0857,314.3154
Pavement Surface 7,0,OUTER,0,87,977.3881,313.1829
Pavement Surface 7,0,OUTER,0,88,975.6206,312.1303
Pavement Surface 7,0,OUTER,0,89,973.7888,311.1638
Pavement Surface 7,0,OUTER,0,90,971.8989,310.2888
Pavement Surface 7,0,OUTER,0,91,969.9581,309.5105
Pavement Surface 7,0,OUTER,0,92,967.9738,308.8329
Pavement Surface 7,0,OUTER,0,93,965.9539,308.2595
Pavement Surface 7,0,OUTER,0,94,963.9066,307.7929
Pavement Surface 7,0,OUTER,0,95,961.8406,307.4348
Pavement Surface 7,0,OUTER,0,96,959.7644,307.1860
Pavement Surface 7,0,OUTER,0,97,957.6865,307.0464
Pavement Surface 7,0,OUTER,0,98,955.6156,307.0150
Pavement Surface 7,0,OUTER,0,99,953.5597,307.0900
Pavement Surface 7,0,OUTER,0,100,951.5269,307.2686
Pavement Surface 7,0,OUTER,0,101,949.5245,307.5477
Pavement Surface 7,0,OUTER,0,102,947.5388,307.9275
Pavement Surface 7,0,OUTER,0,103,945.5565,308.4122
Pavement Surface 7,0,OUTER,0,104,943.5858,309.0025
Pavement Surface 7,0,OUTER,0,105,941.6350,309.6983
Pavement Surface 7,0,OUTER,0,106,939.7125,310.4989
Pavement Surface 7,0,OUTER,0,107,937.8266,311.4023
Pavement Surface 7,0,OUTER,0,108,935.9855,312.4059
Pavement Surface 7,0,OUTER,0,109,934.1972,313.5062
Pavement Surface 7,0,OUTER,0,110,932.4690,314.6988
Pavement Surface 7,0,OUTER,0,111,930.8080,315.9786
Pavement Surface 7,0,OUTER,0,112,929.2207,317.3399
Pavement Surface 7,0,OUTER,0,113,927.7127,318.7761
Pavement Surface 7,0,OUTER,0,114,926.2891,320.2805
Pavement Surface 7,0,OUTER,0,115,924.9541,321.8457
Pavement Surface 7,0,OUTER,0,116,923.7110,323.4641
Pavement Surface 7,0,OUTER,0,117,921.9695,326.0352
Pavement Surface 7,0,OUTER,0,118,921.3764,326.9425
Pavement Surface 7,0,OUTER,0,119,920.1904,328.7570
Pavement Surface 7,0,OUTER,0,120,872.7184,401.3858
Pavement Surface 7,0,OUTER,0,121,764.1918,567.4239
Pavement Surface 7,0,OUTER,0,122,763.6289,568.1348
Pavement Surface 7,0,OUTER,0,123,762.9033,568.7636
Pavement Surface 7,0,OUTER,0,124,761.0652,569.5749
Pavement Surface 7,0,OUTER,0,125,760.0514,569.6881
Pavement Surface 7,0,OUTER,0,126,759.0562,569.5971
Pavement Surface 7,0,OUTER,0,127,757.3288,568.9108
Pavement Surface 7,0,OUTER,0,128,712.6029,540.5468
Pavement Surface 7,0,OUTER,0,129,710.9837,539.7161
Pavement Surface 7,0,OUTER,0,130,709.1345,539.1715
Pavement Surface 7,0,OUTER,0,131,708.1472,539.0324
Pavement Surface 7,0,OUTER,0,132,707.4269,539.0039
Pavement Surface 7,0,OUTER,0,133,706.1141,539.0562
Pavement Surface 7,0,OUTER,0,134,705.0994,539.2252
Pavement Surface 7,0,OUTER,0,135,704.1074,539.4975
Pavement Surface 7,0,OUTER,0,136,703.1536,539.8681
Pavement Surface 7,0,OUTER,0,137,702.2519,540.3289
Pavement Surface 7,0,OUTER,0,138,701.4141,540.8694
Pavement Surface 7,0,OUTER,0,139,699.9639,542.1396
Pavement Surface 7,0,HOLE,0,0,910.0337,367.1361
Pavement Surface 7,0,HOLE,0,1,930.5575,338.4415
Pavement Surface 7,0,HOLE,0,2,969.7253,366.4582
Pavement Surface 7,0,HOLE,0,3,990.7316,381.4831
Pavement Surface 7,0,HOLE,0,4,985.8487,388.3389
Pavement Surface 7,0,HOLE,0,5,969.2213,411.5859
Pavement Surface 7,0,HOLE,0,6,909.0389,368.5405
Pavement Surface 7,0,HOLE,1,0,952.3638,433.3393
Pavement Surface 7,0,HOLE,1,1,910.1145,403.1206
Pavement Surface 7,0,HOLE,1,2,919.1318,390.5134
Pavement Surface 7,0,HOLE,1,3,942.4362,407.1819
Pavement Surface 7,0,HOLE,1,4,962.2400,421.3465
Pavement Surface 7,0,HOLE,1,5,953.2228,433.9537
Pavement Surface 7,0,HOLE,2,0,893.8253,425.8948
Pavement Surface 7,0,HOLE,2,1,936.9334,456.7280
Pavement Surface 7,0,HOLE,2,2,928.5109,468.5036
Pavement Surface 7,0,HOLE,2,3,927.9164,469.3349
Pavement Surface 7,0,HOLE,2,4,884.8082,438.5018
Pavement Surface 7,0,HOLE,3,0,859.5018,473.8830
Pavement Surface 7,0,HOLE,3,1,868.5197,461.2763
Pavement Surface 7,0,HOLE,3,2,900.2303,483.9573
Pavement Surface 7,0,HOLE,3,3,911.6272,492.1089
Pavement Surface 7,0,HOLE,3,4,902.6101,504.7161
Pavement Surface 7,0,HOLE,4,0,869.2947,534.3689
Pavement Surface 7,0,HOLE,4,1,834.1955,509.2642
Pavement Surface 7,0,HOLE,4,2,843.2127,496.6571
Pavement Surface 7,0,HOLE,4,3,886.3209,527.4902
Pavement Surface 7,0,HOLE,4,4,877.3037,540.0973
Pavement Surface 7,0,HOLE,5,0,845.9218,532.4049
Pavement Surface 7,0,HOLE,5,1,870.3225,549.8598
Pavement Surface 7,0,HOLE,5,2,861.0079,562.8811
Pavement Surface 7,0,HOLE,5,3,859.5602,564.9048
Pavement Surface 7,0,HOLE,5,4,835.1595,547.4499
Pavement Surface 7,0,HOLE,6,0,830.0795,572.0949
Pavement Surface 7,0,HOLE,6,1,794.1257,546.3756
Pavement Surface 7,0,HOLE,6,2,804.5983,531.7357
Pavement Surface 7,0,HOLE,6,3,826.2391,547.2163
Pavement Surface 7,0,HOLE,6,4,856.6536,568.9732
Pavement Surface 7,0,HOLE,6,5,846.1810,583.6130
Pavement Surface 7,0,HOLE,7,0,757.0439,668.0336
Pavement Surface 7,0,HOLE,7,1,752.5793,665.1161
Pavement Surface 7,0,HOLE,7,2,745.2855,676.2775
Pavement Surface 7,0,HOLE,7,3,720.2498,659.9170
Pavement Surface 7,0,HOLE,7,4,717.1235,664.8375
Pavement Surface 7,0,HOLE,7,5,676.9263,638.4740
Pavement Surface 7,0,HOLE,7,6,680.0805,633.6663
Pavement Surface 7,0,HOLE,7,7,658.2262,619.3857
Pavement Surface 7,0,HOLE,7,8,704.9066,547.9525
Pavement Surface 7,0,HOLE,7,9,726.8255,562.2760
Pavement Surface 7,0,HOLE,7,10,729.9710,557.4627
Pavement Surface 7,0,HOLE,7,11,770.0764,583.6709
Pavement Surface 7,0,HOLE,7,12,766.9310,588.4843
Pavement Surface 7,0,HOLE,7,13,770.9674,591.1220
Pavement Surface 7,0,HOLE,7,14,777.4869,581.1454
Pavement Surface 7,0,HOLE,7,15,789.5250,589.0136
Pavement Surface 7,0,HOLE,7,16,786.0470,594.3358
Pavement Surface 7,0,HOLE,7,17,799.6941,603.2246
Pavement Surface 7,0,HOLE,7,18,792.5979,614.0842
Pavement Surface 7,0,HOLE,7,19,797.5708,617.3339
Pavement Surface 7,0,HOLE,7,20,770.4748,658.7975
Pavement Surface 7,0,HOLE,7,21,765.2926,655.4110
Pavement Surface 8,0,OUTER,0,0,561.8872,1213.8503
Pavement Surface 8,0,OUTER,0,1,554.3073,1232.2461
Pavement Surface 8,0,OUTER,0,2,553.4431,1233.9991
Pavement Surface 8,0,OUTER,0,3,550.0889,1242.0030
Pavement Surface 8,0,OUTER,0,4,528.8349,1294.1180
Pavement Surface 8,0,OUTER,0,5,524.6914,1292.3214
Pavement Surface 8,0,OUTER,0,6,524.8742,1292.7878
Pavement Surface 8,0,OUTER,0,7,525.7559,1294.6115
Pavement Surface 8,0,OUTER,0,8,526.5100,1295.5565
Pavement Surface 8,0,OUTER,0,9,527.9003,1297.2986
Pavement Surface 8,0,OUTER,0,10,528.8607,1298.3549
Pavement Surface 8,0,OUTER,0,11,530.6374,1300.2300
Pavement Surface 8,0,OUTER,0,12,532.8124,1302.2949
Pavement Surface 8,0,OUTER,0,13,535.1363,1304.1921
Pavement Surface 8,0,OUTER,0,14,536.8339,1305.4480
Pavement Surface 8,0,OUTER,0,15,538.3607,1306.5125
Pavement Surface 8,0,OUTER,0,16,540.2620,1307.6890
Pavement Surface 8,0,OUTER,0,17,541.8863,1308.6457
Pavement Surface 8,0,OUTER,0,18,543.9037,1309.6656
Pavement Surface 8,0,OUTER,0,19,545.5762,1310.4841
Pavement Surface 8,0,OUTER,0,20,546.6244,1310.9052
Pavement Surface 8,0,OUTER,0,21,549.3266,1311.9837
Pavement Surface 8,0,OUTER,0,22,553.0503,1313.1358
Pavement Surface 8,0,OUTER,0,23,555.1506,1313.6111
Pavement Surface 8,0,OUTER,0,24,557.1729,1314.0423
Pavement Surface 8,0,OUTER,0,25,560.6629,1314.5533
Pavement Surface 8,0,OUTER,0,26,564.4825,1314.8167
Pavement Surface 8,0,OUTER,0,27,567.4824,1314.7958
Pavement Surface 8,0,OUTER,0,28,569.3785,1314.6993
Pavement Surface 8,0,OUTER,0,29,571.3548,1314.5374
Pavement Surface 8,0,OUTER,0,30,573.4601,1314.2546
Pavement Surface 8,0,OUTER,0,31,574.9473,1314.0217
Pavement Surface 8,0,OUTER,0,32,577.3992,1313.5031
Pavement Surface 8,0,OUTER,0,33,579.1075,1313.1074
Pavement Surface 8,0,OUTER,0,34,580.3956,1312.7094
Pavement Surface 8,0,OUTER,0,35,582.8031,1311.9462
Pavement Surface 8,0,OUTER,0,36,584.5639,1311.2603
Pavement Surface 8,0,OUTER,0,37,585.8391,1310.7323
Pavement Surface 8,0,OUTER,0,38,586.9194,1310.2585
Pavement Surface 8,0,OUTER,0,39,588.3174,1309.5916
Pavement Surface 8,0,OUTER,0,40,590.1078,1308.6628
Pavement Surface 8,0,OUTER,0,41,591.9283,1307.6207
Pavement Surface 8,0,OUTER,0,42,593.9865,1306.2973
Pavement Surface 8,0,OUTER,0,43,595.3066,1305.4025
Pavement Surface 8,0,OUTER,0,44,596.9124,1304.1801
Pavement Surface 8,0,OUTER,0,45,598.5280,1302.8941
Pavement Surface 8,0,OUTER,0,46,600.0691,1301.4968
Pavement Surface 8,0,OUTER,0,47,601.6454,1300.0300
Pavement Surface 8,0,OUTER,0,48,604.2849,1297.1618
Pavement Surface 8,0,OUTER,0,49,606.0353,1294.9262
Pavement Surface 8,0,OUTER,0,50,606.7736,1293.9786
Pavement Surface 8,0,OUTER,0,51,607.8058,1292.4330
Pavement Surface 8,0,OUTER,0,52,608.5356,1291.3091
Pavement Surface 8,0,OUTER,0,53,609.6713,1289.4075
Pavement Surface 8,0,OUTER,0,54,609.9611,1288.8913
Pavement Surface 8,0,OUTER,0,55,611.0039,1286.9354
Pavement Surface 8,0,OUTER,0,56,611.8019,1285.2200
Pavement Surface 8,0,OUTER,0,57,612.6871,1283.1481
Pavement Surface 8,0,OUTER,0,58,613.3211,1281.4604
Pavement Surface 8,0,OUTER,0,59,614.0552,1279.2276
Pavement Surface 8,0,OUTER,0,60,614.5299,1277.6043
Pavement Surface 8,0,OUTER,0,61,615.1116,1275.1380
Pavement Surface 8,0,OUTER,0,62,615.4227,1273.6872
Pavement Surface 8,0,OUTER,0,63,615.9183,1270.3363
Pavement Surface 8,0,OUTER,0,64,615.9989,1269.7585
Pavement Surface 8,0,OUTER,0,65,625.4117,1178.5338
Pavement Surface 8,0,OUTER,0,66,626.6245,1168.3584
Pavement Surface 8,0,OUTER,0,67,628.1646,1158.1904
Pavement Surface 8,0,OUTER,0,68,630.0328,1148.0455
Pavement Surface 8,0,OUTER,0,69,632.2290,1137.9395
Pavement Surface 8,0,OUTER,0,70,634.7521,1127.8882
Pavement Surface 8,0,OUTER,0,71,637.6000,1117.9075
Pavement Surface 8,0,OUTER,0,72,640.7696,1108.0130
Pavement Surface 8,0,OUTER,0,73,644.2566,1098.2202
Pavement Surface 8,0,OUTER,0,74,648.0560,1088.5443
Pavement Surface 8,0,OUTER,0,75,652.1616,1079.0002
Pavement Surface 8,0,OUTER,0,76,656.5665,1069.6021
Pavement Surface 8,0,OUTER,0,77,661.2626,1060.3642
Pavement Surface 8,0,OUTER,0,78,666.2413,1051.2996
Pavement Surface 8,0,OUTER,0,79,671.4929,1042.4210
Pavement Surface 8,0,OUTER,0,80,677.0072,1033.7404
Pavement Surface 8,0,OUTER,0,81,682.7732,1025.2690
Pavement Surface 8,0,OUTER,0,82,730.9853,956.7898
Pavement Surface 8,0,OUTER,0,83,732.6396,954.9826
Pavement Surface 8,0,OUTER,0,84,793.6271,867.9566
Pavement Surface 8,0,OUTER,0,85,835.9866,807.5211
Pavement Surface 8,0,OUTER,0,86,839.1095,803.2389
Pavement Surface 8,0,OUTER,0,87,842.3329,799.0326
Pavement Surface 8,0,OUTER,0,88,845.6632,794.9122
Pavement Surface 8,0,OUTER,0,89,849.2070,790.7500
Pavement Surface 8,0,OUTER,0,90,852.9656,786.5600
Pavement Surface 8,0,OUTER,0,91,856.6142,782.7032
Pavement Surface 8,0,OUTER,0,92,859.9909,779.2961
Pavement Surface 8,0,OUTER,0,93,860.9983,778.3019
Pavement Surface 8,0,OUTER,0,94,863.9058,775.5452
Pavement Surface 8,0,OUTER,0,95,866.2980,773.3414
Pavement Surface 8,0,OUTER,0,96,874.9526,765.9312
Pavement Surface 8,0,OUTER,0,97,875.8004,765.1892
Pavement Surface 8,0,OUTER,0,98,878.7264,762.8759
Pavement Surface 8,0,OUTER,0,99,882.2657,760.1676
Pavement Surface 8,0,OUTER,0,100,884.0913,758.8449
Pavement Surface 8,0,OUTER,0,101,884.2104,758.7363
Pavement Surface 8,0,OUTER,0,102,885.4507,757.8606
Pavement Surface 8,0,OUTER,0,103,888.5327,755.6827
Pavement Surface 8,0,OUTER,0,104,891.8614,753.4337
Pavement Surface 8,0,OUTER,0,105,892.8946,752.7658
Pavement Surface 8,0,OUTER,0,106,892.9377,752.7223
Pavement Surface 8,0,OUTER,0,107,894.4248,751.7764
Pavement Surface 8,0,OUTER,0,108,896.7490,750.2964
Pavement Surface 8,0,OUTER,0,109,900.8723,747.7815
Pavement Surface 8,0,OUTER,0,110,967.9454,708.0647
Pavement Surface 8,0,OUTER,0,111,970.3770,706.5550
Pavement Surface 8,0,OUTER,0,112,971.0491,706.1174
Pavement Surface 8,0,OUTER,0,113,973.3473,704.6809
Pavement Surface 8,0,OUTER,0,114,974.2603,704.0335
Pavement Surface 8,0,OUTER,0,115,978.0704,701.4063
Pavement Surface 8,0,OUTER,0,116,979.9612,700.0364
Pavement Surface 8,0,OUTER,0,117,984.8044,696.3225
Pavement Surface 8,0,OUTER,0,118,990.2378,691.7248
Pavement Surface 8,0,OUTER,0,119,991.7390,690.3252
Pavement Surface 8,0,OUTER,0,120,998.0014,683.9299
Pavement Surface 8,0,OUTER,0,121,998.8316,683.0557
Pavement Surface 8,0,OUTER,0,122,1001.9496,679.6400
Pavement Surface 8,0,OUTER,0,123,1003.4211,677.9508
Pavement Surface 8,0,OUTER,0,124,1004.9593,676.1285
Pavement Surface 8,0,OUTER,0,125,1007.8579,672.5247
Pavement Surface 8,0,OUTER,0,126,1043.4179,626.1950
Pavement Surface 8,0,OUTER,0,127,1043.6205,625.2051
Pavement Surface 8,0,OUTER,0,128,1043.6438,622.9016
Pavement Surface 8,0,OUTER,0,129,1043.4144,621.5847
Pavement Surface 8,0,OUTER,0,130,1043.0265,620.3490
Pavement Surface 8,0,OUTER,0,131,1042.9781,620.2433
Pavement Surface 8,0,OUTER,0,132,1033.8840,632.2463
Pavement Surface 8,0,OUTER,0,133,1026.1253,642.3643
Pavement Surface 8,0,OUTER,0,134,1021.8977,647.9696
Pavement Surface 8,0,OUTER,0,135,1019.4942,651.2332
Pavement Surface 8,0,OUTER,0,136,1014.2656,657.9205
Pavement Surface 8,0,OUTER,0,137,1010.9280,662.3030
Pavement Surface 8,0,OUTER,0,138,1004.8817,669.9316
Pavement Surface 8,0,OUTER,0,139,997.8863,678.2522
Pavement Surface 8,0,OUTER,0,140,993.5911,682.7977
Pavement Surface 8,0,OUTER,0,141,988.3845,687.6750
Pavement Surface 8,0,OUTER,0,142,985.8071,690.0402
Pavement Surface 8,0,OUTER,0,143,981.7130,693.4825
Pavement Surface 8,0,OUTER,0,144,978.2708,696.0438
Pavement Surface 8,0,OUTER,0,145,973.8038,699.3074
Pavement Surface 8,0,OUTER,0,146,972.1211,700.4146
Pavement Surface 8,0,OUTER,0,147,967.9554,703.0806
Pavement Surface 8,0,OUTER,0,148,966.1602,704.1949
Pavement Surface 8,0,OUTER,0,149,914.3523,663.3041
Pavement Surface 8,0,OUTER,0,150,900.1697,681.2281
Pavement Surface 8,0,OUTER,0,151,869.3449,720.5959
Pavement Surface 8,0,OUTER,0,152,838.2728,759.7684
Pavement Surface 8,0,OUTER,0,153,807.3539,799.0630
Pavement Surface 8,0,OUTER,0,154,776.4824,838.3929
Pavement Surface 8,0,OUTER,0,155,746.5055,878.4103
Pavement Surface 8,0,OUTER,0,156,717.4768,919.1209
Pavement Surface 8,0,OUTER,0,157,689.6750,960.6785
Pavement Surface 8,0,OUTER,0,158,663.0330,1002.9894
Pavement Surface 8,0,OUTER,0,159,637.3886,1045.9122
Pavement Surface 8,0,OUTER,0,160,627.7874,1064.1622
Pavement Surface 8,0,OUTER,0,161,619.3863,1081.0736
Pavement Surface 8,0,OUTER,0,162,597.0019,1130.7571
Pavement Surface 8,0,OUTER,0,163,581.4035,1167.2792
Pavement Surface 9,0,OUTER,0,0,780.2559,341.1656
Pavement Surface 9,0,OUTER,0,1,781.1317,341.6608
Pavement Surface 9,0,OUTER,0,2,783.4451,342.9513
Pavement Surface 9,0,OUTER,0,3,783.7902,343.1666
Pavement Surface 9,0,OUTER,0,4,784.6456,343.7001
Pavement Surface 9,0,OUTER,0,5,787.0127,345.2499
Pavement Surface 9,0,OUTER,0,6,788.1855,346.0428
Pavement Surface 9,0,OUTER,0,7,789.7901,347.0996
Pavement Surface 9,0,OUTER,0,8,806.4942,358.1001
Pavement Surface 9,0,OUTER,0,9,872.7184,401.3858
Pavement Surface 9,0,OUTER,0,10,920.1904,328.7570
Pavement Surface 9,0,OUTER,0,11,920.8623,327.6978
Pavement Surface 9,0,OUTER,0,12,1013.9631,180.9923
Pavement Surface 9,0,OUTER,0,13,1014.9028,179.4809
Pavement Surface 9,0,OUTER,0,14,1022.0220,168.2607
Pavement Surface 9,0,OUTER,0,15,1022.7090,167.2113
Pavement Surface 9,0,OUTER,0,16,1023.3749,166.1620
Pavement Surface 9,0,OUTER,0,17,1026.6321,160.9950
Pavement Surface 9,0,OUTER,0,18,1028.2561,158.4707
Pavement Surface 9,0,OUTER,0,19,1042.1840,136.5245
Pavement Surface 9,0,OUTER,0,20,1042.0140,136.4210
Pavement Surface 9,0,OUTER,0,21,1044.3380,133.1620
Pavement Surface 9,0,OUTER,0,22,950.3330,75.9132
Pavement Surface 9,0,HOLE,0,0,888.5278,329.0112
Pavement Surface 9,0,HOLE,0,1,890.9602,330.5069
Pavement Surface 9,0,HOLE,0,2,890.8643,330.6674
Pavement Surface 9,0,HOLE,0,3,888.3872,329.2321
Pavement Surface 9,0,HOLE,0,4,864.5301,366.4955
Pavement Surface 9,0,HOLE,0,5,813.6726,333.9362
Pavement Surface 9,0,HOLE,0,6,833.9636,302.0903
Pavement Surface 9,0,HOLE,0,7,836.0681,296.7007
Pavement Surface 9,0,HOLE,0,8,837.0591,297.2552
Pavement Surface 9,0,HOLE,0,9,851.6159,274.5176
Pavement Surface 9,0,HOLE,0,10,864.7746,282.9419
Pavement Surface 9,0,HOLE,0,11,940.8615,164.0946
Pavement Surface 9,0,HOLE,0,12,965.4256,125.7257
Pavement Surface 9,0,HOLE,0,13,1003.1930,149.9046
Roadway Surface N1,0,OUTER,0,0,237.7561,1620.0413
Roadway Surface N1,0,OUTER,0,1,235.5547,1626.8126
Roadway Surface N1,0,OUTER,0,2,233.0852,1634.4843
Roadway Surface N1,0,OUTER,0,3,204.2253,1725.0010
Roadway Surface N1,0,OUTER,0,4,227.0866,1732.2909
Roadway Surface N1,0,OUTER,0,5,255.7910,1642.2662
Roadway Surface N1,0,OUTER,0,6,258.0880,1635.1138
Roadway Surface N1,0,OUTER,0,7,260.5602,1627.5078
Roadway Surface N1,0,OUTER,0,8,264.3300,1616.1153
Roadway Surface N1,0,OUTER,0,9,267.5224,1606.6386
Roadway Surface N1,0,OUTER,0,10,270.1121,1599.0693
Roadway Surface N1,0,OUTER,0,11,270.9732,1596.5718
Roadway Surface N1,0,OUTER,0,12,275.0432,1584.9030
Roadway Surface N1,0,OUTER,0,13,276.7131,1580.1901
Roadway Surface N1,0,OUTER,0,14,276.7163,1580.1912
Roadway Surface N1,0,OUTER,0,15,276.7514,1580.0873
Roadway Surface N1,0,OUTER,0,16,280.7652,1568.8936
Roadway Surface N1,0,OUTER,0,17,284.1933,1559.5007
Roadway Surface N1,0,OUTER,0,18,286.9714,1551.9986
Roadway Surface N1,0,OUTER,0,19,291.1907,1540.7649
Roadway Surface N1,0,OUTER,0,20,294.7597,1531.4230
Roadway Surface N1,0,OUTER,0,21,298.3763,1522.0967
Roadway Surface N1,0,OUTER,0,22,301.2996,1514.6536
Roadway Surface N1,0,OUTER,0,23,305.7476,1503.5029
Roadway Surface N1,0,OUTER,0,24,308.6350,1496.3605
Roadway Surface N1,0,OUTER,0,25,312.0851,1487.9328
Roadway Surface N1,0,OUTER,0,26,317.1495,1475.7598
Roadway Surface N1,0,OUTER,0,27,321.0431,1466.5489
Roadway Surface N1,0,OUTER,0,28,324.1927,1459.1950
Roadway Surface N1,0,OUTER,0,29,324.4006,1458.7158
Roadway Surface N1,0,OUTER,0,30,325.5700,1456.0051
Roadway Surface N1,0,OUTER,0,31,328.1696,1450.0239
Roadway Surface N1,0,OUTER,0,32,330.1713,1445.4379
Roadway Surface N1,0,OUTER,0,33,332.9994,1439.0346
Roadway Surface N1,0,OUTER,0,34,336.2560,1431.7275
Roadway Surface N1,0,OUTER,0,35,340.3695,1422.6127
Roadway Surface N1,0,OUTER,0,36,345.3693,1411.6981
Roadway Surface N1,0,OUTER,0,37,348.7329,1404.4453
Roadway Surface N1,0,OUTER,0,38,351.8762,1397.7389
Roadway Surface N1,0,OUTER,0,39,355.1245,1390.8752
Roadway Surface N1,0,OUTER,0,40,359.4421,1381.8553
Roadway Surface N1,0,OUTER,0,41,363.8046,1372.8570
Roadway Surface N1,0,OUTER,0,42,366.0043,1368.3669
Roadway Surface N1,0,OUTER,0,43,370.4327,1359.4008
Roadway Surface N1,0,OUTER,0,44,375.8120,1348.6667
Roadway Surface N1,0,OUTER,0,45,379.4268,1341.5373
Roadway Surface N1,0,OUTER,0,46,381.7031,1337.0855
Roadway Surface N1,0,OUTER,0,47,386.2893,1328.1991
Roadway Surface N1,0,OUTER,0,48,390.9198,1319.3358
Roadway Surface N1,0,OUTER,0,49,393.2517,1314.9128
Roadway Surface N1,0,OUTER,0,50,400.3163,1301.6804
Roadway Surface N1,0,OUTER,0,51,402.6894,1297.2797
Roadway Surface N1,0,OUTER,0,52,407.4743,1288.4987
Roadway Surface N1,0,OUTER,0,53,411.7509,1280.7380
Roadway Surface N1,0,OUTER,0,54,417.1756,1271.0092
Roadway Surface N1,0,OUTER,0,55,422.0916,1262.3010
Roadway Surface N1,0,OUTER,0,56,427.0543,1253.6172
Roadway Surface N1,0,OUTER,0,57,429.5514,1249.2837
Roadway Surface N1,0,OUTER,0,58,434.5718,1240.6390
Roadway Surface N1,0,OUTER,0,59,437.1115,1236.3200
Roadway Surface N1,0,OUTER,0,60,439.6130,1231.9984
Roadway Surface N1,0,OUTER,0,61,439.7754,1231.6058
Roadway Surface N1,0,OUTER,0,62,444.6684,1223.3777
Roadway Surface N1,0,OUTER,0,63,449.8226,1214.8071
Roadway Surface N1,0,OUTER,0,64,452.4180,1210.5276
Roadway Surface N1,0,OUTER,0,65,457.6337,1202.0002
Roadway Surface N1,0,OUTER,0,66,462.8944,1193.4952
Roadway Surface N1,0,OUTER,0,67,469.2677,1183.3194
Roadway Surface N1,0,OUTER,0,68,473.5426,1176.5650
Roadway Surface N1,0,OUTER,0,69,478.9282,1168.1428
Roadway Surface N1,0,OUTER,0,70,484.3108,1159.8171
Roadway Surface N1,0,OUTER,0,71,489.8349,1151.3653
Roadway Surface N1,0,OUTER,0,72,492.5831,1147.1951
Roadway Surface N1,0,OUTER,0,73,497.0097,1140.5281
Roadway Surface N1,0,OUTER,0,74,503.6894,1130.5690
Roadway Surface N1,0,OUTER,0,75,509.3076,1122.2937
Roadway Surface N1,0,OUTER,0,76,512.1320,1118.1669
Roadway Surface N1,0,OUTER,0,77,517.8184,1109.9249
Roadway Surface N1,0,OUTER,0,78,523.5310,1101.7328
Roadway Surface N1,0,OUTER,0,79,526.4060,1097.6427
Roadway Surface N1,0,OUTER,0,80,532.1908,1089.4783
Roadway Surface N1,0,OUTER,0,81,543.8179,1073.2158
Roadway Surface N1,0,OUTER,0,82,545.4099,1071.1502
Roadway Surface N1,0,OUTER,0,83,525.3869,1057.9020
Roadway Surface N1,0,OUTER,0,84,525.5330,1057.6976
Roadway Surface N1,0,OUTER,0,85,525.2616,1058.0770
Roadway Surface N1,0,OUTER,0,86,511.5336,1077.2834
Roadway Surface N1,0,OUTER,0,87,505.5361,1085.7698
Roadway Surface N1,0,OUTER,0,88,499.2382,1094.7795
Roadway Surface N1,0,OUTER,0,89,494.1162,1102.1815
Roadway Surface N1,0,OUTER,0,90,488.4642,1110.4383
Roadway Surface N1,0,OUTER,0,91,481.0633,1121.3823
Roadway Surface N1,0,OUTER,0,92,477.2226,1127.1207
Roadway Surface N1,0,OUTER,0,93,472.5593,1134.1460
Roadway Surface N1,0,OUTER,0,94,466.2740,1143.7180
Roadway Surface N1,0,OUTER,0,95,460.8295,1152.1059
Roadway Surface N1,0,OUTER,0,96,455.4266,1160.5207
Roadway Surface N1,0,OUTER,0,97,449.1767,1170.3700
Roadway Surface N1,0,OUTER,0,98,444.7457,1177.4297
Roadway Surface N1,0,OUTER,0,99,439.4681,1185.9236
Roadway Surface N1,0,OUTER,0,100,434.7482,1193.5887
Roadway Surface N1,0,OUTER,0,101,429.3676,1202.4329
Roadway Surface N1,0,OUTER,0,102,424.1521,1211.1054
Roadway Surface N1,0,OUTER,0,103,419.3391,1219.1998
Roadway Surface N1,0,OUTER,0,104,408.7666,1237.2781
Roadway Surface N1,0,OUTER,0,105,404.1101,1245.3804
Roadway Surface N1,0,OUTER,0,106,401.2216,1250.4502
Roadway Surface N1,0,OUTER,0,107,396.2465,1259.2629
Roadway Surface N1,0,OUTER,0,108,390.7567,1269.1085
Roadway Surface N1,0,OUTER,0,109,386.4289,1276.9624
Roadway Surface N1,0,OUTER,0,110,384.0022,1281.4025
Roadway Surface N1,0,OUTER,0,111,379.1821,1290.3009
Roadway Surface N1,0,OUTER,0,112,373.4412,1301.0431
Roadway Surface N1,0,OUTER,0,113,369.6757,1308.1694
Roadway Surface N1,0,OUTER,0,114,364.9896,1317.1391
Roadway Surface N1,0,OUTER,0,115,361.8623,1323.2012
Roadway Surface N1,0,OUTER,0,116,357.1170,1332.4767
Roadway Surface N1,0,OUTER,0,117,351.7776,1343.0511
Roadway Surface N1,0,OUTER,0,118,347.3194,1352.0023
Roadway Surface N1,0,OUTER,0,119,342.9055,1360.9754
Roadway Surface N1,0,OUTER,0,120,339.1263,1368.7426
Roadway Surface N1,0,OUTER,0,121,333.4509,1380.5673
Roadway Surface N1,0,OUTER,0,122,330.1635,1387.5134
Roadway Surface N1,0,OUTER,0,123,324.8494,1398.8887
Roadway Surface N1,0,OUTER,0,124,321.8721,1405.3564
Roadway Surface N1,0,OUTER,0,125,316.5043,1417.1356
Roadway Surface N1,0,OUTER,0,126,312.2918,1426.5297
Roadway Surface N1,0,OUTER,0,127,309.0009,1433.9600
Roadway Surface N1,0,OUTER,0,128,306.1688,1440.4200
Roadway Surface N1,0,OUTER,0,129,301.1508,1452.0232
Roadway Surface N1,0,OUTER,0,130,298.1672,1459.0112
Roadway Surface N1,0,OUTER,0,131,296.1959,1463.6714
Roadway Surface N1,0,OUTER,0,132,292.2882,1473.0066
Roadway Surface N1,0,OUTER,0,133,290.3519,1477.6814
Roadway Surface N1,0,OUTER,0,134,285.8181,1488.7769
Roadway Surface N1,0,OUTER,0,135,282.7272,1496.4304
Roadway Surface N1,0,OUTER,0,136,278.3891,1507.3459
Roadway Surface N1,0,OUTER,0,137,274.5425,1517.1741
Roadway Surface N1,0,OUTER,0,138,270.9029,1526.6168
Roadway Surface N1,0,OUTER,0,139,267.5906,1535.3347
Roadway Surface N1,0,OUTER,0,140,263.7637,1545.5560
Roadway Surface N1,0,OUTER,0,141,260.6225,1554.0815
Roadway Surface N1,0,OUTER,0,142,257.2081,1563.4805
Roadway Surface N1,0,OUTER,0,143,254.1772,1571.9452
Roadway Surface N1,0,OUTER,0,144,250.5187,1582.3286
Roadway Surface N1,0,OUTER,0,145,247.2439,1591.7772
Roadway Surface N1,0,OUTER,0,146,244.0158,1601.2418
Roadway Surface N1,0,OUTER,0,147,241.8806,1607.5862
Roadway Surface N10,0,OUTER,0,0,852.9656,786.5600
Roadway Surface N10,0,OUTER,0,1,849.2070,790.7500
Roadway Surface N10,0,OUTER,0,2,845.6632,794.9122
Roadway Surface N10,0,OUTER,0,3,842.3329,799.0326
Roadway Surface N10,0,OUTER,0,4,839.1095,803.2389
Roadway Surface N10,0,OUTER,0,5,835.9866,807.5211
Roadway Surface N10,0,OUTER,0,6,793.6271,867.9566
Roadway Surface N10,0,OUTER,0,7,812.4686,881.5180
Roadway Surface N10,0,OUTER,0,8,812.9787,881.8851
Roadway Surface N10,0,OUTER,0,9,812.9248,881.9972
Roadway Surface N10,0,OUTER,0,10,812.5531,882.7693
Roadway Surface N10,0,OUTER,0,11,812.5531,882.7694
Roadway Surface N10,0,OUTER,0,12,813.1039,881.9836
Roadway Surface N10,0,OUTER,0,13,854.9262,822.3052
Roadway Surface N10,0,OUTER,0,14,855.8525,821.0153
Roadway Surface N10,0,OUTER,0,15,856.1822,820.5350
Roadway Surface N10,0,OUTER,0,16,856.9926,819.4402
Roadway Surface N10,0,OUTER,0,17,858.3256,817.6107
Roadway Surface N10,0,OUTER,0,18,860.1363,815.2293
Roadway Surface N10,0,OUTER,0,19,860.9916,814.1329
Roadway Surface N10,0,OUTER,0,20,861.4630,813.5410
Roadway Surface N10,0,OUTER,0,21,862.7489,811.9265
Roadway Surface N10,0,OUTER,0,22,864.0082,810.3913
Roadway Surface N10,0,OUTER,0,23,864.2286,810.1227
Roadway Surface N10,0,OUTER,0,24,865.7833,808.2729
Roadway Surface N10,0,OUTER,0,25,867.1855,806.6462
Roadway Surface N10,0,OUTER,0,26,870.3185,803.1429
Roadway Surface N10,0,OUTER,0,27,870.8832,802.5337
Roadway Surface N10,0,OUTER,0,28,871.6992,801.6534
Roadway Surface N10,0,OUTER,0,29,873.5426,799.7209
Roadway Surface N10,0,OUTER,0,30,875.3325,797.9036
Roadway Surface N10,0,OUTER,0,31,876.8421,796.3765
Roadway Surface N10,0,OUTER,0,32,877.5965,795.6381
Roadway Surface N10,0,OUTER,0,33,880.2344,793.1220
Roadway Surface N10,0,OUTER,0,34,882.4029,791.1280
Roadway Surface N10,0,OUTER,0,35,883.6958,789.9447
Roadway Surface N10,0,OUTER,0,36,884.4500,789.2828
Roadway Surface N10,0,OUTER,0,37,885.6159,788.2661
Roadway Surface N10,0,OUTER,0,38,887.2411,786.8592
Roadway Surface N10,0,OUTER,0,39,888.0548,786.1860
Roadway Surface N10,0,OUTER,0,40,889.7688,784.7681
Roadway Surface N10,0,OUTER,0,41,890.8623,783.8634
Roadway Surface N10,0,OUTER,0,42,892.0408,782.9320
Roadway Surface N10,0,OUTER,0,43,894.5654,780.9632
Roadway Surface N10,0,OUTER,0,44,898.3302,778.1532
Roadway Surface N10,0,OUTER,0,45,901.3724,775.9892
Roadway Surface N10,0,OUTER,0,46,902.1595,775.4318
Roadway Surface N10,0,OUTER,0,47,903.8325,774.3051
Roadway Surface N10,0,OUTER,0,48,905.1089,773.4455
Roadway Surface N10,0,OUTER,0,49,906.0643,772.8145
Roadway Surface N10,0,OUTER,0,50,907.5982,771.8360
Roadway Surface N10,0,OUTER,0,51,907.6016,771.8338
Roadway Surface N10,0,OUTER,0,52,908.8937,770.9985
Roadway Surface N10,0,OUTER,0,53,909.4422,770.6640
Roadway Surface N10,0,OUTER,0,54,909.4429,770.6636
Roadway Surface N10,0,OUTER,0,55,910.0283,770.2915
Roadway Surface N10,0,OUTER,0,56,912.5951,768.7386
Roadway Surface N10,0,OUTER,0,57,980.9047,728.2946
Roadway Surface N10,0,OUTER,0,58,983.3341,726.8988
Roadway Surface N10,0,OUTER,0,59,998.5711,720.9107
Roadway Surface N10,0,OUTER,0,60,998.8054,720.8186
Roadway Surface N10,0,OUTER,0,61,999.3763,720.7319
Roadway Surface N10,0,OUTER,0,62,1006.8764,719.4837
Roadway Surface N10,0,OUTER,0,63,1007.0552,719.4541
Roadway Surface N10,0,OUTER,0,64,1007.5401,719.4430
Roadway Surface N10,0,OUTER,0,65,1014.9711,719.2732
Roadway Surface N10,0,OUTER,0,66,1015.5073,719.2609
Roadway Surface N10,0,OUTER,0,67,1015.7233,719.2869
Roadway Surface N10,0,OUTER,0,68,1023.4225,720.2123
Roadway Surface N10,0,OUTER,0,69,1025.0709,720.5071
Roadway Surface N10,0,OUTER,0,70,1026.9443,720.9561
Roadway Surface N10,0,OUTER,0,71,1029.8324,721.7678
Roadway Surface N10,0,OUTER,0,72,1031.8396,722.3831
Roadway Surface N10,0,OUTER,0,73,1034.5593,723.3280
Roadway Surface N10,0,OUTER,0,74,1038.7943,725.1783
Roadway Surface N10,0,OUTER,0,75,1042.8141,727.3139
Roadway Surface N10,0,OUTER,0,76,1046.5937,729.7024
Roadway Surface N10,0,OUTER,0,77,1050.1140,732.3090
Roadway Surface N10,0,OUTER,0,78,1122.3445,789.9897
Roadway Surface N10,0,OUTER,0,79,1123.0044,790.5670
Roadway Surface N10,0,OUTER,0,80,1123.6575,791.2503
Roadway Surface N10,0,OUTER,0,81,1124.2472,791.9992
Roadway Surface N10,0,OUTER,0,82,1124.7749,792.8218
Roadway Surface N10,0,OUTER,0,83,1125.5953,794.6541
Roadway Surface N10,0,OUTER,0,84,1126.0382,796.6555
Roadway Surface N10,0,OUTER,0,85,1125.9986,799.1639
Roadway Surface N10,0,OUTER,0,86,1125.1223,802.0331
Roadway Surface N10,0,OUTER,0,87,1124.5976,803.0097
Roadway Surface N10,0,OUTER,0,88,1124.3075,803.5498
Roadway Surface N10,0,OUTER,0,89,1151.1743,769.4110
Roadway Surface N10,0,OUTER,0,90,1149.8251,770.8181
Roadway Surface N10,0,OUTER,0,91,1148.1943,771.9559
Roadway Surface N10,0,OUTER,0,92,1146.3706,772.7484
Roadway Surface N10,0,OUTER,0,93,1144.4647,773.1601
Roadway Surface N10,0,OUTER,0,94,1142.5150,773.1941
Roadway Surface N10,0,OUTER,0,95,1140.5427,772.8322
Roadway Surface N10,0,OUTER,0,96,1138.7113,772.1029
Roadway Surface N10,0,OUTER,0,97,1137.0762,771.0404
Roadway Surface N10,0,OUTER,0,98,1098.6659,740.3673
Roadway Surface N10,0,OUTER,0,99,1095.9594,737.9991
Roadway Surface N10,0,OUTER,0,100,1093.3972,735.3061
Roadway Surface N10,0,OUTER,0,101,1091.0318,732.2969
Roadway Surface N10,0,OUTER,0,102,1088.9166,728.9912
Roadway Surface N10,0,OUTER,0,103,1087.9687,727.2363
Roadway Surface N10,0,OUTER,0,104,1087.1022,725.4198
Roadway Surface N10,0,OUTER,0,105,1086.3223,723.5472
Roadway Surface N10,0,OUTER,0,106,1085.6342,721.6248
Roadway Surface N10,0,OUTER,0,107,1085.4929,721.1554
Roadway Surface N10,0,OUTER,0,108,1085.0423,719.6593
Roadway Surface N10,0,OUTER,0,109,1084.5502,717.6580
Roadway Surface N10,0,OUTER,0,110,1084.1609,715.6286
Roadway Surface N10,0,OUTER,0,111,1083.8767,713.5791
Roadway Surface N10,0,OUTER,0,112,1083.6988,711.5176
Roadway Surface N10,0,OUTER,0,113,1083.6278,709.4524
Roadway Surface N10,0,OUTER,0,114,1083.6633,707.3918
Roadway Surface N10,0,OUTER,0,115,1083.8041,705.3439
Roadway Surface N10,0,OUTER,0,116,1084.0482,703.3167
Roadway Surface N10,0,OUTER,0,117,1084.3928,701.3177
Roadway Surface N10,0,OUTER,0,118,1084.8419,699.3275
Roadway Surface N10,0,OUTER,0,119,1085.3690,697.4327
Roadway Surface N10,0,OUTER,0,120,1086.6975,693.7398
Roadway Surface N10,0,OUTER,0,121,1088.1012,690.7758
Roadway Surface N10,0,OUTER,0,122,1088.3357,690.2806
Roadway Surface N10,0,OUTER,0,123,1090.2361,687.0859
Roadway Surface N10,0,OUTER,0,124,1091.9988,684.6584
Roadway Surface N10,0,OUTER,0,125,1092.3492,684.1759
Roadway Surface N10,0,OUTER,0,126,1093.5198,682.7075
Roadway Surface N10,0,OUTER,0,127,1097.0317,678.3025
Roadway Surface N10,0,OUTER,0,128,1112.6702,690.7699
Roadway Surface N10,0,OUTER,0,129,1116.6173,685.8331
Roadway Surface N10,0,OUTER,0,130,1140.8735,655.3943
Roadway Surface N10,0,OUTER,0,131,1143.6439,651.9178
Roadway Surface N10,0,OUTER,0,132,1149.6667,644.7086
Roadway Surface N10,0,OUTER,0,133,1152.0407,641.7307
Roadway Surface N10,0,OUTER,0,134,1193.2851,589.9957
Roadway Surface N10,0,OUTER,0,135,1193.4543,589.7382
Roadway Surface N10,0,OUTER,0,136,1194.2889,588.4688
Roadway Surface N10,0,OUTER,0,137,1195.0307,586.6798
Roadway Surface N10,0,OUTER,0,138,1195.4217,584.7008
Roadway Surface N10,0,OUTER,0,139,1195.4654,583.6731
Roadway Surface N10,0,OUTER,0,140,1195.4028,582.6408
Roadway Surface N10,0,OUTER,0,141,1195.2338,581.6206
Roadway Surface N10,0,OUTER,0,142,1194.8308,580.2893
Roadway Surface N10,0,OUTER,0,143,1194.1401,578.7863
Roadway Surface N10,0,OUTER,0,144,1193.0183,577.2076
Roadway Surface N10,0,OUTER,0,145,1191.6995,575.9427
Roadway Surface N10,0,OUTER,0,146,1150.2031,542.8608
Roadway Surface N10,0,OUTER,0,147,1148.9496,541.6705
Roadway Surface N10,0,OUTER,0,148,1147.8726,540.2044
Roadway Surface N10,0,OUTER,0,149,1147.0607,538.5156
Roadway Surface N10,0,OUTER,0,150,1146.5668,536.6490
Roadway Surface N10,0,OUTER,0,151,1146.4415,534.7333
Roadway Surface N10,0,OUTER,0,152,1146.6769,532.8630
Roadway Surface N10,0,OUTER,0,153,1147.2331,531.1309
Roadway Surface N10,0,OUTER,0,154,1148.6092,528.5482
Roadway Surface N10,0,OUTER,0,155,1149.0725,528.1017
Roadway Surface N10,0,OUTER,0,156,1149.7036,527.1495
Roadway Surface N10,0,OUTER,0,157,1149.7609,527.0960
Roadway Surface N10,0,OUTER,0,158,1151.2153,525.1518
Roadway Surface N10,0,OUTER,0,159,1151.3977,524.9478
Roadway Surface N10,0,OUTER,0,160,1157.3013,518.3892
Roadway Surface N10,0,OUTER,0,161,1157.4444,518.2462
Roadway Surface N10,0,OUTER,0,162,1159.1623,516.7086
Roadway Surface N10,0,OUTER,0,163,1159.9257,516.0625
Roadway Surface N10,0,OUTER,0,164,1161.6642,514.6693
Roadway Surface N10,0,OUTER,0,165,1162.9560,513.7001
Roadway Surface N10,0,OUTER,0,166,1165.1286,512.1875
Roadway Surface N10,0,OUTER,0,167,1166.9796,511.0067
Roadway Surface N10,0,OUTER,0,168,1167.9561,510.4225
Roadway Surface N10,0,OUTER,0,169,1170.7848,508.8649
Roadway Surface N10,0,OUTER,0,170,1173.8802,507.3731
Roadway Surface N10,0,OUTER,0,171,1179.2427,505.3881
Roadway Surface N10,0,OUTER,0,172,1182.1071,504.4962
Roadway Surface N10,0,OUTER,0,173,1183.9176,504.0219
Roadway Surface N10,0,OUTER,0,174,1186.5969,503.4180
Roadway Surface N10,0,OUTER,0,175,1189.8821,502.8545
Roadway Surface N10,0,OUTER,0,176,1193.1631,502.4785
Roadway Surface N10,0,OUTER,0,177,1194.5656,502.3501
Roadway Surface N10,0,OUTER,0,178,1197.6566,502.2320
Roadway Surface N10,0,OUTER,0,179,1200.1265,502.2655
Roadway Surface N10,0,OUTER,0,180,1200.7707,502.2743
Roadway Surface N10,0,OUTER,0,181,1203.1503,502.4306
Roadway Surface N10,0,OUTER,0,182,1206.4636,502.7839
Roadway Surface N10,0,OUTER,0,183,1207.8804,502.9128
Roadway Surface N10,0,OUTER,0,184,1208.4929,503.1033
Roadway Surface N10,0,OUTER,0,185,1209.7524,503.3201
Roadway Surface N10,0,OUTER,0,186,1213.6116,504.1976
Roadway Surface N10,0,OUTER,0,187,1216.2098,504.9325
Roadway Surface N10,0,OUTER,0,188,1216.4826,505.0235
Roadway Surface N10,0,OUTER,0,189,1219.2282,505.9585
Roadway Surface N10,0,OUTER,0,190,1222.1475,507.1269
Roadway Surface N10,0,OUTER,0,191,1224.9900,508.4410
Roadway Surface N10,0,OUTER,0,192,1227.0577,509.5308
Roadway Surface N10,0,OUTER,0,193,1227.7451,509.8931
Roadway Surface N10,0,OUTER,0,194,1228.3628,510.2608
Roadway Surface N10,0,OUTER,0,195,1228.3597,510.2666
Roadway Surface N10,0,OUTER,0,196,1228.5218,510.3554
Roadway Surface N10,0,OUTER,0,197,1228.5206,510.3575
Roadway Surface N10,0,OUTER,0,198,1228.6133,510.4101
Roadway Surface N10,0,OUTER,0,199,1231.0719,511.9210
Roadway Surface N10,0,OUTER,0,200,1232.4149,512.8166
Roadway Surface N10,0,OUTER,0,201,1235.3866,514.9838
Roadway Surface N10,0,OUTER,0,202,1232.3566,512.6109
Roadway Surface N10,0,OUTER,0,203,1231.2801,511.7833
Roadway Surface N10,0,OUTER,0,204,1231.2151,511.7172
Roadway Surface N10,0,OUTER,0,205,1190.5590,479.8856
Roadway Surface N10,0,OUTER,0,206,1178.7117,470.5890
Roadway Surface N10,0,OUTER,0,207,1178.2371,470.2313
Roadway Surface N10,0,OUTER,0,208,1178.1750,470.1678
Roadway Surface N10,0,OUTER,0,209,1128.2546,431.0742
Roadway Surface N10,0,OUTER,0,210,1131.9001,435.8097
Roadway Surface N10,0,OUTER,0,211,1133.8987,438.4578
Roadway Surface N10,0,OUTER,0,212,1134.7141,439.6263
Roadway Surface N10,0,OUTER,0,213,1135.5419,440.9678
Roadway Surface N10,0,OUTER,0,214,1135.7332,441.2322
Roadway Surface N10,0,OUTER,0,215,1137.1935,443.6173
Roadway Surface N10,0,OUTER,0,216,1137.4698,444.0833
Roadway Surface N10,0,OUTER,0,217,1139.0161,447.0359
Roadway Surface N10,0,OUTER,0,218,1139.3755,447.7841
Roadway Surface N10,0,OUTER,0,219,1140.3963,450.0696
Roadway Surface N10,0,OUTER,0,220,1141.2139,452.1112
Roadway Surface N10,0,OUTER,0,221,1141.5947,453.1770
Roadway Surface N10,0,OUTER,0,222,1142.6178,456.3452
Roadway Surface N10,0,OUTER,0,223,1143.0553,457.8041
Roadway Surface N10,0,OUTER,0,224,1143.5007,459.5634
Roadway Surface N10,0,OUTER,0,225,1143.8500,461.1294
Roadway Surface N10,0,OUTER,0,226,1144.1795,462.8264
Roadway Surface N10,0,OUTER,0,227,1144.6316,465.7654
Roadway Surface N10,0,OUTER,0,228,1144.9898,469.4402
Roadway Surface N10,0,OUTER,0,229,1145.0484,470.4483
Roadway Surface N10,0,OUTER,0,230,1145.1014,472.1933
Roadway Surface N10,0,OUTER,0,231,1145.1189,472.7706
Roadway Surface N10,0,OUTER,0,232,1145.1097,474.6718
Roadway Surface N10,0,OUTER,0,233,1145.0631,476.1030
Roadway Surface N10,0,OUTER,0,234,1144.8226,479.4273
Roadway Surface N10,0,OUTER,0,235,1144.7798,479.8401
Roadway Surface N10,0,OUTER,0,236,1144.3983,482.7331
Roadway Surface N10,0,OUTER,0,237,1144.0960,484.4915
Roadway Surface N10,0,OUTER,0,238,1143.7913,486.0102
Roadway Surface N10,0,OUTER,0,239,1143.0036,489.2487
Roadway Surface N10,0,OUTER,0,240,1142.0376,492.4386
Roadway Surface N10,0,OUTER,0,241,1141.6502,493.5633
Roadway Surface N10,0,OUTER,0,242,1140.8963,495.5699
Roadway Surface N10,0,OUTER,0,243,1139.9033,497.9281
Roadway Surface N10,0,OUTER,0,244,1139.5831,498.6332
Roadway Surface N10,0,OUTER,0,245,1138.1021,501.6190
Roadway Surface N10,0,OUTER,0,246,1137.8205,502.1429
Roadway Surface N10,0,OUTER,0,247,1136.4579,504.5181
Roadway Surface N10,0,OUTER,0,248,1135.4147,506.1821
Roadway Surface N10,0,OUTER,0,249,1134.6555,507.3216
Roadway Surface N10,0,OUTER,0,250,1132.8414,509.8365
Roadway Surface N10,0,OUTER,0,251,1126.1254,518.5885
Roadway Surface N10,0,OUTER,0,252,1123.3950,517.0835
Roadway Surface N10,0,OUTER,0,253,1076.4621,480.3252
Roadway Surface N10,0,OUTER,0,254,1071.1998,476.2788
Roadway Surface N10,0,OUTER,0,255,1031.8368,526.3626
Roadway Surface N10,0,OUTER,0,256,1026.4143,522.0709
Roadway Surface N10,0,OUTER,0,257,986.0762,573.2778
Roadway Surface N10,0,OUTER,0,258,988.9556,575.5658
Roadway Surface N10,0,OUTER,0,259,993.9598,579.5295
Roadway Surface N10,0,OUTER,0,260,1001.9015,585.8165
Roadway Surface N10,0,OUTER,0,261,1009.7769,592.0949
Roadway Surface N10,0,OUTER,0,262,1025.5899,604.7014
Roadway Surface N10,0,OUTER,0,263,1034.3503,611.6018
Roadway Surface N10,0,OUTER,0,264,1037.7548,614.4082
Roadway Surface N10,0,OUTER,0,265,1040.6395,616.7867
Roadway Surface N10,0,OUTER,0,266,1040.8270,616.9413
Roadway Surface N10,0,OUTER,0,267,1041.1135,617.2827
Roadway Surface N10,0,OUTER,0,268,1041.4407,617.6251
Roadway Surface N10,0,OUTER,0,269,1041.5919,617.8528
Roadway Surface N10,0,OUTER,0,270,1041.8446,618.1539
Roadway Surface N10,0,OUTER,0,271,1042.5199,619.2439
Roadway Surface N10,0,OUTER,0,272,1042.9321,620.1431
Roadway Surface N10,0,OUTER,0,273,1042.9781,620.2433
Roadway Surface N10,0,OUTER,0,274,1043.0265,620.3490
Roadway Surface N10,0,OUTER,0,275,1043.4144,621.5847
Roadway Surface N10,0,OUTER,0,276,1043.6438,622.9016
Roadway Surface N10,0,OUTER,0,277,1043.6205,625.2051
Roadway Surface N10,0,OUTER,0,278,1043.4179,626.1950
Roadway Surface N10,0,OUTER,0,279,1007.8579,672.5247
Roadway Surface N10,0,OUTER,0,280,1004.9593,676.1285
Roadway Surface N10,0,OUTER,0,281,1003.4211,677.9508
Roadway Surface N10,0,OUTER,0,282,1001.9496,679.6400
Roadway Surface N10,0,OUTER,0,283,998.8316,683.0557
Roadway Surface N10,0,OUTER,0,284,998.0014,683.9299
Roadway Surface N10,0,OUTER,0,285,991.7390,690.3252
Roadway Surface N10,0,OUTER,0,286,990.2378,691.7248
Roadway Surface N10,0,OUTER,0,287,984.8044,696.3225
Roadway Surface N10,0,OUTER,0,288,979.9612,700.0364
Roadway Surface N10,0,OUTER,0,289,978.0704,701.4063
Roadway Surface N10,0,OUTER,0,290,973.3473,704.6809
Roadway Surface N10,0,OUTER,0,291,971.0491,706.1174
Roadway Surface N10,0,OUTER,0,292,970.3770,706.5550
Roadway Surface N10,0,OUTER,0,293,967.9454,708.0647
Roadway Surface N10,0,OUTER,0,294,900.8723,747.7815
Roadway Surface N10,0,OUTER,0,295,896.7490,750.2964
Roadway Surface N10,0,OUTER,0,296,894.4248,751.7764
Roadway Surface N10,0,OUTER,0,297,892.8946,752.7658
Roadway Surface N10,0,OUTER,0,298,891.8614,753.4337
Roadway Surface N10,0,OUTER,0,299,888.5327,755.6827
Roadway Surface N10,0,OUTER,0,300,885.4507,757.8606
Roadway Surface N10,0,OUTER,0,301,884.0913,758.8449
Roadway Surface N10,0,OUTER,0,302,882.2657,760.1676
Roadway Surface N10,0,OUTER,0,303,878.7264,762.8759
Roadway Surface N10,0,OUTER,0,304,875.8004,765.1892
Roadway Surface N10,0,OUTER,0,305,874.9526,765.9312
Roadway Surface N10,0,OUTER,0,306,863.9058,775.5452
Roadway Surface N10,0,OUTER,0,307,860.9983,778.3019
Roadway Surface N10,0,OUTER,0,308,859.9909,779.2961
Roadway Surface N10,0,OUTER,0,309,856.6142,782.7032
Roadway Surface N11,0,OUTER,0,0,558.9238,705.2254
Roadway Surface N11,0,OUTER,0,1,558.8404,705.3942
Roadway Surface N11,0,OUTER,0,2,558.9758,705.2802
Roadway Surface N11,0,OUTER,0,3,564.0220,699.7832
Roadway Surface N11,0,OUTER,0,4,568.9029,695.0693
Roadway Surface N11,0,OUTER,0,5,569.2657,694.7190
Roadway Surface N11,0,OUTER,0,6,569.8273,694.2330
Roadway Surface N11,0,OUTER,0,7,570.4463,693.7313
Roadway Surface N11,0,OUTER,0,8,572.9226,691.7250
Roadway Surface N11,0,OUTER,0,9,575.5673,689.7111
Roadway Surface N11,0,OUTER,0,10,576.0548,689.3400
Roadway Surface N11,0,OUTER,0,11,577.1700,688.5807
Roadway Surface N11,0,OUTER,0,12,580.2308,686.4967
Roadway Surface N11,0,OUTER,0,13,581.0282,685.9539
Roadway Surface N11,0,OUTER,0,14,581.3521,685.7755
Roadway Surface N11,0,OUTER,0,15,594.7601,678.3932
Roadway Surface N11,0,OUTER,0,16,602.4051,675.2908
Roadway Surface N11,0,OUTER,0,17,613.4048,671.8323
Roadway Surface N11,0,OUTER,0,18,620.7205,670.6300
Roadway Surface N11,0,OUTER,0,19,630.9639,669.1808
Roadway Surface N11,0,OUTER,0,20,641.9058,668.8953
Roadway Surface N11,0,OUTER,0,21,642.9084,668.8708
Roadway Surface N11,0,OUTER,0,22,643.2406,668.8852
Roadway Surface N11,0,OUTER,0,23,645.3599,668.9794
Roadway Surface N11,0,OUTER,0,24,651.0940,669.4332
Roadway Surface N11,0,OUTER,0,25,651.8871,669.5391
Roadway Surface N11,0,OUTER,0,26,657.8115,670.3983
Roadway Surface N11,0,OUTER,0,27,658.7666,670.5368
Roadway Surface N11,0,OUTER,0,28,659.5558,670.7157
Roadway Surface N11,0,OUTER,0,29,665.8576,672.0884
Roadway Surface N11,0,OUTER,0,30,670.7673,673.4444
Roadway Surface N11,0,OUTER,0,31,671.5378,673.6571
Roadway Surface N11,0,OUTER,0,32,672.5345,674.0303
Roadway Surface N11,0,OUTER,0,33,683.8170,678.2541
Roadway Surface N11,0,OUTER,0,34,687.0620,679.7353
Roadway Surface N11,0,OUTER,0,35,695.8132,684.1897
Roadway Surface N11,0,OUTER,0,36,696.2812,684.4003
Roadway Surface N11,0,OUTER,0,37,696.3323,684.4233
Roadway Surface N11,0,OUTER,0,38,695.2919,683.6641
Roadway Surface N11,0,OUTER,0,39,695.2882,683.6672
Roadway Surface N11,0,OUTER,0,40,692.6604,681.7420
Roadway Surface N11,0,OUTER,0,41,651.4097,651.6070
Roadway Surface N11,0,OUTER,0,42,651.0893,651.3723
Roadway Surface N11,0,OUTER,0,43,650.1782,650.6228
Roadway Surface N11,0,OUTER,0,44,648.8780,649.3803
Roadway Surface N11,0,OUTER,0,45,647.6640,647.9871
Roadway Surface N11,0,OUTER,0,46,646.5600,646.4516
Roadway Surface N11,0,OUTER,0,47,645.5893,644.7865
Roadway Surface N11,0,OUTER,0,48,644.7728,643.0096
Roadway Surface N11,0,OUTER,0,49,644.1284,641.1431
Roadway Surface N11,0,OUTER,0,50,643.6695,639.2126
Roadway Surface N11,0,OUTER,0,51,643.4041,637.2461
Roadway Surface N11,0,OUTER,0,52,643.3303,635.2896
Roadway Surface N11,0,OUTER,0,53,643.4582,633.3211
Roadway Surface N11,0,OUTER,0,54,643.7657,631.4184
Roadway Surface N11,0,OUTER,0,55,644.2442,629.5887
Roadway Surface N11,0,OUTER,0,56,644.8766,627.8524
Roadway Surface N11,0,OUTER,0,57,645.6434,626.2256
Roadway Surface N11,0,OUTER,0,58,646.5236,624.7201
Roadway Surface N11,0,OUTER,0,59,698.8229,543.6036
Roadway Surface N11,0,OUTER,0,60,699.9639,542.1396
Roadway Surface N11,0,OUTER,0,61,701.4141,540.8694
Roadway Surface N11,0,OUTER,0,62,702.2519,540.3289
Roadway Surface N11,0,OUTER,0,63,703.1536,539.8681
Roadway Surface N11,0,OUTER,0,64,704.1074,539.4975
Roadway Surface N11,0,OUTER,0,65,705.0994,539.2252
Roadway Surface N11,0,OUTER,0,66,706.1141,539.0562
Roadway Surface N11,0,OUTER,0,67,707.1354,538.9924
Roadway Surface N11,0,OUTER,0,68,707.4269,539.0039
Roadway Surface N11,0,OUTER,0,69,708.1472,539.0324
Roadway Surface N11,0,OUTER,0,70,709.1345,539.1715
Roadway Surface N11,0,OUTER,0,71,710.9837,539.7161
Roadway Surface N11,0,OUTER,0,72,712.6029,540.5468
Roadway Surface N11,0,OUTER,0,73,757.3288,568.9108
Roadway Surface N11,0,OUTER,0,74,759.0562,569.5971
Roadway Surface N11,0,OUTER,0,75,760.0514,569.6881
Roadway Surface N11,0,OUTER,0,76,761.0652,569.5749
Roadway Surface N11,0,OUTER,0,77,762.9033,568.7636
Roadway Surface N11,0,OUTER,0,78,763.6289,568.1348
Roadway Surface N11,0,OUTER,0,79,764.1918,567.4239
Roadway Surface N11,0,OUTER,0,80,872.7184,401.3858
Roadway Surface N11,0,OUTER,0,81,806.4942,358.1001
Roadway Surface N11,0,OUTER,0,82,789.7901,347.0996
Roadway Surface N12,0,OUTER,0,0,1003.0520,390.0557
Roadway Surface N12,0,OUTER,0,1,993.0832,404.0245
Roadway Surface N12,0,OUTER,0,2,982.0867,419.3826
Roadway Surface N12,0,OUTER,0,3,1001.5243,433.2891
Roadway Surface N12,0,OUTER,0,4,1011.5805,419.2293
Roadway Surface N12,0,OUTER,0,5,1014.0252,416.0579
Roadway Surface N12,0,OUTER,0,6,1015.5108,414.3104
Roadway Surface N12,0,OUTER,0,7,1017.6247,412.0410
Roadway Surface N12,0,OUTER,0,8,1018.7454,410.9317
Roadway Surface N12,0,OUTER,0,9,1020.4226,409.3750
Roadway Surface N12,0,OUTER,0,10,1021.4003,408.5203
Roadway Surface N12,0,OUTER,0,11,1022.9687,407.2243
Roadway Surface N12,0,OUTER,0,12,1023.7989,406.5735
Roadway Surface N12,0,OUTER,0,13,1025.6302,405.2181
Roadway Surface N12,0,OUTER,0,14,1026.5039,404.6084
Roadway Surface N12,0,OUTER,0,15,1027.1328,404.1949
Roadway Surface N12,0,OUTER,0,16,1028.3988,403.3626
Roadway Surface N12,0,OUTER,0,17,1029.2366,402.8437
Roadway Surface N12,0,OUTER,0,18,1031.2660,401.6633
Roadway Surface N12,0,OUTER,0,19,1032.2072,401.1512
Roadway Surface N12,0,OUTER,0,20,1032.9792,400.7573
Roadway Surface N12,0,OUTER,0,21,1033.4804,400.4923
Roadway Surface N12,0,OUTER,0,22,1035.2037,399.6608
Roadway Surface N12,0,OUTER,0,23,1036.9341,398.8921
Roadway Surface N12,0,OUTER,0,24,1038.2714,398.3420
Roadway Surface N12,0,OUTER,0,25,1040.3697,397.5533
Roadway Surface N12,0,OUTER,0,26,1041.3985,397.1989
Roadway Surface N12,0,OUTER,0,27,1042.4646,396.8534
Roadway Surface N12,0,OUTER,0,28,1043.5510,396.5237
Roadway Surface N12,0,OUTER,0,29,1044.6039,396.2254
Roadway Surface N12,0,OUTER,0,30,1045.8400,395.9012
Roadway Surface N12,0,OUTER,0,31,1047.8442,395.4348
Roadway Surface N12,0,OUTER,0,32,1050.0284,395.0079
Roadway Surface N12,0,OUTER,0,33,1051.9205,394.7054
Roadway Surface N12,0,OUTER,0,34,1053.3255,394.5205
Roadway Surface N12,0,OUTER,0,35,1055.1032,394.3347
Roadway Surface N12,0,OUTER,0,36,1056.7397,394.2107
Roadway Surface N12,0,OUTER,0,37,1057.7642,394.1559
Roadway Surface N12,0,OUTER,0,38,1058.7584,394.1281
Roadway Surface N12,0,OUTER,0,39,1059.4301,394.1093
Roadway Surface N12,0,OUTER,0,40,1060.4532,394.1030
Roadway Surface N12,0,OUTER,0,41,1061.2014,394.1121
Roadway Surface N12,0,OUTER,0,42,1061.5762,394.1057
Roadway Surface N12,0,OUTER,0,43,1061.7785,394.1211
Roadway Surface N12,0,OUTER,0,44,1062.8627,394.1531
Roadway Surface N12,0,OUTER,0,45,1063.1307,394.1546
Roadway Surface N12,0,OUTER,0,46,1064.3061,394.2184
Roadway Surface N12,0,OUTER,0,47,1066.4402,394.3934
Roadway Surface N12,0,OUTER,0,48,1068.7923,394.6755
Roadway Surface N12,0,OUTER,0,49,1069.7607,394.8191
Roadway Surface N12,0,OUTER,0,50,1071.2281,395.0675
Roadway Surface N12,0,OUTER,0,51,1073.2317,395.4676
Roadway Surface N12,0,OUTER,0,52,1074.1671,395.7197
Roadway Surface N12,0,OUTER,0,53,1075.9603,396.1280
Roadway Surface N12,0,OUTER,0,54,1077.5991,396.5904
Roadway Surface N12,0,OUTER,0,55,1079.4664,397.1792
Roadway Surface N12,0,OUTER,0,56,1080.5917,397.5667
Roadway Surface N12,0,OUTER,0,57,1081.6440,397.9543
Roadway Surface N12,0,OUTER,0,58,1082.5978,398.3204
Roadway Surface N12,0,OUTER,0,59,1085.0919,399.3740
Roadway Surface N12,0,OUTER,0,60,1086.5653,400.0732
Roadway Surface N12,0,OUTER,0,61,1088.3715,400.9764
Roadway Surface N12,0,OUTER,0,62,1089.4117,401.5275
Roadway Surface N12,0,OUTER,0,63,1090.0270,401.8703
Roadway Surface N12,0,OUTER,0,64,1091.5462,402.7583
Roadway Surface N12,0,OUTER,0,65,1093.8671,404.2343
Roadway Surface N12,0,OUTER,0,66,1094.3498,404.5605
Roadway Surface N12,0,OUTER,0,67,1095.9697,405.7336
Roadway Surface N12,0,OUTER,0,68,1097.0492,406.5154
Roadway Surface N12,0,OUTER,0,69,1097.5213,406.8814
Roadway Surface N12,0,OUTER,0,70,1117.1424,422.2485
Roadway Surface N12,0,OUTER,0,71,1120.4117,424.8439
Roadway Surface N12,0,OUTER,0,72,1128.2464,431.0636
Roadway Surface N12,0,OUTER,0,73,1128.2546,431.0742
Roadway Surface N12,0,OUTER,0,74,1178.1750,470.1678
Roadway Surface N12,0,OUTER,0,75,1178.7117,470.5890
Roadway Surface N12,0,OUTER,0,76,1190.5590,479.8856
Roadway Surface N12,0,OUTER,0,77,1231.2151,511.7172
Roadway Surface N12,0,OUTER,0,78,1232.3566,512.6109
Roadway Surface N12,0,OUTER,0,79,1235.3866,514.9838
Roadway Surface N12,0,OUTER,0,80,1244.0347,521.7566
Roadway Surface N12,0,OUTER,0,81,1246.4120,523.7125
Roadway Surface N12,0,OUTER,0,82,1247.0062,524.2014
Roadway Surface N12,0,OUTER,0,83,1247.5837,524.7252
Roadway Surface N12,0,OUTER,0,84,1247.9866,525.0765
Roadway Surface N12,0,OUTER,0,85,1248.2066,525.2903
Roadway Surface N12,0,OUTER,0,86,1249.0677,526.0587
Roadway Surface N12,0,OUTER,0,87,1249.5413,526.5041
Roadway Surface N12,0,OUTER,0,88,1249.8814,526.8098
Roadway Surface N12,0,OUTER,0,89,1250.5897,527.5182
Roadway Surface N12,0,OUTER,0,90,1250.6254,527.5539
Roadway Surface N12,0,OUTER,0,91,1251.6237,528.5210
Roadway Surface N12,0,OUTER,0,92,1252.0846,529.0134
Roadway Surface N12,0,OUTER,0,93,1252.4799,529.4089
Roadway Surface N12,0,OUTER,0,94,1252.8964,529.8514
Roadway Surface N12,0,OUTER,0,95,1252.8965,529.8515
Roadway Surface N12,0,OUTER,0,96,1254.4067,531.4942
Roadway Surface N12,0,OUTER,0,97,1254.7753,531.9149
Roadway Surface N12,0,OUTER,0,98,1255.2881,532.4905
Roadway Surface N12,0,OUTER,0,99,1257.7955,535.5474
Roadway Surface N12,0,OUTER,0,100,1258.1700,536.0454
Roadway Surface N12,0,OUTER,0,101,1259.2136,537.4297
Roadway Surface N12,0,OUTER,0,102,1259.9714,538.4733
Roadway Surface N12,0,OUTER,0,103,1260.2719,538.9086
Roadway Surface N12,0,OUTER,0,104,1261.1026,540.1119
Roadway Surface N12,0,OUTER,0,105,1262.1559,541.7359
Roadway Surface N12,0,OUTER,0,106,1262.3509,542.0287
Roadway Surface N12,0,OUTER,0,107,1263.4573,543.8326
Roadway Surface N12,0,OUTER,0,108,1263.8537,544.5117
Roadway Surface N12,0,OUTER,0,109,1265.0900,546.6300
Roadway Surface N12,0,OUTER,0,110,1265.2221,546.9093
Roadway Surface N12,0,OUTER,0,111,1266.6845,549.8333
Roadway Surface N12,0,OUTER,0,112,1267.5372,551.5479
Roadway Surface N12,0,OUTER,0,113,1267.8810,552.3947
Roadway Surface N12,0,OUTER,0,114,1268.3139,553.4481
Roadway Surface N12,0,OUTER,0,115,1268.6396,554.2001
Roadway Surface N12,0,OUTER,0,116,1269.1123,555.3724
Roadway Surface N12,0,OUTER,0,117,1269.5931,556.6220
Roadway Surface N12,0,OUTER,0,118,1270.0791,557.9260
Roadway Surface N12,0,OUTER,0,119,1270.6699,559.6723
Roadway Surface N12,0,OUTER,0,120,1270.7189,559.8258
Roadway Surface N12,0,OUTER,0,121,1270.9080,560.4127
Roadway Surface N12,0,OUTER,0,122,1270.9456,560.5388
Roadway Surface N12,0,OUTER,0,123,1271.3469,561.7996
Roadway Surface N12,0,OUTER,0,124,1271.6393,562.8637
Roadway Surface N12,0,OUTER,0,125,1271.8518,563.5811
Roadway Surface N12,0,OUTER,0,126,1271.9566,563.9636
Roadway Surface N12,0,OUTER,0,127,1271.9816,564.0653
Roadway Surface N12,0,OUTER,0,128,1272.3304,565.4141
Roadway Surface N12,0,OUTER,0,129,1272.7302,567.0948
Roadway Surface N12,0,OUTER,0,130,1273.2460,569.6026
Roadway Surface N12,0,OUTER,0,131,1273.8126,572.5920
Roadway Surface N12,0,OUTER,0,132,1274.1186,575.1866
Roadway Surface N12,0,OUTER,0,133,1274.1534,575.3922
Roadway Surface N12,0,OUTER,0,134,1274.2070,575.9458
Roadway Surface N12,0,OUTER,0,135,1274.4254,577.8960
Roadway Surface N12,0,OUTER,0,136,1274.4664,578.4707
Roadway Surface N12,0,OUTER,0,137,1274.5772,580.2004
Roadway Surface N12,0,OUTER,0,138,1274.6656,582.4042
Roadway Surface N12,0,OUTER,0,139,1274.6842,583.3522
Roadway Surface N12,0,OUTER,0,140,1274.7052,585.0883
Roadway Surface N12,0,OUTER,0,141,1274.6801,586.4244
Roadway Surface N12,0,OUTER,0,142,1274.6692,587.0049
Roadway Surface N12,0,OUTER,0,143,1274.6618,587.3964
Roadway Surface N12,0,OUTER,0,144,1274.5829,588.8379
Roadway Surface N12,0,OUTER,0,145,1274.5767,588.8404
Roadway Surface N12,0,OUTER,0,146,1274.5538,589.5013
Roadway Surface N12,0,OUTER,0,147,1274.5056,590.2514
Roadway Surface N12,0,OUTER,0,148,1274.4985,590.3922
Roadway Surface N12,0,OUTER,0,149,1274.4526,591.0171
Roadway Surface N12,0,OUTER,0,150,1274.4239,591.3052
Roadway Surface N12,0,OUTER,0,151,1274.3268,592.3956
Roadway Surface N12,0,OUTER,0,152,1274.2997,592.5473
Roadway Surface N12,0,OUTER,0,153,1274.1639,593.9063
Roadway Surface N12,0,OUTER,0,154,1274.0886,594.6591
Roadway Surface N12,0,OUTER,0,155,1273.9930,595.2954
Roadway Surface N12,0,OUTER,0,156,1273.4989,598.5834
Roadway Surface N12,0,OUTER,0,157,1273.2865,599.6881
Roadway Surface N12,0,OUTER,0,158,1272.7509,602.2596
Roadway Surface N12,0,OUTER,0,159,1272.7085,602.4973
Roadway Surface N12,0,OUTER,0,160,1272.6701,602.6138
Roadway Surface N12,0,OUTER,0,161,1272.5817,603.0014
Roadway Surface N12,0,OUTER,0,162,1272.0914,605.0236
Roadway Surface N12,0,OUTER,0,163,1271.8120,606.0337
Roadway Surface N12,0,OUTER,0,164,1271.5104,607.0949
Roadway Surface N12,0,OUTER,0,165,1270.7576,609.5203
Roadway Surface N12,0,OUTER,0,166,1270.5308,610.2686
Roadway Surface N12,0,OUTER,0,167,1270.4114,610.5676
Roadway Surface N12,0,OUTER,0,168,1270.2439,611.0823
Roadway Surface N12,0,OUTER,0,169,1269.8946,611.9913
Roadway Surface N12,0,OUTER,0,170,1269.5569,612.9220
Roadway Surface N12,0,OUTER,0,171,1269.2054,613.8906
Roadway Surface N12,0,OUTER,0,172,1268.9040,614.6076
Roadway Surface N12,0,OUTER,0,173,1268.5984,615.3953
Roadway Surface N12,0,OUTER,0,174,1268.1171,616.6358
Roadway Surface N12,0,OUTER,0,175,1266.1724,620.6660
Roadway Surface N12,0,OUTER,0,176,1265.9580,621.1116
Roadway Surface N12,0,OUTER,0,177,1265.6486,621.6845
Roadway Surface N12,0,OUTER,0,178,1264.8681,623.1735
Roadway Surface N12,0,OUTER,0,179,1264.4736,623.8525
Roadway Surface N12,0,OUTER,0,180,1264.0833,624.5728
Roadway Surface N12,0,OUTER,0,181,1262.5815,627.0603
Roadway Surface N12,0,OUTER,0,182,1261.8895,628.1586
Roadway Surface N12,0,OUTER,0,183,1261.4490,628.8444
Roadway Surface N12,0,OUTER,0,184,1260.7855,629.8025
Roadway Surface N12,0,OUTER,0,185,1260.2909,630.5145
Roadway Surface N12,0,OUTER,0,186,1259.8800,631.1317
Roadway Surface N12,0,OUTER,0,187,1259.2848,631.9267
Roadway Surface N12,0,OUTER,0,188,1258.7005,632.7004
Roadway Surface N12,0,OUTER,0,189,1257.9806,633.6723
Roadway Surface N12,0,OUTER,0,190,1257.9222,633.7310
Roadway Surface N12,0,OUTER,0,191,1257.5736,634.2120
Roadway Surface N12,0,OUTER,0,192,1256.9586,634.9935
Roadway Surface N12,0,OUTER,0,193,1256.9116,635.0534
Roadway Surface N12,0,OUTER,0,194,1271.0554,646.1866
Roadway Surface N12,0,OUTER,0,195,1272.2344,644.6887
Roadway Surface N12,0,OUTER,0,196,1276.2477,639.5968
Roadway Surface N12,0,OUTER,0,197,1313.3385,592.4587
Roadway Surface N12,0,OUTER,0,198,1315.5572,589.5270
Roadway Surface N12,0,OUTER,0,199,1317.1877,587.1148
Roadway Surface N12,0,OUTER,0,200,1318.7097,584.6079
Roadway Surface N12,0,OUTER,0,201,1320.1156,582.0136
Roadway Surface N12,0,OUTER,0,202,1321.4466,579.2251
Roadway Surface N12,0,OUTER,0,203,1322.6818,576.2270
Roadway Surface N12,0,OUTER,0,204,1323.5691,573.7916
Roadway Surface N12,0,OUTER,0,205,1324.4472,570.9362
Roadway Surface N12,0,OUTER,0,206,1325.1822,568.0407
Roadway Surface N12,0,OUTER,0,207,1325.7714,565.1158
Roadway Surface N12,0,OUTER,0,208,1326.2137,562.1726
Roadway Surface N12,0,OUTER,0,209,1326.5090,559.2143
Roadway Surface N12,0,OUTER,0,210,1326.6570,556.2750
Roadway Surface N12,0,OUTER,0,211,1326.6607,553.3422
Roadway Surface N12,0,OUTER,0,212,1326.5227,550.4339
Roadway Surface N12,0,OUTER,0,213,1326.2466,547.5600
Roadway Surface N12,0,OUTER,0,214,1325.8327,544.7027
Roadway Surface N12,0,OUTER,0,215,1325.2765,541.8448
Roadway Surface N12,0,OUTER,0,216,1324.5768,538.9967
Roadway Surface N12,0,OUTER,0,217,1323.7331,536.1691
Roadway Surface N12,0,OUTER,0,218,1322.7463,533.3728
Roadway Surface N12,0,OUTER,0,219,1321.6182,530.6187
Roadway Surface N12,0,OUTER,0,220,1320.3515,527.9172
Roadway Surface N12,0,OUTER,0,221,1318.9503,525.2789
Roadway Surface N12,0,OUTER,0,222,1317.4196,522.7136
Roadway Surface N12,0,OUTER,0,223,1315.7651,520.2306
Roadway Surface N12,0,OUTER,0,224,1313.9939,517.8388
Roadway Surface N12,0,OUTER,0,225,1312.1133,515.5461
Roadway Surface N12,0,OUTER,0,226,1310.1318,513.3597
Roadway Surface N12,0,OUTER,0,227,1308.0583,511.2856
Roadway Surface N12,0,OUTER,0,228,1305.9019,509.3293
Roadway Surface N12,0,OUTER,0,229,1303.6723,507.4949
Roadway Surface N12,0,OUTER,0,230,1258.7576,472.3997
Roadway Surface N12,0,OUTER,0,231,1257.7792,471.5518
Roadway Surface N12,0,OUTER,0,232,1223.8335,444.9658
Roadway Surface N12,0,OUTER,0,233,1223.0025,444.3150
Roadway Surface N12,0,OUTER,0,234,1219.8534,441.8486
Roadway Surface N12,0,OUTER,0,235,1215.0346,438.0744
Roadway Surface N12,0,OUTER,0,236,1090.0494,340.1872
Roadway Surface N12,0,OUTER,0,237,1086.8130,337.9017
Roadway Surface N12,0,OUTER,0,238,1085.0929,336.8700
Roadway Surface N12,0,OUTER,0,239,1083.3116,335.9201
Roadway Surface N12,0,OUTER,0,240,1081.4752,335.0570
Roadway Surface N12,0,OUTER,0,241,1079.5965,334.2881
Roadway Surface N12,0,OUTER,0,242,1077.6927,333.6196
Roadway Surface N12,0,OUTER,0,243,1075.7226,333.0378
Roadway Surface N12,0,OUTER,0,244,1073.7122,332.5547
Roadway Surface N12,0,OUTER,0,245,1071.7043,332.1807
Roadway Surface N12,0,OUTER,0,246,1069.6972,331.9118
Roadway Surface N12,0,OUTER,0,247,1067.6775,331.7445
Roadway Surface N12,0,OUTER,0,248,1065.6453,331.6793
Roadway Surface N12,0,OUTER,0,249,1063.6399,331.7166
Roadway Surface N12,0,OUTER,0,250,1059.9567,332.0608
Roadway Surface N12,0,OUTER,0,251,1059.3336,332.1557
Roadway Surface N12,0,OUTER,0,252,1056.3889,332.7290
Roadway Surface N12,0,OUTER,0,253,1054.9174,333.0855
Roadway Surface N12,0,OUTER,0,254,1053.8712,333.3716
Roadway Surface N12,0,OUTER,0,255,1051.9532,334.0013
Roadway Surface N12,0,OUTER,0,256,1050.0692,334.7273
Roadway Surface N12,0,OUTER,0,257,1048.1987,335.5591
Roadway Surface N12,0,OUTER,0,258,1046.3775,336.4835
Roadway Surface N12,0,OUTER,0,259,1044.6035,337.5010
Roadway Surface N12,0,OUTER,0,260,1042.7323,338.7114
Roadway Surface N12,0,OUTER,0,261,1037.3540,343.1528
Roadway Surface N12,0,OUTER,0,262,1033.7246,347.3068
Roadway Surface N12,0,OUTER,0,263,1032.9307,348.3079
Roadway Surface N12,0,OUTER,0,264,1007.6145,383.6936
Roadway Surface N2,0,OUTER,0,0,255.7910,1642.2662
Roadway Surface N2,0,OUTER,0,1,227.0866,1732.2909
Roadway Surface N2,0,OUTER,0,2,232.9970,1734.1756
Roadway Surface N2,0,OUTER,0,3,237.5908,1718.7141
Roadway Surface N2,0,OUTER,0,4,245.9122,1692.8760
Roadway Surface N2,0,OUTER,0,5,261.5161,1644.0842
Roadway Surface N2,0,OUTER,0,6,266.4211,1628.9115
Roadway Surface N2,0,OUTER,0,7,271.4485,1613.7750
Roadway Surface N2,0,OUTER,0,8,276.5978,1598.6764
Roadway Surface N2,0,OUTER,0,9,281.8687,1583.6171
Roadway Surface N2,0,OUTER,0,10,287.2607,1568.5986
Roadway Surface N2,0,OUTER,0,11,292.7733,1553.6222
Roadway Surface N2,0,OUTER,0,12,298.4060,1538.6895
Roadway Surface N2,0,OUTER,0,13,304.1583,1523.8019
Roadway Surface N2,0,OUTER,0,14,310.0296,1508.9609
Roadway Surface N2,0,OUTER,0,15,316.0193,1494.1678
Roadway Surface N2,0,OUTER,0,16,322.1223,1479.4350
Roadway Surface N2,0,OUTER,0,17,328.3518,1464.7312
Roadway Surface N2,0,OUTER,0,18,334.6933,1450.0905
Roadway Surface N2,0,OUTER,0,19,341.1507,1435.5033
Roadway Surface N2,0,OUTER,0,20,347.7234,1420.9711
Roadway Surface N2,0,OUTER,0,21,354.4107,1406.4952
Roadway Surface N2,0,OUTER,0,22,366.0306,1382.0232
Roadway Surface N2,0,OUTER,0,23,368.1245,1378.1392
Roadway Surface N2,0,OUTER,0,24,370.5840,1374.4116
Roadway Surface N2,0,OUTER,0,25,371.9453,1372.6223
Roadway Surface N2,0,OUTER,0,26,373.3902,1370.8909
Roadway Surface N2,0,OUTER,0,27,374.9150,1369.2231
Roadway Surface N2,0,OUTER,0,28,376.5151,1367.6242
Roadway Surface N2,0,OUTER,0,29,378.1860,1366.0994
Roadway Surface N2,0,OUTER,0,30,379.3228,1365.1524
Roadway Surface N2,0,OUTER,0,31,379.9512,1364.6311
Roadway Surface N2,0,OUTER,0,32,381.1612,1363.7125
Roadway Surface N2,0,OUTER,0,33,381.7185,1363.2895
Roadway Surface N2,0,OUTER,0,34,383.5685,1362.0120
Roadway Surface N2,0,OUTER,0,35,387.4054,1359.7268
Roadway Surface N2,0,OUTER,0,36,390.1089,1358.4263
Roadway Surface N2,0,OUTER,0,37,391.3818,1357.8140
Roadway Surface N2,0,OUTER,0,38,392.2346,1357.4585
Roadway Surface N2,0,OUTER,0,39,406.8144,1351.5380
Roadway Surface N2,0,OUTER,0,40,408.7300,1350.8350
Roadway Surface N2,0,OUTER,0,41,411.3049,1350.1137
Roadway Surface N2,0,OUTER,0,42,414.0052,1349.6146
Roadway Surface N2,0,OUTER,0,43,416.8029,1349.3617
Roadway Surface N2,0,OUTER,0,44,419.6647,1349.3743
Roadway Surface N2,0,OUTER,0,45,422.5525,1349.6656
Roadway Surface N2,0,OUTER,0,46,425.4257,1350.2414
Roadway Surface N2,0,OUTER,0,47,428.2424,1351.0995
Roadway Surface N2,0,OUTER,0,48,430.9711,1352.2348
Roadway Surface N2,0,OUTER,0,49,433.5443,1353.6135
Roadway Surface N2,0,OUTER,0,50,435.9575,1355.2262
Roadway Surface N2,0,OUTER,0,51,438.1733,1357.0372
Roadway Surface N2,0,OUTER,0,52,440.1708,1359.0124
Roadway Surface N2,0,OUTER,0,53,441.9365,1361.1155
Roadway Surface N2,0,OUTER,0,54,443.4641,1363.3102
Roadway Surface N2,0,OUTER,0,55,444.7537,1365.5615
Roadway Surface N2,0,OUTER,0,56,445.9541,1368.1872
Roadway Surface N2,0,OUTER,0,57,446.9083,1370.9563
Roadway Surface N2,0,OUTER,0,58,447.5932,1373.8335
Roadway Surface N2,0,OUTER,0,59,447.7893,1375.2805
Roadway Surface N2,0,OUTER,0,60,448.0278,1377.7604
Roadway Surface N2,0,OUTER,0,61,448.0988,1379.7487
Roadway Surface N2,0,OUTER,0,62,447.9122,1382.7004
Roadway Surface N2,0,OUTER,0,63,447.4418,1385.5913
Roadway Surface N2,0,OUTER,0,64,446.7044,1388.3826
Roadway Surface N2,0,OUTER,0,65,445.2999,1392.7844
Roadway Surface N2,0,OUTER,0,66,441.5410,1404.7058
Roadway Surface N2,0,OUTER,0,67,439.3705,1411.7568
Roadway Surface N2,0,OUTER,0,68,438.5487,1414.4876
Roadway Surface N2,0,OUTER,0,69,443.4495,1399.3527
Roadway Surface N2,0,OUTER,0,70,446.0901,1391.3353
Roadway Surface N2,0,OUTER,0,71,448.7320,1383.4267
Roadway Surface N2,0,OUTER,0,72,450.5973,1377.9084
Roadway Surface N2,0,OUTER,0,73,453.8336,1368.4585
Roadway Surface N2,0,OUTER,0,74,457.5439,1357.8115
Roadway Surface N2,0,OUTER,0,75,460.4572,1349.5848
Roadway Surface N2,0,OUTER,0,76,463.0350,1342.4002
Roadway Surface N2,0,OUTER,0,77,466.7047,1332.3190
Roadway Surface N2,0,OUTER,0,78,470.7498,1321.3990
Roadway Surface N2,0,OUTER,0,79,474.2754,1312.0383
Roadway Surface N2,0,OUTER,0,80,477.8463,1302.7005
Roadway Surface N2,0,OUTER,0,81,481.4659,1293.3763
Roadway Surface N2,0,OUTER,0,82,486.0667,1281.7212
Roadway Surface N2,0,OUTER,0,83,488.8364,1274.8071
Roadway Surface N2,0,OUTER,0,84,492.6031,1265.5228
Roadway Surface N2,0,OUTER,0,85,496.4080,1256.2784
Roadway Surface N2,0,OUTER,0,86,500.2657,1247.0385
Roadway Surface N2,0,OUTER,0,87,503.3062,1239.8468
Roadway Surface N2,0,OUTER,0,88,506.7988,1231.6817
Roadway Surface N2,0,OUTER,0,89,504.6503,1230.7472
Roadway Surface N2,0,OUTER,0,90,504.5394,1230.9905
Roadway Surface N2,0,OUTER,0,91,503.3864,1233.2073
Roadway Surface N2,0,OUTER,0,92,502.6470,1234.4059
Roadway Surface N2,0,OUTER,0,93,502.0309,1235.3073
Roadway Surface N2,0,OUTER,0,94,500.4854,1237.2711
Roadway Surface N2,0,OUTER,0,95,498.7632,1239.0821
Roadway Surface N2,0,OUTER,0,96,496.8793,1240.7241
Roadway Surface N2,0,OUTER,0,97,494.8503,1242.1831
Roadway Surface N2,0,OUTER,0,98,492.6938,1243.4460
Roadway Surface N2,0,OUTER,0,99,490.4288,1244.5020
Roadway Surface N2,0,OUTER,0,100,488.0750,1245.3417
Roadway Surface N2,0,OUTER,0,101,485.6531,1245.9579
Roadway Surface N2,0,OUTER,0,102,483.7773,1246.2736
Roadway Surface N2,0,OUTER,0,103,483.1842,1246.3451
Roadway Surface N2,0,OUTER,0,104,480.6899,1246.5000
Roadway Surface N2,0,OUTER,0,105,478.1920,1246.4212
Roadway Surface N2,0,OUTER,0,106,475.7125,1246.1093
Roadway Surface N2,0,OUTER,0,107,473.2729,1245.5672
Roadway Surface N2,0,OUTER,0,108,470.8927,1244.7988
Roadway Surface N2,0,OUTER,0,109,470.8147,1245.0134
Roadway Surface N2,0,OUTER,0,110,457.3798,1239.2709
Roadway Surface N2,0,OUTER,0,111,439.6414,1232.0178
Roadway Surface N2,0,OUTER,0,112,437.1115,1236.3200
Roadway Surface N2,0,OUTER,0,113,434.5718,1240.6390
Roadway Surface N2,0,OUTER,0,114,429.5514,1249.2837
Roadway Surface N2,0,OUTER,0,115,427.0543,1253.6172
Roadway Surface N2,0,OUTER,0,116,422.0916,1262.3010
Roadway Surface N2,0,OUTER,0,117,417.1756,1271.0092
Roadway Surface N2,0,OUTER,0,118,411.7509,1280.7380
Roadway Surface N2,0,OUTER,0,119,407.4743,1288.4987
Roadway Surface N2,0,OUTER,0,120,402.6894,1297.2797
Roadway Surface N2,0,OUTER,0,121,400.3163,1301.6804
Roadway Surface N2,0,OUTER,0,122,393.2517,1314.9128
Roadway Surface N2,0,OUTER,0,123,390.9198,1319.3358
Roadway Surface N2,0,OUTER,0,124,386.2893,1328.1991
Roadway Surface N2,0,OUTER,0,125,381.7031,1337.0855
Roadway Surface N2,0,OUTER,0,126,379.4268,1341.5373
Roadway Surface N2,0,OUTER,0,127,375.8120,1348.6667
Roadway Surface N2,0,OUTER,0,128,370.4327,1359.4008
Roadway Surface N2,0,OUTER,0,129,366.0043,1368.3669
Roadway Surface N2,0,OUTER,0,130,363.8046,1372.8570
Roadway Surface N2,0,OUTER,0,131,359.4421,1381.8553
Roadway Surface N2,0,OUTER,0,132,355.1245,1390.8752
Roadway Surface N2,0,OUTER,0,133,351.8762,1397.7389
Roadway Surface N2,0,OUTER,0,134,348.7329,1404.4453
Roadway Surface N2,0,OUTER,0,135,345.3693,1411.6981
Roadway Surface N2,0,OUTER,0,136,340.3695,1422.6127
Roadway Surface N2,0,OUTER,0,137,336.2560,1431.7275
Roadway Surface N2,0,OUTER,0,138,332.9994,1439.0346
Roadway Surface N2,0,OUTER,0,139,330.1713,1445.4379
Roadway Surface N2,0,OUTER,0,140,328.1696,1450.0239
Roadway Surface N2,0,OUTER,0,141,325.5700,1456.0051
Roadway Surface N2,0,OUTER,0,142,324.4006,1458.7158
Roadway Surface N2,0,OUTER,0,143,324.1927,1459.1950
Roadway Surface N2,0,OUTER,0,144,321.0431,1466.5489
Roadway Surface N2,0,OUTER,0,145,317.1495,1475.7598
Roadway Surface N2,0,OUTER,0,146,312.0851,1487.9328
Roadway Surface N2,0,OUTER,0,147,308.6350,1496.3605
Roadway Surface N2,0,OUTER,0,148,305.7476,1503.5029
Roadway Surface N2,0,OUTER,0,149,301.2996,1514.6536
Roadway Surface N2,0,OUTER,0,150,298.3763,1522.0967
Roadway Surface N2,0,OUTER,0,151,294.7597,1531.4230
Roadway Surface N2,0,OUTER,0,152,291.1907,1540.7649
Roadway Surface N2,0,OUTER,0,153,286.9714,1551.9986
Roadway Surface N2,0,OUTER,0,154,284.1933,1559.5007
Roadway Surface N2,0,OUTER,0,155,280.7652,1568.8936
Roadway Surface N2,0,OUTER,0,156,276.7514,1580.0873
Roadway Surface N2,0,OUTER,0,157,276.7131,1580.1901
Roadway Surface N2,0,OUTER,0,158,276.7163,1580.1912
Roadway Surface N2,0,OUTER,0,159,275.0432,1584.9030
Roadway Surface N2,0,OUTER,0,160,270.9732,1596.5718
Roadway Surface N2,0,OUTER,0,161,270.1121,1599.0693
Roadway Surface N2,0,OUTER,0,162,267.5224,1606.6386
Roadway Surface N2,0,OUTER,0,163,264.3300,1616.1153
Roadway Surface N2,0,OUTER,0,164,260.5602,1627.5078
Roadway Surface N2,0,OUTER,0,165,258.0880,1635.1138
Roadway Surface N3,0,OUTER,0,0,758.4828,1305.0838
Roadway Surface N3,0,OUTER,0,1,759.2875,1307.1904
Roadway Surface N3,0,OUTER,0,2,760.1930,1309.2713
Roadway Surface N3,0,OUTER,0,3,761.1982,1311.3194
Roadway Surface N3,0,OUTER,0,4,762.3014,1313.3277
Roadway Surface N3,0,OUTER,0,5,763.5000,1315.2891
Roadway Surface N3,0,OUTER,0,6,764.7909,1317.1970
Roadway Surface N3,0,OUTER,0,7,766.1705,1319.0449
Roadway Surface N3,0,OUTER,0,8,767.6344,1320.8268
Roadway Surface N3,0,OUTER,0,9,769.1778,1322.5370
Roadway Surface N3,0,OUTER,0,10,770.7952,1324.1704
Roadway Surface N3,0,OUTER,0,11,772.4809,1325.7222
Roadway Surface N3,0,OUTER,0,12,774.2288,1327.1886
Roadway Surface N3,0,OUTER,0,13,776.0324,1328.5660
Roadway Surface N3,0,OUTER,0,14,777.8851,1329.8516
Roadway Surface N3,0,OUTER,0,15,779.7753,1331.0403
Roadway Surface N3,0,OUTER,0,16,782.2388,1327.6173
Roadway Surface N3,0,OUTER,0,17,785.1253,1323.5335
Roadway Surface N3,0,OUTER,0,18,786.2319,1321.8710
Roadway Surface N3,0,OUTER,0,19,788.4775,1318.5072
Roadway Surface N3,0,OUTER,0,20,789.3245,1317.2384
Roadway Surface N3,0,OUTER,0,21,790.1431,1316.0121
Roadway Surface N3,0,OUTER,0,22,790.5660,1315.3379
Roadway Surface N3,0,OUTER,0,23,793.3146,1310.9704
Roadway Surface N3,0,OUTER,0,24,795.0487,1308.1562
Roadway Surface N3,0,OUTER,0,25,795.9025,1306.6933
Roadway Surface N3,0,OUTER,0,26,795.9112,1306.6977
Roadway Surface N3,0,OUTER,0,27,799.4166,1300.6760
Roadway Surface N3,0,OUTER,0,28,800.8853,1298.0215
Roadway Surface N3,0,OUTER,0,29,803.5775,1293.0564
Roadway Surface N3,0,OUTER,0,30,804.5358,1291.2218
Roadway Surface N3,0,OUTER,0,31,807.8113,1284.7194
Roadway Surface N3,0,OUTER,0,32,809.9658,1280.2075
Roadway Surface N3,0,OUTER,0,33,812.4902,1274.6589
Roadway Surface N3,0,OUTER,0,34,814.5717,1269.8443
Roadway Surface N3,0,OUTER,0,35,814.5812,1269.7159
Roadway Surface N3,0,OUTER,0,36,813.7480,1270.9462
Roadway Surface N3,0,OUTER,0,37,813.4472,1271.3903
Roadway Surface N3,0,OUTER,0,38,811.9730,1273.0951
Roadway Surface N3,0,OUTER,0,39,810.9141,1274.0328
Roadway Surface N3,0,OUTER,0,40,810.1093,1274.7198
Roadway Surface N3,0,OUTER,0,41,808.2665,1275.9285
Roadway Surface N3,0,OUTER,0,42,806.1910,1276.9097
Roadway Surface N3,0,OUTER,0,43,804.1358,1277.5562
Roadway Surface N3,0,OUTER,0,44,804.0423,1277.5856
Roadway Surface N3,0,OUTER,0,45,801.8840,1277.9584
Roadway Surface N3,0,OUTER,0,46,799.6953,1278.0442
Roadway Surface N3,0,OUTER,0,47,797.4530,1277.8316
Roadway Surface N3,0,OUTER,0,48,795.2184,1277.3051
Roadway Surface N3,0,OUTER,0,49,793.0574,1276.4663
Roadway Surface N3,0,OUTER,0,50,791.0341,1275.3350
Roadway Surface N3,0,OUTER,0,51,789.2046,1273.9480
Roadway Surface N3,0,OUTER,0,52,787.6122,1272.3550
Roadway Surface N3,0,OUTER,0,53,786.2840,1270.6133
Roadway Surface N3,0,OUTER,0,54,786.1231,1270.3321
Roadway Surface N3,0,OUTER,0,55,785.1963,1268.7121
Roadway Surface N3,0,OUTER,0,56,784.3484,1266.6254
Roadway Surface N3,0,OUTER,0,57,783.7825,1264.4005
Roadway Surface N3,0,OUTER,0,58,783.6222,1262.9512
Roadway Surface N3,0,OUTER,0,59,783.5276,1262.0964
Roadway Surface N3,0,OUTER,0,60,783.5339,1261.9001
Roadway Surface N3,0,OUTER,0,61,783.5957,1259.7793
Roadway Surface N3,0,OUTER,0,62,783.8567,1258.2418
Roadway Surface N3,0,OUTER,0,63,783.6714,1256.8012
Roadway Surface N3,0,OUTER,0,64,758.5305,1301.6194
Roadway Surface N3,0,OUTER,0,65,758.4894,1301.6927
Roadway Surface N3,0,OUTER,0,66,758.2904,1302.0474
Roadway Surface N3,0,OUTER,0,67,757.7935,1302.9337
Roadway Surface N4,0,OUTER,0,0,680.7318,1444.6717
Roadway Surface N4,0,OUTER,0,1,678.8829,1447.1052
Roadway Surface N4,0,OUTER,0,2,676.7883,1449.9586
Roadway Surface N4,0,OUTER,0,3,674.8220,1452.7372
Roadway Surface N4,0,OUTER,0,4,673.3741,1454.8494
Roadway Surface N4,0,OUTER,0,5,672.0201,1456.8783
Roadway Surface N4,0,OUTER,0,6,669.8628,1460.2263
Roadway Surface N4,0,OUTER,0,7,668.7322,1462.0414
Roadway Surface N4,0,OUTER,0,8,667.4915,1464.0770
Roadway Surface N4,0,OUTER,0,9,666.7272,1465.3616
Roadway Surface N4,0,OUTER,0,10,664.6254,1469.0269
Roadway Surface N4,0,OUTER,0,11,656.9094,1482.7824
Roadway Surface N4,0,OUTER,0,12,667.3753,1488.6531
Roadway Surface N4,0,OUTER,0,13,675.0927,1474.9037
Roadway Surface N4,0,OUTER,0,14,677.0947,1471.4689
Roadway Surface N4,0,OUTER,0,15,678.2215,1469.6022
Roadway Surface N4,0,OUTER,0,16,679.5484,1467.4614
Roadway Surface N4,0,OUTER,0,17,681.3346,1464.6712
Roadway Surface N4,0,OUTER,0,18,683.3777,1461.5994
Roadway Surface N4,0,OUTER,0,19,684.7340,1459.6259
Roadway Surface N4,0,OUTER,0,20,686.5824,1457.0155
Roadway Surface N4,0,OUTER,0,21,688.5485,1454.3327
Roadway Surface N4,0,OUTER,0,22,690.2817,1452.0430
Roadway Surface N4,0,OUTER,0,23,691.2600,1450.7801
Roadway Surface N4,0,OUTER,0,24,693.5828,1447.8627
Roadway Surface N4,0,OUTER,0,25,695.5763,1445.4453
Roadway Surface N4,0,OUTER,0,26,698.0031,1442.6033
Roadway Surface N4,0,OUTER,0,27,699.7512,1440.6210
Roadway Surface N4,0,OUTER,0,28,765.9208,1366.5887
Roadway Surface N4,0,OUTER,0,29,767.0734,1365.3489
Roadway Surface N4,0,OUTER,0,30,769.3877,1362.9813
Roadway Surface N4,0,OUTER,0,31,771.0807,1361.3446
Roadway Surface N4,0,OUTER,0,32,772.1997,1360.3041
Roadway Surface N4,0,OUTER,0,33,773.5763,1359.0669
Roadway Surface N4,0,OUTER,0,34,775.5230,1357.3934
Roadway Surface N4,0,OUTER,0,35,777.1571,1356.0538
Roadway Surface N4,0,OUTER,0,36,779.5394,1354.2297
Roadway Surface N4,0,OUTER,0,37,780.7516,1353.3015
Roadway Surface N4,0,OUTER,0,38,781.2148,1352.9657
Roadway Surface N4,0,OUTER,0,39,783.9035,1351.1005
Roadway Surface N4,0,OUTER,0,40,784.3245,1350.8095
Roadway Surface N4,0,OUTER,0,41,785.9896,1349.7249
Roadway Surface N4,0,OUTER,0,42,787.2103,1348.9593
Roadway Surface N4,0,OUTER,0,43,789.7949,1347.4308
Roadway Surface N4,0,OUTER,0,44,790.4686,1347.0324
Roadway Surface N4,0,OUTER,0,45,791.9677,1346.2007
Roadway Surface N4,0,OUTER,0,46,793.3897,1345.4425
Roadway Surface N4,0,OUTER,0,47,796.0813,1344.0861
Roadway Surface N4,0,OUTER,0,48,797.7108,1343.3134
Roadway Surface N4,0,OUTER,0,49,799.0005,1342.7272
Roadway Surface N4,0,OUTER,0,50,801.7420,1341.5532
Roadway Surface N4,0,OUTER,0,51,805.3348,1340.1579
Roadway Surface N4,0,OUTER,0,52,807.9152,1339.2525
Roadway Surface N4,0,OUTER,0,53,810.6791,1338.3692
Roadway Surface N4,0,OUTER,0,54,814.7345,1337.2306
Roadway Surface N4,0,OUTER,0,55,816.6994,1336.7445
Roadway Surface N4,0,OUTER,0,56,821.5351,1335.3374
Roadway Surface N4,0,OUTER,0,57,821.7018,1335.2709
Roadway Surface N4,0,OUTER,0,58,823.4245,1334.5838
Roadway Surface N4,0,OUTER,0,59,826.2035,1333.4478
Roadway Surface N4,0,OUTER,0,60,828.1330,1332.4990
Roadway Surface N4,0,OUTER,0,61,830.6564,1331.0950
Roadway Surface N4,0,OUTER,0,62,833.0653,1329.5661
Roadway Surface N4,0,OUTER,0,63,834.8346,1328.2952
Roadway Surface N4,0,OUTER,0,64,835.3728,1327.9086
Roadway Surface N4,0,OUTER,0,65,837.3502,1326.3192
Roadway Surface N4,0,OUTER,0,66,839.0788,1324.7652
Roadway Surface N4,0,OUTER,0,67,841.2376,1322.6500
Roadway Surface N4,0,OUTER,0,68,842.6832,1321.0640
Roadway Surface N4,0,OUTER,0,69,844.6574,1318.6519
Roadway Surface N4,0,OUTER,0,70,845.4409,1317.6024
Roadway Surface N4,0,OUTER,0,71,846.2796,1316.4113
Roadway Surface N4,0,OUTER,0,72,847.6364,1314.3111
Roadway Surface N4,0,OUTER,0,73,848.1899,1313.3826
Roadway Surface N4,0,OUTER,0,74,849.2749,1311.4156
Roadway Surface N4,0,OUTER,0,75,850.4988,1308.9021
Roadway Surface N4,0,OUTER,0,76,851.6609,1306.1119
Roadway Surface N4,0,OUTER,0,77,852.3396,1304.2187
Roadway Surface N4,0,OUTER,0,78,853.4240,1300.5153
Roadway Surface N4,0,OUTER,0,79,853.6954,1299.3779
Roadway Surface N4,0,OUTER,0,80,854.5263,1294.6556
Roadway Surface N4,0,OUTER,0,81,854.6015,1294.0291
Roadway Surface N4,0,OUTER,0,82,854.8014,1291.8387
Roadway Surface N4,0,OUTER,0,83,854.9138,1289.1460
Roadway Surface N4,0,OUTER,0,84,854.9182,1288.1340
Roadway Surface N4,0,OUTER,0,85,854.8878,1286.6610
Roadway Surface N4,0,OUTER,0,86,854.7517,1284.3488
Roadway Surface N4,0,OUTER,0,87,854.5227,1281.2772
Roadway Surface N4,0,OUTER,0,88,854.2806,1276.9500
Roadway Surface N4,0,OUTER,0,89,854.1755,1274.1970
Roadway Surface N4,0,OUTER,0,90,854.0993,1270.8821
Roadway Surface N4,0,OUTER,0,91,854.0904,1265.6858
Roadway Surface N4,0,OUTER,0,92,854.1160,1264.0290
Roadway Surface N4,0,OUTER,0,93,854.2153,1260.5233
Roadway Surface N4,0,OUTER,0,94,854.4716,1255.3954
Roadway Surface N4,0,OUTER,0,95,854.6169,1253.2942
Roadway Surface N4,0,OUTER,0,96,854.8571,1250.3031
Roadway Surface N4,0,OUTER,0,97,855.3695,1245.2475
Roadway Surface N4,0,OUTER,0,98,855.5463,1243.7498
Roadway Surface N4,0,OUTER,0,99,856.0070,1240.2296
Roadway Surface N4,0,OUTER,0,100,856.4754,1237.0663
Roadway Surface N4,0,OUTER,0,101,857.0325,1233.6908
Roadway Surface N4,0,OUTER,0,102,857.5333,1230.9247
Roadway Surface N4,0,OUTER,0,103,858.0199,1228.4286
Roadway Surface N4,0,OUTER,0,104,858.6520,1225.4124
Roadway Surface N4,0,OUTER,0,105,859.0279,1223.7204
Roadway Surface N4,0,OUTER,0,106,859.7725,1220.5559
Roadway Surface N4,0,OUTER,0,107,861.0099,1215.7426
Roadway Surface N4,0,OUTER,0,108,861.5276,1213.8644
Roadway Surface N4,0,OUTER,0,109,862.2724,1211.2792
Roadway Surface N4,0,OUTER,0,110,862.9253,1209.1144
Roadway Surface N4,0,OUTER,0,111,863.8304,1206.2501
Roadway Surface N4,0,OUTER,0,112,864.5249,1204.1481
Roadway Surface N4,0,OUTER,0,113,865.4110,1201.5734
Roadway Surface N4,0,OUTER,0,114,867.1037,1196.9446
Roadway Surface N4,0,OUTER,0,115,868.0122,1194.5966
Roadway Surface N4,0,OUTER,0,116,868.9075,1192.3650
Roadway Surface N4,0,OUTER,0,117,870.6439,1188.2430
Roadway Surface N4,0,OUTER,0,118,871.5078,1186.2834
Roadway Surface N4,0,OUTER,0,119,872.8444,1183.3585
Roadway Surface N4,0,OUTER,0,120,875.3174,1178.2502
Roadway Surface N4,0,OUTER,0,121,876.4191,1176.0872
Roadway Surface N4,0,OUTER,0,122,878.6553,1171.7881
Roadway Surface N4,0,OUTER,0,123,881.7783,1165.8695
Roadway Surface N4,0,OUTER,0,124,884.3511,1161.0659
Roadway Surface N4,0,OUTER,0,125,887.3505,1155.5451
Roadway Surface N4,0,OUTER,0,126,891.0417,1148.8642
Roadway Surface N4,0,OUTER,0,127,893.5788,1144.3423
Roadway Surface N4,0,OUTER,0,128,896.0033,1140.0726
Roadway Surface N4,0,OUTER,0,129,898.7653,1135.2682
Roadway Surface N4,0,OUTER,0,130,902.0609,1129.6164
Roadway Surface N4,0,OUTER,0,131,907.1528,1121.0503
Roadway Surface N4,0,OUTER,0,132,910.6573,1115.2675
Roadway Surface N4,0,OUTER,0,133,913.5120,1110.6223
Roadway Surface N4,0,OUTER,0,134,916.1612,1106.3625
Roadway Surface N4,0,OUTER,0,135,918.7753,1102.2062
Roadway Surface N4,0,OUTER,0,136,921.4101,1098.0631
Roadway Surface N4,0,OUTER,0,137,924.0656,1093.9332
Roadway Surface N4,0,OUTER,0,138,926.7418,1089.8166
Roadway Surface N4,0,OUTER,0,139,929.4384,1085.7134
Roadway Surface N4,0,OUTER,0,140,932.1556,1081.6238
Roadway Surface N4,0,OUTER,0,141,935.8461,1076.1392
Roadway Surface N4,0,OUTER,0,142,939.1278,1071.3283
Roadway Surface N4,0,OUTER,0,143,943.2277,1065.4026
Roadway Surface N4,0,OUTER,0,144,946.0462,1061.3822
Roadway Surface N4,0,OUTER,0,145,948.3664,1058.1065
Roadway Surface N4,0,OUTER,0,146,948.8777,1057.3707
Roadway Surface N4,0,OUTER,0,147,948.7115,1057.5930
Roadway Surface N4,0,OUTER,0,148,933.6202,1047.7818
Roadway Surface N4,0,OUTER,0,149,933.6182,1047.7847
Roadway Surface N4,0,OUTER,0,150,928.4631,1055.1068
Roadway Surface N4,0,OUTER,0,151,924.2880,1061.1411
Roadway Surface N4,0,OUTER,0,152,922.8254,1063.2892
Roadway Surface N4,0,OUTER,0,153,922.8227,1063.2874
Roadway Surface N4,0,OUTER,0,154,922.7877,1063.3406
Roadway Surface N4,0,OUTER,0,155,919.9758,1067.4746
Roadway Surface N4,0,OUTER,0,156,917.1880,1071.6253
Roadway Surface N4,0,OUTER,0,157,914.4211,1075.7899
Roadway Surface N4,0,OUTER,0,158,910.2975,1082.0814
Roadway Surface N4,0,OUTER,0,159,906.2456,1088.3659
Roadway Surface N4,0,OUTER,0,160,903.5625,1092.5850
Roadway Surface N4,0,OUTER,0,161,900.9005,1096.8175
Roadway Surface N4,0,OUTER,0,162,898.2597,1101.0632
Roadway Surface N4,0,OUTER,0,163,895.2957,1105.8857
Roadway Surface N4,0,OUTER,0,164,891.7287,1111.7757
Roadway Surface N4,0,OUTER,0,165,887.9033,1118.1953
Roadway Surface N4,0,OUTER,0,166,885.3884,1122.4724
Roadway Surface N4,0,OUTER,0,167,882.8637,1126.8100
Roadway Surface N4,0,OUTER,0,168,880.3731,1131.1455
Roadway Surface N4,0,OUTER,0,169,878.0293,1135.2717
Roadway Surface N4,0,OUTER,0,170,875.4570,1139.8536
Roadway Surface N4,0,OUTER,0,171,871.5710,1146.8848
Roadway Surface N4,0,OUTER,0,172,868.1629,1153.1630
Roadway Surface N4,0,OUTER,0,173,864.5449,1159.9473
Roadway Surface N4,0,OUTER,0,174,860.4315,1167.8211
Roadway Surface N4,0,OUTER,0,175,856.6709,1175.1647
Roadway Surface N4,0,OUTER,0,176,854.2203,1180.0347
Roadway Surface N4,0,OUTER,0,177,852.1963,1184.1076
Roadway Surface N4,0,OUTER,0,178,849.9925,1188.5958
Roadway Surface N4,0,OUTER,0,179,846.6173,1195.5821
Roadway Surface N4,0,OUTER,0,180,843.3794,1202.4174
Roadway Surface N4,0,OUTER,0,181,839.6274,1210.5095
Roadway Surface N4,0,OUTER,0,182,835.9797,1218.5636
Roadway Surface N4,0,OUTER,0,183,833.1760,1224.8861
Roadway Surface N4,0,OUTER,0,184,830.1351,1231.8803
Roadway Surface N4,0,OUTER,0,185,827.2460,1238.6641
Roadway Surface N4,0,OUTER,0,186,825.3154,1243.2763
Roadway Surface N4,0,OUTER,0,187,822.1242,1251.0454
Roadway Surface N4,0,OUTER,0,188,819.6621,1257.1700
Roadway Surface N4,0,OUTER,0,189,816.2510,1265.7825
Roadway Surface N4,0,OUTER,0,190,815.0406,1268.7063
Roadway Surface N4,0,OUTER,0,191,814.5717,1269.8443
Roadway Surface N4,0,OUTER,0,192,812.4902,1274.6589
Roadway Surface N4,0,OUTER,0,193,809.9658,1280.2075
Roadway Surface N4,0,OUTER,0,194,807.8113,1284.7194
Roadway Surface N4,0,OUTER,0,195,804.5358,1291.2218
Roadway Surface N4,0,OUTER,0,196,803.5775,1293.0564
Roadway Surface N4,0,OUTER,0,197,800.8853,1298.0215
Roadway Surface N4,0,OUTER,0,198,799.4166,1300.6760
Roadway Surface N4,0,OUTER,0,199,795.9112,1306.6977
Roadway Surface N4,0,OUTER,0,200,795.9025,1306.6933
Roadway Surface N4,0,OUTER,0,201,793.3146,1310.9704
Roadway Surface N4,0,OUTER,0,202,790.5660,1315.3379
Roadway Surface N4,0,OUTER,0,203,789.3245,1317.2384
Roadway Surface N4,0,OUTER,0,204,788.4775,1318.5072
Roadway Surface N4,0,OUTER,0,205,787.9137,1319.3851
Roadway Surface N4,0,OUTER,0,206,786.2319,1321.8710
Roadway Surface N4,0,OUTER,0,207,785.1253,1323.5335
Roadway Surface N4,0,OUTER,0,208,782.2388,1327.6173
Roadway Surface N4,0,OUTER,0,209,779.7753,1331.0403
Roadway Surface N4,0,OUTER,0,210,777.8001,1333.7020
Roadway Surface N4,0,OUTER,0,211,776.3080,1335.6660
Roadway Surface N4,0,OUTER,0,212,774.2315,1338.3419
Roadway Surface N4,0,OUTER,0,213,772.1170,1341.0092
Roadway Surface N4,0,OUTER,0,214,769.5998,1344.1024
Roadway Surface N4,0,OUTER,0,215,766.8910,1347.3396
Roadway Surface N4,0,OUTER,0,216,763.6237,1351.1244
Roadway Surface N4,0,OUTER,0,217,761.8656,1353.1092
Roadway Surface N4,0,OUTER,0,218,689.9312,1433.6066
Roadway Surface N4,0,OUTER,0,219,687.9540,1435.8629
Roadway Surface N4,0,OUTER,0,220,686.3910,1437.6714
Roadway Surface N4,0,OUTER,0,221,683.8361,1440.7522
Roadway Surface N5,0,OUTER,0,0,516.9751,1311.8842
Roadway Surface N5,0,OUTER,0,1,514.4393,1318.4298
Roadway Surface N5,0,OUTER,0,2,511.2197,1326.8641
Roadway Surface N5,0,OUTER,0,3,508.0272,1335.3433
Roadway Surface N5,0,OUTER,0,4,504.7998,1344.0419
Roadway Surface N5,0,OUTER,0,5,501.0884,1354.2048
Roadway Surface N5,0,OUTER,0,6,498.1400,1362.4133
Roadway Surface N5,0,OUTER,0,7,495.8684,1368.8056
Roadway Surface N5,0,OUTER,0,8,493.1513,1376.5571
Roadway Surface N5,0,OUTER,0,9,491.0944,1382.4912
Roadway Surface N5,0,OUTER,0,10,487.5754,1392.7964
Roadway Surface N5,0,OUTER,0,11,483.8672,1403.8707
Roadway Surface N5,0,OUTER,0,12,483.5662,1404.8826
Roadway Surface N5,0,OUTER,0,13,484.0128,1403.6456
Roadway Surface N5,0,OUTER,0,14,485.8567,1398.2161
Roadway Surface N5,0,OUTER,0,15,486.3583,1396.8517
Roadway Surface N5,0,OUTER,0,16,487.2433,1394.9948
Roadway Surface N5,0,OUTER,0,17,488.4423,1392.8527
Roadway Surface N5,0,OUTER,0,18,489.0001,1391.9185
Roadway Surface N5,0,OUTER,0,19,490.6699,1389.6387
Roadway Surface N5,0,OUTER,0,20,492.5468,1387.5262
Roadway Surface N5,0,OUTER,0,21,494.6046,1385.6077
Roadway Surface N5,0,OUTER,0,22,496.5945,1384.0729
Roadway Surface N5,0,OUTER,0,23,496.8128,1383.9045
Roadway Surface N5,0,OUTER,0,24,498.9626,1382.5450
Roadway Surface N5,0,OUTER,0,25,499.1382,1382.4317
Roadway Surface N5,0,OUTER,0,26,501.0678,1381.4276
Roadway Surface N5,0,OUTER,0,27,502.7070,1380.6974
Roadway Surface N5,0,OUTER,0,28,504.6103,1379.9965
Roadway Surface N5,0,OUTER,0,29,506.1176,1379.5547
Roadway Surface N5,0,OUTER,0,30,506.5434,1379.4299
Roadway Surface N5,0,OUTER,0,31,508.5101,1378.9943
Roadway Surface N5,0,OUTER,0,32,510.4972,1378.6922
Roadway Surface N5,0,OUTER,0,33,512.4910,1378.5242
Roadway Surface N5,0,OUTER,0,34,514.4782,1378.4894
Roadway Surface N5,0,OUTER,0,35,629.2409,1380.2783
Roadway Surface N5,0,OUTER,0,36,632.3857,1380.5094
Roadway Surface N5,0,OUTER,0,37,635.0839,1380.9613
Roadway Surface N5,0,OUTER,0,38,637.5649,1381.6041
Roadway Surface N5,0,OUTER,0,39,639.8610,1382.4083
Roadway Surface N5,0,OUTER,0,40,641.9965,1383.3523
Roadway Surface N5,0,OUTER,0,41,643.9891,1384.4197
Roadway Surface N5,0,OUTER,0,42,645.8534,1385.5995
Roadway Surface N5,0,OUTER,0,43,647.5988,1386.8838
Roadway Surface N5,0,OUTER,0,44,649.2113,1388.2852
Roadway Surface N5,0,OUTER,0,45,650.7064,1389.7881
Roadway Surface N5,0,OUTER,0,46,651.2269,1390.3248
Roadway Surface N5,0,OUTER,0,47,651.9236,1391.1893
Roadway Surface N5,0,OUTER,0,48,652.0929,1391.3842
Roadway Surface N5,0,OUTER,0,49,653.3714,1393.0752
Roadway Surface N5,0,OUTER,0,50,654.5395,1394.8641
Roadway Surface N5,0,OUTER,0,51,654.9215,1395.5340
Roadway Surface N5,0,OUTER,0,52,655.4728,1396.5007
Roadway Surface N5,0,OUTER,0,53,655.5943,1396.7612
Roadway Surface N5,0,OUTER,0,54,656.4997,1398.7017
Roadway Surface N5,0,OUTER,0,55,657.2242,1400.6478
Roadway Surface N5,0,OUTER,0,56,657.3299,1400.9316
Roadway Surface N5,0,OUTER,0,57,657.8004,1402.5804
Roadway Surface N5,0,OUTER,0,58,658.2548,1404.6355
Roadway Surface N5,0,OUTER,0,59,658.5868,1406.7584
Roadway Surface N5,0,OUTER,0,60,658.7795,1408.6774
Roadway Surface N5,0,OUTER,0,61,658.7814,1408.9900
Roadway Surface N5,0,OUTER,0,62,658.7967,1411.5091
Roadway Surface N5,0,OUTER,0,63,658.5678,1414.0866
Roadway Surface N5,0,OUTER,0,64,658.0582,1416.9676
Roadway Surface N5,0,OUTER,0,65,657.0769,1420.3033
Roadway Surface N5,0,OUTER,0,66,655.3007,1424.2749
Roadway Surface N5,0,OUTER,0,67,655.0872,1424.7521
Roadway Surface N5,0,OUTER,0,68,654.7388,1425.3633
Roadway Surface N5,0,OUTER,0,69,652.1839,1429.8288
Roadway Surface N5,0,OUTER,0,70,646.8403,1439.3849
Roadway Surface N5,0,OUTER,0,71,646.9263,1439.4624
Roadway Surface N5,0,OUTER,0,72,712.1541,1323.1789
Roadway Surface N5,0,OUTER,0,73,709.9042,1322.9683
Roadway Surface N5,0,OUTER,0,74,709.2843,1322.8791
Roadway Surface N5,0,OUTER,0,75,706.3147,1322.4519
Roadway Surface N5,0,OUTER,0,76,702.7328,1321.7528
Roadway Surface N5,0,OUTER,0,77,699.1724,1320.8705
Roadway Surface N5,0,OUTER,0,78,695.6475,1319.8061
Roadway Surface N5,0,OUTER,0,79,692.1720,1318.5617
Roadway Surface N5,0,OUTER,0,80,689.6374,1317.5067
Roadway Surface N5,0,OUTER,0,81,688.7595,1317.1413
Roadway Surface N5,0,OUTER,0,82,688.1321,1316.8420
Roadway Surface N5,0,OUTER,0,83,685.4243,1315.5498
Roadway Surface N5,0,OUTER,0,84,682.1762,1313.7938
Roadway Surface N5,0,OUTER,0,85,679.0299,1311.8809
Roadway Surface N5,0,OUTER,0,86,675.9956,1309.8200
Roadway Surface N5,0,OUTER,0,87,673.0833,1307.6207
Roadway Surface N5,0,OUTER,0,88,670.3018,1305.2937
Roadway Surface N5,0,OUTER,0,89,667.6589,1302.8503
Roadway Surface N5,0,OUTER,0,90,665.1610,1300.3024
Roadway Surface N5,0,OUTER,0,91,662.7906,1297.6355
Roadway Surface N5,0,OUTER,0,92,660.5345,1294.8310
Roadway Surface N5,0,OUTER,0,93,658.4040,1291.8963
Roadway Surface N5,0,OUTER,0,94,656.4197,1288.8548
Roadway Surface N5,0,OUTER,0,95,654.5621,1285.6712
Roadway Surface N5,0,OUTER,0,96,652.8760,1282.4129
Roadway Surface N5,0,OUTER,0,97,651.3409,1279.0409
Roadway Surface N5,0,OUTER,0,98,649.9807,1275.5991
Roadway Surface N5,0,OUTER,0,99,649.0193,1272.7524
Roadway Surface N5,0,OUTER,0,100,648.7995,1272.1014
Roadway Surface N5,0,OUTER,0,101,648.5623,1271.2611
Roadway Surface N5,0,OUTER,0,102,647.7967,1268.5486
Roadway Surface N5,0,OUTER,0,103,646.9768,1264.9590
Roadway Surface N5,0,OUTER,0,104,646.3411,1261.3464
Roadway Surface N5,0,OUTER,0,105,645.8896,1257.7250
Roadway Surface N5,0,OUTER,0,106,645.6209,1254.1084
Roadway Surface N5,0,OUTER,0,107,645.5322,1250.5102
Roadway Surface N5,0,OUTER,0,108,645.6196,1246.9432
Roadway Surface N5,0,OUTER,0,109,648.0595,1197.1149
Roadway Surface N5,0,OUTER,0,110,648.6641,1188.0230
Roadway Surface N5,0,OUTER,0,111,648.7251,1187.0252
Roadway Surface N5,0,OUTER,0,112,649.7865,1176.5180
Roadway Surface N5,0,OUTER,0,113,649.9265,1175.4183
Roadway Surface N5,0,OUTER,0,114,649.9268,1175.4162
Roadway Surface N5,0,OUTER,0,115,650.5455,1170.7519
Roadway Surface N5,0,OUTER,0,116,651.0433,1167.1652
Roadway Surface N5,0,OUTER,0,117,651.2537,1165.7533
Roadway Surface N5,0,OUTER,0,118,652.3138,1159.5082
Roadway Surface N5,0,OUTER,0,119,652.8693,1156.4138
Roadway Surface N5,0,OUTER,0,120,653.0626,1155.3222
Roadway Surface N5,0,OUTER,0,121,654.0820,1150.4496
Roadway Surface N5,0,OUTER,0,122,654.6779,1147.5042
Roadway Surface N5,0,OUTER,0,123,654.9854,1146.1676
Roadway Surface N5,0,OUTER,0,124,655.2443,1144.9355
Roadway Surface N5,0,OUTER,0,125,656.7518,1138.8402
Roadway Surface N5,0,OUTER,0,126,656.9975,1137.7796
Roadway Surface N5,0,OUTER,0,127,657.4245,1136.1201
Roadway Surface N5,0,OUTER,0,128,657.7972,1134.6131
Roadway Surface N5,0,OUTER,0,129,659.4577,1128.7929
Roadway Surface N5,0,OUTER,0,130,659.6253,1128.1318
Roadway Surface N5,0,OUTER,0,131,660.5706,1124.8922
Roadway Surface N5,0,OUTER,0,132,661.0415,1123.3200
Roadway Surface N5,0,OUTER,0,133,662.5779,1118.5686
Roadway Surface N5,0,OUTER,0,134,663.2655,1116.5013
Roadway Surface N5,0,OUTER,0,135,664.0029,1114.2402
Roadway Surface N5,0,OUTER,0,136,664.8678,1111.8632
Roadway Surface N5,0,OUTER,0,137,665.8294,1109.1161
Roadway Surface N5,0,OUTER,0,138,666.8136,1106.5150
Roadway Surface N5,0,OUTER,0,139,667.6454,1104.2287
Roadway Surface N5,0,OUTER,0,140,668.4878,1102.1465
Roadway Surface N5,0,OUTER,0,141,669.4165,1099.7843
Roadway Surface N5,0,OUTER,0,142,670.5655,1097.0108
Roadway Surface N5,0,OUTER,0,143,671.6384,1094.3590
Roadway Surface N5,0,OUTER,0,144,672.4366,1092.5711
Roadway Surface N5,0,OUTER,0,145,673.2897,1090.5685
Roadway Surface N5,0,OUTER,0,146,673.8634,1089.2888
Roadway Surface N5,0,OUTER,0,147,673.9279,1089.1755
Roadway Surface N5,0,OUTER,0,148,675.9734,1084.6494
Roadway Surface N5,0,OUTER,0,149,676.6139,1083.3413
Roadway Surface N5,0,OUTER,0,150,677.4870,1081.4983
Roadway Surface N5,0,OUTER,0,151,678.8257,1078.8242
Roadway Surface N5,0,OUTER,0,152,680.6407,1075.1173
Roadway Surface N5,0,OUTER,0,153,681.2923,1073.8975
Roadway Surface N5,0,OUTER,0,154,681.9794,1072.5720
Roadway Surface N5,0,OUTER,0,155,683.4040,1069.9447
Roadway Surface N5,0,OUTER,0,156,685.6292,1065.7795
Roadway Surface N5,0,OUTER,0,157,686.7685,1063.7919
Roadway Surface N5,0,OUTER,0,158,690.9271,1056.6518
Roadway Surface N5,0,OUTER,0,159,691.8394,1055.1650
Roadway Surface N5,0,OUTER,0,160,696.5211,1047.7492
Roadway Surface N5,0,OUTER,0,161,702.3973,1039.0853
Roadway Surface N5,0,OUTER,0,162,750.5993,970.6205
Roadway Surface N5,0,OUTER,0,163,752.2939,968.7561
Roadway Surface N5,0,OUTER,0,164,742.4668,961.8694
Roadway Surface N5,0,OUTER,0,165,732.6396,954.9826
Roadway Surface N5,0,OUTER,0,166,730.9853,956.7898
Roadway Surface N5,0,OUTER,0,167,682.7732,1025.2690
Roadway Surface N5,0,OUTER,0,168,677.0072,1033.7404
Roadway Surface N5,0,OUTER,0,169,671.4929,1042.4210
Roadway Surface N5,0,OUTER,0,170,666.2413,1051.2996
Roadway Surface N5,0,OUTER,0,171,661.2626,1060.3642
Roadway Surface N5,0,OUTER,0,172,656.5665,1069.6021
Roadway Surface N5,0,OUTER,0,173,652.1616,1079.0002
Roadway Surface N5,0,OUTER,0,174,648.0560,1088.5443
Roadway Surface N5,0,OUTER,0,175,644.2566,1098.2202
Roadway Surface N5,0,OUTER,0,176,640.7696,1108.0130
Roadway Surface N5,0,OUTER,0,177,637.6000,1117.9075
Roadway Surface N5,0,OUTER,0,178,634.7521,1127.8882
Roadway Surface N5,0,OUTER,0,179,632.2290,1137.9395
Roadway Surface N5,0,OUTER,0,180,630.0328,1148.0455
Roadway Surface N5,0,OUTER,0,181,628.1646,1158.1904
Roadway Surface N5,0,OUTER,0,182,626.6245,1168.3584
Roadway Surface N5,0,OUTER,0,183,625.4117,1178.5338
Roadway Surface N5,0,OUTER,0,184,615.9989,1269.7585
Roadway Surface N5,0,OUTER,0,185,615.9183,1270.3363
Roadway Surface N5,0,OUTER,0,186,615.5046,1273.3018
Roadway Surface N5,0,OUTER,0,187,615.4227,1273.6872
Roadway Surface N5,0,OUTER,0,188,615.1116,1275.1380
Roadway Surface N5,0,OUTER,0,189,614.7067,1276.9998
Roadway Surface N5,0,OUTER,0,190,614.5299,1277.6043
Roadway Surface N5,0,OUTER,0,191,614.0552,1279.2276
Roadway Surface N5,0,OUTER,0,192,613.8647,1279.8792
Roadway Surface N5,0,OUTER,0,193,613.3211,1281.4604
Roadway Surface N5,0,OUTER,0,194,612.6871,1283.1481
Roadway Surface N5,0,OUTER,0,195,612.3575,1284.0256
Roadway Surface N5,0,OUTER,0,196,611.8019,1285.2200
Roadway Surface N5,0,OUTER,0,197,611.0039,1286.9354
Roadway Surface N5,0,OUTER,0,198,610.7319,1287.5187
Roadway Surface N5,0,OUTER,0,199,609.9611,1288.8913
Roadway Surface N5,0,OUTER,0,200,609.6713,1289.4075
Roadway Surface N5,0,OUTER,0,201,608.5356,1291.3091
Roadway Surface N5,0,OUTER,0,202,608.3602,1291.6029
Roadway Surface N5,0,OUTER,0,203,607.8058,1292.4330
Roadway Surface N5,0,OUTER,0,204,606.7736,1293.9786
Roadway Surface N5,0,OUTER,0,205,606.6941,1294.0977
Roadway Surface N5,0,OUTER,0,206,606.0353,1294.9262
Roadway Surface N5,0,OUTER,0,207,604.2849,1297.1618
Roadway Surface N5,0,OUTER,0,208,601.6454,1300.0300
Roadway Surface N5,0,OUTER,0,209,600.0691,1301.4968
Roadway Surface N5,0,OUTER,0,210,598.8004,1302.6773
Roadway Surface N5,0,OUTER,0,211,598.5280,1302.8941
Roadway Surface N5,0,OUTER,0,212,596.9124,1304.1801
Roadway Surface N5,0,OUTER,0,213,595.7780,1305.0830
Roadway Surface N5,0,OUTER,0,214,595.3066,1305.4025
Roadway Surface N5,0,OUTER,0,215,593.9865,1306.2973
Roadway Surface N5,0,OUTER,0,216,591.9283,1307.6207
Roadway Surface N5,0,OUTER,0,217,590.1078,1308.6628
Roadway Surface N5,0,OUTER,0,218,589.3247,1309.1111
Roadway Surface N5,0,OUTER,0,219,588.3174,1309.5916
Roadway Surface N5,0,OUTER,0,220,586.9194,1310.2585
Roadway Surface N5,0,OUTER,0,221,585.8391,1310.7323
Roadway Surface N5,0,OUTER,0,222,585.2045,1311.0107
Roadway Surface N5,0,OUTER,0,223,584.5639,1311.2603
Roadway Surface N5,0,OUTER,0,224,582.8031,1311.9462
Roadway Surface N5,0,OUTER,0,225,582.5426,1312.0477
Roadway Surface N5,0,OUTER,0,226,580.3956,1312.7094
Roadway Surface N5,0,OUTER,0,227,579.1075,1313.1074
Roadway Surface N5,0,OUTER,0,228,577.3992,1313.5031
Roadway Surface N5,0,OUTER,0,229,574.9473,1314.0217
Roadway Surface N5,0,OUTER,0,230,573.4601,1314.2546
Roadway Surface N5,0,OUTER,0,231,571.9834,1314.4859
Roadway Surface N5,0,OUTER,0,232,571.3548,1314.5374
Roadway Surface N5,0,OUTER,0,233,569.3785,1314.6993
Roadway Surface N5,0,OUTER,0,234,568.2664,1314.7904
Roadway Surface N5,0,OUTER,0,235,567.4824,1314.7958
Roadway Surface N5,0,OUTER,0,236,564.4825,1314.8167
Roadway Surface N5,0,OUTER,0,237,560.6629,1314.5533
Roadway Surface N5,0,OUTER,0,238,557.1729,1314.0423
Roadway Surface N5,0,OUTER,0,239,556.8406,1313.9936
Roadway Surface N5,0,OUTER,0,240,555.1506,1313.6111
Roadway Surface N5,0,OUTER,0,241,553.0503,1313.1358
Roadway Surface N5,0,OUTER,0,242,549.3266,1311.9837
Roadway Surface N5,0,OUTER,0,243,546.6244,1310.9052
Roadway Surface N5,0,OUTER,0,244,545.7034,1310.5464
Roadway Surface N5,0,OUTER,0,245,545.5762,1310.4841
Roadway Surface N5,0,OUTER,0,246,543.9037,1309.6656
Roadway Surface N5,0,OUTER,0,247,542.2129,1308.8381
Roadway Surface N5,0,OUTER,0,248,541.8863,1308.6457
Roadway Surface N5,0,OUTER,0,249,540.2620,1307.6890
Roadway Surface N5,0,OUTER,0,250,538.8844,1306.8776
Roadway Surface N5,0,OUTER,0,251,538.3607,1306.5125
Roadway Surface N5,0,OUTER,0,252,536.8339,1305.4480
Roadway Surface N5,0,OUTER,0,253,535.7437,1304.6879
Roadway Surface N5,0,OUTER,0,254,535.1363,1304.1921
Roadway Surface N5,0,OUTER,0,255,532.8124,1302.2949
Roadway Surface N5,0,OUTER,0,256,530.6374,1300.2300
Roadway Surface N5,0,OUTER,0,257,530.1077,1299.7271
Roadway Surface N5,0,OUTER,0,258,528.8607,1298.3549
Roadway Surface N5,0,OUTER,0,259,527.9003,1297.2986
Roadway Surface N5,0,OUTER,0,260,527.6418,1297.0142
Roadway Surface N5,0,OUTER,0,261,526.5100,1295.5565
Roadway Surface N5,0,OUTER,0,262,525.7559,1294.6115
Roadway Surface N5,0,OUTER,0,263,524.8742,1292.7878
Roadway Surface N5,0,OUTER,0,264,523.6939,1294.8465
Roadway Surface N6,0,OUTER,0,0,87.7604,1691.1058
Roadway Surface N6,0,OUTER,0,1,110.5511,1698.6320
Roadway Surface N6,0,OUTER,0,2,116.7486,1679.8725
Roadway Surface N6,0,OUTER,0,3,116.8253,1679.6417
Roadway Surface N6,0,OUTER,0,4,116.8222,1679.6407
Roadway Surface N6,0,OUTER,0,5,116.8841,1679.4622
Roadway Surface N6,0,OUTER,0,6,117.4157,1677.8522
Roadway Surface N6,0,OUTER,0,7,117.4533,1677.7399
Roadway Surface N6,0,OUTER,0,8,117.4501,1677.7389
Roadway Surface N6,0,OUTER,0,9,117.5485,1677.4500
Roadway Surface N6,0,OUTER,0,10,119.8853,1670.3723
Roadway Surface N6,0,OUTER,0,11,119.9608,1670.1460
Roadway Surface N6,0,OUTER,0,12,119.9577,1670.1450
Roadway Surface N6,0,OUTER,0,13,120.2264,1669.3394
Roadway Surface N6,0,OUTER,0,14,129.1410,1642.3400
Roadway Surface N6,0,OUTER,0,15,129.3643,1641.6579
Roadway Surface N6,0,OUTER,0,16,129.3674,1641.6589
Roadway Surface N6,0,OUTER,0,17,129.4039,1641.5435
Roadway Surface N6,0,OUTER,0,18,153.3922,1568.8907
Roadway Surface N6,0,OUTER,0,19,156.9719,1558.1184
Roadway Surface N6,0,OUTER,0,20,159.1529,1551.6231
Roadway Surface N6,0,OUTER,0,21,159.2783,1551.2531
Roadway Surface N6,0,OUTER,0,22,164.0217,1537.2936
Roadway Surface N6,0,OUTER,0,23,166.7546,1529.3481
Roadway Surface N6,0,OUTER,0,24,170.5472,1518.4540
Roadway Surface N6,0,OUTER,0,25,170.5806,1518.3666
Roadway Surface N6,0,OUTER,0,26,173.3643,1510.4337
Roadway Surface N6,0,OUTER,0,27,177.1979,1499.6483
Roadway Surface N6,0,OUTER,0,28,177.2445,1499.5177
Roadway Surface N6,0,OUTER,0,29,180.0072,1491.8228
Roadway Surface N6,0,OUTER,0,30,180.5747,1490.2570
Roadway Surface N6,0,OUTER,0,31,180.5778,1490.2581
Roadway Surface N6,0,OUTER,0,32,180.5952,1490.2071
Roadway Surface N6,0,OUTER,0,33,185.2070,1477.5213
Roadway Surface N6,0,OUTER,0,34,189.9881,1464.5634
Roadway Surface N6,0,OUTER,0,35,193.7528,1454.4892
Roadway Surface N6,0,OUTER,0,36,195.8919,1448.8432
Roadway Surface N6,0,OUTER,0,37,196.1488,1448.1342
Roadway Surface N6,0,OUTER,0,38,196.6030,1446.9639
Roadway Surface N6,0,OUTER,0,39,199.3022,1439.8366
Roadway Surface N6,0,OUTER,0,40,204.6472,1425.9384
Roadway Surface N6,0,OUTER,0,41,206.7588,1420.5100
Roadway Surface N6,0,OUTER,0,42,207.0405,1419.7906
Roadway Surface N6,0,OUTER,0,43,210.0320,1412.1433
Roadway Surface N6,0,OUTER,0,44,213.5886,1403.1398
Roadway Surface N6,0,OUTER,0,45,217.8966,1392.3440
Roadway Surface N6,0,OUTER,0,46,219.5138,1388.3315
Roadway Surface N6,0,OUTER,0,47,219.7606,1387.7153
Roadway Surface N6,0,OUTER,0,48,219.7636,1387.7165
Roadway Surface N6,0,OUTER,0,49,219.8080,1387.6014
Roadway Surface N6,0,OUTER,0,50,223.5792,1378.2991
Roadway Surface N6,0,OUTER,0,51,223.6628,1378.0897
Roadway Surface N6,0,OUTER,0,52,223.6659,1378.0909
Roadway Surface N6,0,OUTER,0,53,223.6870,1378.0363
Roadway Surface N6,0,OUTER,0,54,226.8594,1370.2685
Roadway Surface N6,0,OUTER,0,55,230.6839,1360.9994
Roadway Surface N6,0,OUTER,0,56,234.5393,1351.7433
Roadway Surface N6,0,OUTER,0,57,234.9379,1350.7932
Roadway Surface N6,0,OUTER,0,58,234.9410,1350.7945
Roadway Surface N6,0,OUTER,0,59,235.0288,1350.5792
Roadway Surface N6,0,OUTER,0,60,238.4255,1342.5006
Roadway Surface N6,0,OUTER,0,61,238.8098,1341.5949
Roadway Surface N6,0,OUTER,0,62,238.8129,1341.5962
Roadway Surface N6,0,OUTER,0,63,238.9056,1341.3734
Roadway Surface N6,0,OUTER,0,64,239.0029,1341.1484
Roadway Surface N6,0,OUTER,0,65,238.9998,1341.1471
Roadway Surface N6,0,OUTER,0,66,239.1584,1340.7800
Roadway Surface N6,0,OUTER,0,67,240.8355,1336.8119
Roadway Surface N6,0,OUTER,0,68,244.5225,1328.1786
Roadway Surface N6,0,OUTER,0,69,244.9130,1327.2717
Roadway Surface N6,0,OUTER,0,70,248.6208,1318.6548
Roadway Surface N6,0,OUTER,0,71,252.5492,1309.6190
Roadway Surface N6,0,OUTER,0,72,252.6849,1309.3093
Roadway Surface N6,0,OUTER,0,73,255.9813,1301.7860
Roadway Surface N6,0,OUTER,0,74,258.8613,1295.2617
Roadway Surface N6,0,OUTER,0,75,264.6448,1282.2882
Roadway Surface N6,0,OUTER,0,76,264.8638,1281.8024
Roadway Surface N6,0,OUTER,0,77,268.9793,1272.6668
Roadway Surface N6,0,OUTER,0,78,275.3019,1258.7968
Roadway Surface N6,0,OUTER,0,79,279.4880,1249.7151
Roadway Surface N6,0,OUTER,0,80,283.2039,1241.7200
Roadway Surface N6,0,OUTER,0,81,283.4063,1241.2879
Roadway Surface N6,0,OUTER,0,82,283.4093,1241.2893
Roadway Surface N6,0,OUTER,0,83,283.5087,1241.0718
Roadway Surface N6,0,OUTER,0,84,283.6221,1240.8306
Roadway Surface N6,0,OUTER,0,85,283.7090,1240.6496
Roadway Surface N6,0,OUTER,0,86,283.7060,1240.6482
Roadway Surface N6,0,OUTER,0,87,284.0561,1239.9079
Roadway Surface N6,0,OUTER,0,88,285.5110,1236.7883
Roadway Surface N6,0,OUTER,0,89,285.6278,1236.5386
Roadway Surface N6,0,OUTER,0,90,289.5926,1228.1161
Roadway Surface N6,0,OUTER,0,91,291.8408,1223.3792
Roadway Surface N6,0,OUTER,0,92,291.9126,1223.2312
Roadway Surface N6,0,OUTER,0,93,291.9096,1223.2298
Roadway Surface N6,0,OUTER,0,94,292.0540,1222.9299
Roadway Surface N6,0,OUTER,0,95,294.7901,1217.1772
Roadway Surface N6,0,OUTER,0,96,300.4815,1205.3372
Roadway Surface N6,0,OUTER,0,97,300.5349,1205.2296
Roadway Surface N6,0,OUTER,0,98,300.5319,1205.2282
Roadway Surface N6,0,OUTER,0,99,300.7437,1204.7917
Roadway Surface N6,0,OUTER,0,100,304.7472,1196.5343
Roadway Surface N6,0,OUTER,0,101,306.9615,1192.0028
Roadway Surface N6,0,OUTER,0,102,307.1986,1191.5365
Roadway Surface N6,0,OUTER,0,103,311.4758,1182.8091
Roadway Surface N6,0,OUTER,0,104,315.4053,1174.8966
Roadway Surface N6,0,OUTER,0,105,315.9108,1173.8585
Roadway Surface N6,0,OUTER,0,106,316.7484,1172.1981
Roadway Surface N6,0,OUTER,0,107,320.3683,1164.9368
Roadway Surface N6,0,OUTER,0,108,327.5256,1150.7652
Roadway Surface N6,0,OUTER,0,109,328.8948,1148.0967
Roadway Surface N6,0,OUTER,0,110,329.3787,1147.1263
Roadway Surface N6,0,OUTER,0,111,330.2582,1145.4250
Roadway Surface N6,0,OUTER,0,112,334.4024,1137.3261
Roadway Surface N6,0,OUTER,0,113,338.1020,1130.1598
Roadway Surface N6,0,OUTER,0,114,340.2704,1125.9947
Roadway Surface N6,0,OUTER,0,115,340.8096,1124.9489
Roadway Surface N6,0,OUTER,0,116,340.8126,1124.9504
Roadway Surface N6,0,OUTER,0,117,340.8388,1124.8955
Roadway Surface N6,0,OUTER,0,118,345.3473,1116.2662
Roadway Surface N6,0,OUTER,0,119,345.4320,1116.1040
Roadway Surface N6,0,OUTER,0,120,345.4350,1116.1055
Roadway Surface N6,0,OUTER,0,121,345.5036,1115.9672
Roadway Surface N6,0,OUTER,0,122,345.7956,1115.4143
Roadway Surface N6,0,OUTER,0,123,345.8943,1115.2325
Roadway Surface N6,0,OUTER,0,124,352.4225,1102.8663
Roadway Surface N6,0,OUTER,0,125,359.6026,1089.4347
Roadway Surface N6,0,OUTER,0,126,366.6017,1076.4968
Roadway Surface N6,0,OUTER,0,127,373.7905,1063.3657
Roadway Surface N6,0,OUTER,0,128,376.3962,1058.6567
Roadway Surface N6,0,OUTER,0,129,378.6210,1054.6327
Roadway Surface N6,0,OUTER,0,130,378.6239,1054.6343
Roadway Surface N6,0,OUTER,0,131,378.6616,1054.5653
Roadway Surface N6,0,OUTER,0,132,380.2866,1051.6303
Roadway Surface N6,0,OUTER,0,133,386.4195,1040.6645
Roadway Surface N6,0,OUTER,0,134,391.8138,1031.1166
Roadway Surface N6,0,OUTER,0,135,395.7185,1024.2414
Roadway Surface N6,0,OUTER,0,136,400.6634,1015.6051
Roadway Surface N6,0,OUTER,0,137,404.6976,1008.6115
Roadway Surface N6,0,OUTER,0,138,412.8437,994.6103
Roadway Surface N6,0,OUTER,0,139,418.9446,984.2401
Roadway Surface N6,0,OUTER,0,140,424.0499,975.6414
Roadway Surface N6,0,OUTER,0,141,428.3717,968.4004
Roadway Surface N6,0,OUTER,0,142,453.5933,926.2809
Roadway Surface N6,0,OUTER,0,143,454.1837,925.2937
Roadway Surface N6,0,OUTER,0,144,454.1866,925.2954
Roadway Surface N6,0,OUTER,0,145,454.3218,925.0644
Roadway Surface N6,0,OUTER,0,146,542.0928,778.4889
Roadway Surface N6,0,OUTER,0,147,542.2014,778.3086
Roadway Surface N6,0,OUTER,0,148,542.1985,778.3069
Roadway Surface N6,0,OUTER,0,149,544.7006,774.1339
Roadway Surface N6,0,OUTER,0,150,552.4173,761.2472
Roadway Surface N6,0,OUTER,0,151,552.4761,761.1497
Roadway Surface N6,0,OUTER,0,152,552.4732,761.1480
Roadway Surface N6,0,OUTER,0,153,556.6676,754.1493
Roadway Surface N6,0,OUTER,0,154,557.5813,752.6234
Roadway Surface N6,0,OUTER,0,155,557.6134,752.5702
Roadway Surface N6,0,OUTER,0,156,557.6105,752.5685
Roadway Surface N6,0,OUTER,0,157,562.0288,745.1963
Roadway Surface N6,0,OUTER,0,158,562.0709,745.1261
Roadway Surface N6,0,OUTER,0,159,562.0680,745.1244
Roadway Surface N6,0,OUTER,0,160,562.7531,743.9836
Roadway Surface N6,0,OUTER,0,161,565.0077,740.2182
Roadway Surface N6,0,OUTER,0,162,565.1839,739.9186
Roadway Surface N6,0,OUTER,0,163,566.0112,738.6309
Roadway Surface N6,0,OUTER,0,164,567.1437,736.9229
Roadway Surface N6,0,OUTER,0,165,567.2056,736.8329
Roadway Surface N6,0,OUTER,0,166,567.6213,736.1909
Roadway Surface N6,0,OUTER,0,167,568.2652,735.3356
Roadway Surface N6,0,OUTER,0,168,569.8582,733.1626
Roadway Surface N6,0,OUTER,0,169,570.5844,732.1797
Roadway Surface N6,0,OUTER,0,170,571.5383,731.0441
Roadway Surface N6,0,OUTER,0,171,572.8613,729.4695
Roadway Surface N6,0,OUTER,0,172,573.7043,728.4663
Roadway Surface N6,0,OUTER,0,173,573.9481,728.1967
Roadway Surface N6,0,OUTER,0,174,576.8263,725.1771
Roadway Surface N6,0,OUTER,0,175,577.2513,724.7313
Roadway Surface N6,0,OUTER,0,176,580.9214,721.3347
Roadway Surface N6,0,OUTER,0,177,584.7937,718.1758
Roadway Surface N6,0,OUTER,0,178,588.8513,715.2689
Roadway Surface N6,0,OUTER,0,179,589.2749,714.9867
Roadway Surface N6,0,OUTER,0,180,593.0901,712.6166
Roadway Surface N6,0,OUTER,0,181,597.4837,710.2357
Roadway Surface N6,0,OUTER,0,182,602.0239,708.1315
Roadway Surface N6,0,OUTER,0,183,606.6874,706.3155
Roadway Surface N6,0,OUTER,0,184,611.4409,704.7997
Roadway Surface N6,0,OUTER,0,185,613.7888,704.1691
Roadway Surface N6,0,OUTER,0,186,616.3928,703.5613
Roadway Surface N6,0,OUTER,0,187,621.2032,702.6683
Roadway Surface N6,0,OUTER,0,188,626.1639,702.0651
Roadway Surface N6,0,OUTER,0,189,631.1550,701.7726
Roadway Surface N6,0,OUTER,0,190,636.1665,701.7926
Roadway Surface N6,0,OUTER,0,191,641.1545,702.1263
Roadway Surface N6,0,OUTER,0,192,646.1069,702.7707
Roadway Surface N6,0,OUTER,0,193,651.0181,703.7255
Roadway Surface N6,0,OUTER,0,194,655.8412,704.9798
Roadway Surface N6,0,OUTER,0,195,660.6072,706.5430
Roadway Surface N6,0,OUTER,0,196,665.2503,708.3960
Roadway Surface N6,0,OUTER,0,197,668.0314,709.6736
Roadway Surface N6,0,OUTER,0,198,669.7640,710.5337
Roadway Surface N6,0,OUTER,0,199,672.6897,712.1104
Roadway Surface N6,0,OUTER,0,200,675.0651,713.5211
Roadway Surface N6,0,OUTER,0,201,675.2395,713.6012
Roadway Surface N6,0,OUTER,0,202,675.2752,713.6459
Roadway Surface N6,0,OUTER,0,203,675.5510,713.8079
Roadway Surface N6,0,OUTER,0,204,689.9952,724.0140
Roadway Surface N6,0,OUTER,0,205,690.7380,724.5662
Roadway Surface N6,0,OUTER,0,206,691.2999,723.7288
Roadway Surface N6,0,OUTER,0,207,711.3597,695.3512
Roadway Surface N6,0,OUTER,0,208,710.2821,694.3143
Roadway Surface N6,0,OUTER,0,209,703.0114,689.1815
Roadway Surface N6,0,OUTER,0,210,697.2945,685.1194
Roadway Surface N6,0,OUTER,0,211,696.2812,684.4003
Roadway Surface N6,0,OUTER,0,212,695.8132,684.1897
Roadway Surface N6,0,OUTER,0,213,687.0620,679.7353
Roadway Surface N6,0,OUTER,0,214,683.8170,678.2541
Roadway Surface N6,0,OUTER,0,215,672.5345,674.0303
Roadway Surface N6,0,OUTER,0,216,670.7673,673.4444
Roadway Surface N6,0,OUTER,0,217,665.8576,672.0884
Roadway Surface N6,0,OUTER,0,218,659.5558,670.7157
Roadway Surface N6,0,OUTER,0,219,657.8115,670.3983
Roadway Surface N6,0,OUTER,0,220,651.8871,669.5391
Roadway Surface N6,0,OUTER,0,221,651.0940,669.4332
Roadway Surface N6,0,OUTER,0,222,645.3599,668.9794
Roadway Surface N6,0,OUTER,0,223,643.2406,668.8852
Roadway Surface N6,0,OUTER,0,224,641.9058,668.8953
Roadway Surface N6,0,OUTER,0,225,630.9639,669.1808
Roadway Surface N6,0,OUTER,0,226,620.7205,670.6300
Roadway Surface N6,0,OUTER,0,227,613.4048,671.8323
Roadway Surface N6,0,OUTER,0,228,602.4051,675.2908
Roadway Surface N6,0,OUTER,0,229,594.7601,678.3932
Roadway Surface N6,0,OUTER,0,230,581.3521,685.7755
Roadway Surface N6,0,OUTER,0,231,580.2308,686.4967
Roadway Surface N6,0,OUTER,0,232,577.1700,688.5807
Roadway Surface N6,0,OUTER,0,233,575.5673,689.7111
Roadway Surface N6,0,OUTER,0,234,572.9226,691.7250
Roadway Surface N6,0,OUTER,0,235,570.4463,693.7313
Roadway Surface N6,0,OUTER,0,236,568.9029,695.0693
Roadway Surface N6,0,OUTER,0,237,564.0220,699.7832
Roadway Surface N6,0,OUTER,0,238,558.9758,705.2802
Roadway Surface N6,0,OUTER,0,239,558.6850,705.5968
Roadway Surface N6,0,OUTER,0,240,553.7824,711.9057
Roadway Surface N6,0,OUTER,0,241,551.8561,714.6369
Roadway Surface N6,0,OUTER,0,242,549.7057,718.0693
Roadway Surface N6,0,OUTER,0,243,545.7905,725.1579
Roadway Surface N6,0,OUTER,0,244,544.6708,727.4199
Roadway Surface N6,0,OUTER,0,245,544.3076,728.0736
Roadway Surface N6,0,OUTER,0,246,544.0425,728.5028
Roadway Surface N6,0,OUTER,0,247,407.1224,957.1706
Roadway Surface N6,0,OUTER,0,248,400.1876,968.8182
Roadway Surface N6,0,OUTER,0,249,395.0700,977.4789
Roadway Surface N6,0,OUTER,0,250,391.1052,984.2499
Roadway Surface N6,0,OUTER,0,251,390.4951,985.2977
Roadway Surface N6,0,OUTER,0,252,390.4920,985.2959
Roadway Surface N6,0,OUTER,0,253,390.4473,985.3747
Roadway Surface N6,0,OUTER,0,254,388.0838,989.4188
Roadway Surface N6,0,OUTER,0,255,383.0323,998.1421
Roadway Surface N6,0,OUTER,0,256,382.4632,999.1309
Roadway Surface N6,0,OUTER,0,257,382.4602,999.1292
Roadway Surface N6,0,OUTER,0,258,382.4133,999.2125
Roadway Surface N6,0,OUTER,0,259,378.0037,1006.8783
Roadway Surface N6,0,OUTER,0,260,374.9004,1012.2988
Roadway Surface N6,0,OUTER,0,261,367.7690,1024.8714
Roadway Surface N6,0,OUTER,0,262,361.2611,1036.4687
Roadway Surface N6,0,OUTER,0,263,354.7529,1048.1878
Roadway Surface N6,0,OUTER,0,264,347.9288,1060.6089
Roadway Surface N6,0,OUTER,0,265,340.7270,1073.8695
Roadway Surface N6,0,OUTER,0,266,333.6518,1087.0595
Roadway Surface N6,0,OUTER,0,267,333.5957,1087.1680
Roadway Surface N6,0,OUTER,0,268,328.8717,1096.0500
Roadway Surface N6,0,OUTER,0,269,321.8474,1109.4054
Roadway Surface N6,0,OUTER,0,270,315.4058,1121.7974
Roadway Surface N6,0,OUTER,0,271,310.1474,1132.0181
Roadway Surface N6,0,OUTER,0,272,303.4432,1145.1899
Roadway Surface N6,0,OUTER,0,273,297.0554,1157.8906
Roadway Surface N6,0,OUTER,0,274,291.3803,1169.3010
Roadway Surface N6,0,OUTER,0,275,284.8836,1182.5135
Roadway Surface N6,0,OUTER,0,276,283.3142,1185.7382
Roadway Surface N6,0,OUTER,0,277,283.2041,1185.9689
Roadway Surface N6,0,OUTER,0,278,283.2016,1185.9677
Roadway Surface N6,0,OUTER,0,279,283.1740,1186.0266
Roadway Surface N6,0,OUTER,0,280,279.2650,1194.0734
Roadway Surface N6,0,OUTER,0,281,274.5625,1203.8550
Roadway Surface N6,0,OUTER,0,282,274.4145,1204.1676
Roadway Surface N6,0,OUTER,0,283,274.4120,1204.1664
Roadway Surface N6,0,OUTER,0,284,274.3132,1204.3744
Roadway Surface N6,0,OUTER,0,285,266.6076,1220.5854
Roadway Surface N6,0,OUTER,0,286,263.4429,1227.3196
Roadway Surface N6,0,OUTER,0,287,259.7973,1235.1309
Roadway Surface N6,0,OUTER,0,288,253.4892,1248.7864
Roadway Surface N6,0,OUTER,0,289,247.1159,1262.7676
Roadway Surface N6,0,OUTER,0,290,241.0138,1276.3336
Roadway Surface N6,0,OUTER,0,291,235.4588,1288.8450
Roadway Surface N6,0,OUTER,0,292,228.5955,1304.5096
Roadway Surface N6,0,OUTER,0,293,225.6906,1311.2328
Roadway Surface N6,0,OUTER,0,294,225.4058,1311.8985
Roadway Surface N6,0,OUTER,0,295,225.4015,1311.8967
Roadway Surface N6,0,OUTER,0,296,225.3246,1312.0806
Roadway Surface N6,0,OUTER,0,297,222.6147,1318.3638
Roadway Surface N6,0,OUTER,0,298,216.7033,1332.2477
Roadway Surface N6,0,OUTER,0,299,210.8614,1346.1610
Roadway Surface N6,0,OUTER,0,300,204.4445,1361.6810
Roadway Surface N6,0,OUTER,0,301,199.3866,1374.0744
Roadway Surface N6,0,OUTER,0,302,193.9933,1387.4756
Roadway Surface N6,0,OUTER,0,303,191.8973,1392.7494
Roadway Surface N6,0,OUTER,0,304,190.1747,1397.1009
Roadway Surface N6,0,OUTER,0,305,190.1705,1397.0993
Roadway Surface N6,0,OUTER,0,306,190.1472,1397.1620
Roadway Surface N6,0,OUTER,0,307,186.4774,1406.4785
Roadway Surface N6,0,OUTER,0,308,186.3599,1406.7858
Roadway Surface N6,0,OUTER,0,309,183.1095,1415.0989
Roadway Surface N6,0,OUTER,0,310,178.5246,1426.9843
Roadway Surface N6,0,OUTER,0,311,173.7017,1439.6416
Roadway Surface N6,0,OUTER,0,312,168.4768,1453.5551
Roadway Surface N6,0,OUTER,0,313,164.1278,1465.2977
Roadway Surface N6,0,OUTER,0,314,159.7137,1477.3720
Roadway Surface N6,0,OUTER,0,315,154.6001,1491.5691
Roadway Surface N6,0,OUTER,0,316,150.7345,1502.4405
Roadway Surface N6,0,OUTER,0,317,146.2300,1515.2854
Roadway Surface N6,0,OUTER,0,318,143.1579,1524.1718
Roadway Surface N6,0,OUTER,0,319,143.1430,1524.2237
Roadway Surface N6,0,OUTER,0,320,143.1389,1524.2223
Roadway Surface N6,0,OUTER,0,321,143.0890,1524.3713
Roadway Surface N6,0,OUTER,0,322,141.3042,1529.5488
Roadway Surface N6,0,OUTER,0,323,136.4496,1543.8367
Roadway Surface N6,0,OUTER,0,324,131.6657,1558.1517
Roadway Surface N7,0,OUTER,0,0,732.6396,954.9826
Roadway Surface N7,0,OUTER,0,1,742.4668,961.8694
Roadway Surface N7,0,OUTER,0,2,752.2939,968.7560
Roadway Surface N7,0,OUTER,0,3,812.5531,882.7694
Roadway Surface N7,0,OUTER,0,4,812.5531,882.7693
Roadway Surface N7,0,OUTER,0,5,812.9248,881.9972
Roadway Surface N7,0,OUTER,0,6,812.4686,881.5180
Roadway Surface N7,0,OUTER,0,7,793.6271,867.9566
Roadway Surface N8,0,OUTER,0,0,961.1471,1010.8802
Roadway Surface N8,0,OUTER,0,1,954.3439,1019.6900
Roadway Surface N8,0,OUTER,0,2,951.9957,1022.7656
Roadway Surface N8,0,OUTER,0,3,948.7242,1027.1122
Roadway Surface N8,0,OUTER,0,4,946.6208,1029.9766
Roadway Surface N8,0,OUTER,0,5,945.9893,1030.7601
Roadway Surface N8,0,OUTER,0,6,944.9263,1032.2482
Roadway Surface N8,0,OUTER,0,7,942.0835,1036.0587
Roadway Surface N8,0,OUTER,0,8,940.0662,1038.8171
Roadway Surface N8,0,OUTER,0,9,937.0913,1042.9291
Roadway Surface N8,0,OUTER,0,10,933.6202,1047.7818
Roadway Surface N8,0,OUTER,0,11,948.7115,1057.5930
Roadway Surface N8,0,OUTER,0,12,948.8777,1057.3707
Roadway Surface N8,0,OUTER,0,13,955.6299,1048.0246
Roadway Surface N8,0,OUTER,0,14,960.4385,1041.4942
Roadway Surface N8,0,OUTER,0,15,962.8603,1038.2482
Roadway Surface N8,0,OUTER,0,16,966.3339,1033.6407
Roadway Surface N8,0,OUTER,0,17,969.3109,1029.7362
Roadway Surface N8,0,OUTER,0,18,972.3075,1025.8467
Roadway Surface N8,0,OUTER,0,19,975.3234,1021.9721
Roadway Surface N8,0,OUTER,0,20,1169.2387,775.5627
Roadway Surface N8,0,OUTER,0,21,1169.2407,775.5601
Roadway Surface N8,0,OUTER,0,22,1271.0554,646.1866
Roadway Surface N8,0,OUTER,0,23,1256.9116,635.0534
Roadway Surface N8,0,OUTER,0,24,1151.1743,769.4110
Roadway Surface N8,0,OUTER,0,25,1124.3075,803.5498
Roadway Surface N8,0,OUTER,0,26,1123.9635,803.9869
Roadway Surface N8,0,OUTER,0,27,967.2184,1003.1591
Roadway Surface N9,0,OUTER,0,0,651.6352,875.7343
Roadway Surface N9,0,OUTER,0,1,638.7733,898.0140
Roadway Surface N9,0,OUTER,0,2,632.0628,908.7566
Roadway Surface N9,0,OUTER,0,3,525.5330,1057.6976
Roadway Surface N9,0,OUTER,0,4,525.3869,1057.9020
Roadway Surface N9,0,OUTER,0,5,545.4099,1071.1502
Roadway Surface N9,0,OUTER,0,6,908.8376,563.0363
Roadway Surface N9,0,OUTER,0,7,980.2176,463.2388
Roadway Surface N9,0,OUTER,0,8,982.8526,459.3943
Roadway Surface N9,0,OUTER,0,9,1001.5243,433.2891
Roadway Surface N9,0,OUTER,0,10,982.0867,419.3826
Roadway Surface N9,0,OUTER,0,11,794.9362,681.0399
Roadway Surface N9,0,OUTER,0,12,792.5656,684.1388
Roadway Surface N9,0,OUTER,0,13,790.3876,686.6525
Roadway Surface N9,0,OUTER,0,14,788.0695,689.0472
Roadway Surface N9,0,OUTER,0,15,785.6220,691.3095
Roadway Surface N9,0,OUTER,0,16,783.0527,693.4324
Roadway Surface N9,0,OUTER,0,17,780.9765,694.9820
Roadway Surface N9,0,OUTER,0,18,780.3694,695.4094
Roadway Surface N9,0,OUTER,0,19,777.5805,697.2343
Roadway Surface N9,0,OUTER,0,20,774.6946,698.9016
Roadway Surface N9,0,OUTER,0,21,771.7206,700.4060
Roadway Surface N9,0,OUTER,0,22,768.6676,701.7430
Roadway Surface N9,0,OUTER,0,23,767.3649,702.2532
Roadway Surface N9,0,OUTER,0,24,765.5451,702.9084
Roadway Surface N9,0,OUTER,0,25,762.3626,703.8986
Roadway Surface N9,0,OUTER,0,26,759.1302,704.7105
Roadway Surface N9,0,OUTER,0,27,758.2323,704.9025
Roadway Surface N9,0,OUTER,0,28,755.8576,705.3417
Roadway Surface N9,0,OUTER,0,29,752.5550,705.7903
Roadway Surface N9,0,OUTER,0,30,749.2326,706.0547
Roadway Surface N9,0,OUTER,0,31,745.9006,706.1343
Roadway Surface N9,0,OUTER,0,32,742.5694,706.0287
Roadway Surface N9,0,OUTER,0,33,739.2492,705.7383
Roadway Surface N9,0,OUTER,0,34,735.9502,705.2640
Roadway Surface N9,0,OUTER,0,35,732.6826,704.6073
Roadway Surface N9,0,OUTER,0,36,729.4566,703.7701
Roadway Surface N9,0,OUTER,0,37,726.2820,702.7551
Roadway Surface N9,0,OUTER,0,38,723.1687,701.5654
Roadway Surface N9,0,OUTER,0,39,720.1262,700.2046
Roadway Surface N9,0,OUTER,0,40,717.1640,698.6770
Roadway Surface N9,0,OUTER,0,41,714.2912,696.9873
Roadway Surface N9,0,OUTER,0,42,711.9845,695.4845
Roadway Surface N9,0,OUTER,0,43,711.4052,695.1071
Roadway Surface N9,0,OUTER,0,44,710.2821,694.3143
Roadway Surface N9,0,OUTER,0,45,711.3597,695.3512
Roadway Surface N9,0,OUTER,0,46,691.2999,723.7288
Roadway Surface N9,0,OUTER,0,47,690.7380,724.5662
Roadway Surface N9,0,OUTER,0,48,690.7388,724.5671
Roadway Surface N9,0,OUTER,0,49,690.5938,724.7884
Roadway Surface N9,0,OUTER,0,50,692.1803,726.0047
Roadway Surface N9,0,OUTER,0,51,693.5218,727.0902
Roadway Surface N9,0,OUTER,0,52,694.7823,728.1467
Roadway Surface N9,0,OUTER,0,53,695.7840,729.0669
Roadway Surface N9,0,OUTER,0,54,697.5142,730.7192
Roadway Surface N9,0,OUTER,0,55,699.1499,732.4044
Roadway Surface N9,0,OUTER,0,56,700.4468,733.8405
Roadway Surface N9,0,OUTER,0,57,702.5393,736.3697
Roadway Surface N9,0,OUTER,0,58,703.7316,737.9754
Roadway Surface N9,0,OUTER,0,59,705.0341,739.8463
Roadway Surface N9,0,OUTER,0,60,706.2653,741.7526
Roadway Surface N9,0,OUTER,0,61,707.2949,743.4675
Roadway Surface N9,0,OUTER,0,62,708.8231,746.3036
Roadway Surface N9,0,OUTER,0,63,709.9072,748.6030
Roadway Surface N9,0,OUTER,0,64,710.9298,751.0265
Roadway Surface N9,0,OUTER,0,65,711.3355,752.0398
Roadway Surface N9,0,OUTER,0,66,711.9727,753.8459
Roadway Surface N9,0,OUTER,0,67,712.8563,756.6581
Roadway Surface N9,0,OUTER,0,68,713.3954,758.6581
Roadway Surface N9,0,OUTER,0,69,713.6300,759.6302
Roadway Surface N9,0,OUTER,0,70,714.0677,761.6633
Roadway Surface N9,0,OUTER,0,71,714.4749,763.8827
Roadway Surface N9,0,OUTER,0,72,714.7806,766.1512
Roadway Surface N9,0,OUTER,0,73,714.9794,768.1644
Roadway Surface N9,0,OUTER,0,74,715.1179,769.8383
Roadway Surface N9,0,OUTER,0,75,715.1689,771.4681
Roadway Surface N9,0,OUTER,0,76,715.2021,773.5142
Roadway Surface N9,0,OUTER,0,77,715.1771,774.7750
Roadway Surface N9,0,OUTER,0,78,715.0750,777.0778
Roadway Surface N9,0,OUTER,0,79,714.9386,779.0049
Roadway Surface N9,0,OUTER,0,80,714.7725,780.3675
Roadway Surface N9,0,OUTER,0,81,714.4021,782.9924
Roadway Surface N9,0,OUTER,0,82,714.1203,784.6199
Roadway Surface N9,0,OUTER,0,83,713.6319,786.8704
Roadway Surface N9,0,OUTER,0,84,713.1407,788.8295
Roadway Surface N9,0,OUTER,0,85,712.6209,790.7031
Roadway Surface N9,0,OUTER,0,86,711.7795,793.2463
Roadway Surface N9,0,OUTER,0,87,710.9881,795.3335
Roadway Surface N9,0,OUTER,0,88,710.1859,797.2563
Roadway Surface N9,0,OUTER,0,89,709.5291,798.7462
Roadway Surface N9,0,OUTER,0,90,707.9049,802.0054
Roadway Surface N9,0,OUTER,0,91,706.7070,804.0149
Roadway Surface N9,0,OUTER,0,92,706.0300,805.1531
Roadway Surface N9,0,OUTER,0,93,707.6328,803.0895
Roadway Surface N9,0,OUTER,0,94,704.5807,807.3341
Roadway Surface N9,0,OUTER,0,95,704.1740,807.9323
Roadway Surface N9,0,OUTER,0,96,688.1192,825.3826
Roadway Surface N9,0,OUTER,0,97,688.0753,825.4303
Roadway Surface N9,0,OUTER,0,98,687.8361,825.3417
Roadway Surface N9,0,OUTER,0,99,687.6219,825.3107
Roadway Surface N9,0,OUTER,0,100,687.2092,825.1251
Roadway Surface N9,0,OUTER,0,101,686.0742,824.6211
Roadway Surface N9,0,OUTER,0,102,662.9020,811.2766
Roadway Surface N9,0,OUTER,0,103,632.4901,864.1547
Roadway Surface N9,0,OUTER,0,104,646.7544,872.3588
Roadway Surface N9,0,OUTER,0,105,650.4162,874.5134
