  0
SECTION
  2
HEADER
  9
$ACADVER
  1
AC1024
  9
$ACADMAINTVER
 70
6
  9
$DWGCODEPAGE
  3
ANSI_1252
  9
$LASTSAVEDBY
  1
ezdxf
  9
$INSBASE
 10
0.0
 20
0.0
 30
0.0
  9
$EXTMIN
 10
1e+20
 20
1e+20
 30
1e+20
  9
$EXTMAX
 10
-1e+20
 20
-1e+20
 30
-1e+20
  9
$LIMMIN
 10
0.0
 20
0.0
  9
$LIMMAX
 10
420.0
 20
297.0
  9
$ORTHOMODE
 70
0
  9
$REGENMODE
 70
1
  9
$FILLMODE
 70
1
  9
$QTEXTMODE
 70
0
  9
$MIRRTEXT
 70
1
  9
$LTSCALE
 40
1.0
  9
$ATTMODE
 70
1
  9
$TEXTSIZE
 40
2.5
  9
$TRACEWID
 40
1.0
  9
$TEXTSTYLE
  7
OpenSans
  9
$CLAYER
  8
0
  9
$CELTYPE
  6
ByLayer
  9
$CECOLOR
 62
256
  9
$CELTSCALE
 40
1.0
  9
$DISPSILH
 70
0
  9
$DIMSCALE
 40
1.0
  9
$DIMASZ
 40
0.175
  9
$DIMEXO
 40
0.125
  9
$DIMDLI
 40
3.75
  9
$DIMRND
 40
0.0
  9
$DIMDLE
 40
0.0
  9
$DIMEXE
 40
0.375
  9
$DIMTP
 40
0.0
  9
$DIMTM
 40
0.0
  9
$DIMTXT
 40
0.25
  9
$DIMCEN
 40
2.5
  9
$DIMTSZ
 40
0.0
  9
$DIMTOL
 70
0
  9
$DIMLIM
 70
0
  9
$DIMTIH
 70
0
  9
$DIMTOH
 70
0
  9
$DIMSE1
 70
0
  9
$DIMSE2
 70
0
  9
$DIMTAD
 70
1
  9
$DIMZIN
 70
12
  9
$DIMBLK
  1
ARCHTICK
  9
$DIMASO
 70
1
  9
$DIMSHO
 70
1
  9
$DIMPOST
  1

  9
$DIMAPOST
  1

  9
$DIMALT
 70
0
  9
$DIMALTD
 70
3
  9
$DIMALTF
 40
0.03937007874
  9
$DIMLFAC
 40
100.0
  9
$DIMTOFL
 70
1
  9
$DIMTVP
 40
0.0
  9
$DIMTIX
 70
0
  9
$DIMSOXD
 70
0
  9
$DIMSAH
 70
0
  9
$DIMBLK1
  1

  9
$DIMBLK2
  1

  9
$DIMSTYLE
  2
EZDXF
  9
$DIMCLRD
 70
0
  9
$DIMCLRE
 70
0
  9
$DIMCLRT
 70
0
  9
$DIMTFAC
 40
0.5
  9
$DIMGAP
 40
0.1
  9
$DIMJUST
 70
0
  9
$DIMSD1
 70
0
  9
$DIMSD2
 70
0
  9
$DIMTOLJ
 70
0
  9
$DIMTZIN
 70
8
  9
$DIMALTZ
 70
0
  9
$DIMALTTZ
 70
0
  9
$DIMUPT
 70
1
  9
$DIMDEC
 70
2
  9
$DIMTDEC
 70
2
  9
$DIMALTU
 70
2
  9
$DIMALTTD
 70
3
  9
$DIMTXSTY
  7
OpenSansCondensed-Light
  9
$DIMAUNIT
 70
0
  9
$DIMADEC
 70
2
  9
$DIMALTRND
 40
0.0
  9
$DIMAZIN
 70
3
  9
$DIMDSEP
 70
46
  9
$DIMATFIT
 70
3
  9
$DIMFRAC
 70
0
  9
$DIMLDRBLK
  1

  9
$DIMLUNIT
 70
2
  9
$DIMLWD
 70
-2
  9
$DIMLWE
 70
-2
  9
$DIMTMOVE
 70
2
  9
$DIMFXL
 40
1.0
  9
$DIMFXLON
 70
0
  9
$DIMJOGANG
 40
0.785398163397
  9
$DIMTFILL
 70
0
  9
$DIMTFILLCLR
 70
0
  9
$DIMARCSYM
 70
0
  9
$DIMLTYPE
  6

  9
$DIMLTEX1
  6

  9
$DIMLTEX2
  6

  9
$DIMTXTDIRECTION
 70
0
  9
$LUNITS
 70
2
  9
$LUPREC
 70
4
  9
$SKETCHINC
 40
1.0
  9
$FILLETRAD
 40
10.0
  9
$AUNITS
 70
0
  9
$AUPREC
 70
2
  9
$MENU
  1
.
  9
$ELEVATION
 40
0.0
  9
$PELEVATION
 40
0.0
  9
$THICKNESS
 40
0.0
  9
$LIMCHECK
 70
0
  9
$CHAMFERA
 40
0.0
  9
$CHAMFERB
 40
0.0
  9
$CHAMFERC
 40
0.0
  9
$CHAMFERD
 40
0.0
  9
$SKPOLY
 70
0
  9
$TDCREATE
 40
2461253.7285532407
  9
$TDUCREATE
 40
2458532.153996898
  9
$TDUPDATE
 40
2461253.7285532407
  9
$TDUUPDATE
 40
2458532.1544311
  9
$TDINDWG
 40
0.0
  9
$TDUSRTIMER
 40
0.0
  9
$USRTIMER
 70
1
  9
$ANGBASE
 50
0.0
  9
$ANGDIR
 70
0
  9
$PDMODE
 70
0
  9
$PDSIZE
 40
0.0
  9
$PLINEWID
 40
0.0
  9
$SPLFRAME
 70
0
  9
$SPLINETYPE
 70
6
  9
$SPLINESEGS
 70
8
  9
$HANDSEED
  5
F1
  9
$SURFTAB1
 70
6
  9
$SURFTAB2
 70
6
  9
$SURFTYPE
 70
6
  9
$SURFU
 70
6
  9
$SURFV
 70
6
  9
$UCSBASE
  2

  9
$UCSNAME
  2

  9
$UCSORG
 10
0.0
 20
0.0
 30
0.0
  9
$UCSXDIR
 10
1.0
 20
0.0
 30
0.0
  9
$UCSYDIR
 10
0.0
 20
1.0
 30
0.0
  9
$UCSORTHOREF
  2

  9
$UCSORTHOVIEW
 70
0
  9
$UCSORGTOP
 10
0.0
 20
0.0
 30
0.0
  9
$UCSORGBOTTOM
 10
0.0
 20
0.0
 30
0.0
  9
$UCSORGLEFT
 10
0.0
 20
0.0
 30
0.0
  9
$UCSORGRIGHT
 10
0.0
 20
0.0
 30
0.0
  9
$UCSORGFRONT
 10
0.0
 20
0.0
 30
0.0
  9
$UCSORGBACK
 10
0.0
 20
0.0
 30
0.0
  9
$PUCSBASE
  2

  9
$PUCSNAME
  2

  9
$PUCSORG
 10
0.0
 20
0.0
 30
0.0
  9
$PUCSXDIR
 10
1.0
 20
0.0
 30
0.0
  9
$PUCSYDIR
 10
0.0
 20
1.0
 30
0.0
  9
$PUCSORTHOREF
  2

  9
$PUCSORTHOVIEW
 70
0
  9
$PUCSORGTOP
 10
0.0
 20
0.0
 30
0.0
  9
$PUCSORGBOTTOM
 10
0.0
 20
0.0
 30
0.0
  9
$PUCSORGLEFT
 10
0.0
 20
0.0
 30
0.0
  9
$PUCSORGRIGHT
 10
0.0
 20
0.0
 30
0.0
  9
$PUCSORGFRONT
 10
0.0
 20
0.0
 30
0.0
  9
$PUCSORGBACK
 10
0.0
 20
0.0
 30
0.0
  9
$USERI1
 70
0
  9
$USERI2
 70
0
  9
$USERI3
 70
0
  9
$USERI4
 70
0
  9
$USERI5
 70
0
  9
$USERR1
 40
0.0
  9
$USERR2
 40
0.0
  9
$USERR3
 40
0.0
  9
$USERR4
 40
0.0
  9
$USERR5
 40
0.0
  9
$WORLDVIEW
 70
1
  9
$SHADEDGE
 70
3
  9
$SHADEDIF
 70
70
  9
$TILEMODE
 70
1
  9
$MAXACTVP
 70
64
  9
$PINSBASE
 10
0.0
 20
0.0
 30
0.0
  9
$PLIMCHECK
 70
0
  9
$PEXTMIN
 10
1e+20
 20
1e+20
 30
1e+20
  9
$PEXTMAX
 10
-1e+20
 20
-1e+20
 30
-1e+20
  9
$PLIMMIN
 10
0.0
 20
0.0
  9
$PLIMMAX
 10
420.0
 20
297.0
  9
$UNITMODE
 70
0
  9
$VISRETAIN
 70
1
  9
$PLINEGEN
 70
0
  9
$PSLTSCALE
 70
1
  9
$TREEDEPTH
 70
3020
  9
$CMLSTYLE
  2
Standard
  9
$CMLJUST
 70
0
  9
$CMLSCALE
 40
20.0
  9
$PROXYGRAPHICS
 70
1
  9
$MEASUREMENT
 70
1
  9
$CELWEIGHT
370
-1
  9
$ENDCAPS
280
0
  9
$JOINSTYLE
280
0
  9
$LWDISPLAY
290
0
  9
$INSUNITS
 70
6
  9
$HYPERLINKBASE
  1

  9
$STYLESHEET
  1

  9
$XEDIT
290
1
  9
$CEPSNTYPE
380
0
  9
$PSTYLEMODE
290
1
  9
$FINGERPRINTGUID
  2
{A2766938-8C33-445A-B1C6-92A215C5D47E}
  9
$VERSIONGUID
  2
{446F1097-36F7-48E1-8717-816CE843318E}
  9
$EXTNAMES
290
1
  9
$PSVPSCALE
 40
0.0
  9
$OLESTARTUP
290
0
  9
$SORTENTS
280
127
  9
$INDEXCTL
280
0
  9
$HIDETEXT
280
1
  9
$XCLIPFRAME
280
1
  9
$HALOGAP
280
0
  9
$OBSCOLOR
 70
257
  9
$OBSLTYPE
280
0
  9
$INTERSECTIONDISPLAY
280
0
  9
$INTERSECTIONCOLOR
 70
257
  9
$DIMASSOC
280
2
  9
$PROJECTNAME
  1

  9
$CAMERADISPLAY
290
0
  9
$LENSLENGTH
 40
50.0
  9
$CAMERAHEIGHT
 40
0.0
  9
$STEPSPERSEC
 40
24.0
  9
$STEPSIZE
 40
100.0
  9
$3DDWFPREC
 40
2.0
  9
$PSOLWIDTH
 40
0.005
  9
$PSOLHEIGHT
 40
0.08
  9
$LOFTANG1
 40
1.570796326795
  9
$LOFTANG2
 40
1.570796326795
  9
$LOFTMAG1
 40
0.0
  9
$LOFTMAG2
 40
0.0
  9
$LOFTPARAM
 70
7
  9
$LOFTNORMALS
280
1
  9
$LATITUDE
 40
37.795
  9
$LONGITUDE
 40
-122.394
  9
$NORTHDIRECTION
 40
0.0
  9
$TIMEZONE
 70
-8000
  9
$LIGHTGLYPHDISPLAY
280
1
  9
$TILEMODELIGHTSYNCH
280
1
  9
$CMATERIAL
347
20
  9
$SOLIDHIST
280
0
  9
$SHOWHIST
280
1
  9
$DWFFRAME
280
2
  9
$DGNFRAME
280
2
  9
$REALWORLDSCALE
290
1
  9
$INTERFERECOLOR
 62
256
  9
$CSHADOW
280
0
  9
$SHADOWPLANELOCATION
 40
0.0
  0
ENDSEC
  0
SECTION
  2
CLASSES
  0
CLASS
  1
ACDBDICTIONARYWDFLT
  2
AcDbDictionaryWithDefault
  3
ObjectDBX Classes
 90
0
 91
0
280
0
281
0
  0
CLASS
  1
SUN
  2
AcDbSun
  3
SCENEOE
 90
1153
 91
0
280
0
281
0
  0
CLASS
  1
VISUALSTYLE
  2
AcDbVisualStyle
  3
ObjectDBX Classes
 90
4095
 91
0
280
0
281
0
  0
CLASS
  1
MATERIAL
  2
AcDbMaterial
  3
ObjectDBX Classes
 90
1153
 91
0
280
0
281
0
  0
CLASS
  1
SCALE
  2
AcDbScale
  3
ObjectDBX Classes
 90
1153
 91
0
280
0
281
0
  0
CLASS
  1
TABLESTYLE
  2
AcDbTableStyle
  3
ObjectDBX Classes
 90
4095
 91
0
280
0
281
0
  0
CLASS
  1
MLEADERSTYLE
  2
AcDbMLeaderStyle
  3
ACDB_MLEADERSTYLE_CLASS
 90
4095
 91
0
280
0
281
0
  0
CLASS
  1
DICTIONARYVAR
  2
AcDbDictionaryVar
  3
ObjectDBX Classes
 90
0
 91
0
280
0
281
0
  0
CLASS
  1
CELLSTYLEMAP
  2
AcDbCellStyleMap
  3
ObjectDBX Classes
 90
1152
 91
0
280
0
281
0
  0
CLASS
  1
MENTALRAYRENDERSETTINGS
  2
AcDbMentalRayRenderSettings
  3
SCENEOE
 90
1024
 91
0
280
0
281
0
  0
CLASS
  1
ACDBDETAILVIEWSTYLE
  2
AcDbDetailViewStyle
  3
ObjectDBX Classes
 90
1025
 91
0
280
0
281
0
  0
CLASS
  1
ACDBSECTIONVIEWSTYLE
  2
AcDbSectionViewStyle
  3
ObjectDBX Classes
 90
1025
 91
0
280
0
281
0
  0
CLASS
  1
RASTERVARIABLES
  2
AcDbRasterVariables
  3
ISM
 90
0
 91
0
280
0
281
0
  0
CLASS
  1
LAYOUT
  2
AcDbLayout
  3
ObjectDBX Classes
 90
0
 91
0
280
0
281
0
  0
CLASS
  1
ACDBPLACEHOLDER
  2
AcDbPlaceHolder
  3
ObjectDBX Classes
 90
0
 91
0
280
0
281
0
  0
ENDSEC
  0
SECTION
  2
TABLES
  0
TABLE
  2
VPORT
  5
8
330
0
100
AcDbSymbolTable
 70
1
  0
VPORT
  5
23
330
8
100
AcDbSymbolTableRecord
100
AcDbViewportTableRecord
  2
*Active
 70
0
 10
0.0
 20
0.0
 11
1.0
 21
1.0
 12
0.0
 22
0.0
 13
0.0
 23
0.0
 14
0.5
 24
0.5
 15
0.5
 25
0.5
 16
0.0
 26
0.0
 36
1.0
 17
0.0
 27
0.0
 37
0.0
 40
1000.0
 41
1.34
 42
50.0
 43
0.0
 44
0.0
 50
0.0
 51
0.0
 71
0
 72
1000
 73
1
 74
3
 75
0
 76
0
 77
0
 78
0
281
0
 65
0
146
0.0
  0
ENDTAB
  0
TABLE
  2
LTYPE
  5
2
330
0
100
AcDbSymbolTable
 70
21
  0
LTYPE
  5
24
330
2
100
AcDbSymbolTableRecord
100
AcDbLinetypeTableRecord
  2
ByBlock
 70
0
  3

 72
65
 73
0
 40
0.0
  0
LTYPE
  5
25
330
2
100
AcDbSymbolTableRecord
100
AcDbLinetypeTableRecord
  2
ByLayer
 70
0
  3

 72
65
 73
0
 40
0.0
  0
LTYPE
  5
26
330
2
100
AcDbSymbolTableRecord
100
AcDbLinetypeTableRecord
  2
Continuous
 70
0
  3

 72
65
 73
0
 40
0.0
  0
LTYPE
  5
2F
330
2
100
AcDbSymbolTableRecord
100
AcDbLinetypeTableRecord
  2
CENTER
 70
0
  3
Center ____ _ ____ _ ____ _ ____ _ ____ _ ____
 72
65
 73
4
 40
5.08
 49
3.175
 74
0
 49
-0.635
 74
0
 49
0.635
 74
0
 49
-0.635
 74
0
  0
LTYPE
  5
30
330
2
100
AcDbSymbolTableRecord
100
AcDbLinetypeTableRecord
  2
CENTERX2
 70
0
  3
Center (2x) ________  __  ________  __  ________
 72
65
 73
4
 40
8.89
 49
6.35
 74
0
 49
-0.635
 74
0
 49
1.27
 74
0
 49
-0.635
 74
0
  0
LTYPE
  5
31
330
2
100
AcDbSymbolTableRecord
100
AcDbLinetypeTableRecord
  2
CENTER2
 70
0
  3
Center (.5x) ____ _ ____ _ ____ _ ____ _ ____
 72
65
 73
4
 40
2.54
 49
1.587
 74
0
 49
-0.318
 74
0
 49
0.318
 74
0
 49
-0.318
 74
0
  0
LTYPE
  5
32
330
2
100
AcDbSymbolTableRecord
100
AcDbLinetypeTableRecord
  2
DASHED
 70
0
  3
Dashed __ __ __ __ __ __ __ __ __ __ __ __ __ _
 72
65
 73
2
 40
1.524
 49
1.27
 74
0
 49
-0.254
 74
0
  0
LTYPE
  5
33
330
2
100
AcDbSymbolTableRecord
100
AcDbLinetypeTableRecord
  2
DASHEDX2
 70
0
  3
Dashed (2x) ____  ____  ____  ____  ____  ____
 72
65
 73
2
 40
3.048
 49
2.54
 74
0
 49
-0.508
 74
0
  0
LTYPE
  5
34
330
2
100
AcDbSymbolTableRecord
100
AcDbLinetypeTableRecord
  2
DASHED2
 70
0
  3
Dashed (.5x) _ _ _ _ _ _ _ _ _ _ _ _ _ _
 72
65
 73
2
 40
0.762
 49
0.635
 74
0
 49
-0.127
 74
0
  0
LTYPE
  5
35
330
2
100
AcDbSymbolTableRecord
100
AcDbLinetypeTableRecord
  2
PHANTOM
 70
0
  3
Phantom ______  __  __  ______  __  __  ______
 72
65
 73
6
 40
6.35
 49
3.175
 74
0
 49
-0.635
 74
0
 49
0.635
 74
0
 49
-0.635
 74
0
 49
0.635
 74
0
 49
-0.635
 74
0
  0
LTYPE
  5
36
330
2
100
AcDbSymbolTableRecord
100
AcDbLinetypeTableRecord
  2
PHANTOMX2
 70
0
  3
Phantom (2x)____________    ____    ____    ____________
 72
65
 73
6
 40
10.795
 49
6.35
 74
0
 49
-0.635
 74
0
 49
1.27
 74
0
 49
-0.635
 74
0
 49
1.27
 74
0
 49
-0.635
 74
0
  0
LTYPE
  5
37
330
2
100
AcDbSymbolTableRecord
100
AcDbLinetypeTableRecord
  2
PHANTOM2
 70
0
  3
Phantom (.5x) ___ _ _ ___ _ _ ___ _ _ ___ _ _ ___
 72
65
 73
6
 40
3.175
 49
1.587
 74
0
 49
-0.318
 74
0
 49
0.318
 74
0
 49
-0.318
 74
0
 49
0.318
 74
0
 49
-0.318
 74
0
  0
LTYPE
  5
38
330
2
100
AcDbSymbolTableRecord
100
AcDbLinetypeTableRecord
  2
DASHDOT
 70
0
  3
Dash dot __ . __ . __ . __ . __ . __ . __ . __
 72
65
 73
4
 40
3.556
 49
2.54
 74
0
 49
-0.508
 74
0
 49
0.0
 74
0
 49
-0.508
 74
0
  0
LTYPE
  5
39
330
2
100
AcDbSymbolTableRecord
100
AcDbLinetypeTableRecord
  2
DASHDOTX2
 70
0
  3
Dash dot (2x) ____  .  ____  .  ____  .  ____
 72
65
 73
4
 40
6.096
 49
5.08
 74
0
 49
-0.508
 74
0
 49
0.0
 74
0
 49
-0.508
 74
0
  0
LTYPE
  5
3A
330
2
100
AcDbSymbolTableRecord
100
AcDbLinetypeTableRecord
  2
DASHDOT2
 70
0
  3
Dash dot (.5x) _ . _ . _ . _ . _ . _ . _ . _
 72
65
 73
4
 40
1.778
 49
1.27
 74
0
 49
-0.254
 74
0
 49
0.0
 74
0
 49
-0.254
 74
0
  0
LTYPE
  5
3B
330
2
100
AcDbSymbolTableRecord
100
AcDbLinetypeTableRecord
  2
DOT
 70
0
  3
Dot .  .  .  .  .  .  .  .  .  .  .  .  .  .  .  .
 72
65
 73
2
 40
0.508
 49
0.0
 74
0
 49
-0.508
 74
0
  0
LTYPE
  5
3C
330
2
100
AcDbSymbolTableRecord
100
AcDbLinetypeTableRecord
  2
DOTX2
 70
0
  3
Dot (2x) .    .    .    .    .    .    .    . 
 72
65
 73
2
 40
1.016
 49
0.0
 74
0
 49
-1.016
 74
0
  0
LTYPE
  5
3D
330
2
100
AcDbSymbolTableRecord
100
AcDbLinetypeTableRecord
  2
DOT2
 70
0
  3
Dot (.5) . . . . . . . . . . . . . . . . . . . 
 72
65
 73
2
 40
0.254
 49
0.0
 74
0
 49
-0.254
 74
0
  0
LTYPE
  5
3E
330
2
100
AcDbSymbolTableRecord
100
AcDbLinetypeTableRecord
  2
DIVIDE
 70
0
  3
Divide __ . . __ . . __ . . __ . . __ . . __
 72
65
 73
6
 40
4.064
 49
2.54
 74
0
 49
-0.508
 74
0
 49
0.0
 74
0
 49
-0.508
 74
0
 49
0.0
 74
0
 49
-0.508
 74
0
  0
LTYPE
  5
3F
330
2
100
AcDbSymbolTableRecord
100
AcDbLinetypeTableRecord
  2
DIVIDEX2
 70
0
  3
Divide (2x) ____  . .  ____  . .  ____  . .  ____
 72
65
 73
6
 40
6.604
 49
5.08
 74
0
 49
-0.508
 74
0
 49
0.0
 74
0
 49
-0.508
 74
0
 49
0.0
 74
0
 49
-0.508
 74
0
  0
LTYPE
  5
40
330
2
100
AcDbSymbolTableRecord
100
AcDbLinetypeTableRecord
  2
DIVIDE2
 70
0
  3
Divide(.5x) _ . _ . _ . _ . _ . _ . _ . _
 72
65
 73
6
 40
2.032
 49
1.27
 74
0
 49
-0.254
 74
0
 49
0.0
 74
0
 49
-0.254
 74
0
 49
0.0
 74
0
 49
-0.254
 74
0
  0
ENDTAB
  0
TABLE
  2
LAYER
  5
1
330
0
100
AcDbSymbolTable
 70
45
  0
LAYER
  5
27
330
1
100
AcDbSymbolTableRecord
100
AcDbLayerTableRecord
  2
0
 70
0
 62
7
  6
Continuous
370
-3
390
13
347
21
  0
LAYER
  5
28
330
1
100
AcDbSymbolTableRecord
100
AcDbLayerTableRecord
  2
Defpoints
 70
0
 62
7
  6
Continuous
290
0
370
-3
390
13
347
21
  0
LAYER
  5
8A
330
1
100
AcDbSymbolTableRecord
100
AcDbLayerTableRecord
  2
SURF_OUTER_Gravel Surface 1
 70
0
 62
3
  6
Continuous
370
-3
390
13
347
21
  0
LAYER
  5
8E
330
1
100
AcDbSymbolTableRecord
100
AcDbLayerTableRecord
  2
SURF_OUTER_Gravel Surface 2
 70
0
 62
3
  6
Continuous
370
-3
390
13
347
21
  0
LAYER
  5
90
330
1
100
AcDbSymbolTableRecord
100
AcDbLayerTableRecord
  2
SURF_HOLE_Gravel Surface 2
 70
0
 62
1
  6
Continuous
370
-3
390
13
347
21
  0
LAYER
  5
94
330
1
100
AcDbSymbolTableRecord
100
AcDbLayerTableRecord
  2
SURF_OUTER_Pavement Surface 1
 70
0
 62
3
  6
Continuous
370
-3
390
13
347
21
  0
LAYER
  5
96
330
1
100
AcDbSymbolTableRecord
100
AcDbLayerTableRecord
  2
SURF_HOLE_Pavement Surface 1
 70
0
 62
1
  6
Continuous
370
-3
390
13
347
21
  0
LAYER
  5
98
330
1
100
AcDbSymbolTableRecord
100
AcDbLayerTableRecord
  2
SURF_OUTER_Pavement Surface 10
 70
0
 62
3
  6
Continuous
370
-3
390
13
347
21
  0
LAYER
  5
9A
330
1
100
AcDbSymbolTableRecord
100
AcDbLayerTableRecord
  2
SURF_OUTER_Pavement Surface 11
 70
0
 62
3
  6
Continuous
370
-3
390
13
347
21
  0
LAYER
  5
9C
330
1
100
AcDbSymbolTableRecord
100
AcDbLayerTableRecord
  2
SURF_HOLE_Pavement Surface 11
 70
0
 62
1
  6
Continuous
370
-3
390
13
347
21
  0
LAYER
  5
9E
330
1
100
AcDbSymbolTableRecord
100
AcDbLayerTableRecord
  2
SURF_OUTER_Pavement Surface 12
 70
0
 62
3
  6
Continuous
370
-3
390
13
347
21
  0
LAYER
  5
A0
330
1
100
AcDbSymbolTableRecord
100
AcDbLayerTableRecord
  2
SURF_OUTER_Pavement Surface 13
 70
0
 62
3
  6
Continuous
370
-3
390
13
347
21
  0
LAYER
  5
A2
330
1
100
AcDbSymbolTableRecord
100
AcDbLayerTableRecord
  2
SURF_OUTER_Pavement Surface 14
 70
0
 62
3
  6
Continuous
370
-3
390
13
347
21
  0
LAYER
  5
A4
330
1
100
AcDbSymbolTableRecord
100
AcDbLayerTableRecord
  2
SURF_OUTER_Pavement Surface 15
 70
0
 62
3
  6
Continuous
370
-3
390
13
347
21
  0
LAYER
  5
A6
330
1
100
AcDbSymbolTableRecord
100
AcDbLayerTableRecord
  2
SURF_OUTER_Pavement Surface 16
 70
0
 62
3
  6
Continuous
370
-3
390
13
347
21
  0
LAYER
  5
A8
330
1
100
AcDbSymbolTableRecord
100
AcDbLayerTableRecord
  2
SURF_OUTER_Pavement Surface 17
 70
0
 62
3
  6
Continuous
370
-3
390
13
347
21
  0
LAYER
  5
AA
330
1
100
AcDbSymbolTableRecord
100
AcDbLayerTableRecord
  2
SURF_OUTER_Pavement Surface 18
 70
0
 62
3
  6
Continuous
370
-3
390
13
347
21
  0
LAYER
  5
AC
330
1
100
AcDbSymbolTableRecord
100
AcDbLayerTableRecord
  2
SURF_OUTER_Pavement Surface 19
 70
0
 62
3
  6
Continuous
370
-3
390
13
347
21
  0
LAYER
  5
AE
330
1
100
AcDbSymbolTableRecord
100
AcDbLayerTableRecord
  2
SURF_OUTER_Pavement Surface 2
 70
0
 62
3
  6
Continuous
370
-3
390
13
347
21
  0
LAYER
  5
B1
330
1
100
AcDbSymbolTableRecord
100
AcDbLayerTableRecord
  2
SURF_OUTER_Pavement Surface 20
 70
0
 62
3
  6
Continuous
370
-3
390
13
347
21
  0
LAYER
  5
B3
330
1
100
AcDbSymbolTableRecord
100
AcDbLayerTableRecord
  2
SURF_OUTER_Pavement Surface 21
 70
0
 62
3
  6
Continuous
370
-3
390
13
347
21
  0
LAYER
  5
B5
330
1
100
AcDbSymbolTableRecord
100
AcDbLayerTableRecord
  2
SURF_OUTER_Pavement Surface 3
 70
0
 62
3
  6
Continuous
370
-3
390
13
347
21
  0
LAYER
  5
B8
330
1
100
AcDbSymbolTableRecord
100
AcDbLayerTableRecord
  2
SURF_OUTER_Pavement Surface 4
 70
0
 62
3
  6
Continuous
370
-3
390
13
347
21
  0
LAYER
  5
BA
330
1
100
AcDbSymbolTableRecord
100
AcDbLayerTableRecord
  2
SURF_HOLE_Pavement Surface 4
 70
0
 62
1
  6
Continuous
370
-3
390
13
347
21
  0
LAYER
  5
BC
330
1
100
AcDbSymbolTableRecord
100
AcDbLayerTableRecord
  2
SURF_OUTER_Pavement Surface 5
 70
0
 62
3
  6
Continuous
370
-3
390
13
347
21
  0
LAYER
  5
BE
330
1
100
AcDbSymbolTableRecord
100
AcDbLayerTableRecord
  2
SURF_HOLE_Pavement Surface 5
 70
0
 62
1
  6
Continuous
370
-3
390
13
347
21
  0
LAYER
  5
C0
330
1
100
AcDbSymbolTableRecord
100
AcDbLayerTableRecord
  2
SURF_OUTER_Pavement Surface 6
 70
0
 62
3
  6
Continuous
370
-3
390
13
347
21
  0
LAYER
  5
C2
330
1
100
AcDbSymbolTableRecord
100
AcDbLayerTableRecord
  2
SURF_HOLE_Pavement Surface 6
 70
0
 62
1
  6
Continuous
370
-3
390
13
347
21
  0
LAYER
  5
C5
330
1
100
AcDbSymbolTableRecord
100
AcDbLayerTableRecord
  2
SURF_OUTER_Pavement Surface 7
 70
0
 62
3
  6
Continuous
370
-3
390
13
347
21
  0
LAYER
  5
C7
330
1
100
AcDbSymbolTableRecord
100
AcDbLayerTableRecord
  2
SURF_HOLE_Pavement Surface 7
 70
0
 62
1
  6
Continuous
370
-3
390
13
347
21
  0
LAYER
  5
D0
330
1
100
AcDbSymbolTableRecord
100
AcDbLayerTableRecord
  2
SURF_OUTER_Pavement Surface 8
 70
0
 62
3
  6
Continuous
370
-3
390
13
347
21
  0
LAYER
  5
D2
330
1
100
AcDbSymbolTableRecord
100
AcDbLayerTableRecord
  2
SURF_OUTER_Pavement Surface 9
 70
0
 62
3
  6
Continuous
370
-3
390
13
347
21
  0
LAYER
  5
D4
330
1
100
AcDbSymbolTableRecord
100
AcDbLayerTableRecord
  2
SURF_HOLE_Pavement Surface 9
 70
0
 62
1
  6
Continuous
370
-3
390
13
347
21
  0
LAYER
  5
D6
330
1
100
AcDbSymbolTableRecord
100
AcDbLayerTableRecord
  2
SURF_OUTER_Roadway Surface N1
 70
0
 62
3
  6
Continuous
370
-3
390
13
347
21
  0
LAYER
  5
D8
330
1
100
AcDbSymbolTableRecord
100
AcDbLayerTableRecord
  2
SURF_OUTER_Roadway Surface N10
 70
0
 62
3
  6
Continuous
370
-3
390
13
347
21
  0
LAYER
  5
DA
330
1
100
AcDbSymbolTableRecord
100
AcDbLayerTableRecord
  2
SURF_OUTER_Roadway Surface N11
 70
0
 62
3
  6
Continuous
370
-3
390
13
347
21
  0
LAYER
  5
DC
330
1
100
AcDbSymbolTableRecord
100
AcDbLayerTableRecord
  2
SURF_OUTER_Roadway Surface N12
 70
0
 62
3
  6
Continuous
370
-3
390
13
347
21
  0
LAYER
  5
DE
330
1
100
AcDbSymbolTableRecord
100
AcDbLayerTableRecord
  2
SURF_OUTER_Roadway Surface N2
 70
0
 62
3
  6
Continuous
370
-3
390
13
347
21
  0
LAYER
  5
E0
330
1
100
AcDbSymbolTableRecord
100
AcDbLayerTableRecord
  2
SURF_OUTER_Roadway Surface N3
 70
0
 62
3
  6
Continuous
370
-3
390
13
347
21
  0
LAYER
  5
E2
330
1
100
AcDbSymbolTableRecord
100
AcDbLayerTableRecord
  2
SURF_OUTER_Roadway Surface N4
 70
0
 62
3
  6
Continuous
370
-3
390
13
347
21
  0
LAYER
  5
E4
330
1
100
AcDbSymbolTableRecord
100
AcDbLayerTableRecord
  2
SURF_OUTER_Roadway Surface N5
 70
0
 62
3
  6
Continuous
370
-3
390
13
347
21
  0
LAYER
  5
E6
330
1
100
AcDbSymbolTableRecord
100
AcDbLayerTableRecord
  2
SURF_OUTER_Roadway Surface N6
 70
0
 62
3
  6
Continuous
370
-3
390
13
347
21
  0
LAYER
  5
E8
330
1
100
AcDbSymbolTableRecord
100
AcDbLayerTableRecord
  2
SURF_OUTER_Roadway Surface N7
 70
0
 62
3
  6
Continuous
370
-3
390
13
347
21
  0
LAYER
  5
EA
330
1
100
AcDbSymbolTableRecord
100
AcDbLayerTableRecord
  2
SURF_OUTER_Roadway Surface N8
 70
0
 62
3
  6
Continuous
370
-3
390
13
347
21
  0
LAYER
  5
EC
330
1
100
AcDbSymbolTableRecord
100
AcDbLayerTableRecord
  2
SURF_OUTER_Roadway Surface N9
 70
0
 62
3
  6
Continuous
370
-3
390
13
347
21
  0
ENDTAB
  0
TABLE
  2
STYLE
  5
5
330
0
100
AcDbSymbolTable
 70
26
  0
STYLE
  5
29
330
5
100
AcDbSymbolTableRecord
100
AcDbTextStyleTableRecord
  2
Standard
 70
0
 40
0.0
 41
1.0
 50
0.0
 71
0
 42
2.5
  3
txt
  4

  0
STYLE
  5
41
330
5
100
AcDbSymbolTableRecord
100
AcDbTextStyleTableRecord
  2
OpenSans-Light
 70
0
 40
0.0
 41
1.0
 50
0.0
 71
0
 42
2.5
  3
OpenSans-Light.ttf
  4

  0
STYLE
  5
42
330
5
100
AcDbSymbolTableRecord
100
AcDbTextStyleTableRecord
  2
OpenSans-Light-Italic
 70
0
 40
0.0
 41
1.0
 50
0.0
 71
0
 42
2.5
  3
OpenSans-LightItalic.ttf
  4

  0
STYLE
  5
43
330
5
100
AcDbSymbolTableRecord
100
AcDbTextStyleTableRecord
  2
OpenSans
 70
0
 40
0.0
 41
1.0
 50
0.0
 71
0
 42
2.5
  3
OpenSans-Regular.ttf
  4

  0
STYLE
  5
44
330
5
100
AcDbSymbolTableRecord
100
AcDbTextStyleTableRecord
  2
OpenSans-Italic
 70
0
 40
0.0
 41
1.0
 50
0.0
 71
0
 42
2.5
  3
OpenSans-Italic.ttf
  4

  0
STYLE
  5
45
330
5
100
AcDbSymbolTableRecord
100
AcDbTextStyleTableRecord
  2
OpenSans-SemiBold
 70
0
 40
0.0
 41
1.0
 50
0.0
 71
0
 42
2.5
  3
OpenSans-SemiBold.ttf
  4

  0
STYLE
  5
46
330
5
100
AcDbSymbolTableRecord
100
AcDbTextStyleTableRecord
  2
OpenSans-SemiBoldItalic
 70
0
 40
0.0
 41
1.0
 50
0.0
 71
0
 42
2.5
  3
OpenSans-SemiBoldItalic.ttf
  4

  0
STYLE
  5
47
330
5
100
AcDbSymbolTableRecord
100
AcDbTextStyleTableRecord
  2
OpenSans-Bold
 70
0
 40
0.0
 41
1.0
 50
0.0
 71
0
 42
2.5
  3
OpenSans-Bold.ttf
  4

  0
STYLE
  5
48
330
5
100
AcDbSymbolTableRecord
100
AcDbTextStyleTableRecord
  2
OpenSans-BoldItalic
 70
0
 40
0.0
 41
1.0
 50
0.0
 71
0
 42
2.5
  3
OpenSans-BoldItalic.ttf
  4

  0
STYLE
  5
49
330
5
100
AcDbSymbolTableRecord
100
AcDbTextStyleTableRecord
  2
OpenSans-ExtraBold
 70
0
 40
0.0
 41
1.0
 50
0.0
 71
0
 42
2.5
  3
OpenSans-ExtraBold.ttf
  4

  0
STYLE
  5
4A
330
5
100
AcDbSymbolTableRecord
100
AcDbTextStyleTableRecord
  2
OpenSans-ExtraBoldItalic
 70
0
 40
0.0
 41
1.0
 50
0.0
 71
0
 42
2.5
  3
OpenSans-ExtraBoldItalic.ttf
  4

  0
STYLE
  5
4B
330
5
100
AcDbSymbolTableRecord
100
AcDbTextStyleTableRecord
  2
OpenSansCondensed-Bold
 70
0
 40
0.0
 41
1.0
 50
0.0
 71
0
 42
2.5
  3
OpenSansCondensed-Bold.ttf
  4

  0
STYLE
  5
4C
330
5
100
AcDbSymbolTableRecord
100
AcDbTextStyleTableRecord
  2
OpenSansCondensed-Light
 70
0
 40
0.0
 41
1.0
 50
0.0
 71
0
 42
2.5
  3
OpenSansCondensed-Light.ttf
  4

  0
STYLE
  5
4D
330
5
100
AcDbSymbolTableRecord
100
AcDbTextStyleTableRecord
  2
OpenSansCondensed-Italic
 70
0
 40
0.0
 41
1.0
 50
0.0
 71
0
 42
2.5
  3
OpenSansCondensed-LightItalic.ttf
  4

  0
STYLE
  5
4E
330
5
100
AcDbSymbolTableRecord
100
AcDbTextStyleTableRecord
  2
LiberationSans
 70
0
 40
0.0
 41
1.0
 50
0.0
 71
0
 42
2.5
  3
LiberationSans-Regular.ttf
  4

  0
STYLE
  5
4F
330
5
100
AcDbSymbolTableRecord
100
AcDbTextStyleTableRecord
  2
LiberationSans-Bold
 70
0
 40
0.0
 41
1.0
 50
0.0
 71
0
 42
2.5
  3
LiberationSans-Bold.ttf
  4

  0
STYLE
  5
50
330
5
100
AcDbSymbolTableRecord
100
AcDbTextStyleTableRecord
  2
LiberationSans-BoldItalic
 70
0
 40
0.0
 41
1.0
 50
0.0
 71
0
 42
2.5
  3
LiberationSans-BoldItalic.ttf
  4

  0
STYLE
  5
51
330
5
100
AcDbSymbolTableRecord
100
AcDbTextStyleTableRecord
  2
LiberationSans-Italic
 70
0
 40
0.0
 41
1.0
 50
0.0
 71
0
 42
2.5
  3
LiberationSans-Italic.ttf
  4

  0
STYLE
  5
52
330
5
100
AcDbSymbolTableRecord
100
AcDbTextStyleTableRecord
  2
LiberationSerif
 70
0
 40
0.0
 41
1.0
 50
0.0
 71
0
 42
2.5
  3
LiberationSerif-Regular.ttf
  4

  0
STYLE
  5
53
330
5
100
AcDbSymbolTableRecord
100
AcDbTextStyleTableRecord
  2
LiberationSerif-Bold
 70
0
 40
0.0
 41
1.0
 50
0.0
 71
0
 42
2.5
  3
LiberationSerif-Bold.ttf
  4

  0
STYLE
  5
54
330
5
100
AcDbSymbolTableRecord
100
AcDbTextStyleTableRecord
  2
LiberationSerif-BoldItalic
 70
0
 40
0.0
 41
1.0
 50
0.0
 71
0
 42
2.5
  3
LiberationSerif-BoldItalic.ttf
  4

  0
STYLE
  5
55
330
5
100
AcDbSymbolTableRecord
100
AcDbTextStyleTableRecord
  2
LiberationSerif-Italic
 70
0
 40
0.0
 41
1.0
 50
0.0
 71
0
 42
2.5
  3
LiberationSerif-Italic.ttf
  4

  0
STYLE
  5
56
330
5
100
AcDbSymbolTableRecord
100
AcDbTextStyleTableRecord
  2
LiberationMono
 70
0
 40
0.0
 41
1.0
 50
0.0
 71
0
 42
2.5
  3
LiberationMono-Regular.ttf
  4

  0
STYLE
  5
57
330
5
100
AcDbSymbolTableRecord
100
AcDbTextStyleTableRecord
  2
LiberationMono-Bold
 70
0
 40
0.0
 41
1.0
 50
0.0
 71
0
 42
2.5
  3
LiberationMono-Bold.ttf
  4

  0
STYLE
  5
58
330
5
100
AcDbSymbolTableRecord
100
AcDbTextStyleTableRecord
  2
LiberationMono-BoldItalic
 70
0
 40
0.0
 41
1.0
 50
0.0
 71
0
 42
2.5
  3
LiberationMono-BoldItalic.ttf
  4

  0
STYLE
  5
59
330
5
100
AcDbSymbolTableRecord
100
AcDbTextStyleTableRecord
  2
LiberationMono-Italic
 70
0
 40
0.0
 41
1.0
 50
0.0
 71
0
 42
2.5
  3
LiberationMono-Italic.ttf
  4

  0
ENDTAB
  0
TABLE
  2
VIEW
  5
7
330
0
100
AcDbSymbolTable
 70
0
  0
ENDTAB
  0
TABLE
  2
UCS
  5
6
330
0
100
AcDbSymbolTable
 70
0
  0
ENDTAB
  0
TABLE
  2
APPID
  5
3
330
0
100
AcDbSymbolTable
 70
3
  0
APPID
  5
2A
330
3
100
AcDbSymbolTableRecord
100
AcDbRegAppTableRecord
  2
ACAD
 70
0
  0
APPID
  5
EE
330
3
100
AcDbSymbolTableRecord
100
AcDbRegAppTableRecord
  2
HATCHBACKGROUNDCOLOR
 70
0
  0
APPID
  5
EF
330
3
100
AcDbSymbolTableRecord
100
AcDbRegAppTableRecord
  2
EZDXF
 70
0
  0
ENDTAB
  0
TABLE
  2
DIMSTYLE
  5
4
330
0
100
AcDbSymbolTable
 70
12
100
AcDbDimStyleTable
  0
DIMSTYLE
105
2B
330
4
100
AcDbSymbolTableRecord
100
AcDbDimStyleTableRecord
  2
Standard
 70
0
 40
1.0
 41
2.5
 42
0.625
 43
3.75
 44
1.25
 45
0.0
 46
0.0
 47
0.0
 48
0.0
 49
2.5
140
2.5
141
2.5
142
0.0
143
0.03937007874
144
1.0
145
0.0
146
1.0
147
0.625
148
0.0
 69
0
 70
0
 71
0
 72
0
 73
0
 74
0
 75
0
 76
0
 77
1
 78
8
 79
3
170
0
171
3
172
1
173
0
174
0
175
0
176
0
177
0
178
0
179
2
271
2
272
2
273
2
274
3
275
0
276
0
277
2
278
44
279
0
280
0
281
0
282
0
283
0
284
8
285
0
286
0
288
0
289
3
290
0
371
-2
372
-2
  0
DIMSTYLE
105
73
330
4
100
AcDbSymbolTableRecord
100
AcDbDimStyleTableRecord
  2
EZDXF
 70
0
 40
1.0
 41
0.175
 42
0.125
 43
3.75
 44
0.375
 45
0.0
 46
0.0
 47
0.0
 48
0.0
 49
2.5
140
0.25
141
2.5
142
0.0
143
0.03937007874
144
100.0
145
0.0
146
0.5
147
0.1
148
0.0
 69
0
 70
0
 71
0
 72
0
 73
0
 74
0
 75
0
 76
0
 77
1
 78
12
 79
3
170
0
171
3
172
1
173
0
174
0
175
0
176
0
177
0
178
0
179
2
271
2
272
2
273
2
274
3
275
0
276
0
277
2
278
46
279
2
280
0
281
0
282
0
283
0
284
8
285
0
286
0
288
1
289
3
290
0
340
4C
342
74
371
-2
372
-2
  0
DIMSTYLE
105
7C
330
4
100
AcDbSymbolTableRecord
100
AcDbDimStyleTableRecord
  2
EZ_M_100_H25_CM
 70
0
 40
1.0
 41
0.25
 42
0.125
 43
3.75
 44
0.375
 45
0.0
 46
0.0
 47
0.0
 48
0.0
 49
2.5
140
0.25
141
2.5
142
0.125
143
0.03937007874
144
100.0
145
0.0
146
0.5
147
0.1
148
0.0
 69
0
 70
0
 71
0
 72
0
 73
0
 74
0
 75
0
 76
0
 77
1
 78
12
 79
3
170
0
171
3
172
1
173
0
174
0
175
0
176
0
177
0
178
0
179
2
271
2
272
2
273
2
274
3
275
0
276
0
277
2
278
46
279
2
280
0
281
0
282
0
283
0
284
8
285
0
286
0
288
1
289
3
290
0
340
4C
371
-2
372
-2
  0
DIMSTYLE
105
7D
330
4
100
AcDbSymbolTableRecord
100
AcDbDimStyleTableRecord
  2
EZ_M_50_H25_CM
 70
0
 40
1.0
 41
0.125
 42
0.0625
 43
3.75
 44
0.1875
 45
0.0
 46
0.0
 47
0.0
 48
0.0
 49
2.5
140
0.125
141
2.5
142
0.0625
143
0.03937007874
144
100.0
145
0.0
146
0.5
147
0.05
148
0.0
 69
0
 70
0
 71
0
 72
0
 73
0
 74
0
 75
0
 76
0
 77
1
 78
12
 79
3
170
0
171
3
172
1
173
0
174
0
175
0
176
0
177
0
178
0
179
2
271
2
272
2
273
2
274
3
275
0
276
0
277
2
278
46
279
2
280
0
281
0
282
0
283
0
284
8
285
0
286
0
288
1
289
3
290
0
340
4C
371
-2
372
-2
  0
DIMSTYLE
105
7E
330
4
100
AcDbSymbolTableRecord
100
AcDbDimStyleTableRecord
  2
EZ_M_25_H25_CM
 70
0
 40
1.0
 41
0.0625
 42
0.03125
 43
3.75
 44
0.09375
 45
0.0
 46
0.0
 47
0.0
 48
0.0
 49
2.5
140
0.0625
141
2.5
142
0.03125
143
0.03937007874
144
100.0
145
0.0
146
0.5
147
0.025
148
0.0
 69
0
 70
0
 71
0
 72
0
 73
0
 74
0
 75
0
 76
0
 77
1
 78
12
 79
3
170
0
171
3
172
1
173
0
174
0
175
0
176
0
177
0
178
0
179
2
271
2
272
2
273
2
274
3
275
0
276
0
277
2
278
46
279
2
280
0
281
0
282
0
283
0
284
8
285
0
286
0
288
1
289
3
290
0
340
4C
371
-2
372
-2
  0
DIMSTYLE
105
7F
330
4
100
AcDbSymbolTableRecord
100
AcDbDimStyleTableRecord
  2
EZ_M_20_H25_CM
 70
0
 40
1.0
 41
0.05
 42
0.025
 43
3.75
 44
0.07500000000000001
 45
0.0
 46
0.0
 47
0.0
 48
0.0
 49
2.5
140
0.05
141
2.5
142
0.025
143
0.03937007874
144
100.0
145
0.0
146
0.5
147
0.020000000000000004
148
0.0
 69
0
 70
0
 71
0
 72
0
 73
0
 74
0
 75
0
 76
0
 77
1
 78
12
 79
3
170
0
171
3
172
1
173
0
174
0
175
0
176
0
177
0
178
0
179
2
271
2
272
2
273
2
274
3
275
0
276
0
277
2
278
46
279
2
280
0
281
0
282
0
283
0
284
8
285
0
286
0
288
1
289
3
290
0
340
4C
371
-2
372
-2
  0
DIMSTYLE
105
80
330
4
100
AcDbSymbolTableRecord
100
AcDbDimStyleTableRecord
  2
EZ_M_10_H25_CM
 70
0
 40
1.0
 41
0.025
 42
0.0125
 43
3.75
 44
0.037500000000000006
 45
0.0
 46
0.0
 47
0.0
 48
0.0
 49
2.5
140
0.025
141
2.5
142
0.0125
143
0.03937007874
144
100.0
145
0.0
146
0.5
147
0.010000000000000002
148
0.0
 69
0
 70
0
 71
0
 72
0
 73
0
 74
0
 75
0
 76
0
 77
1
 78
12
 79
3
170
0
171
3
172
1
173
0
174
0
175
0
176
0
177
0
178
0
179
2
271
2
272
2
273
2
274
3
275
0
276
0
277
2
278
46
279
2
280
0
281
0
282
0
283
0
284
8
285
0
286
0
288
1
289
3
290
0
340
4C
371
-2
372
-2
  0
DIMSTYLE
105
81
330
4
100
AcDbSymbolTableRecord
100
AcDbDimStyleTableRecord
  2
EZ_M_5_H25_CM
 70
0
 40
1.0
 41
0.0125
 42
0.00625
 43
3.75
 44
0.018750000000000003
 45
0.0
 46
0.0
 47
0.0
 48
0.0
 49
2.5
140
0.0125
141
2.5
142
0.00625
143
0.03937007874
144
100.0
145
0.0
146
0.5
147
0.005000000000000001
148
0.0
 69
0
 70
0
 71
0
 72
0
 73
0
 74
0
 75
0
 76
0
 77
1
 78
12
 79
3
170
0
171
3
172
1
173
0
174
0
175
0
176
0
177
0
178
0
179
2
271
2
272
2
273
2
274
3
275
0
276
0
277
2
278
46
279
2
280
0
281
0
282
0
283
0
284
8
285
0
286
0
288
1
289
3
290
0
340
4C
371
-2
372
-2
  0
DIMSTYLE
105
82
330
4
100
AcDbSymbolTableRecord
100
AcDbDimStyleTableRecord
  2
EZ_M_1_H25_CM
 70
0
 40
1.0
 41
0.0025
 42
0.00125
 43
3.75
 44
0.00375
 45
0.0
 46
0.0
 47
0.0
 48
0.0
 49
2.5
140
0.0025
141
2.5
142
0.00125
143
0.03937007874
144
100.0
145
0.0
146
0.5
147
0.001
148
0.0
 69
0
 70
0
 71
0
 72
0
 73
0
 74
0
 75
0
 76
0
 77
1
 78
12
 79
3
170
0
171
3
172
1
173
0
174
0
175
0
176
0
177
0
178
0
179
2
271
2
272
2
273
2
274
3
275
0
276
0
277
2
278
46
279
2
280
0
281
0
282
0
283
0
284
8
285
0
286
0
288
1
289
3
290
0
340
4C
371
-2
372
-2
  0
DIMSTYLE
105
83
330
4
100
AcDbSymbolTableRecord
100
AcDbDimStyleTableRecord
  2
EZ_RADIUS
 70
0
 40
1.0
 41
0.25
 42
0.125
 43
3.75
 44
0.375
 45
0.0
 46
0.0
 47
0.0
 48
0.0
 49
2.5
140
0.25
141
0.0
142
0.0
143
0.03937007874
144
100.0
145
0.0
146
0.5
147
0.1
148
0.0
 69
0
 70
0
 71
0
 72
0
 73
0
 74
0
 75
0
 76
0
 77
1
 78
12
 79
3
170
0
171
3
172
0
173
0
174
0
175
0
176
0
177
0
178
0
179
2
271
2
272
2
273
2
274
3
275
0
276
0
277
2
278
46
279
1
280
0
281
0
282
0
283
0
284
8
285
0
286
0
288
1
289
3
290
0
340
4C
342
84
371
-2
372
-2
  0
DIMSTYLE
105
88
330
4
100
AcDbSymbolTableRecord
100
AcDbDimStyleTableRecord
  2
EZ_RADIUS_INSIDE
 70
0
 40
1.0
 41
0.25
 42
0.125
 43
3.75
 44
0.375
 45
0.0
 46
0.0
 47
0.0
 48
0.0
 49
2.5
140
0.25
141
0.0
142
0.0
143
0.03937007874
144
100.0
145
0.0
146
0.5
147
0.1
148
0.0
 69
0
 70
0
 71
0
 72
0
 73
0
 74
0
 75
0
 76
0
 77
0
 78
12
 79
3
170
0
171
3
172
0
173
0
174
1
175
0
176
0
177
0
178
0
179
2
271
2
272
2
273
2
274
3
275
0
276
0
277
2
278
46
279
0
280
0
281
0
282
0
283
0
284
8
285
0
286
0
288
1
289
0
290
0
340
4C
342
84
371
-2
372
-2
  0
DIMSTYLE
105
89
330
4
100
AcDbSymbolTableRecord
100
AcDbDimStyleTableRecord
  2
EZ_CURVED
 70
0
 40
1.0
 41
0.25
 42
0.125
 43
3.75
 44
0.375
 45
0.0
 46
0.0
 47
0.0
 48
0.0
 49
2.5
140
0.25
141
2.5
142
0.0
143
0.03937007874
144
100.0
145
0.0
146
0.5
147
0.1
148
0.0
 69
0
 70
0
 71
0
 72
0
 73
0
 74
0
 75
0
 76
0
 77
1
 78
12
 79
2
 90
2
170
0
171
3
172
1
173
0
174
0
175
0
176
0
177
0
178
0
179
2
271
2
272
2
273
2
274
3
275
0
276
0
277
2
278
46
279
2
280
0
281
0
282
0
283
0
284
8
285
0
286
0
288
1
289
3
290
0
340
4C
371
-2
372
-2
  0
ENDTAB
  0
TABLE
  2
BLOCK_RECORD
  5
9
330
0
100
AcDbSymbolTable
 70
5
  0
BLOCK_RECORD
  5
17
330
9
100
AcDbSymbolTableRecord
100
AcDbBlockTableRecord
  2
*Model_Space
340
1A
 70
0
280
1
281
0
  0
BLOCK_RECORD
  5
1B
330
9
100
AcDbSymbolTableRecord
100
AcDbBlockTableRecord
  2
*Paper_Space
340
1E
 70
0
280
1
281
0
  0
BLOCK_RECORD
  5
74
330
9
100
AcDbSymbolTableRecord
100
AcDbBlockTableRecord
  2
_ARCHTICK
340
0
 70
0
280
1
281
0
  0
BLOCK_RECORD
  5
78
330
9
100
AcDbSymbolTableRecord
100
AcDbBlockTableRecord
  2
_CLOSEDFILLED
340
0
 70
0
280
1
281
0
  0
BLOCK_RECORD
  5
84
330
9
100
AcDbSymbolTableRecord
100
AcDbBlockTableRecord
  2
_CLOSEDBLANK
340
0
 70
0
280
1
281
0
  0
ENDTAB
  0
ENDSEC
  0
SECTION
  2
BLOCKS
  0
BLOCK
  5
18
330
17
100
AcDbEntity
  8
0
100
AcDbBlockBegin
  2
*Model_Space
 70
0
 10
0.0
 20
0.0
 30
0.0
  3
*Model_Space
  1

  0
ENDBLK
  5
19
330
17
100
AcDbEntity
  8
0
100
AcDbBlockEnd
  0
BLOCK
  5
1C
330
1B
100
AcDbEntity
  8
0
100
AcDbBlockBegin
  2
*Paper_Space
 70
0
 10
0.0
 20
0.0
 30
0.0
  3
*Paper_Space
  1

  0
ENDBLK
  5
1D
330
1B
100
AcDbEntity
  8
0
100
AcDbBlockEnd
  0
BLOCK
  5
75
330
74
100
AcDbEntity
  8
0
100
AcDbBlockBegin
  2
_ARCHTICK
 70
0
 10
0.0
 20
0.0
 30
0.0
  3
_ARCHTICK
  1

  0
LWPOLYLINE
  5
77
330
74
100
AcDbEntity
  8
0
  6
BYBLOCK
 62
0
100
AcDbPolyline
 90
2
 70
0
 43
0.15
 10
-0.5
 20
-0.5
 10
0.5
 20
0.5
  0
ENDBLK
  5
76
330
74
100
AcDbEntity
  8
0
100
AcDbBlockEnd
  0
BLOCK
  5
79
330
78
100
AcDbEntity
  8
0
100
AcDbBlockBegin
  2
_CLOSEDFILLED
 70
0
 10
0.0
 20
0.0
 30
0.0
  3
_CLOSEDFILLED
  1

  0
SOLID
  5
7B
330
78
100
AcDbEntity
  8
0
  6
BYBLOCK
 62
0
100
AcDbTrace
 10
-1.0
 20
0.16439898372402537
 30
0.0
 11
0.0
 21
0.0
 31
0.0
 12
-1.0
 22
-0.16439898372402537
 32
0.0
 13
-1.0
 23
-0.16439898372402537
 33
0.0
  0
ENDBLK
  5
7A
330
78
100
AcDbEntity
  8
0
100
AcDbBlockEnd
  0
BLOCK
  5
85
330
84
100
AcDbEntity
  8
0
100
AcDbBlockBegin
  2
_CLOSEDBLANK
 70
0
 10
0.0
 20
0.0
 30
0.0
  3
_CLOSEDBLANK
  1

  0
LWPOLYLINE
  5
87
330
84
100
AcDbEntity
  8
0
  6
BYBLOCK
 62
0
100
AcDbPolyline
 90
3
 70
1
 10
-1.0
 20
0.16439898372402537
 10
0.0
 20
0.0
 10
-1.0
 20
-0.16439898372402537
  0
ENDBLK
  5
86
330
84
100
AcDbEntity
  8
0
100
AcDbBlockEnd
  0
ENDSEC
  0
SECTION
  2
ENTITIES
  0
LWPOLYLINE
  5
8B
330
17
100
AcDbEntity
  8
SURF_OUTER_Gravel Surface 1
100
AcDbPolyline
 90
64
 70
1
 10
12120125.36
 20
3531238.9582
 10
12120134.4745
 20
3531246.2252
 10
12120132.4353
 20
3531248.6342
 10
12120131.3072
 20
3531250.2184
 10
12120130.6959
 20
3531253.8688
 10
12120130.4633
 20
3531257.2722
 10
12120130.5985
 20
3531258.9354
 10
12120131.039
 20
3531260.9514
 10
12120131.8616
 20
3531263.1343
 10
12120132.8494
 20
3531264.439
 10
12120133.7293
 20
3531265.4284
 10
12120135.0435
 20
3531266.6057
 10
12120137.671
 20
3531268.1575
 10
12120139.4558
 20
3531268.7946
 10
12120140.648
 20
3531269.0353
 10
12120142.0423
 20
3531269.1621
 10
12120143.7898
 20
3531269.1621
 10
12120145.7549
 20
3531268.8142
 10
12120147.7273
 20
3531268.0953
 10
12120148.5683
 20
3531267.6626
 10
12120149.6279
 20
3531266.9912
 10
12120151.2811
 20
3531265.4936
 10
12120156.3432
 20
3531259.1768
 10
12120161.2427
 20
3531252.9085
 10
12120167.8606
 20
3531244.5464
 10
12120175.0818
 20
3531235.3749
 10
12120181.8238
 20
3531226.9651
 10
12120193.0782
 20
3531212.644
 10
12120198.0034
 20
3531206.5374
 10
12120199.3169
 20
3531204.8783
 10
12120204.5712
 20
3531198.0609
 10
12120209.8886
 20
3531191.4201
 10
12120217.18
 20
3531182.1545
 10
12120225.0527
 20
3531172.2858
 10
12120235.6877
 20
3531158.6551
 10
12120240.5415
 20
3531152.6156
 10
12120246.9673
 20
3531144.4687
 10
12120252.0473
 20
3531137.8495
 10
12120255.2164
 20
3531133.8846
 10
12120255.7773
 20
3531132.9563
 10
12120256.7388
 20
3531131.1723
 10
12120257.5729
 20
3531128.4337
 10
12120257.7082
 20
3531126.5861
 10
12120257.6615
 20
3531125.0395
 10
12120257.4926
 20
3531123.6789
 10
12120256.8195
 20
3531121.1607
 10
12120256.0487
 20
3531119.8199
 10
12120254.7554
 20
3531118.0055
 10
12120253.7672
 20
3531116.9463
 10
12120243.9638
 20
3531108.4204
 10
12120239.502
 20
3531114.168
 10
12120239.2725
 20
3531114.4954
 10
12120238.2558
 20
3531115.8166
 10
12120238.1779
 20
3531115.9364
 10
12120237.1827
 20
3531117.1804
 10
12120251.3265
 20
3531128.3511
 10
12120251.2556
 20
3531128.4069
 10
12120250.2565
 20
3531128.7936
 10
12120207.4401
 20
3531182.9876
 10
12120202.0648
 20
3531178.8741
 10
12120145.6225
 20
3531250.1018
 10
12120137.3951
 20
3531243.5903
 10
12120135.2786
 20
3531246.2955
 10
12120126.8839
 20
3531239.7444
  0
LWPOLYLINE
  5
8C
330
17
100
AcDbEntity
  8
SURF_OUTER_Gravel Surface 1
100
AcDbPolyline
 90
38
 70
1
 10
12120097.1422
 20
3531209.3812
 10
12120095.7576
 20
3531211.7479
 10
12120094.6984
 20
3531214.0887
 10
12120094.3852
 20
3531214.801
 10
12120093.7744
 20
3531217.3107
 10
12120093.4299
 20
3531219.8148
 10
12120093.4299
 20
3531221.5833
 10
12120093.6189
 20
3531224.0654
 10
12120094.4645
 20
3531227.6024
 10
12120095.4208
 20
3531229.8451
 10
12120097.4428
 20
3531233.2464
 10
12120099.8073
 20
3531235.8444
 10
12120103.819
 20
3531239.0411
 10
12120105.8341
 20
3531240.7996
 10
12120107.88
 20
3531242.5449
 10
12120110.6368
 20
3531244.4931
 10
12120112.2115
 20
3531243.8878
 10
12120112.6724
 20
3531243.7106
 10
12120114.6185
 20
3531243.0824
 10
12120116.4366
 20
3531242.213
 10
12120118.8016
 20
3531240.1533
 10
12120121.1661
 20
3531237.8057
 10
12120122.4815
 20
3531236.6632
 10
12120123.0143
 20
3531237.088
 10
12120124.5189
 20
3531237.8988
 10
12120122.1539
 20
3531236.0532
 10
12120121.5456
 20
3531235.5535
 10
12120123.6887
 20
3531232.8267
 10
12120115.4717
 20
3531226.3034
 10
12120157.2131
 20
3531173.338
 10
12120151.702
 20
3531168.9448
 10
12120155.1982
 20
3531164.5214
 10
12120156.5747
 20
3531162.7798
 10
12120151.723
 20
3531158.8918
 10
12120144.1832
 20
3531151.356
 10
12120140.9387
 20
3531155.414
 10
12120116.6173
 20
3531185.8331
 10
12120112.6702
 20
3531190.7699
  0
LWPOLYLINE
  5
8D
330
17
100
AcDbEntity
  8
SURF_OUTER_Gravel Surface 1
100
AcDbPolyline
 90
31
 70
1
 10
12120164.5184
 20
3531152.7293
 10
12120209.69
 20
3531095.5783
 10
12120223.3915
 20
3531106.3548
 10
12120224.1384
 20
3531105.3995
 10
12120225.0869
 20
3531103.3492
 10
12120225.5067
 20
3531103.6495
 10
12120225.5508
 20
3531103.5931
 10
12120226.8965
 20
3531104.6433
 10
12120226.6299
 20
3531103.8638
 10
12120225.926
 20
3531103.3003
 10
12120228.2666
 20
3531100.4499
 10
12120230.1114
 20
3531098.3568
 10
12120230.3404
 20
3531097.9327
 10
12120224.89
 20
3531093.5526
 10
12120221.1073
 20
3531090.4539
 10
12120212.696
 20
3531083.7312
 10
12120211.5687
 20
3531082.851
 10
12120209.5219
 20
3531081.512
 10
12120207.9781
 20
3531080.9602
 10
12120206.4037
 20
3531080.5208
 10
12120204.5201
 20
3531080.5208
 10
12120203.1501
 20
3531080.6536
 10
12120201.8211
 20
3531081.0112
 10
12120199.671
 20
3531082.1903
 10
12120198.4238
 20
3531083.0997
 10
12120198.3246
 20
3531083.2213
 10
12120196.7051
 20
3531085.2778
 10
12120194.0543
 20
3531088.915
 10
12120193.4543
 20
3531089.7382
 10
12120193.2851
 20
3531089.9957
 10
12120152.0407
 20
3531141.7307
  0
LWPOLYLINE
  5
8F
330
17
100
AcDbEntity
  8
SURF_OUTER_Gravel Surface 2
100
AcDbPolyline
 90
34
 70
1
 10
12119965.0747
 20
3531105.1531
 10
12119961.9662
 20
3531102.7567
 10
12119931.1952
 20
3531142.0181
 10
12119914.3523
 20
3531163.3041
 10
12119966.1602
 20
3531204.1949
 10
12119967.9554
 20
3531203.0806
 10
12119972.1211
 20
3531200.4146
 10
12119973.8038
 20
3531199.3074
 10
12119978.2708
 20
3531196.0438
 10
12119981.713
 20
3531193.4825
 10
12119985.8071
 20
3531190.0402
 10
12119988.3845
 20
3531187.675
 10
12119993.5911
 20
3531182.7977
 10
12119997.8863
 20
3531178.2522
 10
12120004.8817
 20
3531169.9316
 10
12120010.928
 20
3531162.303
 10
12120014.2656
 20
3531157.9205
 10
12120019.4942
 20
3531151.2332
 10
12120021.8977
 20
3531147.9696
 10
12120026.1253
 20
3531142.3643
 10
12120033.884
 20
3531132.2463
 10
12120042.9781
 20
3531120.2433
 10
12120042.9321
 20
3531120.1431
 10
12120042.3555
 20
3531119.0026
 10
12120041.5919
 20
3531117.8528
 10
12120041.1135
 20
3531117.2827
 10
12120040.6395
 20
3531116.7867
 10
12120037.7548
 20
3531114.4082
 10
12120025.5899
 20
3531104.7014
 10
12120009.7769
 20
3531092.0949
 10
12119993.9598
 20
3531079.5295
 10
12119988.9556
 20
3531075.5658
 10
12119978.1189
 20
3531088.7712
 10
12119966.0475
 20
3531103.9131
  0
LWPOLYLINE
  5
91
330
17
100
AcDbEntity
  8
SURF_HOLE_Gravel Surface 2
100
AcDbPolyline
 90
5
 70
1
 10
12120002.6001
 20
3531118.0453
 10
12120001.8242
 20
3531117.387
 10
12120008.0347
 20
3531110.1077
 10
12120028.987
 20
3531128.3007
 10
12120023.1242
 20
3531135.4589
  0
LWPOLYLINE
  5
92
330
17
100
AcDbEntity
  8
SURF_HOLE_Gravel Surface 2
100
AcDbPolyline
 90
17
 70
1
 10
12119985.3965
 20
3531124.0928
 10
12119985.8496
 20
3531123.3752
 10
12119991.1628
 20
3531127.9369
 10
12119994.0425
 20
3531130.1232
 10
12119997.2099
 20
3531126.4857
 10
12119998.9123
 20
3531127.9443
 10
12120001.6396
 20
3531124.8893
 10
12120014.4214
 20
3531135.9155
 10
12120018.2722
 20
3531139.8847
 10
12120021.0155
 20
3531142.0274
 10
12120018.8915
 20
3531144.6083
 10
12120016.228
 20
3531142.4112
 10
12120011.8176
 20
3531139.0019
 10
12120002.3934
 20
3531150.0051
 10
12119987.7092
 20
3531137.3962
 10
12119989.4287
 20
3531135.4215
 10
12119982.3644
 20
3531128.8949
  0
LWPOLYLINE
  5
93
330
17
100
AcDbEntity
  8
SURF_HOLE_Gravel Surface 2
100
AcDbPolyline
 90
21
 70
1
 10
12119984.6037
 20
3531167.4427
 10
12119975.313
 20
3531178.5069
 10
12119964.6708
 20
3531169.6196
 10
12119974.0779
 20
3531158.7379
 10
12119971.2713
 20
3531156.3177
 10
12119965.8375
 20
3531151.1344
 10
12119969.3138
 20
3531145.5919
 10
12119975.1751
 20
3531150.8201
 10
12119978.4081
 20
3531153.0878
 10
12119978.7253
 20
3531153.362
 10
12119983.4472
 20
3531147.9
 10
12119987.9069
 20
3531142.5752
 10
12119998.1948
 20
3531151.1667
 10
12119988.8674
 20
3531162.3652
 10
12119992.0077
 20
3531164.4434
 10
12119998.4263
 20
3531170.4302
 10
12120001.013
 20
3531171.8782
 10
12119995.8449
 20
3531177.8967
 10
12119992.9541
 20
3531175.3634
 10
12119993.4614
 20
3531174.7534
 10
12119987.9796
 20
3531170.1946
  0
LWPOLYLINE
  5
95
330
17
100
AcDbEntity
  8
SURF_OUTER_Pavement Surface 1
100
AcDbPolyline
 90
75
 70
1
 10
12119894.5654
 20
3531280.9632
 10
12119892.0408
 20
3531282.932
 10
12119889.7688
 20
3531284.7681
 10
12119888.0548
 20
3531286.186
 10
12119885.6159
 20
3531288.2661
 10
12119884.45
 20
3531289.2828
 10
12119882.4029
 20
3531291.128
 10
12119880.2344
 20
3531293.122
 10
12119877.5965
 20
3531295.6381
 10
12119875.3325
 20
3531297.9036
 10
12119873.5426
 20
3531299.7209
 10
12119870.8832
 20
3531302.5337
 10
12119870.3185
 20
3531303.1429
 10
12119867.1855
 20
3531306.6462
 10
12119864.2286
 20
3531310.1227
 10
12119864.0082
 20
3531310.3913
 10
12119861.463
 20
3531313.541
 10
12119860.9916
 20
3531314.1329
 10
12119858.3256
 20
3531317.6107
 10
12119856.9926
 20
3531319.4402
 10
12119855.8525
 20
3531321.0153
 10
12119854.9262
 20
3531322.3052
 10
12119813.1039
 20
3531381.9836
 10
12119926.0088
 20
3531470.7572
 10
12119957.8866
 20
3531427.5981
 10
12120010.2509
 20
3531361.6217
 10
12120068.2495
 20
3531288.0345
 10
12120069.9878
 20
3531286.0991
 10
12120070.4094
 20
3531278.2299
 10
12120081.3023
 20
3531264.4404
 10
12120109.7714
 20
3531286.6755
 10
12120110.4941
 20
3531287.1457
 10
12120116.6151
 20
3531292.2779
 10
12120105.7137
 20
3531306.0617
 10
12120098.4231
 20
3531308.4215
 10
12120048.2425
 20
3531371.9998
 10
12119980.4079
 20
3531458.5934
 10
12119954.6277
 20
3531493.2594
 10
12119967.2184
 20
3531503.1591
 10
12120123.9635
 20
3531303.9869
 10
12120124.5976
 20
3531303.0097
 10
12120125.1223
 20
3531302.0331
 10
12120125.9986
 20
3531299.1639
 10
12120126.0382
 20
3531296.6555
 10
12120125.5953
 20
3531294.6541
 10
12120124.7749
 20
3531292.8218
 10
12120123.6575
 20
3531291.2503
 10
12120122.3445
 20
3531289.9897
 10
12120050.114
 20
3531232.309
 10
12120046.5937
 20
3531229.7024
 10
12120042.8141
 20
3531227.3139
 10
12120038.7943
 20
3531225.1783
 10
12120034.5593
 20
3531223.328
 10
12120031.8396
 20
3531222.3831
 10
12120029.8324
 20
3531221.7678
 10
12120026.9443
 20
3531220.9561
 10
12120025.0709
 20
3531220.5071
 10
12120023.4225
 20
3531220.2123
 10
12120015.7233
 20
3531219.2869
 10
12120014.9711
 20
3531219.2732
 10
12120007.5401
 20
3531219.443
 10
12120006.8764
 20
3531219.4837
 10
12119999.3763
 20
3531220.7319
 10
12119998.5711
 20
3531220.9107
 10
12119983.3341
 20
3531226.8988
 10
12119980.9047
 20
3531228.2946
 10
12119912.5951
 20
3531268.7386
 10
12119909.4429
 20
3531270.6636
 10
12119909.4422
 20
3531270.664
 10
12119907.6016
 20
3531271.8338
 10
12119907.5982
 20
3531271.836
 10
12119905.1089
 20
3531273.4455
 10
12119903.8325
 20
3531274.3051
 10
12119901.3724
 20
3531275.9892
 10
12119898.3302
 20
3531278.1532
  0
LWPOLYLINE
  5
97
330
17
100
AcDbEntity
  8
SURF_HOLE_Pavement Surface 1
100
AcDbPolyline
 90
8
 70
1
 10
12119927.9591
 20
3531332.5463
 10
12119911.7219
 20
3531316.16
 10
12119913.1988
 20
3531290.7771
 10
12119926.4223
 20
3531291.8584
 10
12119917.7864
 20
3531282.4705
 10
12119933.4556
 20
3531268.1463
 10
12119958.2164
 20
3531296.0939
 10
12119947.5925
 20
3531312.9166
  0
LWPOLYLINE
  5
99
330
17
100
AcDbEntity
  8
SURF_OUTER_Pavement Surface 10
100
AcDbPolyline
 90
137
 70
1
 10
12119967.9738
 20
3530808.8329
 10
12119969.9581
 20
3530809.5105
 10
12119971.8989
 20
3530810.2888
 10
12119973.7888
 20
3530811.1638
 10
12119975.6206
 20
3530812.1303
 10
12119977.3881
 20
3530813.1829
 10
12119979.0857
 20
3530814.3154
 10
12119980.7084
 20
3530815.5214
 10
12119999.0564
 20
3530829.8914
 10
12120001.7261
 20
3530832.1785
 10
12120004.2593
 20
3530834.7747
 10
12120006.6074
 20
3530837.6717
 10
12120008.7214
 20
3530840.8514
 10
12120010.5546
 20
3530844.2855
 10
12120012.0648
 20
3530847.9361
 10
12120013.217
 20
3530851.7562
 10
12120013.6505
 20
3530853.7132
 10
12120013.9858
 20
3530855.692
 10
12120014.2214
 20
3530857.6851
 10
12120014.3566
 20
3530859.685
 10
12120014.3269
 20
3530863.6751
 10
12120014.0073
 20
3530866.658
 10
12120013.7565
 20
3530868.3231
 10
12120013.1462
 20
3530871.2604
 10
12120013.1142
 20
3530871.4146
 10
12120012.8239
 20
3530872.3489
 10
12120012.2816
 20
3530874.0944
 10
12120011.9813
 20
3530875.061
 10
12120011.7413
 20
3530875.6357
 10
12120011.5183
 20
3530876.2718
 10
12120011.2831
 20
3530876.7327
 10
12120008.3851
 20
3530882.4133
 10
12120008.2386
 20
3530882.7005
 10
12120007.7489
 20
3530883.3949
 10
12120007.5911
 20
3530883.6187
 10
12120005.0201
 20
3530887.2925
 10
12120007.6145
 20
3530883.6936
 10
12120032.9307
 20
3530848.3079
 10
12120033.2951
 20
3530847.7997
 10
12120033.7246
 20
3530847.3068
 10
12120037.354
 20
3530843.1528
 10
12120042.7323
 20
3530838.7114
 10
12120044.6035
 20
3530837.501
 10
12120046.3775
 20
3530836.4835
 10
12120048.1987
 20
3530835.5591
 10
12120050.0692
 20
3530834.7273
 10
12120051.9532
 20
3530834.0013
 10
12120053.8712
 20
3530833.3716
 10
12120054.9174
 20
3530833.0855
 10
12120055.806
 20
3530832.8425
 10
12120056.3889
 20
3530832.729
 10
12120059.3336
 20
3530832.1557
 10
12120059.695
 20
3530832.0853
 10
12120059.9567
 20
3530832.0608
 10
12120063.6399
 20
3530831.7166
 10
12120065.6453
 20
3530831.6793
 10
12120067.6775
 20
3530831.7445
 10
12120069.6972
 20
3530831.9118
 10
12120071.7043
 20
3530832.1807
 10
12120073.7122
 20
3530832.5547
 10
12120075.7226
 20
3530833.0378
 10
12120077.6927
 20
3530833.6196
 10
12120079.5965
 20
3530834.2881
 10
12120081.4752
 20
3530835.057
 10
12120083.3116
 20
3530835.9201
 10
12120085.0929
 20
3530836.87
 10
12120086.813
 20
3530837.9017
 10
12120090.0494
 20
3530840.1872
 10
12120215.0346
 20
3530938.0744
 10
12120213.6297
 20
3530936.7349
 10
12120213.0605
 20
3530935.9253
 10
12120211.8932
 20
3530933.7567
 10
12120211.3788
 20
3530931.8828
 10
12120211.2506
 20
3530930.4382
 10
12120211.3125
 20
3530928.9803
 10
12120211.7467
 20
3530927.0569
 10
12120212.2848
 20
3530925.6731
 10
12120213.3277
 20
3530924.0358
 10
12120244.3965
 20
3530884.3504
 10
12120286.9649
 20
3530827.1447
 10
12120288.9449
 20
3530823.6322
 10
12120163.1863
 20
3530730.0516
 10
12120148.1978
 20
3530748.4877
 10
12120147.2322
 20
3530749.5711
 10
12120146.1901
 20
3530750.5459
 10
12120144.1524
 20
3530752.031
 10
12120141.9243
 20
3530753.1686
 10
12120139.5546
 20
3530753.9436
 10
12120137.089
 20
3530754.3411
 10
12120136.0966
 20
3530754.3915
 10
12120134.5916
 20
3530754.3501
 10
12120132.1232
 20
3530753.9704
 10
12120130.2958
 20
3530753.4242
 10
12120129.766
 20
3530753.2196
 10
12120127.5118
 20
3530752.0908
 10
12120125.4812
 20
3530750.6369
 10
12120124.0884
 20
3530749.3142
 10
12120123.7016
 20
3530748.8846
 10
12120122.2164
 20
3530746.8768
 10
12120121.0586
 20
3530744.655
 10
12120084.7263
 20
3530659.3209
 10
12120081.8703
 20
3530656.0133
 10
12120044.338
 20
3530633.162
 10
12120042.014
 20
3530636.421
 10
12120042.184
 20
3530636.5245
 10
12120028.2561
 20
3530658.4707
 10
12120023.3749
 20
3530666.162
 10
12120022.709
 20
3530667.2113
 10
12120013.9631
 20
3530680.9923
 10
12119920.8623
 20
3530827.6978
 10
12119921.3764
 20
3530826.9425
 10
12119921.9695
 20
3530826.0352
 10
12119922.5625
 20
3530825.1279
 10
12119923.711
 20
3530823.4641
 10
12119924.9541
 20
3530821.8457
 10
12119926.2891
 20
3530820.2805
 10
12119927.7127
 20
3530818.7761
 10
12119929.2207
 20
3530817.3399
 10
12119930.808
 20
3530815.9786
 10
12119932.469
 20
3530814.6988
 10
12119934.1972
 20
3530813.5062
 10
12119935.9855
 20
3530812.4059
 10
12119937.8266
 20
3530811.4023
 10
12119939.7125
 20
3530810.4989
 10
12119941.635
 20
3530809.6983
 10
12119943.5858
 20
3530809.0025
 10
12119945.5565
 20
3530808.4122
 10
12119947.5388
 20
3530807.9275
 10
12119949.5245
 20
3530807.5477
 10
12119951.5269
 20
3530807.2686
 10
12119953.5597
 20
3530807.09
 10
12119955.6156
 20
3530807.015
 10
12119957.6865
 20
3530807.0464
 10
12119959.7644
 20
3530807.186
 10
12119961.8406
 20
3530807.4348
 10
12119963.9066
 20
3530807.7929
 10
12119965.9539
 20
3530808.2595
  0
LWPOLYLINE
  5
9B
330
17
100
AcDbEntity
  8
SURF_OUTER_Pavement Surface 11
100
AcDbPolyline
 90
436
 70
1
 10
12119159.2783
 20
3532051.2531
 10
12119159.1529
 20
3532051.6231
 10
12119156.9719
 20
3532058.1184
 10
12119153.3922
 20
3532068.8907
 10
12119129.4039
 20
3532141.5435
 10
12119129.3643
 20
3532141.6579
 10
12119129.3674
 20
3532141.6589
 10
12119129.141
 20
3532142.34
 10
12119120.2264
 20
3532169.3394
 10
12119119.9608
 20
3532170.146
 10
12119119.9577
 20
3532170.145
 10
12119119.8853
 20
3532170.3723
 10
12119117.5485
 20
3532177.45
 10
12119117.4533
 20
3532177.7399
 10
12119117.4501
 20
3532177.7389
 10
12119117.4157
 20
3532177.8522
 10
12119116.8841
 20
3532179.4622
 10
12119116.8253
 20
3532179.6417
 10
12119116.8222
 20
3532179.6407
 10
12119116.7486
 20
3532179.8725
 10
12119110.5511
 20
3532198.632
 10
12119113.7729
 20
3532199.3286
 10
12119116.1725
 20
3532191.7032
 10
12119120.1442
 20
3532179.414
 10
12119124.9179
 20
3532164.8706
 10
12119127.9488
 20
3532155.7601
 10
12119130.7438
 20
3532147.4366
 10
12119135.7551
 20
3532132.7136
 10
12119141.6856
 20
3532115.6077
 10
12119143.0678
 20
3532111.7004
 10
12119159.3258
 20
3532066.5017
 10
12119184.0952
 20
3532001.6347
 10
12119183.7164
 20
3531999.6577
 10
12119189.6304
 20
3531982.3432
 10
12119210.3893
 20
3531932.0228
 10
12119227.88
 20
3531889.1043
 10
12119247.4171
 20
3531841.5877
 10
12119274.4341
 20
3531779.3798
 10
12119284.5799
 20
3531756.8783
 10
12119290.3908
 20
3531744.1602
 10
12119292.4555
 20
3531739.8245
 10
12119292.6131
 20
3531739.5423
 10
12119293.8122
 20
3531736.9254
 10
12119303.047
 20
3531717.193
 10
12119307.8931
 20
3531707.025
 10
12119311.3854
 20
3531699.7675
 10
12119330.9197
 20
3531660.0173
 10
12119360.9249
 20
3531601.5909
 10
12119364.3615
 20
3531595.0955
 10
12119388.5172
 20
3531550.4431
 10
12119389.6907
 20
3531551.1124
 10
12119391.4428
 20
3531547.1487
 10
12119392.6882
 20
3531544.1877
 10
12119407.7299
 20
3531518.0322
 10
12119404.8726
 20
3531516.389
 10
12119414.6255
 20
3531499.4301
 10
12119417.4489
 20
3531501.0539
 10
12119418.9693
 20
3531501.9063
 10
12119424.4193
 20
3531492.432
 10
12119425.7186
 20
3531490.2248
 10
12119428.5947
 20
3531485.1734
 10
12119480.9222
 20
3531394.2061
 10
12119510.0405
 20
3531410.9516
 10
12119509.4392
 20
3531411.9646
 10
12119515.4403
 20
3531415.4158
 10
12119519.5159
 20
3531408.0949
 10
12119523.9468
 20
3531410.6537
 10
12119534.521
 20
3531392.2667
 10
12119552.5009
 20
3531402.6064
 10
12119554.929
 20
3531398.2349
 10
12119561.3521
 20
3531401.9288
 10
12119567.8813
 20
3531390.6753
 10
12119583.2995
 20
3531399.5598
 10
12119596.5561
 20
3531376.5083
 10
12119598.697
 20
3531377.7395
 10
12119602.3907
 20
3531371.3166
 10
12119606.7251
 20
3531373.8093
 10
12119603.0314
 20
3531380.2322
 10
12119604.9592
 20
3531381.3409
 10
12119606.2774
 20
3531379.0488
 10
12119628.3976
 20
3531391.7621
 10
12119625.8409
 20
3531396.3465
 10
12119630.1034
 20
3531398.7978
 10
12119624.6447
 20
3531408.2896
 10
12119618.3038
 20
3531404.719
 10
12119603.3998
 20
3531430.6351
 10
12119605.2638
 20
3531431.6798
 10
12119606.0086
 20
3531432.1163
 10
12119591.9331
 20
3531456.5919
 10
12119585.0701
 20
3531452.645
 10
12119574.7573
 20
3531470.5777
 10
12119572.5993
 20
3531474.2114
 10
12119572.6507
 20
3531474.2408
 10
12119547.6405
 20
3531517.7302
 10
12119541.0686
 20
3531513.9508
 10
12119526.9318
 20
3531538.5329
 10
12119513.9987
 20
3531531.0953
 10
12119502.5761
 20
3531550.9577
 10
12119512.1298
 20
3531556.4519
 10
12119504.5774
 20
3531569.5956
 10
12119500.243
 20
3531567.103
 10
12119488.253
 20
3531587.952
 10
12119476.8113
 20
3531581.373
 10
12119471.9743
 20
3531589.784
 10
12119473.4864
 20
3531590.7026
 10
12119470.0237
 20
3531597.2023
 10
12119471.2257
 20
3531597.8585
 10
12119464.2227
 20
3531610.9284
 10
12119451.0648
 20
3531635.879
 10
12119435.8346
 20
3531664.964
 10
12119423.5017
 20
3531688.6561
 10
12119401.4681
 20
3531730.446
 10
12119397.7392
 20
3531737.6635
 10
12119389.9184
 20
3531753.0686
 10
12119368.0345
 20
3531797.1023
 10
12119359.5635
 20
3531814.6146
 10
12119353.2387
 20
3531828.0038
 10
12119345.8767
 20
3531843.6828
 10
12119331.4376
 20
3531875.3062
 10
12119323.9374
 20
3531891.9842
 10
12119320.1522
 20
3531900.5563
 10
12119311.2444
 20
3531921.1411
 10
12119294.1517
 20
3531961.538
 10
12119289.0275
 20
3531974.0875
 10
12119283.155
 20
3531988.5308
 10
12119273.1433
 20
3532013.7811
 10
12119264.9906
 20
3532032.0639
 10
12119231.3518
 20
3532124.334
 10
12119203.9312
 20
3532218.2051
 10
12119202.046
 20
3532224.7463
 10
12119204.2253
 20
3532225.001
 10
12119233.0852
 20
3532134.4843
 10
12119235.5547
 20
3532126.8126
 10
12119237.7561
 20
3532120.0413
 10
12119241.8806
 20
3532107.5862
 10
12119244.0158
 20
3532101.2418
 10
12119247.2439
 20
3532091.7772
 10
12119250.5187
 20
3532082.3286
 10
12119254.1772
 20
3532071.9452
 10
12119257.2081
 20
3532063.4805
 10
12119260.6225
 20
3532054.0815
 10
12119263.7637
 20
3532045.556
 10
12119267.5906
 20
3532035.3347
 10
12119270.9029
 20
3532026.6168
 10
12119274.5425
 20
3532017.1741
 10
12119278.3891
 20
3532007.3459
 10
12119282.7272
 20
3531996.4304
 10
12119285.8181
 20
3531988.7769
 10
12119290.3519
 20
3531977.6814
 10
12119292.2882
 20
3531973.0066
 10
12119296.1959
 20
3531963.6714
 10
12119298.1672
 20
3531959.0112
 10
12119301.1508
 20
3531952.0232
 10
12119306.1688
 20
3531940.42
 10
12119309.0009
 20
3531933.96
 10
12119312.2918
 20
3531926.5297
 10
12119316.5043
 20
3531917.1356
 10
12119321.8721
 20
3531905.3564
 10
12119324.8494
 20
3531898.8887
 10
12119330.1635
 20
3531887.5134
 10
12119333.4509
 20
3531880.5673
 10
12119339.1263
 20
3531868.7426
 10
12119342.9055
 20
3531860.9754
 10
12119347.3194
 20
3531852.0023
 10
12119351.7776
 20
3531843.0511
 10
12119357.117
 20
3531832.4767
 10
12119361.8623
 20
3531823.2012
 10
12119364.9896
 20
3531817.1391
 10
12119369.6757
 20
3531808.1694
 10
12119373.4412
 20
3531801.0431
 10
12119379.1821
 20
3531790.3009
 10
12119384.0022
 20
3531781.4025
 10
12119386.4289
 20
3531776.9624
 10
12119390.7567
 20
3531769.1085
 10
12119396.2465
 20
3531759.2629
 10
12119401.2216
 20
3531750.4502
 10
12119404.1101
 20
3531745.3804
 10
12119408.7666
 20
3531737.2781
 10
12119419.3391
 20
3531719.1998
 10
12119424.1521
 20
3531711.1054
 10
12119429.3676
 20
3531702.4329
 10
12119434.7482
 20
3531693.5887
 10
12119439.4681
 20
3531685.9236
 10
12119444.7457
 20
3531677.4297
 10
12119449.1767
 20
3531670.37
 10
12119455.4266
 20
3531660.5207
 10
12119460.8295
 20
3531652.1059
 10
12119466.274
 20
3531643.718
 10
12119472.5593
 20
3531634.146
 10
12119477.2226
 20
3531627.1207
 10
12119481.0633
 20
3531621.3823
 10
12119488.4642
 20
3531610.4383
 10
12119494.1162
 20
3531602.1815
 10
12119499.2382
 20
3531594.7795
 10
12119505.5361
 20
3531585.7698
 10
12119511.5336
 20
3531577.2834
 10
12119525.2616
 20
3531558.077
 10
12119525.3869
 20
3531557.902
 10
12119525.533
 20
3531557.6976
 10
12119632.0628
 20
3531408.7566
 10
12119638.7733
 20
3531398.014
 10
12119651.6352
 20
3531375.7343
 10
12119650.4162
 20
3531374.5134
 10
12119646.7544
 20
3531372.3588
 10
12119632.4901
 20
3531364.1547
 10
12119662.902
 20
3531311.2766
 10
12119686.0742
 20
3531324.6211
 10
12119687.2092
 20
3531325.1251
 10
12119687.8361
 20
3531325.3417
 10
12119688.1192
 20
3531325.3826
 10
12119704.174
 20
3531307.9323
 10
12119704.5807
 20
3531307.3341
 10
12119705.5172
 20
3531305.9576
 10
12119706.707
 20
3531304.0149
 10
12119707.9049
 20
3531302.0054
 10
12119709.5291
 20
3531298.7462
 10
12119710.1859
 20
3531297.2563
 10
12119710.9881
 20
3531295.3335
 10
12119711.7795
 20
3531293.2463
 10
12119712.6209
 20
3531290.7031
 10
12119713.1407
 20
3531288.8295
 10
12119713.6319
 20
3531286.8704
 10
12119714.1203
 20
3531284.6199
 10
12119714.4021
 20
3531282.9924
 10
12119714.7725
 20
3531280.3675
 10
12119714.9386
 20
3531279.0049
 10
12119715.075
 20
3531277.0778
 10
12119715.1771
 20
3531274.775
 10
12119715.2021
 20
3531273.5142
 10
12119715.1689
 20
3531271.4681
 10
12119715.1179
 20
3531269.8383
 10
12119714.9794
 20
3531268.1644
 10
12119714.7806
 20
3531266.1512
 10
12119714.4749
 20
3531263.8827
 10
12119714.0677
 20
3531261.6633
 10
12119713.63
 20
3531259.6302
 10
12119713.3954
 20
3531258.6581
 10
12119712.8563
 20
3531256.6581
 10
12119711.9727
 20
3531253.8459
 10
12119711.3355
 20
3531252.0398
 10
12119710.9298
 20
3531251.0265
 10
12119709.9072
 20
3531248.603
 10
12119708.8231
 20
3531246.3036
 10
12119707.2949
 20
3531243.4675
 10
12119706.2653
 20
3531241.7526
 10
12119705.0341
 20
3531239.8463
 10
12119703.7316
 20
3531237.9754
 10
12119702.5393
 20
3531236.3697
 10
12119700.4468
 20
3531233.8405
 10
12119699.1499
 20
3531232.4044
 10
12119697.5142
 20
3531230.7192
 10
12119695.784
 20
3531229.0669
 10
12119694.7823
 20
3531228.1467
 10
12119693.5218
 20
3531227.0902
 10
12119692.1803
 20
3531226.0047
 10
12119690.5938
 20
3531224.7884
 10
12119690.7388
 20
3531224.5671
 10
12119690.738
 20
3531224.5662
 10
12119689.9952
 20
3531224.014
 10
12119675.551
 20
3531213.8079
 10
12119675.2752
 20
3531213.6459
 10
12119675.0651
 20
3531213.5211
 10
12119672.6897
 20
3531212.1104
 10
12119669.764
 20
3531210.5337
 10
12119668.0314
 20
3531209.6736
 10
12119665.2503
 20
3531208.396
 10
12119660.6072
 20
3531206.543
 10
12119655.8412
 20
3531204.9798
 10
12119651.0181
 20
3531203.7255
 10
12119646.1069
 20
3531202.7707
 10
12119641.1545
 20
3531202.1263
 10
12119636.1665
 20
3531201.7926
 10
12119631.155
 20
3531201.7726
 10
12119626.1639
 20
3531202.0651
 10
12119621.2032
 20
3531202.6683
 10
12119616.3928
 20
3531203.5613
 10
12119613.7888
 20
3531204.1691
 10
12119611.4409
 20
3531204.7997
 10
12119606.6874
 20
3531206.3155
 10
12119602.0239
 20
3531208.1315
 10
12119597.4837
 20
3531210.2357
 10
12119593.0901
 20
3531212.6166
 10
12119589.2749
 20
3531214.9867
 10
12119588.8513
 20
3531215.2689
 10
12119584.7937
 20
3531218.1758
 10
12119580.9214
 20
3531221.3347
 10
12119577.2513
 20
3531224.7313
 10
12119576.8263
 20
3531225.1771
 10
12119574.8512
 20
3531227.2698
 10
12119573.9481
 20
3531228.1967
 10
12119573.7043
 20
3531228.4663
 10
12119573.1338
 20
3531229.1622
 10
12119572.8613
 20
3531229.4695
 10
12119571.5383
 20
3531231.0441
 10
12119570.5998
 20
3531232.1904
 10
12119569.8582
 20
3531233.1626
 10
12119568.2652
 20
3531235.3356
 10
12119567.2056
 20
3531236.8329
 10
12119567.1437
 20
3531236.9229
 10
12119565.0077
 20
3531240.2182
 10
12119562.7531
 20
3531243.9836
 10
12119562.0709
 20
3531245.1261
 10
12119562.068
 20
3531245.1244
 10
12119562.0288
 20
3531245.1963
 10
12119557.6134
 20
3531252.5702
 10
12119557.6105
 20
3531252.5685
 10
12119557.5813
 20
3531252.6234
 10
12119556.6676
 20
3531254.1493
 10
12119552.4761
 20
3531261.1497
 10
12119552.4732
 20
3531261.148
 10
12119552.4173
 20
3531261.2472
 10
12119544.7006
 20
3531274.1339
 10
12119542.2014
 20
3531278.3086
 10
12119542.1985
 20
3531278.3069
 10
12119542.0928
 20
3531278.4889
 10
12119454.3218
 20
3531425.0644
 10
12119454.1837
 20
3531425.2937
 10
12119454.1866
 20
3531425.2954
 10
12119453.5933
 20
3531426.2809
 10
12119428.3717
 20
3531468.4004
 10
12119424.0499
 20
3531475.6414
 10
12119418.9446
 20
3531484.2401
 10
12119412.8437
 20
3531494.6103
 10
12119404.6976
 20
3531508.6115
 10
12119400.6634
 20
3531515.6051
 10
12119395.7185
 20
3531524.2414
 10
12119391.8138
 20
3531531.1166
 10
12119386.4195
 20
3531540.6645
 10
12119380.2866
 20
3531551.6303
 10
12119378.6616
 20
3531554.5653
 10
12119378.621
 20
3531554.6327
 10
12119378.6239
 20
3531554.6343
 10
12119376.3962
 20
3531558.6567
 10
12119373.7905
 20
3531563.3657
 10
12119366.6017
 20
3531576.4968
 10
12119359.6026
 20
3531589.4347
 10
12119352.4225
 20
3531602.8663
 10
12119345.8943
 20
3531615.2325
 10
12119345.7956
 20
3531615.4143
 10
12119345.5036
 20
3531615.9672
 10
12119345.432
 20
3531616.104
 10
12119345.435
 20
3531616.1055
 10
12119345.3473
 20
3531616.2662
 10
12119340.8388
 20
3531624.8955
 10
12119340.8096
 20
3531624.9489
 10
12119340.8126
 20
3531624.9504
 10
12119340.2704
 20
3531625.9947
 10
12119338.102
 20
3531630.1598
 10
12119334.4024
 20
3531637.3261
 10
12119330.2582
 20
3531645.425
 10
12119328.8948
 20
3531648.0967
 10
12119327.5256
 20
3531650.7652
 10
12119320.3683
 20
3531664.9368
 10
12119316.7484
 20
3531672.1981
 10
12119315.4053
 20
3531674.8966
 10
12119311.4758
 20
3531682.8091
 10
12119307.1986
 20
3531691.5365
 10
12119306.9615
 20
3531692.0028
 10
12119304.7472
 20
3531696.5343
 10
12119300.7437
 20
3531704.7917
 10
12119300.5349
 20
3531705.2296
 10
12119300.5319
 20
3531705.2282
 10
12119300.4815
 20
3531705.3372
 10
12119294.7901
 20
3531717.1772
 10
12119292.054
 20
3531722.9299
 10
12119291.9126
 20
3531723.2312
 10
12119291.9096
 20
3531723.2298
 10
12119291.8408
 20
3531723.3792
 10
12119289.5926
 20
3531728.1161
 10
12119285.6278
 20
3531736.5386
 10
12119285.511
 20
3531736.7883
 10
12119284.0561
 20
3531739.9079
 10
12119283.709
 20
3531740.6496
 10
12119283.706
 20
3531740.6482
 10
12119283.6221
 20
3531740.8306
 10
12119283.5087
 20
3531741.0718
 10
12119283.4063
 20
3531741.2879
 10
12119283.4093
 20
3531741.2893
 10
12119283.2039
 20
3531741.72
 10
12119279.488
 20
3531749.7151
 10
12119275.3019
 20
3531758.7968
 10
12119268.9793
 20
3531772.6668
 10
12119264.8638
 20
3531781.8024
 10
12119264.6448
 20
3531782.2882
 10
12119258.8613
 20
3531795.2617
 10
12119255.9813
 20
3531801.786
 10
12119252.6849
 20
3531809.3093
 10
12119252.5492
 20
3531809.619
 10
12119248.6208
 20
3531818.6548
 10
12119244.913
 20
3531827.2717
 10
12119244.5225
 20
3531828.1786
 10
12119240.8355
 20
3531836.8119
 10
12119239.1584
 20
3531840.78
 10
12119239.0029
 20
3531841.1484
 10
12119238.9998
 20
3531841.1471
 10
12119238.9056
 20
3531841.3734
 10
12119238.8098
 20
3531841.5949
 10
12119238.8129
 20
3531841.5962
 10
12119238.4255
 20
3531842.5006
 10
12119235.0288
 20
3531850.5792
 10
12119234.9379
 20
3531850.7932
 10
12119234.941
 20
3531850.7945
 10
12119234.5393
 20
3531851.7433
 10
12119230.6839
 20
3531860.9994
 10
12119226.8594
 20
3531870.2685
 10
12119223.687
 20
3531878.0363
 10
12119223.6628
 20
3531878.0897
 10
12119223.6659
 20
3531878.0909
 10
12119223.5792
 20
3531878.2991
 10
12119219.808
 20
3531887.6014
 10
12119219.7606
 20
3531887.7153
 10
12119219.7636
 20
3531887.7165
 10
12119219.5138
 20
3531888.3315
 10
12119217.8966
 20
3531892.344
 10
12119213.5886
 20
3531903.1398
 10
12119210.032
 20
3531912.1433
 10
12119207.0405
 20
3531919.7906
 10
12119206.7588
 20
3531920.51
 10
12119204.6472
 20
3531925.9384
 10
12119199.3022
 20
3531939.8366
 10
12119196.603
 20
3531946.9639
 10
12119195.8919
 20
3531948.8432
 10
12119193.7528
 20
3531954.4892
 10
12119189.9881
 20
3531964.5634
 10
12119185.207
 20
3531977.5213
 10
12119180.5952
 20
3531990.2071
 10
12119180.5747
 20
3531990.257
 10
12119180.5778
 20
3531990.2581
 10
12119180.0072
 20
3531991.8228
 10
12119177.2445
 20
3531999.5177
 10
12119177.1979
 20
3531999.6483
 10
12119173.3643
 20
3532010.4337
 10
12119170.5806
 20
3532018.3666
 10
12119170.5472
 20
3532018.454
 10
12119166.7546
 20
3532029.3481
 10
12119164.0217
 20
3532037.2936
  0
LWPOLYLINE
  5
9D
330
17
100
AcDbEntity
  8
SURF_HOLE_Pavement Surface 11
100
AcDbPolyline
 90
167
 70
1
 10
12119625.7888
 20
3531309.2257
 10
12119625.117
 20
3531309.021
 10
12119624.4533
 20
3531308.7917
 10
12119623.7985
 20
3531308.5381
 10
12119623.1536
 20
3531308.2604
 10
12119622.5193
 20
3531307.9591
 10
12119621.8984
 20
3531307.6354
 10
12119621.3061
 20
3531307.2984
 10
12119620.6898
 20
3531306.9178
 10
12119620.1064
 20
3531306.526
 10
12119619.5383
 20
3531306.1133
 10
12119618.9858
 20
3531305.6798
 10
12119618.4498
 20
3531305.2263
 10
12119617.9309
 20
3531304.7532
 10
12119617.4298
 20
3531304.2613
 10
12119616.9472
 20
3531303.7512
 10
12119616.4065
 20
3531303.1288
 10
12119616.0397
 20
3531302.6786
 10
12119615.617
 20
3531302.1189
 10
12119615.2149
 20
3531301.5433
 10
12119614.8342
 20
3531300.9532
 10
12119614.4757
 20
3531300.3494
 10
12119614.1397
 20
3531299.7328
 10
12119613.8267
 20
3531299.1043
 10
12119613.5371
 20
3531298.4645
 10
12119613.2681
 20
3531297.8057
 10
12119613.0299
 20
3531297.1552
 10
12119612.8129
 20
3531296.4874
 10
12119612.6206
 20
3531295.8117
 10
12119612.4536
 20
3531295.1299
 10
12119612.3119
 20
3531294.4422
 10
12119612.1956
 20
3531293.7497
 10
12119612.1051
 20
3531293.0538
 10
12119612.0402
 20
3531292.353
 10
12119612.0013
 20
3531291.653
 10
12119611.9884
 20
3531290.951
 10
12119612.0013
 20
3531290.2489
 10
12119612.0402
 20
3531289.5489
 10
12119612.1051
 20
3531288.8483
 10
12119612.1956
 20
3531288.1522
 10
12119612.3119
 20
3531287.4597
 10
12119612.4536
 20
3531286.772
 10
12119612.6207
 20
3531286.09
 10
12119612.8129
 20
3531285.4146
 10
12119613.0299
 20
3531284.7467
 10
12119613.2714
 20
3531284.0874
 10
12119613.5371
 20
3531283.4374
 10
12119613.8267
 20
3531282.7977
 10
12119614.1397
 20
3531282.1691
 10
12119614.4757
 20
3531281.5525
 10
12119614.7526
 20
3531281.0862
 10
12119615.2149
 20
3531280.3587
 10
12119615.617
 20
3531279.783
 10
12119616.0402
 20
3531279.2227
 10
12119616.4838
 20
3531278.6783
 10
12119616.9473
 20
3531278.1506
 10
12119617.4298
 20
3531277.6406
 10
12119617.9309
 20
3531277.1487
 10
12119618.4498
 20
3531276.6756
 10
12119618.986
 20
3531276.2219
 10
12119619.5388
 20
3531275.7883
 10
12119620.1064
 20
3531275.3759
 10
12119620.6893
 20
3531274.9844
 10
12119621.2864
 20
3531274.6148
 10
12119621.8952
 20
3531274.2682
 10
12119622.5193
 20
3531273.9429
 10
12119623.1533
 20
3531273.6416
 10
12119623.7985
 20
3531273.3639
 10
12119624.4489
 20
3531273.1119
 10
12119625.117
 20
3531272.8809
 10
12119625.7888
 20
3531272.6763
 10
12119626.4676
 20
3531272.4966
 10
12119627.1526
 20
3531272.3422
 10
12119627.8428
 20
3531272.2132
 10
12119628.5374
 20
3531272.1097
 10
12119629.2349
 20
3531272.0321
 10
12119629.9355
 20
3531271.9802
 10
12119630.507
 20
3531271.959
 10
12119631.3395
 20
3531271.9542
 10
12119632.0412
 20
3531271.9802
 10
12119632.7415
 20
3531272.032
 10
12119633.4389
 20
3531272.1097
 10
12119634.1339
 20
3531272.2132
 10
12119634.8241
 20
3531272.3422
 10
12119635.5091
 20
3531272.4966
 10
12119636.188
 20
3531272.6763
 10
12119636.8597
 20
3531272.8809
 10
12119637.5234
 20
3531273.1102
 10
12119638.1782
 20
3531273.3639
 10
12119638.8231
 20
3531273.6415
 10
12119639.4574
 20
3531273.9429
 10
12119640.0801
 20
3531274.2674
 10
12119640.6738
 20
3531274.6053
 10
12119641.2875
 20
3531274.9845
 10
12119641.8703
 20
3531275.3759
 10
12119642.4385
 20
3531275.7887
 10
12119642.991
 20
3531276.2222
 10
12119643.7684
 20
3531276.8958
 10
12119644.547
 20
3531277.6406
 10
12119645.0295
 20
3531278.1507
 10
12119645.5022
 20
3531278.6897
 10
12119645.9365
 20
3531279.2227
 10
12119646.3594
 20
3531279.7826
 10
12119646.7618
 20
3531280.3586
 10
12119647.1425
 20
3531280.9488
 10
12119647.6792
 20
3531281.8794
 10
12119648.15
 20
3531282.7976
 10
12119648.4396
 20
3531283.4374
 10
12119648.7053
 20
3531284.0874
 10
12119648.9469
 20
3531284.7467
 10
12119649.1639
 20
3531285.4146
 10
12119649.4609
 20
3531286.518
 10
12119649.6648
 20
3531287.4597
 10
12119649.7811
 20
3531288.1522
 10
12119649.8717
 20
3531288.8486
 10
12119649.9365
 20
3531289.5478
 10
12119649.9754
 20
3531290.2489
 10
12119649.9884
 20
3531290.951
 10
12119649.9754
 20
3531291.653
 10
12119649.9365
 20
3531292.3542
 10
12119649.8717
 20
3531293.0534
 10
12119649.7804
 20
3531293.7537
 10
12119649.6648
 20
3531294.4422
 10
12119649.5231
 20
3531295.1299
 10
12119649.356
 20
3531295.812
 10
12119649.1638
 20
3531296.4874
 10
12119648.9469
 20
3531297.1552
 10
12119648.7053
 20
3531297.8146
 10
12119648.4396
 20
3531298.4645
 10
12119648.1501
 20
3531299.1043
 10
12119647.8373
 20
3531299.7324
 10
12119647.501
 20
3531300.3494
 10
12119647.1421
 20
3531300.9538
 10
12119646.7619
 20
3531301.5433
 10
12119646.3598
 20
3531302.1188
 10
12119645.9365
 20
3531302.6793
 10
12119645.4929
 20
3531303.2236
 10
12119645.0295
 20
3531303.7512
 10
12119644.547
 20
3531304.2613
 10
12119644.0462
 20
3531304.7529
 10
12119643.5269
 20
3531305.2263
 10
12119642.9909
 20
3531305.6798
 10
12119642.4384
 20
3531306.1133
 10
12119641.8703
 20
3531306.5261
 10
12119641.2873
 20
3531306.9176
 10
12119640.689
 20
3531307.288
 10
12119640.0801
 20
3531307.6345
 10
12119639.4574
 20
3531307.9591
 10
12119638.8231
 20
3531308.2604
 10
12119638.1788
 20
3531308.5378
 10
12119637.5234
 20
3531308.7917
 10
12119636.8597
 20
3531309.021
 10
12119636.188
 20
3531309.2257
 10
12119635.5091
 20
3531309.4053
 10
12119634.8241
 20
3531309.5598
 10
12119634.1343
 20
3531309.6887
 10
12119633.4393
 20
3531309.7922
 10
12119632.7415
 20
3531309.8699
 10
12119632.0412
 20
3531309.9218
 10
12119631.3395
 20
3531309.9477
 10
12119630.6373
 20
3531309.9477
 10
12119629.9355
 20
3531309.9218
 10
12119629.2353
 20
3531309.8699
 10
12119628.5374
 20
3531309.7922
 10
12119627.8421
 20
3531309.6887
 10
12119627.1526
 20
3531309.5598
 10
12119626.4676
 20
3531309.4053
  0
LWPOLYLINE
  5
9F
330
17
100
AcDbEntity
  8
SURF_OUTER_Pavement Surface 12
100
AcDbPolyline
 90
185
 70
1
 10
12119693.5828
 20
3531947.8627
 10
12119691.26
 20
3531950.7801
 10
12119690.2817
 20
3531952.043
 10
12119688.5485
 20
3531954.3327
 10
12119686.5824
 20
3531957.0155
 10
12119684.734
 20
3531959.6259
 10
12119683.3777
 20
3531961.5994
 10
12119681.3346
 20
3531964.6712
 10
12119679.5484
 20
3531967.4614
 10
12119678.2215
 20
3531969.6022
 10
12119677.0947
 20
3531971.4689
 10
12119675.0927
 20
3531974.9037
 10
12119667.3753
 20
3531988.6531
 10
12119677.831
 20
3531994.5181
 10
12119698.9697
 20
3531956.8362
 10
12119701.6841
 20
3531958.9684
 10
12119696.9971
 20
3531964.9352
 10
12119690.7018
 20
3531975.5638
 10
12119680.9249
 20
3531993.0112
 10
12119680.1975
 20
3531995.8726
 10
12119720.4424
 20
3532019.893
 10
12119727.831
 20
3532017.7694
 10
12119736.9037
 20
3532013.7408
 10
12119748.7827
 20
3532009.9733
 10
12119772.7993
 20
3532006.7763
 10
12119790.932
 20
3531998.2869
 10
12119822.7476
 20
3531955.4153
 10
12119839.3022
 20
3531916.5465
 10
12119843.5956
 20
3531904.0899
 10
12119849.0599
 20
3531892.0469
 10
12119850.6052
 20
3531885.1233
 10
12119848.3258
 20
3531882.7472
 10
12119843.6095
 20
3531879.2566
 10
12119851.193
 20
3531882.4896
 10
12119868.0103
 20
3531807.1384
 10
12119866.8042
 20
3531805.4589
 10
12119867.174
 20
3531799.6246
 10
12119869.9091
 20
3531794.5201
 10
12119872.193
 20
3531788.4312
 10
12119886.937
 20
3531722.4886
 10
12119971.1856
 20
3531548.2645
 10
12119986.9255
 20
3531527.5782
 10
12119977.5767
 20
3531520.2207
 10
12119977.6405
 20
3531520.1238
 10
12119979.583
 20
3531521.1808
 10
12119987.2201
 20
3531527.1911
 10
12120015.5622
 20
3531489.9423
 10
12120018.3679
 20
3531485.6788
 10
12120020.6338
 20
3531483.3082
 10
12120050.5549
 20
3531444.1684
 10
12120173.3458
 20
3531279.5739
 10
12120175.2235
 20
3531280.8932
 10
12120175.525
 20
3531280.5105
 10
12120170.8116
 20
3531276.7979
 10
12120169.2387
 20
3531275.5627
 10
12119975.3234
 20
3531521.9721
 10
12119972.3075
 20
3531525.8467
 10
12119969.3109
 20
3531529.7362
 10
12119966.3339
 20
3531533.6407
 10
12119962.8603
 20
3531538.2482
 10
12119960.4385
 20
3531541.4942
 10
12119955.6299
 20
3531548.0246
 10
12119948.8777
 20
3531557.3707
 10
12119948.3664
 20
3531558.1065
 10
12119946.0462
 20
3531561.3822
 10
12119943.2277
 20
3531565.4026
 10
12119939.1278
 20
3531571.3283
 10
12119935.8461
 20
3531576.1392
 10
12119932.1556
 20
3531581.6238
 10
12119929.4384
 20
3531585.7134
 10
12119926.7418
 20
3531589.8166
 10
12119924.0656
 20
3531593.9332
 10
12119921.4101
 20
3531598.0631
 10
12119918.7753
 20
3531602.2062
 10
12119916.1612
 20
3531606.3625
 10
12119913.512
 20
3531610.6223
 10
12119910.6573
 20
3531615.2675
 10
12119907.1528
 20
3531621.0503
 10
12119902.0609
 20
3531629.6164
 10
12119898.7653
 20
3531635.2682
 10
12119896.0033
 20
3531640.0726
 10
12119893.5788
 20
3531644.3423
 10
12119891.0417
 20
3531648.8642
 10
12119887.3505
 20
3531655.5451
 10
12119884.3511
 20
3531661.0659
 10
12119881.7783
 20
3531665.8695
 10
12119878.6553
 20
3531671.7881
 10
12119876.4191
 20
3531676.0872
 10
12119875.3174
 20
3531678.2502
 10
12119872.8444
 20
3531683.3585
 10
12119871.5078
 20
3531686.2834
 10
12119870.6439
 20
3531688.243
 10
12119868.9075
 20
3531692.365
 10
12119868.0122
 20
3531694.5966
 10
12119867.1037
 20
3531696.9446
 10
12119865.411
 20
3531701.5734
 10
12119864.5249
 20
3531704.1481
 10
12119863.8304
 20
3531706.2501
 10
12119862.9253
 20
3531709.1144
 10
12119862.2724
 20
3531711.2792
 10
12119861.5276
 20
3531713.8644
 10
12119861.0099
 20
3531715.7426
 10
12119859.7725
 20
3531720.5559
 10
12119859.0279
 20
3531723.7204
 10
12119858.652
 20
3531725.4124
 10
12119858.0199
 20
3531728.4286
 10
12119857.5333
 20
3531730.9247
 10
12119857.0325
 20
3531733.6908
 10
12119856.4754
 20
3531737.0663
 10
12119856.007
 20
3531740.2296
 10
12119855.5463
 20
3531743.7498
 10
12119855.3695
 20
3531745.2475
 10
12119854.8571
 20
3531750.3031
 10
12119854.6169
 20
3531753.2942
 10
12119854.4716
 20
3531755.3954
 10
12119854.2153
 20
3531760.5233
 10
12119854.116
 20
3531764.029
 10
12119854.0904
 20
3531765.6858
 10
12119854.0993
 20
3531770.8821
 10
12119854.1755
 20
3531774.197
 10
12119854.2806
 20
3531776.95
 10
12119854.5227
 20
3531781.2772
 10
12119854.7517
 20
3531784.3488
 10
12119854.8878
 20
3531786.661
 10
12119854.9182
 20
3531788.134
 10
12119854.9138
 20
3531789.146
 10
12119854.8014
 20
3531791.8387
 10
12119854.6015
 20
3531794.0291
 10
12119854.5263
 20
3531794.6556
 10
12119853.6954
 20
3531799.3779
 10
12119853.424
 20
3531800.5153
 10
12119852.3396
 20
3531804.2187
 10
12119851.6609
 20
3531806.1119
 10
12119850.4988
 20
3531808.9021
 10
12119850.1363
 20
3531809.6855
 10
12119849.2749
 20
3531811.4156
 10
12119848.1899
 20
3531813.3826
 10
12119847.6364
 20
3531814.3111
 10
12119846.2796
 20
3531816.4113
 10
12119845.4409
 20
3531817.6024
 10
12119844.6574
 20
3531818.6519
 10
12119842.6832
 20
3531821.064
 10
12119841.2376
 20
3531822.65
 10
12119839.0788
 20
3531824.7652
 10
12119838.4792
 20
3531825.3336
 10
12119837.3502
 20
3531826.3192
 10
12119835.3728
 20
3531827.9086
 10
12119834.8346
 20
3531828.2952
 10
12119833.6446
 20
3531829.1686
 10
12119833.0653
 20
3531829.5661
 10
12119830.6564
 20
3531831.095
 10
12119828.133
 20
3531832.499
 10
12119826.2035
 20
3531833.4478
 10
12119823.4245
 20
3531834.5838
 10
12119821.8588
 20
3531835.2239
 10
12119821.7018
 20
3531835.2709
 10
12119821.5351
 20
3531835.3374
 10
12119816.6994
 20
3531836.7445
 10
12119814.7345
 20
3531837.2306
 10
12119810.6791
 20
3531838.3692
 10
12119807.9152
 20
3531839.2525
 10
12119805.3348
 20
3531840.1579
 10
12119801.742
 20
3531841.5532
 10
12119799.0005
 20
3531842.7272
 10
12119797.7108
 20
3531843.3134
 10
12119796.0813
 20
3531844.0861
 10
12119793.3897
 20
3531845.4425
 10
12119791.9677
 20
3531846.2007
 10
12119789.7949
 20
3531847.4308
 10
12119787.2103
 20
3531848.9593
 10
12119785.9896
 20
3531849.7249
 10
12119783.9035
 20
3531851.1005
 10
12119781.2148
 20
3531852.9657
 10
12119779.5394
 20
3531854.2297
 10
12119777.1571
 20
3531856.0538
 10
12119775.523
 20
3531857.3934
 10
12119773.5763
 20
3531859.0669
 10
12119772.1997
 20
3531860.3041
 10
12119771.0807
 20
3531861.3446
 10
12119769.3877
 20
3531862.9813
 10
12119767.0734
 20
3531865.3489
 10
12119765.9208
 20
3531866.5887
 10
12119699.7512
 20
3531940.621
 10
12119698.0031
 20
3531942.6033
 10
12119695.5763
 20
3531945.4453
  0
LWPOLYLINE
  5
A1
330
17
100
AcDbEntity
  8
SURF_OUTER_Pavement Surface 13
100
AcDbPolyline
 90
95
 70
1
 10
12119802.6032
 20
3531738.0774
 10
12119795.1529
 20
3531752.9239
 10
12119808.2812
 20
3531758.7473
 10
12119808.2127
 20
3531758.9114
 10
12119794.7862
 20
3531753.6548
 10
12119792.1223
 20
3531758.9631
 10
12119791.6967
 20
3531760.0632
 10
12119787.9814
 20
3531758.4976
 10
12119783.6714
 20
3531756.8012
 10
12119783.8567
 20
3531758.2418
 10
12119783.5957
 20
3531759.7793
 10
12119783.5339
 20
3531761.9001
 10
12119783.6222
 20
3531762.9512
 10
12119783.7825
 20
3531764.4005
 10
12119784.3484
 20
3531766.6254
 10
12119785.1963
 20
3531768.7121
 10
12119786.1231
 20
3531770.3321
 10
12119787.6122
 20
3531772.355
 10
12119789.2046
 20
3531773.948
 10
12119791.0341
 20
3531775.335
 10
12119793.0574
 20
3531776.4663
 10
12119795.2184
 20
3531777.3051
 10
12119797.453
 20
3531777.8316
 10
12119799.6953
 20
3531778.0442
 10
12119801.884
 20
3531777.9584
 10
12119804.1358
 20
3531777.5562
 10
12119806.191
 20
3531776.9097
 10
12119808.2665
 20
3531775.9285
 10
12119810.1093
 20
3531774.7198
 10
12119810.9141
 20
3531774.0328
 10
12119811.973
 20
3531773.0951
 10
12119813.4472
 20
3531771.3903
 10
12119813.748
 20
3531770.9462
 10
12119814.5583
 20
3531769.6898
 10
12119815.0406
 20
3531768.7063
 10
12119816.251
 20
3531765.7825
 10
12119819.6621
 20
3531757.17
 10
12119822.1242
 20
3531751.0454
 10
12119825.3154
 20
3531743.2763
 10
12119827.246
 20
3531738.6641
 10
12119830.1351
 20
3531731.8803
 10
12119833.176
 20
3531724.8861
 10
12119835.9797
 20
3531718.5636
 10
12119839.6274
 20
3531710.5095
 10
12119843.3794
 20
3531702.4174
 10
12119846.6173
 20
3531695.5821
 10
12119849.9925
 20
3531688.5958
 10
12119852.1963
 20
3531684.1076
 10
12119854.2203
 20
3531680.0347
 10
12119856.6709
 20
3531675.1647
 10
12119860.4315
 20
3531667.8211
 10
12119864.5449
 20
3531659.9473
 10
12119868.1629
 20
3531653.163
 10
12119871.571
 20
3531646.8848
 10
12119875.457
 20
3531639.8536
 10
12119878.0293
 20
3531635.2717
 10
12119880.3731
 20
3531631.1455
 10
12119882.8637
 20
3531626.81
 10
12119885.3884
 20
3531622.4724
 10
12119887.9033
 20
3531618.1953
 10
12119891.7287
 20
3531611.7757
 10
12119895.2957
 20
3531605.8857
 10
12119898.2597
 20
3531601.0632
 10
12119900.9005
 20
3531596.8175
 10
12119903.5625
 20
3531592.585
 10
12119906.2456
 20
3531588.3659
 10
12119910.2975
 20
3531582.0814
 10
12119914.4211
 20
3531575.7899
 10
12119917.188
 20
3531571.6253
 10
12119919.9758
 20
3531567.4746
 10
12119922.7877
 20
3531563.3406
 10
12119922.8254
 20
3531563.2892
 10
12119922.8227
 20
3531563.2874
 10
12119924.288
 20
3531561.1411
 10
12119928.4631
 20
3531555.1068
 10
12119933.6182
 20
3531547.7847
 10
12119933.6202
 20
3531547.7818
 10
12119937.0913
 20
3531542.9291
 10
12119940.0662
 20
3531538.8171
 10
12119942.0835
 20
3531536.0587
 10
12119944.9263
 20
3531532.2482
 10
12119945.9893
 20
3531530.7601
 10
12119946.6208
 20
3531529.9766
 10
12119948.7242
 20
3531527.1122
 10
12119951.9957
 20
3531522.7656
 10
12119954.3439
 20
3531519.69
 10
12119961.1471
 20
3531510.8802
 10
12119967.2184
 20
3531503.1591
 10
12119954.6277
 20
3531493.2594
 10
12119943.3572
 20
3531508.4144
 10
12119905.1866
 20
3531563.7589
 10
12119875.0724
 20
3531610.6318
 10
12119853.737
 20
3531645.7238
 10
12119828.8639
 20
3531689.5042
 10
12119815.6124
 20
3531713.4343
  0
LWPOLYLINE
  5
A3
330
17
100
AcDbEntity
  8
SURF_OUTER_Pavement Surface 14
100
AcDbPolyline
 90
44
 70
1
 10
12119666.6992
 20
3531965.3449
 10
12119667.4915
 20
3531964.077
 10
12119668.7322
 20
3531962.0414
 10
12119669.8628
 20
3531960.2263
 10
12119672.0201
 20
3531956.8783
 10
12119673.3741
 20
3531954.8494
 10
12119674.822
 20
3531952.7372
 10
12119676.7883
 20
3531949.9586
 10
12119678.8829
 20
3531947.1052
 10
12119680.7318
 20
3531944.6717
 10
12119681.7762
 20
3531943.3304
 10
12119683.8361
 20
3531940.7522
 10
12119686.391
 20
3531937.6714
 10
12119687.954
 20
3531935.8629
 10
12119688.9897
 20
3531934.6621
 10
12119689.9312
 20
3531933.6066
 10
12119761.8656
 20
3531853.1092
 10
12119763.6237
 20
3531851.1244
 10
12119766.891
 20
3531847.3396
 10
12119769.5998
 20
3531844.1024
 10
12119772.117
 20
3531841.0092
 10
12119774.2315
 20
3531838.3419
 10
12119776.308
 20
3531835.666
 10
12119777.8001
 20
3531833.702
 10
12119779.7753
 20
3531831.0403
 10
12119777.8851
 20
3531829.8516
 10
12119776.0324
 20
3531828.566
 10
12119774.2288
 20
3531827.1886
 10
12119772.4809
 20
3531825.7222
 10
12119770.7952
 20
3531824.1704
 10
12119769.1778
 20
3531822.537
 10
12119767.6344
 20
3531820.8268
 10
12119766.1705
 20
3531819.0449
 10
12119764.7909
 20
3531817.197
 10
12119763.5
 20
3531815.2891
 10
12119762.3014
 20
3531813.3277
 10
12119761.1982
 20
3531811.3194
 10
12119760.193
 20
3531809.2713
 10
12119759.2875
 20
3531807.1904
 10
12119758.4828
 20
3531805.0838
 10
12119757.7935
 20
3531802.9337
 10
12119758.4894
 20
3531801.6927
 10
12119758.5305
 20
3531801.6194
 10
12119758.2904
 20
3531802.0474
  0
LWPOLYLINE
  5
A5
330
17
100
AcDbEntity
  8
SURF_OUTER_Pavement Surface 15
100
AcDbPolyline
 90
49
 70
1
 10
12119078.81
 20
3532188.1502
 10
12119087.7604
 20
3532191.1058
 10
12119131.6657
 20
3532058.1517
 10
12119136.4496
 20
3532043.8367
 10
12119141.3042
 20
3532029.5488
 10
12119143.089
 20
3532024.3713
 10
12119143.143
 20
3532024.2237
 10
12119143.1389
 20
3532024.2223
 10
12119143.1579
 20
3532024.1718
 10
12119146.23
 20
3532015.2854
 10
12119150.7345
 20
3532002.4405
 10
12119154.6001
 20
3531991.5691
 10
12119159.7137
 20
3531977.372
 10
12119164.1278
 20
3531965.2977
 10
12119168.4768
 20
3531953.5551
 10
12119173.7017
 20
3531939.6416
 10
12119178.5246
 20
3531926.9843
 10
12119183.1095
 20
3531915.0989
 10
12119186.3599
 20
3531906.7858
 10
12119186.4774
 20
3531906.4785
 10
12119190.1472
 20
3531897.162
 10
12119190.1747
 20
3531897.1009
 10
12119190.1705
 20
3531897.0993
 10
12119191.8973
 20
3531892.7494
 10
12119193.9933
 20
3531887.4756
 10
12119199.3866
 20
3531874.0744
 10
12119204.4445
 20
3531861.681
 10
12119195.7146
 20
3531857.6371
 10
12119192.3785
 20
3531865.8035
 10
12119188.5978
 20
3531875.1469
 10
12119184.7899
 20
3531884.6492
 10
12119181.1206
 20
3531893.8948
 10
12119177.4289
 20
3531903.2872
 10
12119173.7686
 20
3531912.6921
 10
12119170.1397
 20
3531922.109
 10
12119166.5427
 20
3531931.5362
 10
12119162.9725
 20
3531940.9872
 10
12119159.0819
 20
3531951.3969
 10
12119154.5619
 20
3531963.6409
 10
12119152.1745
 20
3531970.1755
 10
12119149.028
 20
3531978.8596
 10
12119145.6173
 20
3531988.3649
 10
12119143.2369
 20
3531995.0558
 10
12119138.8937
 20
3532007.3883
 10
12119135.4253
 20
3532017.3676
 10
12119132.3028
 20
3532026.4654
 10
12119128.9958
 20
3532036.2248
 10
12119125.8325
 20
3532045.6519
 10
12119121.6335
 20
3532058.2394
  0
LWPOLYLINE
  5
A7
330
17
100
AcDbEntity
  8
SURF_OUTER_Pavement Surface 16
100
AcDbPolyline
 90
61
 70
1
 10
12119492.5468
 20
3531887.5262
 10
12119490.6699
 20
3531889.6387
 10
12119489.0001
 20
3531891.9185
 10
12119488.4423
 20
3531892.8527
 10
12119487.2433
 20
3531894.9948
 10
12119486.3583
 20
3531896.8517
 10
12119485.8567
 20
3531898.2161
 10
12119484.0128
 20
3531903.6456
 10
12119483.5662
 20
3531904.8826
 10
12119482.8473
 20
3531906.9456
 10
12119481.2831
 20
3531911.7081
 10
12119478.4508
 20
3531920.4393
 10
12119471.1261
 20
3531959.4476
 10
12119615.5507
 20
3531990.7256
 10
12119629.9441
 20
3531949.9035
 10
12119636.674
 20
3531937.1631
 10
12119637.9129
 20
3531934.42
 10
12119646.7073
 20
3531939.327
 10
12119646.8403
 20
3531939.3849
 10
12119652.1839
 20
3531929.8288
 10
12119654.7388
 20
3531925.3633
 10
12119655.3007
 20
3531924.2749
 10
12119657.0769
 20
3531920.3033
 10
12119658.0582
 20
3531916.9676
 10
12119658.5678
 20
3531914.0866
 10
12119658.7967
 20
3531911.5091
 10
12119658.7814
 20
3531908.99
 10
12119658.5868
 20
3531906.7584
 10
12119658.2548
 20
3531904.6355
 10
12119657.8004
 20
3531902.5804
 10
12119657.2242
 20
3531900.6478
 10
12119656.4997
 20
3531898.7017
 10
12119655.5943
 20
3531896.7612
 10
12119654.9215
 20
3531895.534
 10
12119654.5395
 20
3531894.8641
 10
12119653.3714
 20
3531893.0752
 10
12119652.0929
 20
3531891.3842
 10
12119651.9236
 20
3531891.1893
 10
12119650.7064
 20
3531889.7881
 10
12119649.2113
 20
3531888.2852
 10
12119647.5988
 20
3531886.8838
 10
12119645.8534
 20
3531885.5995
 10
12119643.9891
 20
3531884.4197
 10
12119641.9965
 20
3531883.3523
 10
12119639.861
 20
3531882.4083
 10
12119637.5649
 20
3531881.6041
 10
12119635.0839
 20
3531880.9613
 10
12119632.3857
 20
3531880.5094
 10
12119629.2409
 20
3531880.2783
 10
12119514.4782
 20
3531878.4894
 10
12119512.491
 20
3531878.5242
 10
12119510.4972
 20
3531878.6922
 10
12119508.5101
 20
3531878.9943
 10
12119506.1176
 20
3531879.5547
 10
12119504.6103
 20
3531879.9965
 10
12119502.707
 20
3531880.6974
 10
12119501.0678
 20
3531881.4276
 10
12119499.1382
 20
3531882.4317
 10
12119498.9626
 20
3531882.545
 10
12119496.5945
 20
3531884.0729
 10
12119494.6046
 20
3531885.6077
  0
LWPOLYLINE
  5
A9
330
17
100
AcDbEntity
  8
SURF_OUTER_Pavement Surface 17
100
AcDbPolyline
 90
87
 70
1
 10
12119245.9122
 20
3532192.876
 10
12119237.5908
 20
3532218.7141
 10
12119232.997
 20
3532234.1756
 10
12119235.6656
 20
3532235.0265
 10
12119237.5576
 20
3532229.1092
 10
12119242.8677
 20
3532230.7164
 10
12119245.3636
 20
3532231.4183
 10
12119250.9141
 20
3532232.9378
 10
12119277.7124
 20
3532149.2488
 10
12119286.3281
 20
3532122.9588
 10
12119302.5758
 20
3532076.23
 10
12119318.8319
 20
3532032.962
 10
12119327.8346
 20
3532010.2418
 10
12119329.966
 20
3532004.9617
 10
12119322.6262
 20
3532001.7924
 10
12119320.2149
 20
3532000.7211
 10
12119322.7437
 20
3531994.5511
 10
12119332.4596
 20
3531971.3847
 10
12119343.2462
 20
3531946.5828
 10
12119353.949
 20
3531922.8454
 10
12119360.2831
 20
3531909.204
 10
12119358.745
 20
3531908.4854
 10
12119358.8048
 20
3531908.3412
 10
12119432.1617
 20
3531935.0061
 10
12119435.1176
 20
3531925.4407
 10
12119437.2023
 20
3531918.8005
 10
12119439.3705
 20
3531911.7568
 10
12119441.541
 20
3531904.7058
 10
12119445.2999
 20
3531892.7844
 10
12119446.7044
 20
3531888.3826
 10
12119447.4418
 20
3531885.5913
 10
12119447.9122
 20
3531882.7004
 10
12119448.0988
 20
3531879.7487
 10
12119448.0278
 20
3531877.7604
 10
12119447.7893
 20
3531875.2805
 10
12119447.5932
 20
3531873.8335
 10
12119446.9083
 20
3531870.9563
 10
12119445.9541
 20
3531868.1872
 10
12119444.7537
 20
3531865.5615
 10
12119443.4641
 20
3531863.3102
 10
12119441.9365
 20
3531861.1155
 10
12119440.1708
 20
3531859.0124
 10
12119438.1733
 20
3531857.0372
 10
12119435.9575
 20
3531855.2262
 10
12119433.5443
 20
3531853.6135
 10
12119430.9711
 20
3531852.2348
 10
12119428.2424
 20
3531851.0995
 10
12119425.4257
 20
3531850.2414
 10
12119422.5525
 20
3531849.6656
 10
12119419.6647
 20
3531849.3743
 10
12119416.8029
 20
3531849.3617
 10
12119414.0052
 20
3531849.6146
 10
12119411.3049
 20
3531850.1137
 10
12119408.73
 20
3531850.835
 10
12119406.8144
 20
3531851.538
 10
12119392.2346
 20
3531857.4585
 10
12119390.1089
 20
3531858.4263
 10
12119387.4054
 20
3531859.7268
 10
12119383.5685
 20
3531862.012
 10
12119381.7185
 20
3531863.2895
 10
12119381.1612
 20
3531863.7125
 10
12119379.3228
 20
3531865.1524
 10
12119378.186
 20
3531866.0994
 10
12119376.5151
 20
3531867.6242
 10
12119374.915
 20
3531869.2231
 10
12119373.3902
 20
3531870.8909
 10
12119371.9453
 20
3531872.6223
 10
12119370.584
 20
3531874.4116
 10
12119368.1245
 20
3531878.1392
 10
12119366.0306
 20
3531882.0232
 10
12119354.4107
 20
3531906.4952
 10
12119347.7234
 20
3531920.9711
 10
12119341.1507
 20
3531935.5033
 10
12119334.6933
 20
3531950.0905
 10
12119328.3518
 20
3531964.7312
 10
12119322.1223
 20
3531979.435
 10
12119316.0193
 20
3531994.1678
 10
12119310.0296
 20
3532008.9609
 10
12119304.1583
 20
3532023.8019
 10
12119298.406
 20
3532038.6895
 10
12119292.7733
 20
3532053.6222
 10
12119287.2607
 20
3532068.5986
 10
12119281.8687
 20
3532083.6171
 10
12119276.5978
 20
3532098.6764
 10
12119271.4485
 20
3532113.775
 10
12119266.4211
 20
3532128.9115
 10
12119261.5161
 20
3532144.0842
  0
LWPOLYLINE
  5
AB
330
17
100
AcDbEntity
  8
SURF_OUTER_Pavement Surface 18
100
AcDbPolyline
 90
119
 70
1
 10
12119980.2176
 20
3530963.2388
 10
12119908.8376
 20
3531063.0363
 10
12119920.1961
 20
3531071.3906
 10
12120050.9578
 20
3530905.3261
 10
12120052.7996
 20
3530902.9648
 10
12120053.7927
 20
3530903.7105
 10
12120053.6127
 20
3530904.2675
 10
12120054.9234
 20
3530905.7768
 10
12120052.6861
 20
3530907.3207
 10
12120052.233
 20
3530908.5378
 10
12120052.1745
 20
3530909.3214
 10
12120051.3106
 20
3530911.3924
 10
12120095.166
 20
3530945.8724
 10
12120071.1998
 20
3530976.2788
 10
12120076.4621
 20
3530980.3252
 10
12120123.395
 20
3531017.0835
 10
12120126.1254
 20
3531018.5885
 10
12120132.8414
 20
3531009.8365
 10
12120134.6555
 20
3531007.3216
 10
12120135.4147
 20
3531006.1821
 10
12120136.4579
 20
3531004.5181
 10
12120137.8205
 20
3531002.1429
 10
12120138.1021
 20
3531001.619
 10
12120139.5831
 20
3530998.6332
 10
12120139.9033
 20
3530997.9281
 10
12120140.8963
 20
3530995.5699
 10
12120141.6502
 20
3530993.5633
 10
12120142.0376
 20
3530992.4386
 10
12120143.0036
 20
3530989.2487
 10
12120143.7913
 20
3530986.0102
 10
12120144.096
 20
3530984.4915
 10
12120144.3983
 20
3530982.7331
 10
12120144.7798
 20
3530979.8401
 10
12120144.8226
 20
3530979.4273
 10
12120145.0631
 20
3530976.103
 10
12120145.1097
 20
3530974.6718
 10
12120145.1189
 20
3530972.7706
 10
12120145.1014
 20
3530972.1933
 10
12120144.9898
 20
3530969.4402
 10
12120144.6316
 20
3530965.7654
 10
12120144.1795
 20
3530962.8264
 10
12120143.85
 20
3530961.1294
 10
12120143.5007
 20
3530959.5634
 10
12120143.0553
 20
3530957.8041
 10
12120141.5947
 20
3530953.177
 10
12120141.2139
 20
3530952.1112
 10
12120140.3963
 20
3530950.0696
 10
12120139.0161
 20
3530947.0359
 10
12120137.4698
 20
3530944.0833
 10
12120137.1935
 20
3530943.6173
 10
12120136.3942
 20
3530942.2697
 10
12120135.5419
 20
3530940.9678
 10
12120134.7141
 20
3530939.6263
 10
12120133.8987
 20
3530938.4578
 10
12120131.9001
 20
3530935.8097
 10
12120128.2546
 20
3530931.0742
 10
12120128.2464
 20
3530931.0636
 10
12120125.5403
 20
3530928.9375
 10
12120120.4117
 20
3530924.8439
 10
12120117.1424
 20
3530922.2485
 10
12120097.5213
 20
3530906.8814
 10
12120095.9697
 20
3530905.7336
 10
12120094.3498
 20
3530904.5605
 10
12120093.8671
 20
3530904.2343
 10
12120091.5462
 20
3530902.7583
 10
12120089.4117
 20
3530901.5275
 10
12120088.3715
 20
3530900.9764
 10
12120086.5653
 20
3530900.0732
 10
12120085.0919
 20
3530899.374
 10
12120082.5978
 20
3530898.3204
 10
12120081.644
 20
3530897.9543
 10
12120079.4664
 20
3530897.1792
 10
12120077.5991
 20
3530896.5904
 10
12120075.9603
 20
3530896.128
 10
12120074.1671
 20
3530895.7197
 10
12120073.2317
 20
3530895.4676
 10
12120071.2281
 20
3530895.0675
 10
12120069.7607
 20
3530894.8191
 10
12120068.7923
 20
3530894.6755
 10
12120066.4402
 20
3530894.3934
 10
12120064.3061
 20
3530894.2184
 10
12120062.8627
 20
3530894.1531
 10
12120061.7785
 20
3530894.1211
 10
12120061.2014
 20
3530894.1121
 10
12120060.4532
 20
3530894.103
 10
12120059.4301
 20
3530894.1093
 10
12120058.7584
 20
3530894.1281
 10
12120056.7397
 20
3530894.2107
 10
12120055.1032
 20
3530894.3347
 10
12120053.3255
 20
3530894.5205
 10
12120051.9205
 20
3530894.7054
 10
12120050.0284
 20
3530895.0079
 10
12120047.8442
 20
3530895.4348
 10
12120045.84
 20
3530895.9012
 10
12120044.6039
 20
3530896.2254
 10
12120043.551
 20
3530896.5237
 10
12120042.4646
 20
3530896.8534
 10
12120040.3697
 20
3530897.5533
 10
12120038.2714
 20
3530898.342
 10
12120036.9341
 20
3530898.8921
 10
12120035.2037
 20
3530899.6608
 10
12120033.4804
 20
3530900.4923
 10
12120032.9792
 20
3530900.7573
 10
12120031.266
 20
3530901.6633
 10
12120029.2366
 20
3530902.8437
 10
12120028.3988
 20
3530903.3626
 10
12120027.1328
 20
3530904.1949
 10
12120025.6302
 20
3530905.2181
 10
12120023.7989
 20
3530906.5735
 10
12120022.9687
 20
3530907.2243
 10
12120021.4003
 20
3530908.5203
 10
12120020.4226
 20
3530909.375
 10
12120018.7454
 20
3530910.9317
 10
12120017.6247
 20
3530912.041
 10
12120015.5108
 20
3530914.3104
 10
12120014.0252
 20
3530916.0579
 10
12120011.5805
 20
3530919.2293
 10
12120001.5243
 20
3530933.2891
 10
12119982.8526
 20
3530959.3943
  0
LWPOLYLINE
  5
AD
330
17
100
AcDbEntity
  8
SURF_OUTER_Pavement Surface 19
100
AcDbPolyline
 90
83
 70
1
 10
12119211.1821
 20
3531820.6105
 10
12119207.8378
 20
3531828.495
 10
12119203.9291
 20
3531837.7962
 10
12119200.0476
 20
3531847.1194
 10
12119195.7146
 20
3531857.6371
 10
12119204.4445
 20
3531861.681
 10
12119210.8614
 20
3531846.161
 10
12119216.7033
 20
3531832.2477
 10
12119222.6147
 20
3531818.3638
 10
12119225.3246
 20
3531812.0806
 10
12119225.4058
 20
3531811.8985
 10
12119225.4015
 20
3531811.8967
 10
12119225.6906
 20
3531811.2328
 10
12119228.5955
 20
3531804.5096
 10
12119235.4588
 20
3531788.845
 10
12119241.0138
 20
3531776.3336
 10
12119247.1159
 20
3531762.7676
 10
12119253.4892
 20
3531748.7864
 10
12119259.7973
 20
3531735.1309
 10
12119263.4429
 20
3531727.3196
 10
12119266.6076
 20
3531720.5854
 10
12119274.3132
 20
3531704.3744
 10
12119274.4145
 20
3531704.1676
 10
12119274.412
 20
3531704.1664
 10
12119274.5625
 20
3531703.855
 10
12119279.265
 20
3531694.0734
 10
12119283.174
 20
3531686.0266
 10
12119283.2041
 20
3531685.9689
 10
12119283.2016
 20
3531685.9677
 10
12119283.3142
 20
3531685.7382
 10
12119284.8836
 20
3531682.5135
 10
12119291.3803
 20
3531669.301
 10
12119297.0554
 20
3531657.8906
 10
12119303.4432
 20
3531645.1899
 10
12119310.1474
 20
3531632.0181
 10
12119315.4058
 20
3531621.7974
 10
12119321.8474
 20
3531609.4054
 10
12119328.8717
 20
3531596.05
 10
12119333.5957
 20
3531587.168
 10
12119333.6518
 20
3531587.0595
 10
12119340.727
 20
3531573.8695
 10
12119347.9288
 20
3531560.6089
 10
12119354.7529
 20
3531548.1878
 10
12119361.2611
 20
3531536.4687
 10
12119367.769
 20
3531524.8714
 10
12119374.9004
 20
3531512.2988
 10
12119378.0037
 20
3531506.8783
 10
12119369.9777
 20
3531501.1274
 10
12119367.0737
 20
3531506.2033
 10
12119362.1187
 20
3531514.9295
 10
12119357.1929
 20
3531523.6678
 10
12119352.2942
 20
3531532.4239
 10
12119348.6875
 20
3531538.9143
 10
12119344.1908
 20
3531547.0599
 10
12119339.3493
 20
3531555.8979
 10
12119334.5505
 20
3531564.7276
 10
12119329.7317
 20
3531573.665
 10
12119324.961
 20
3531582.5843
 10
12119320.2337
 20
3531591.4934
 10
12119315.5388
 20
3531600.4133
 10
12119310.8679
 20
3531609.3599
 10
12119306.2268
 20
3531618.322
 10
12119302.5355
 20
3531625.5028
 10
12119297.0344
 20
3531636.2924
 10
12119292.4832
 20
3531645.3004
 10
12119286.1865
 20
3531657.8968
 10
12119283.474
 20
3531663.3557
 10
12119279.0126
 20
3531672.4096
 10
12119274.5795
 20
3531681.4825
 10
12119270.1791
 20
3531690.5651
 10
12119265.809
 20
3531699.6622
 10
12119261.4692
 20
3531708.7739
 10
12119257.0805
 20
3531718.069
 10
12119252.4057
 20
3531728.0609
 10
12119247.7667
 20
3531738.0705
 10
12119243.4206
 20
3531747.5362
 10
12119239.0045
 20
3531757.2435
 10
12119234.8954
 20
3531766.3583
 10
12119230.5185
 20
3531776.1571
 10
12119227.1369
 20
3531783.7911
 10
12119223.7858
 20
3531791.4133
 10
12119219.7482
 20
3531800.6737
 10
12119215.749
 20
3531809.9299
  0
LWPOLYLINE
  5
AF
330
17
100
AcDbEntity
  8
SURF_OUTER_Pavement Surface 2
100
AcDbPolyline
 90
60
 70
1
 10
12119457.6337
 20
3531702.0002
 10
12119452.418
 20
3531710.5276
 10
12119449.8226
 20
3531714.8071
 10
12119444.6684
 20
3531723.3777
 10
12119439.7754
 20
3531731.6058
 10
12119439.613
 20
3531731.9984
 10
12119439.6414
 20
3531732.0178
 10
12119457.3798
 20
3531739.2709
 10
12119470.8147
 20
3531745.0134
 10
12119472.5484
 20
3531739.1846
 10
12119475.3396
 20
3531739.7607
 10
12119478.1813
 20
3531739.9779
 10
12119481.0276
 20
3531739.8329
 10
12119483.5086
 20
3531739.4042
 10
12119485.8904
 20
3531738.7146
 10
12119488.1983
 20
3531737.757
 10
12119490.3853
 20
3531736.5484
 10
12119492.6037
 20
3531734.9596
 10
12119494.6127
 20
3531733.113
 10
12119496.3824
 20
3531731.0361
 10
12119552.5849
 20
3531621.8812
 10
12119562.0083
 20
3531603.1061
 10
12119568.6281
 20
3531590.4655
 10
12119573.9815
 20
3531580.5355
 10
12119581.5718
 20
3531566.6038
 10
12119593.8833
 20
3531544.1901
 10
12119597.9388
 20
3531536.6886
 10
12119615.9946
 20
3531505.4019
 10
12119632.5496
 20
3531478.1407
 10
12119644.0474
 20
3531459.7121
 10
12119655.8874
 20
3531441.0018
 10
12119669.7011
 20
3531419.6679
 10
12119695.3156
 20
3531382.287
 10
12119707.9774
 20
3531364.7461
 10
12119717.4369
 20
3531351.2039
 10
12119744.9473
 20
3531314.1912
 10
12119764.8053
 20
3531288.6751
 10
12119856.3766
 20
3531171.52
 10
12119890.8308
 20
3531127.5748
 10
12119930.0802
 20
3531078.0354
 10
12119921.9095
 20
3531072.27
 10
12119920.1961
 20
3531071.3906
 10
12119908.8376
 20
3531063.0363
 10
12119545.4099
 20
3531571.1502
 10
12119543.8179
 20
3531573.2158
 10
12119532.1908
 20
3531589.4783
 10
12119526.406
 20
3531597.6427
 10
12119523.531
 20
3531601.7328
 10
12119517.8184
 20
3531609.9249
 10
12119512.132
 20
3531618.1669
 10
12119509.3076
 20
3531622.2937
 10
12119503.6894
 20
3531630.569
 10
12119497.0097
 20
3531640.5281
 10
12119492.5831
 20
3531647.1951
 10
12119489.8349
 20
3531651.3653
 10
12119484.3108
 20
3531659.8171
 10
12119478.9282
 20
3531668.1428
 10
12119473.5426
 20
3531676.565
 10
12119469.2677
 20
3531683.3194
 10
12119462.8944
 20
3531693.4952
  0
LWPOLYLINE
  5
B0
330
17
100
AcDbEntity
  8
SURF_OUTER_Pavement Surface 2
100
AcDbPolyline
 90
6
 70
1
 10
12120052.1745
 20
3530909.3214
 10
12120052.233
 20
3530908.5378
 10
12120052.6861
 20
3530907.3207
 10
12120054.9234
 20
3530905.7768
 10
12120053.6127
 20
3530904.2675
 10
12120051.3106
 20
3530911.3924
  0
LWPOLYLINE
  5
B2
330
17
100
AcDbEntity
  8
SURF_OUTER_Pavement Surface 20
100
AcDbPolyline
 90
29
 70
1
 10
12119391.2329
 20
3531464.6497
 10
12119386.1481
 20
3531473.2618
 10
12119381.595
 20
3531481.0246
 10
12119377.068
 20
3531488.8062
 10
12119372.055
 20
3531497.4966
 10
12119369.9777
 20
3531501.1274
 10
12119378.0037
 20
3531506.8783
 10
12119382.4133
 20
3531499.2125
 10
12119382.4632
 20
3531499.1309
 10
12119382.4602
 20
3531499.1292
 10
12119383.0323
 20
3531498.1421
 10
12119388.0838
 20
3531489.4188
 10
12119390.4473
 20
3531485.3747
 10
12119390.4951
 20
3531485.2977
 10
12119390.492
 20
3531485.2959
 10
12119391.1052
 20
3531484.2499
 10
12119395.07
 20
3531477.4789
 10
12119400.1876
 20
3531468.8182
 10
12119407.1224
 20
3531457.1706
 10
12119544.0425
 20
3531228.5028
 10
12119544.6708
 20
3531227.4199
 10
12119545.7905
 20
3531225.1579
 10
12119549.7057
 20
3531218.0693
 10
12119551.8561
 20
3531214.6369
 10
12119553.7824
 20
3531211.9057
 10
12119558.685
 20
3531205.5968
 10
12119549.5481
 20
3531201.3231
 10
12119535.6813
 20
3531223.0324
 10
12119398.6725
 20
3531452.107
  0
LWPOLYLINE
  5
B4
330
17
100
AcDbEntity
  8
SURF_OUTER_Pavement Surface 21
100
AcDbPolyline
 90
10
 70
1
 10
12119549.5481
 20
3531201.3231
 10
12119558.685
 20
3531205.5968
 10
12119558.9238
 20
3531205.2254
 10
12119789.7901
 20
3530847.0996
 10
12119788.1855
 20
3530846.0428
 10
12119784.6456
 20
3530843.7001
 10
12119783.7902
 20
3530843.1666
 10
12119781.1317
 20
3530841.6608
 10
12119780.2559
 20
3530841.1656
 10
12119620.8206
 20
3531089.8211
  0
LWPOLYLINE
  5
B6
330
17
100
AcDbEntity
  8
SURF_OUTER_Pavement Surface 3
100
AcDbPolyline
 90
290
 70
1
 10
12120088.3091
 20
3531190.3785
 10
12120088.1012
 20
3531190.7758
 10
12120086.6975
 20
3531193.7398
 10
12120085.369
 20
3531197.4327
 10
12120084.8419
 20
3531199.3275
 10
12120084.3928
 20
3531201.3177
 10
12120084.0482
 20
3531203.3167
 10
12120083.8041
 20
3531205.3439
 10
12120083.6633
 20
3531207.3918
 10
12120083.6278
 20
3531209.4524
 10
12120083.6988
 20
3531211.5176
 10
12120083.8767
 20
3531213.5791
 10
12120084.1609
 20
3531215.6286
 10
12120084.5502
 20
3531217.658
 10
12120085.0423
 20
3531219.6593
 10
12120085.4929
 20
3531221.1554
 10
12120086.3223
 20
3531223.5472
 10
12120087.1022
 20
3531225.4198
 10
12120087.9687
 20
3531227.2363
 10
12120088.9166
 20
3531228.9912
 10
12120091.0318
 20
3531232.2969
 10
12120093.3972
 20
3531235.3061
 10
12120095.9594
 20
3531237.9991
 10
12120098.6659
 20
3531240.3673
 10
12120137.0762
 20
3531271.0404
 10
12120138.7113
 20
3531272.1029
 10
12120140.5427
 20
3531272.8322
 10
12120142.515
 20
3531273.1941
 10
12120144.4647
 20
3531273.1601
 10
12120146.3706
 20
3531272.7484
 10
12120148.1943
 20
3531271.9559
 10
12120149.8251
 20
3531270.8181
 10
12120151.1743
 20
3531269.411
 10
12120256.9116
 20
3531135.0534
 10
12120256.9586
 20
3531134.9935
 10
12120257.9222
 20
3531133.731
 10
12120258.7005
 20
3531132.7004
 10
12120259.2848
 20
3531131.9267
 10
12120260.2909
 20
3531130.5145
 10
12120260.7855
 20
3531129.8025
 10
12120261.8895
 20
3531128.1586
 10
12120262.5815
 20
3531127.0603
 10
12120264.0833
 20
3531124.5728
 10
12120264.4736
 20
3531123.8525
 10
12120265.6486
 20
3531121.6845
 10
12120266.1724
 20
3531120.666
 10
12120268.1171
 20
3531116.6358
 10
12120268.1539
 20
3531116.5074
 10
12120268.5984
 20
3531115.3953
 10
12120268.904
 20
3531114.6076
 10
12120269.5569
 20
3531112.922
 10
12120269.8946
 20
3531111.9913
 10
12120270.4114
 20
3531110.5676
 10
12120270.7576
 20
3531109.5203
 10
12120271.5104
 20
3531107.0949
 10
12120271.812
 20
3531106.0337
 10
12120272.5817
 20
3531103.0014
 10
12120272.6701
 20
3531102.6138
 10
12120272.7509
 20
3531102.2596
 10
12120273.2865
 20
3531099.6881
 10
12120273.4989
 20
3531098.5834
 10
12120273.993
 20
3531095.2954
 10
12120274.1639
 20
3531093.9063
 10
12120274.2997
 20
3531092.5473
 10
12120274.4239
 20
3531091.3052
 10
12120274.4526
 20
3531091.0171
 10
12120274.4985
 20
3531090.3922
 10
12120274.5056
 20
3531090.2514
 10
12120274.5767
 20
3531088.8404
 10
12120274.5829
 20
3531088.8379
 10
12120274.6692
 20
3531087.0049
 10
12120274.6801
 20
3531086.4244
 10
12120274.6842
 20
3531083.3522
 10
12120274.6656
 20
3531082.4042
 10
12120274.5772
 20
3531080.2004
 10
12120274.4664
 20
3531078.4707
 10
12120274.4254
 20
3531077.896
 10
12120274.207
 20
3531075.9458
 10
12120274.1186
 20
3531075.1866
 10
12120273.8126
 20
3531072.592
 10
12120273.246
 20
3531069.6026
 10
12120272.7302
 20
3531067.0948
 10
12120271.9816
 20
3531064.0653
 10
12120271.9566
 20
3531063.9636
 10
12120271.8518
 20
3531063.5811
 10
12120271.6393
 20
3531062.8637
 10
12120270.9456
 20
3531060.5388
 10
12120270.908
 20
3531060.4127
 10
12120270.7189
 20
3531059.8258
 10
12120270.6699
 20
3531059.6723
 10
12120269.5931
 20
3531056.622
 10
12120269.1123
 20
3531055.3724
 10
12120268.3139
 20
3531053.4481
 10
12120267.881
 20
3531052.3947
 10
12120267.5257
 20
3531051.5528
 10
12120266.6845
 20
3531049.8333
 10
12120265.2221
 20
3531046.9093
 10
12120265.0797
 20
3531046.634
 10
12120263.8537
 20
3531044.5117
 10
12120263.4573
 20
3531043.8326
 10
12120262.3509
 20
3531042.0287
 10
12120262.1559
 20
3531041.7359
 10
12120260.2719
 20
3531038.9086
 10
12120259.9714
 20
3531038.4733
 10
12120258.17
 20
3531036.0454
 10
12120257.7955
 20
3531035.5474
 10
12120255.2881
 20
3531032.4905
 10
12120254.7753
 20
3531031.9149
 10
12120252.8965
 20
3531029.8515
 10
12120252.8964
 20
3531029.8514
 10
12120252.4799
 20
3531029.4089
 10
12120252.0846
 20
3531029.0134
 10
12120250.6254
 20
3531027.5539
 10
12120250.5897
 20
3531027.5182
 10
12120249.5413
 20
3531026.5041
 10
12120249.0677
 20
3531026.0587
 10
12120248.2066
 20
3531025.2903
 10
12120247.5837
 20
3531024.7252
 10
12120246.412
 20
3531023.7125
 10
12120244.0347
 20
3531021.7566
 10
12120235.3866
 20
3531014.9838
 10
12120232.4149
 20
3531012.8166
 10
12120231.0719
 20
3531011.921
 10
12120228.6133
 20
3531010.4101
 10
12120228.5218
 20
3531010.3554
 10
12120228.5206
 20
3531010.3575
 10
12120228.3597
 20
3531010.2666
 10
12120228.3628
 20
3531010.2608
 10
12120227.0577
 20
3531009.5308
 10
12120224.99
 20
3531008.441
 10
12120222.1475
 20
3531007.1269
 10
12120219.2282
 20
3531005.9585
 10
12120216.4826
 20
3531005.0235
 10
12120213.6116
 20
3531004.1976
 10
12120209.7524
 20
3531003.3201
 10
12120208.4929
 20
3531003.1033
 10
12120207.8804
 20
3531002.9128
 10
12120206.4636
 20
3531002.7839
 10
12120203.1503
 20
3531002.4306
 10
12120200.1265
 20
3531002.2655
 10
12120197.6566
 20
3531002.232
 10
12120194.5656
 20
3531002.3501
 10
12120193.1631
 20
3531002.4785
 10
12120189.8821
 20
3531002.8545
 10
12120186.5969
 20
3531003.418
 10
12120183.9176
 20
3531004.0219
 10
12120182.1071
 20
3531004.4962
 10
12120179.2427
 20
3531005.3881
 10
12120173.8802
 20
3531007.3731
 10
12120170.7848
 20
3531008.8649
 10
12120167.9561
 20
3531010.4225
 10
12120166.9796
 20
3531011.0067
 10
12120165.1286
 20
3531012.1875
 10
12120162.956
 20
3531013.7001
 10
12120161.6642
 20
3531014.6693
 10
12120159.9257
 20
3531016.0625
 10
12120159.1623
 20
3531016.7086
 10
12120157.4444
 20
3531018.2462
 10
12120157.3013
 20
3531018.3892
 10
12120151.3977
 20
3531024.9478
 10
12120149.7609
 20
3531027.096
 10
12120149.0725
 20
3531028.1017
 10
12120148.6092
 20
3531028.5482
 10
12120147.2331
 20
3531031.1309
 10
12120146.6769
 20
3531032.863
 10
12120146.4415
 20
3531034.7333
 10
12120146.5668
 20
3531036.649
 10
12120147.0607
 20
3531038.5156
 10
12120147.8726
 20
3531040.2044
 10
12120148.9496
 20
3531041.6705
 10
12120150.2031
 20
3531042.8608
 10
12120191.6995
 20
3531075.9427
 10
12120193.0183
 20
3531077.2076
 10
12120194.1401
 20
3531078.7863
 10
12120194.5945
 20
3531079.6794
 10
12120194.8308
 20
3531080.2893
 10
12120194.9622
 20
3531080.6285
 10
12120195.2338
 20
3531081.6206
 10
12120195.4028
 20
3531082.6408
 10
12120195.4654
 20
3531083.6731
 10
12120195.4217
 20
3531084.7008
 10
12120195.2821
 20
3531085.6569
 10
12120195.0307
 20
3531086.6798
 10
12120194.2889
 20
3531088.4688
 10
12120194.0543
 20
3531088.915
 10
12120196.7051
 20
3531085.2778
 10
12120197.1851
 20
3531084.6192
 10
12120198.3246
 20
3531083.2213
 10
12120198.4238
 20
3531083.0997
 10
12120199.671
 20
3531082.1903
 10
12120201.8211
 20
3531081.0112
 10
12120203.1501
 20
3531080.6536
 10
12120204.5201
 20
3531080.5208
 10
12120206.4037
 20
3531080.5208
 10
12120207.9781
 20
3531080.9602
 10
12120209.5219
 20
3531081.512
 10
12120211.5687
 20
3531082.851
 10
12120212.696
 20
3531083.7312
 10
12120221.1073
 20
3531090.4539
 10
12120224.89
 20
3531093.5526
 10
12120230.3404
 20
3531097.9327
 10
12120230.1114
 20
3531098.3568
 10
12120228.2666
 20
3531100.4499
 10
12120225.926
 20
3531103.3003
 10
12120226.6299
 20
3531103.8638
 10
12120239.502
 20
3531114.168
 10
12120243.9638
 20
3531108.4204
 10
12120253.7672
 20
3531116.9463
 10
12120254.7554
 20
3531118.0055
 10
12120256.0487
 20
3531119.8199
 10
12120256.8195
 20
3531121.1607
 10
12120257.4926
 20
3531123.6789
 10
12120257.6615
 20
3531125.0395
 10
12120257.7082
 20
3531125.4165
 10
12120257.7082
 20
3531126.5861
 10
12120257.5729
 20
3531128.4337
 10
12120256.7388
 20
3531131.1723
 10
12120255.7773
 20
3531132.9563
 10
12120255.2164
 20
3531133.8846
 10
12120252.0473
 20
3531137.8495
 10
12120246.9673
 20
3531144.4687
 10
12120240.5415
 20
3531152.6156
 10
12120235.6877
 20
3531158.6551
 10
12120225.0527
 20
3531172.2858
 10
12120217.18
 20
3531182.1545
 10
12120209.8886
 20
3531191.4201
 10
12120204.5712
 20
3531198.0609
 10
12120199.3169
 20
3531204.8783
 10
12120198.8129
 20
3531205.5378
 10
12120198.0034
 20
3531206.5374
 10
12120193.0782
 20
3531212.644
 10
12120181.8238
 20
3531226.9651
 10
12120175.0818
 20
3531235.3749
 10
12120167.8606
 20
3531244.5464
 10
12120161.2427
 20
3531252.9085
 10
12120156.3432
 20
3531259.1768
 10
12120151.2811
 20
3531265.4936
 10
12120149.6279
 20
3531266.9912
 10
12120149.3052
 20
3531267.2836
 10
12120148.5683
 20
3531267.6626
 10
12120147.7273
 20
3531268.0953
 10
12120145.7549
 20
3531268.8142
 10
12120143.9914
 20
3531269.1621
 10
12120143.7898
 20
3531269.1621
 10
12120142.0423
 20
3531269.1621
 10
12120140.648
 20
3531269.0353
 10
12120139.4558
 20
3531268.7946
 10
12120137.671
 20
3531268.1575
 10
12120135.0435
 20
3531266.6057
 10
12120133.7293
 20
3531265.4284
 10
12120132.8494
 20
3531264.439
 10
12120131.8616
 20
3531263.1343
 10
12120131.039
 20
3531260.9514
 10
12120130.5985
 20
3531258.9354
 10
12120130.4633
 20
3531257.2722
 10
12120130.6959
 20
3531253.8688
 10
12120131.3072
 20
3531250.2184
 10
12120132.4353
 20
3531248.6342
 10
12120134.4745
 20
3531246.2252
 10
12120125.36
 20
3531238.9582
 10
12120123.0143
 20
3531237.088
 10
12120122.4815
 20
3531236.6632
 10
12120121.1661
 20
3531237.8057
 10
12120118.8016
 20
3531240.1533
 10
12120116.4366
 20
3531242.213
 10
12120114.6185
 20
3531243.0824
 10
12120112.2115
 20
3531243.8878
 10
12120110.6368
 20
3531244.4931
 10
12120107.88
 20
3531242.5449
 10
12120105.8341
 20
3531240.7996
 10
12120103.819
 20
3531239.0411
 10
12120099.8073
 20
3531235.8444
 10
12120097.4428
 20
3531233.2464
 10
12120095.4208
 20
3531229.8451
 10
12120094.4645
 20
3531227.6024
 10
12120093.6189
 20
3531224.0654
 10
12120093.4299
 20
3531221.5833
 10
12120093.4299
 20
3531219.8148
 10
12120093.7744
 20
3531217.3107
 10
12120094.3852
 20
3531214.801
 10
12120094.6984
 20
3531214.0887
 10
12120095.6379
 20
3531211.9526
 10
12120095.7576
 20
3531211.7479
 10
12120097.1422
 20
3531209.3812
 10
12120112.6702
 20
3531190.7699
 10
12120097.0317
 20
3531178.3025
 10
12120093.5198
 20
3531182.7075
 10
12120091.9988
 20
3531184.6584
 10
12120090.2361
 20
3531187.0859
 10
12120088.3357
 20
3531190.2806
  0
LWPOLYLINE
  5
B7
330
17
100
AcDbEntity
  8
SURF_OUTER_Pavement Surface 3
100
AcDbPolyline
 90
12
 70
1
 10
12120135.3238
 20
3531162.3976
 10
12120140.9387
 20
3531155.414
 10
12120144.1832
 20
3531151.356
 10
12120151.723
 20
3531158.8918
 10
12120156.5747
 20
3531162.7798
 10
12120155.1982
 20
3531164.5214
 10
12120209.69
 20
3531095.5783
 10
12120164.5184
 20
3531152.7293
 10
12120152.0407
 20
3531141.7307
 10
12120149.6667
 20
3531144.7086
 10
12120143.6439
 20
3531151.9178
 10
12120140.8735
 20
3531155.3943
  0
LWPOLYLINE
  5
B9
330
17
100
AcDbEntity
  8
SURF_OUTER_Pavement Surface 4
100
AcDbPolyline
 90
9
 70
1
 10
12119752.2939
 20
3531468.756
 10
12119752.2939
 20
3531468.7561
 10
12119871.599
 20
3531548.7491
 10
12119891.0934
 20
3531519.7662
 10
12119915.1355
 20
3531485.4786
 10
12119926.0088
 20
3531470.7572
 10
12119813.1039
 20
3531381.9836
 10
12119812.5531
 20
3531382.7693
 10
12119812.5531
 20
3531382.7694
  0
LWPOLYLINE
  5
BB
330
17
100
AcDbEntity
  8
SURF_HOLE_Pavement Surface 4
100
AcDbPolyline
 90
21
 70
1
 10
12119794.3029
 20
3531440.8117
 10
12119787.759
 20
3531435.617
 10
12119795.7349
 20
3531424.4397
 10
12119793.3361
 20
3531422.7186
 10
12119794.0097
 20
3531421.8132
 10
12119795.3626
 20
3531420.1123
 10
12119797.7158
 20
3531422.0044
 10
12119806.2518
 20
3531410.5587
 10
12119822.0788
 20
3531422.5174
 10
12119811.4039
 20
3531436.9715
 10
12119814.4171
 20
3531439.3103
 10
12119832.5439
 20
3531453.38
 10
12119839.2946
 20
3531444.6993
 10
12119846.1578
 20
3531449.5998
 10
12119861.632
 20
3531461.0084
 10
12119846.4354
 20
3531481.2182
 10
12119835.6128
 20
3531472.7694
 10
12119824.5498
 20
3531464.752
 10
12119830.1635
 20
3531456.4588
 10
12119808.8985
 20
3531440.1861
 10
12119802.9614
 20
3531447.6851
  0
LWPOLYLINE
  5
BD
330
17
100
AcDbEntity
  8
SURF_OUTER_Pavement Surface 5
100
AcDbPolyline
 90
89
 70
1
 10
12119660.5706
 20
3531624.8922
 10
12119659.4577
 20
3531628.7929
 10
12119657.7972
 20
3531634.6131
 10
12119657.4245
 20
3531636.1201
 10
12119656.7518
 20
3531638.8402
 10
12119655.2443
 20
3531644.9355
 10
12119654.9854
 20
3531646.1676
 10
12119654.6912
 20
3531647.5121
 10
12119654.082
 20
3531650.4496
 10
12119653.0626
 20
3531655.3222
 10
12119652.8693
 20
3531656.4138
 10
12119652.3138
 20
3531659.5082
 10
12119651.2537
 20
3531665.7533
 10
12119651.0433
 20
3531667.1652
 10
12119649.9268
 20
3531675.4162
 10
12119649.9265
 20
3531675.4183
 10
12119649.7865
 20
3531676.518
 10
12119648.7251
 20
3531687.0252
 10
12119648.6641
 20
3531688.023
 10
12119648.0595
 20
3531697.1149
 10
12119645.6196
 20
3531746.9432
 10
12119645.5322
 20
3531750.5102
 10
12119645.6209
 20
3531754.1084
 10
12119645.8896
 20
3531757.725
 10
12119646.3411
 20
3531761.3464
 10
12119646.9768
 20
3531764.959
 10
12119647.7967
 20
3531768.5486
 10
12119648.5623
 20
3531771.2611
 10
12119649.0193
 20
3531772.7524
 10
12119649.9807
 20
3531775.5991
 10
12119651.3409
 20
3531779.0409
 10
12119652.876
 20
3531782.4129
 10
12119654.5621
 20
3531785.6712
 10
12119656.4197
 20
3531788.8548
 10
12119658.404
 20
3531791.8963
 10
12119660.5345
 20
3531794.831
 10
12119662.7906
 20
3531797.6355
 10
12119665.161
 20
3531800.3024
 10
12119667.6589
 20
3531802.8503
 10
12119670.3018
 20
3531805.2937
 10
12119673.0833
 20
3531807.6207
 10
12119675.9956
 20
3531809.82
 10
12119679.0299
 20
3531811.8809
 10
12119682.1762
 20
3531813.7938
 10
12119685.4243
 20
3531815.5498
 10
12119688.1321
 20
3531816.842
 10
12119689.6374
 20
3531817.5067
 10
12119692.172
 20
3531818.5617
 10
12119695.6475
 20
3531819.8061
 10
12119699.1724
 20
3531820.8705
 10
12119702.7328
 20
3531821.7528
 10
12119706.3147
 20
3531822.4519
 10
12119709.2843
 20
3531822.8791
 10
12119712.1541
 20
3531823.1789
 10
12119717.2117
 20
3531814.1628
 10
12119705.2398
 20
3531807.3202
 10
12119709.5233
 20
3531799.2536
 10
12119719.0463
 20
3531804.8109
 10
12119803.9694
 20
3531659.2872
 10
12119823.4431
 20
3531625.525
 10
12119841.3497
 20
3531596.1836
 10
12119859.2013
 20
3531567.1813
 10
12119871.599
 20
3531548.7491
 10
12119752.2939
 20
3531468.7561
 10
12119750.5993
 20
3531470.6205
 10
12119702.3973
 20
3531539.0853
 10
12119696.5211
 20
3531547.7492
 10
12119691.8394
 20
3531555.165
 10
12119690.9271
 20
3531556.6518
 10
12119686.7685
 20
3531563.7919
 10
12119685.6292
 20
3531565.7795
 10
12119683.404
 20
3531569.9447
 10
12119681.2923
 20
3531573.8975
 10
12119680.6407
 20
3531575.1173
 10
12119678.8257
 20
3531578.8242
 10
12119676.6139
 20
3531583.3413
 10
12119675.9734
 20
3531584.6494
 10
12119673.9279
 20
3531589.1755
 10
12119672.4366
 20
3531592.5711
 10
12119671.6384
 20
3531594.359
 10
12119670.5655
 20
3531597.0108
 10
12119668.4878
 20
3531602.1465
 10
12119667.6454
 20
3531604.2287
 10
12119666.8136
 20
3531606.515
 10
12119665.8538
 20
3531609.1183
 10
12119664.8678
 20
3531611.8632
 10
12119664.0029
 20
3531614.2402
 10
12119663.2655
 20
3531616.5013
 10
12119661.0415
 20
3531623.32
  0
LWPOLYLINE
  5
BF
330
17
100
AcDbEntity
  8
SURF_HOLE_Pavement Surface 5
100
AcDbPolyline
 90
15
 70
1
 10
12119797.2097
 20
3531528.0995
 10
12119832.4818
 20
3531546.9201
 10
12119780.1442
 20
3531645.0074
 10
12119783.6719
 20
3531646.8885
 10
12119779.9506
 20
3531653.867
 10
12119776.4204
 20
3531651.9845
 10
12119775.0296
 20
3531654.5928
 10
12119762.3029
 20
3531647.802
 10
12119739.7575
 20
3531635.7722
 10
12119742.425
 20
3531630.773
 10
12119738.0136
 20
3531628.4192
 10
12119746.458
 20
3531612.5934
 10
12119742.8257
 20
3531610.6552
 10
12119746.2093
 20
3531604.314
 10
12119754.2529
 20
3531608.6059
  0
LWPOLYLINE
  5
C1
330
17
100
AcDbEntity
  8
SURF_OUTER_Pavement Surface 6
100
AcDbPolyline
 90
71
 70
1
 10
12120211.3125
 20
3530928.9803
 10
12120211.2506
 20
3530930.4382
 10
12120211.3788
 20
3530931.8828
 10
12120211.8932
 20
3530933.7567
 10
12120213.0605
 20
3530935.9253
 10
12120213.6297
 20
3530936.7349
 10
12120215.0346
 20
3530938.0744
 10
12120219.8534
 20
3530941.8486
 10
12120222.1286
 20
3530943.6145
 10
12120223.0025
 20
3530944.315
 10
12120223.8016
 20
3530944.921
 10
12120223.8335
 20
3530944.9658
 10
12120257.7792
 20
3530971.5518
 10
12120258.7576
 20
3530972.3997
 10
12120303.6723
 20
3531007.4949
 10
12120305.9019
 20
3531009.3293
 10
12120308.0583
 20
3531011.2856
 10
12120310.1318
 20
3531013.3597
 10
12120312.1133
 20
3531015.5461
 10
12120313.9939
 20
3531017.8388
 10
12120315.7651
 20
3531020.2306
 10
12120317.4196
 20
3531022.7136
 10
12120318.9503
 20
3531025.2789
 10
12120320.3515
 20
3531027.9172
 10
12120321.6182
 20
3531030.6187
 10
12120322.7463
 20
3531033.3728
 10
12120323.7331
 20
3531036.1691
 10
12120324.5768
 20
3531038.9967
 10
12120325.2765
 20
3531041.8448
 10
12120325.8327
 20
3531044.7027
 10
12120326.2466
 20
3531047.56
 10
12120326.5227
 20
3531050.4339
 10
12120326.6607
 20
3531053.3422
 10
12120326.657
 20
3531056.275
 10
12120326.509
 20
3531059.2143
 10
12120326.2137
 20
3531062.1726
 10
12120325.7714
 20
3531065.1158
 10
12120325.1822
 20
3531068.0407
 10
12120324.4472
 20
3531070.9362
 10
12120323.5691
 20
3531073.7916
 10
12120322.6818
 20
3531076.227
 10
12120322.5512
 20
3531076.5962
 10
12120321.4466
 20
3531079.2251
 10
12120320.1156
 20
3531082.0136
 10
12120318.7097
 20
3531084.6079
 10
12120317.1877
 20
3531087.1148
 10
12120315.5572
 20
3531089.527
 10
12120313.807
 20
3531091.8634
 10
12120313.3385
 20
3531092.4587
 10
12120276.2477
 20
3531139.5968
 10
12120275.8951
 20
3531140.0868
 10
12120272.2344
 20
3531144.6887
 10
12120271.0554
 20
3531146.1866
 10
12120169.2407
 20
3531275.5601
 10
12120169.2387
 20
3531275.5627
 10
12120170.8116
 20
3531276.7979
 10
12120186.32
 20
3531257.2202
 10
12120294.009
 20
3531120.2539
 10
12120294.4749
 20
3531119.6447
 10
12120297.6409
 20
3531122.1423
 10
12120368.6407
 20
3531031.98
 10
12120435.933
 20
3530946.6472
 10
12120438.0053
 20
3530936.4557
 10
12120291.2791
 20
3530826.6156
 10
12120291.8747
 20
3530825.8123
 10
12120288.9449
 20
3530823.6322
 10
12120286.9649
 20
3530827.1447
 10
12120244.3965
 20
3530884.3504
 10
12120213.3277
 20
3530924.0358
 10
12120212.2848
 20
3530925.6731
 10
12120211.7467
 20
3530927.0569
  0
LWPOLYLINE
  5
C3
330
17
100
AcDbEntity
  8
SURF_HOLE_Pavement Surface 6
100
AcDbPolyline
 90
25
 70
1
 10
12120299.6372
 20
3530976.0695
 10
12120289.0836
 20
3530967.7459
 10
12120285.8323
 20
3530971.7762
 10
12120267.2447
 20
3530957.0971
 10
12120269.4421
 20
3530954.1852
 10
12120270.3154
 20
3530952.9863
 10
12120263.9112
 20
3530948.4295
 10
12120258.5531
 20
3530943.5776
 10
12120224.9215
 20
3530916.8649
 10
12120247.71
 20
3530888.173
 10
12120267.0597
 20
3530903.5348
 10
12120280.4963
 20
3530886.6174
 10
12120334.6335
 20
3530929.6156
 10
12120368.2645
 20
3530956.3269
 10
12120353.9959
 20
3530974.2919
 10
12120357.8929
 20
3530977.3633
 10
12120360.3708
 20
3530974.1821
 10
12120365.1159
 20
3530977.9607
 10
12120362.6048
 20
3530981.1264
 10
12120377.5587
 20
3530992.8756
 10
12120355.7953
 20
3531020.4437
 10
12120335.8458
 20
3531004.7037
 10
12120333.3737
 20
3531007.9009
 10
12120319.6236
 20
3530996.9446
 10
12120322.064
 20
3530993.7574
  0
LWPOLYLINE
  5
C4
330
17
100
AcDbEntity
  8
SURF_OUTER_Pavement Surface 6
100
AcDbPolyline
 90
6
 70
1
 10
12120239.2725
 20
3531114.4954
 10
12120239.502
 20
3531114.168
 10
12120226.6299
 20
3531103.8638
 10
12120226.8965
 20
3531104.6433
 10
12120225.5508
 20
3531103.5931
 10
12120239.1255
 20
3531114.1874
  0
LWPOLYLINE
  5
C6
330
17
100
AcDbEntity
  8
SURF_OUTER_Pavement Surface 7
100
AcDbPolyline
 90
140
 70
1
 10
12119698.8229
 20
3531043.6036
 10
12119646.5236
 20
3531124.7201
 10
12119645.6434
 20
3531126.2256
 10
12119644.8766
 20
3531127.8524
 10
12119644.2442
 20
3531129.5887
 10
12119643.7657
 20
3531131.4184
 10
12119643.4582
 20
3531133.3211
 10
12119643.3303
 20
3531135.2896
 10
12119643.4041
 20
3531137.2461
 10
12119643.6695
 20
3531139.2126
 10
12119644.1284
 20
3531141.1431
 10
12119644.7728
 20
3531143.0096
 10
12119645.5893
 20
3531144.7865
 10
12119646.56
 20
3531146.4516
 10
12119647.664
 20
3531147.9871
 10
12119648.878
 20
3531149.3803
 10
12119650.1782
 20
3531150.6228
 10
12119651.4097
 20
3531151.607
 10
12119692.6604
 20
3531181.742
 10
12119695.2882
 20
3531183.6672
 10
12119695.2919
 20
3531183.6641
 10
12119695.8795
 20
3531184.0786
 10
12119697.2945
 20
3531185.1194
 10
12119703.0114
 20
3531189.1815
 10
12119710.2821
 20
3531194.3143
 10
12119711.4052
 20
3531195.1071
 10
12119711.5039
 20
3531195.1584
 10
12119711.9845
 20
3531195.4845
 10
12119714.2912
 20
3531196.9873
 10
12119717.164
 20
3531198.677
 10
12119720.1262
 20
3531200.2046
 10
12119723.1687
 20
3531201.5654
 10
12119726.282
 20
3531202.7551
 10
12119729.4566
 20
3531203.7701
 10
12119732.6826
 20
3531204.6073
 10
12119735.9502
 20
3531205.264
 10
12119739.2492
 20
3531205.7383
 10
12119742.5694
 20
3531206.0287
 10
12119745.9006
 20
3531206.1343
 10
12119749.2326
 20
3531206.0547
 10
12119752.555
 20
3531205.7903
 10
12119755.8576
 20
3531205.3417
 10
12119758.2323
 20
3531204.9025
 10
12119759.1302
 20
3531204.7105
 10
12119762.3626
 20
3531203.8986
 10
12119765.5451
 20
3531202.9084
 10
12119767.3649
 20
3531202.2532
 10
12119768.6676
 20
3531201.743
 10
12119771.7206
 20
3531200.406
 10
12119774.6946
 20
3531198.9016
 10
12119777.5805
 20
3531197.2343
 10
12119780.3694
 20
3531195.4094
 10
12119780.9765
 20
3531194.982
 10
12119783.0527
 20
3531193.4324
 10
12119785.622
 20
3531191.3095
 10
12119788.0695
 20
3531189.0472
 10
12119790.3876
 20
3531186.6525
 10
12119792.5656
 20
3531184.1388
 10
12119794.9362
 20
3531181.0399
 10
12119982.0867
 20
3530919.3826
 10
12119993.0832
 20
3530904.0245
 10
12120003.052
 20
3530890.0557
 10
12120007.5911
 20
3530883.6187
 10
12120007.7489
 20
3530883.3949
 10
12120008.3851
 20
3530882.4133
 10
12120011.2831
 20
3530876.7327
 10
12120011.7413
 20
3530875.6357
 10
12120012.2816
 20
3530874.0944
 10
12120012.8239
 20
3530872.3489
 10
12120013.1462
 20
3530871.2604
 10
12120013.7565
 20
3530868.3231
 10
12120014.0073
 20
3530866.658
 10
12120014.3269
 20
3530863.6751
 10
12120014.3566
 20
3530859.685
 10
12120014.2214
 20
3530857.6851
 10
12120013.9858
 20
3530855.692
 10
12120013.6505
 20
3530853.7132
 10
12120013.217
 20
3530851.7562
 10
12120012.0648
 20
3530847.9361
 10
12120010.5546
 20
3530844.2855
 10
12120008.7214
 20
3530840.8514
 10
12120006.6074
 20
3530837.6717
 10
12120004.2593
 20
3530834.7747
 10
12120001.7261
 20
3530832.1785
 10
12119999.0564
 20
3530829.8914
 10
12119980.7084
 20
3530815.5214
 10
12119979.0857
 20
3530814.3154
 10
12119977.3881
 20
3530813.1829
 10
12119975.6206
 20
3530812.1303
 10
12119973.7888
 20
3530811.1638
 10
12119971.8989
 20
3530810.2888
 10
12119969.9581
 20
3530809.5105
 10
12119967.9738
 20
3530808.8329
 10
12119965.9539
 20
3530808.2595
 10
12119963.9066
 20
3530807.7929
 10
12119961.8406
 20
3530807.4348
 10
12119959.7644
 20
3530807.186
 10
12119957.6865
 20
3530807.0464
 10
12119955.6156
 20
3530807.015
 10
12119953.5597
 20
3530807.09
 10
12119951.5269
 20
3530807.2686
 10
12119949.5245
 20
3530807.5477
 10
12119947.5388
 20
3530807.9275
 10
12119945.5565
 20
3530808.4122
 10
12119943.5858
 20
3530809.0025
 10
12119941.635
 20
3530809.6983
 10
12119939.7125
 20
3530810.4989
 10
12119937.8266
 20
3530811.4023
 10
12119935.9855
 20
3530812.4059
 10
12119934.1972
 20
3530813.5062
 10
12119932.469
 20
3530814.6988
 10
12119930.808
 20
3530815.9786
 10
12119929.2207
 20
3530817.3399
 10
12119927.7127
 20
3530818.7761
 10
12119926.2891
 20
3530820.2805
 10
12119924.9541
 20
3530821.8457
 10
12119923.711
 20
3530823.4641
 10
12119921.9695
 20
3530826.0352
 10
12119921.3764
 20
3530826.9425
 10
12119920.1904
 20
3530828.757
 10
12119872.7184
 20
3530901.3858
 10
12119764.1918
 20
3531067.4239
 10
12119763.6289
 20
3531068.1348
 10
12119762.9033
 20
3531068.7636
 10
12119761.0652
 20
3531069.5749
 10
12119760.0514
 20
3531069.6881
 10
12119759.0562
 20
3531069.5971
 10
12119757.3288
 20
3531068.9108
 10
12119712.6029
 20
3531040.5468
 10
12119710.9837
 20
3531039.7161
 10
12119709.1345
 20
3531039.1715
 10
12119708.1472
 20
3531039.0324
 10
12119707.4269
 20
3531039.0039
 10
12119706.1141
 20
3531039.0562
 10
12119705.0994
 20
3531039.2252
 10
12119704.1074
 20
3531039.4975
 10
12119703.1536
 20
3531039.8681
 10
12119702.2519
 20
3531040.3289
 10
12119701.4141
 20
3531040.8694
 10
12119699.9639
 20
3531042.1396
  0
LWPOLYLINE
  5
C8
330
17
100
AcDbEntity
  8
SURF_HOLE_Pavement Surface 7
100
AcDbPolyline
 90
7
 70
1
 10
12119910.0337
 20
3530867.1361
 10
12119930.5575
 20
3530838.4415
 10
12119969.7253
 20
3530866.4582
 10
12119990.7316
 20
3530881.4831
 10
12119985.8487
 20
3530888.3389
 10
12119969.2213
 20
3530911.5859
 10
12119909.0389
 20
3530868.5405
  0
LWPOLYLINE
  5
C9
330
17
100
AcDbEntity
  8
SURF_HOLE_Pavement Surface 7
100
AcDbPolyline
 90
6
 70
1
 10
12119952.3638
 20
3530933.3393
 10
12119910.1145
 20
3530903.1206
 10
12119919.1318
 20
3530890.5134
 10
12119942.4362
 20
3530907.1819
 10
12119962.24
 20
3530921.3465
 10
12119953.2228
 20
3530933.9537
  0
LWPOLYLINE
  5
CA
330
17
100
AcDbEntity
  8
SURF_HOLE_Pavement Surface 7
100
AcDbPolyline
 90
5
 70
1
 10
12119893.8253
 20
3530925.8948
 10
12119936.9334
 20
3530956.728
 10
12119928.5109
 20
3530968.5036
 10
12119927.9164
 20
3530969.3349
 10
12119884.8082
 20
3530938.5018
  0
LWPOLYLINE
  5
CB
330
17
100
AcDbEntity
  8
SURF_HOLE_Pavement Surface 7
100
AcDbPolyline
 90
5
 70
1
 10
12119859.5018
 20
3530973.883
 10
12119868.5197
 20
3530961.2763
 10
12119900.2303
 20
3530983.9573
 10
12119911.6272
 20
3530992.1089
 10
12119902.6101
 20
3531004.7161
  0
LWPOLYLINE
  5
CC
330
17
100
AcDbEntity
  8
SURF_HOLE_Pavement Surface 7
100
AcDbPolyline
 90
5
 70
1
 10
12119869.2947
 20
3531034.3689
 10
12119834.1955
 20
3531009.2642
 10
12119843.2127
 20
3530996.6571
 10
12119886.3209
 20
3531027.4902
 10
12119877.3037
 20
3531040.0973
  0
LWPOLYLINE
  5
CD
330
17
100
AcDbEntity
  8
SURF_HOLE_Pavement Surface 7
100
AcDbPolyline
 90
5
 70
1
 10
12119845.9218
 20
3531032.4049
 10
12119870.3225
 20
3531049.8598
 10
12119861.0079
 20
3531062.8811
 10
12119859.5602
 20
3531064.9048
 10
12119835.1595
 20
3531047.4499
  0
LWPOLYLINE
  5
CE
330
17
100
AcDbEntity
  8
SURF_HOLE_Pavement Surface 7
100
AcDbPolyline
 90
6
 70
1
 10
12119830.0795
 20
3531072.0949
 10
12119794.1257
 20
3531046.3756
 10
12119804.5983
 20
3531031.7357
 10
12119826.2391
 20
3531047.2163
 10
12119856.6536
 20
3531068.9732
 10
12119846.181
 20
3531083.613
  0
LWPOLYLINE
  5
CF
330
17
100
AcDbEntity
  8
SURF_HOLE_Pavement Surface 7
100
AcDbPolyline
 90
22
 70
1
 10
12119757.0439
 20
3531168.0336
 10
12119752.5793
 20
3531165.1161
 10
12119745.2855
 20
3531176.2775
 10
12119720.2498
 20
3531159.917
 10
12119717.1235
 20
3531164.8375
 10
12119676.9263
 20
3531138.474
 10
12119680.0805
 20
3531133.6663
 10
12119658.2262
 20
3531119.3857
 10
12119704.9066
 20
3531047.9525
 10
12119726.8255
 20
3531062.276
 10
12119729.971
 20
3531057.4627
 10
12119770.0764
 20
3531083.6709
 10
12119766.931
 20
3531088.4843
 10
12119770.9674
 20
3531091.122
 10
12119777.4869
 20
3531081.1454
 10
12119789.525
 20
3531089.0136
 10
12119786.047
 20
3531094.3358
 10
12119799.6941
 20
3531103.2246
 10
12119792.5979
 20
3531114.0842
 10
12119797.5708
 20
3531117.3339
 10
12119770.4748
 20
3531158.7975
 10
12119765.2926
 20
3531155.411
  0
LWPOLYLINE
  5
D1
330
17
100
AcDbEntity
  8
SURF_OUTER_Pavement Surface 8
100
AcDbPolyline
 90
164
 70
1
 10
12119561.8872
 20
3531713.8503
 10
12119554.3073
 20
3531732.2461
 10
12119553.4431
 20
3531733.9991
 10
12119550.0889
 20
3531742.003
 10
12119528.8349
 20
3531794.118
 10
12119524.6914
 20
3531792.3214
 10
12119524.8742
 20
3531792.7878
 10
12119525.7559
 20
3531794.6115
 10
12119526.51
 20
3531795.5565
 10
12119527.9003
 20
3531797.2986
 10
12119528.8607
 20
3531798.3549
 10
12119530.6374
 20
3531800.23
 10
12119532.8124
 20
3531802.2949
 10
12119535.1363
 20
3531804.1921
 10
12119536.8339
 20
3531805.448
 10
12119538.3607
 20
3531806.5125
 10
12119540.262
 20
3531807.689
 10
12119541.8863
 20
3531808.6457
 10
12119543.9037
 20
3531809.6656
 10
12119545.5762
 20
3531810.4841
 10
12119546.6244
 20
3531810.9052
 10
12119549.3266
 20
3531811.9837
 10
12119553.0503
 20
3531813.1358
 10
12119555.1506
 20
3531813.6111
 10
12119557.1729
 20
3531814.0423
 10
12119560.6629
 20
3531814.5533
 10
12119564.4825
 20
3531814.8167
 10
12119567.4824
 20
3531814.7958
 10
12119569.3785
 20
3531814.6993
 10
12119571.3548
 20
3531814.5374
 10
12119573.4601
 20
3531814.2546
 10
12119574.9473
 20
3531814.0217
 10
12119577.3992
 20
3531813.5031
 10
12119579.1075
 20
3531813.1074
 10
12119580.3956
 20
3531812.7094
 10
12119582.8031
 20
3531811.9462
 10
12119584.5639
 20
3531811.2603
 10
12119585.8391
 20
3531810.7323
 10
12119586.9194
 20
3531810.2585
 10
12119588.3174
 20
3531809.5916
 10
12119590.1078
 20
3531808.6628
 10
12119591.9283
 20
3531807.6207
 10
12119593.9865
 20
3531806.2973
 10
12119595.3066
 20
3531805.4025
 10
12119596.9124
 20
3531804.1801
 10
12119598.528
 20
3531802.8941
 10
12119600.0691
 20
3531801.4968
 10
12119601.6454
 20
3531800.03
 10
12119604.2849
 20
3531797.1618
 10
12119606.0353
 20
3531794.9262
 10
12119606.7736
 20
3531793.9786
 10
12119607.8058
 20
3531792.433
 10
12119608.5356
 20
3531791.3091
 10
12119609.6713
 20
3531789.4075
 10
12119609.9611
 20
3531788.8913
 10
12119611.0039
 20
3531786.9354
 10
12119611.8019
 20
3531785.22
 10
12119612.6871
 20
3531783.1481
 10
12119613.3211
 20
3531781.4604
 10
12119614.0552
 20
3531779.2276
 10
12119614.5299
 20
3531777.6043
 10
12119615.1116
 20
3531775.138
 10
12119615.4227
 20
3531773.6872
 10
12119615.9183
 20
3531770.3363
 10
12119615.9989
 20
3531769.7585
 10
12119625.4117
 20
3531678.5338
 10
12119626.6245
 20
3531668.3584
 10
12119628.1646
 20
3531658.1904
 10
12119630.0328
 20
3531648.0455
 10
12119632.229
 20
3531637.9395
 10
12119634.7521
 20
3531627.8882
 10
12119637.6
 20
3531617.9075
 10
12119640.7696
 20
3531608.013
 10
12119644.2566
 20
3531598.2202
 10
12119648.056
 20
3531588.5443
 10
12119652.1616
 20
3531579.0002
 10
12119656.5665
 20
3531569.6021
 10
12119661.2626
 20
3531560.3642
 10
12119666.2413
 20
3531551.2996
 10
12119671.4929
 20
3531542.421
 10
12119677.0072
 20
3531533.7404
 10
12119682.7732
 20
3531525.269
 10
12119730.9853
 20
3531456.7898
 10
12119732.6396
 20
3531454.9826
 10
12119793.6271
 20
3531367.9566
 10
12119835.9866
 20
3531307.5211
 10
12119839.1095
 20
3531303.2389
 10
12119842.3329
 20
3531299.0326
 10
12119845.6632
 20
3531294.9122
 10
12119849.207
 20
3531290.75
 10
12119852.9656
 20
3531286.56
 10
12119856.6142
 20
3531282.7032
 10
12119859.9909
 20
3531279.2961
 10
12119860.9983
 20
3531278.3019
 10
12119863.9058
 20
3531275.5452
 10
12119866.298
 20
3531273.3414
 10
12119874.9526
 20
3531265.9312
 10
12119875.8004
 20
3531265.1892
 10
12119878.7264
 20
3531262.8759
 10
12119882.2657
 20
3531260.1676
 10
12119884.0913
 20
3531258.8449
 10
12119884.2104
 20
3531258.7363
 10
12119885.4507
 20
3531257.8606
 10
12119888.5327
 20
3531255.6827
 10
12119891.8614
 20
3531253.4337
 10
12119892.8946
 20
3531252.7658
 10
12119892.9377
 20
3531252.7223
 10
12119894.4248
 20
3531251.7764
 10
12119896.749
 20
3531250.2964
 10
12119900.8723
 20
3531247.7815
 10
12119967.9454
 20
3531208.0647
 10
12119970.377
 20
3531206.555
 10
12119971.0491
 20
3531206.1174
 10
12119973.3473
 20
3531204.6809
 10
12119974.2603
 20
3531204.0335
 10
12119978.0704
 20
3531201.4063
 10
12119979.9612
 20
3531200.0364
 10
12119984.8044
 20
3531196.3225
 10
12119990.2378
 20
3531191.7248
 10
12119991.739
 20
3531190.3252
 10
12119998.0014
 20
3531183.9299
 10
12119998.8316
 20
3531183.0557
 10
12120001.9496
 20
3531179.64
 10
12120003.4211
 20
3531177.9508
 10
12120004.9593
 20
3531176.1285
 10
12120007.8579
 20
3531172.5247
 10
12120043.4179
 20
3531126.195
 10
12120043.6205
 20
3531125.2051
 10
12120043.6438
 20
3531122.9016
 10
12120043.4144
 20
3531121.5847
 10
12120043.0265
 20
3531120.349
 10
12120042.9781
 20
3531120.2433
 10
12120033.884
 20
3531132.2463
 10
12120026.1253
 20
3531142.3643
 10
12120021.8977
 20
3531147.9696
 10
12120019.4942
 20
3531151.2332
 10
12120014.2656
 20
3531157.9205
 10
12120010.928
 20
3531162.303
 10
12120004.8817
 20
3531169.9316
 10
12119997.8863
 20
3531178.2522
 10
12119993.5911
 20
3531182.7977
 10
12119988.3845
 20
3531187.675
 10
12119985.8071
 20
3531190.0402
 10
12119981.713
 20
3531193.4825
 10
12119978.2708
 20
3531196.0438
 10
12119973.8038
 20
3531199.3074
 10
12119972.1211
 20
3531200.4146
 10
12119967.9554
 20
3531203.0806
 10
12119966.1602
 20
3531204.1949
 10
12119914.3523
 20
3531163.3041
 10
12119900.1697
 20
3531181.2281
 10
12119869.3449
 20
3531220.5959
 10
12119838.2728
 20
3531259.7684
 10
12119807.3539
 20
3531299.063
 10
12119776.4824
 20
3531338.3929
 10
12119746.5055
 20
3531378.4103
 10
12119717.4768
 20
3531419.1209
 10
12119689.675
 20
3531460.6785
 10
12119663.033
 20
3531502.9894
 10
12119637.3886
 20
3531545.9122
 10
12119627.7874
 20
3531564.1622
 10
12119619.3863
 20
3531581.0736
 10
12119597.0019
 20
3531630.7571
 10
12119581.4035
 20
3531667.2792
  0
LWPOLYLINE
  5
D3
330
17
100
AcDbEntity
  8
SURF_OUTER_Pavement Surface 9
100
AcDbPolyline
 90
23
 70
1
 10
12119780.2559
 20
3530841.1656
 10
12119781.1317
 20
3530841.6608
 10
12119783.4451
 20
3530842.9513
 10
12119783.7902
 20
3530843.1666
 10
12119784.6456
 20
3530843.7001
 10
12119787.0127
 20
3530845.2499
 10
12119788.1855
 20
3530846.0428
 10
12119789.7901
 20
3530847.0996
 10
12119806.4942
 20
3530858.1001
 10
12119872.7184
 20
3530901.3858
 10
12119920.1904
 20
3530828.757
 10
12119920.8623
 20
3530827.6978
 10
12120013.9631
 20
3530680.9923
 10
12120014.9028
 20
3530679.4809
 10
12120022.022
 20
3530668.2607
 10
12120022.709
 20
3530667.2113
 10
12120023.3749
 20
3530666.162
 10
12120026.6321
 20
3530660.995
 10
12120028.2561
 20
3530658.4707
 10
12120042.184
 20
3530636.5245
 10
12120042.014
 20
3530636.421
 10
12120044.338
 20
3530633.162
 10
12119950.333
 20
3530575.9132
  0
LWPOLYLINE
  5
D5
330
17
100
AcDbEntity
  8
SURF_HOLE_Pavement Surface 9
100
AcDbPolyline
 90
14
 70
1
 10
12119888.5278
 20
3530829.0112
 10
12119890.9602
 20
3530830.5069
 10
12119890.8643
 20
3530830.6674
 10
12119888.3872
 20
3530829.2321
 10
12119864.5301
 20
3530866.4955
 10
12119813.6726
 20
3530833.9362
 10
12119833.9636
 20
3530802.0903
 10
12119836.0681
 20
3530796.7007
 10
12119837.0591
 20
3530797.2552
 10
12119851.6159
 20
3530774.5176
 10
12119864.7746
 20
3530782.9419
 10
12119940.8615
 20
3530664.0946
 10
12119965.4256
 20
3530625.7257
 10
12120003.193
 20
3530649.9046
  0
LWPOLYLINE
  5
D7
330
17
100
AcDbEntity
  8
SURF_OUTER_Roadway Surface N1
100
AcDbPolyline
 90
148
 70
1
 10
12119237.7561
 20
3532120.0413
 10
12119235.5547
 20
3532126.8126
 10
12119233.0852
 20
3532134.4843
 10
12119204.2253
 20
3532225.001
 10
12119227.0866
 20
3532232.2909
 10
12119255.791
 20
3532142.2662
 10
12119258.088
 20
3532135.1138
 10
12119260.5602
 20
3532127.5078
 10
12119264.33
 20
3532116.1153
 10
12119267.5224
 20
3532106.6386
 10
12119270.1121
 20
3532099.0693
 10
12119270.9732
 20
3532096.5718
 10
12119275.0432
 20
3532084.903
 10
12119276.7131
 20
3532080.1901
 10
12119276.7163
 20
3532080.1912
 10
12119276.7514
 20
3532080.0873
 10
12119280.7652
 20
3532068.8936
 10
12119284.1933
 20
3532059.5007
 10
12119286.9714
 20
3532051.9986
 10
12119291.1907
 20
3532040.7649
 10
12119294.7597
 20
3532031.423
 10
12119298.3763
 20
3532022.0967
 10
12119301.2996
 20
3532014.6536
 10
12119305.7476
 20
3532003.5029
 10
12119308.635
 20
3531996.3605
 10
12119312.0851
 20
3531987.9328
 10
12119317.1495
 20
3531975.7598
 10
12119321.0431
 20
3531966.5489
 10
12119324.1927
 20
3531959.195
 10
12119324.4006
 20
3531958.7158
 10
12119325.57
 20
3531956.0051
 10
12119328.1696
 20
3531950.0239
 10
12119330.1713
 20
3531945.4379
 10
12119332.9994
 20
3531939.0346
 10
12119336.256
 20
3531931.7275
 10
12119340.3695
 20
3531922.6127
 10
12119345.3693
 20
3531911.6981
 10
12119348.7329
 20
3531904.4453
 10
12119351.8762
 20
3531897.7389
 10
12119355.1245
 20
3531890.8752
 10
12119359.4421
 20
3531881.8553
 10
12119363.8046
 20
3531872.857
 10
12119366.0043
 20
3531868.3669
 10
12119370.4327
 20
3531859.4008
 10
12119375.812
 20
3531848.6667
 10
12119379.4268
 20
3531841.5373
 10
12119381.7031
 20
3531837.0855
 10
12119386.2893
 20
3531828.1991
 10
12119390.9198
 20
3531819.3358
 10
12119393.2517
 20
3531814.9128
 10
12119400.3163
 20
3531801.6804
 10
12119402.6894
 20
3531797.2797
 10
12119407.4743
 20
3531788.4987
 10
12119411.7509
 20
3531780.738
 10
12119417.1756
 20
3531771.0092
 10
12119422.0916
 20
3531762.301
 10
12119427.0543
 20
3531753.6172
 10
12119429.5514
 20
3531749.2837
 10
12119434.5718
 20
3531740.639
 10
12119437.1115
 20
3531736.32
 10
12119439.613
 20
3531731.9984
 10
12119439.7754
 20
3531731.6058
 10
12119444.6684
 20
3531723.3777
 10
12119449.8226
 20
3531714.8071
 10
12119452.418
 20
3531710.5276
 10
12119457.6337
 20
3531702.0002
 10
12119462.8944
 20
3531693.4952
 10
12119469.2677
 20
3531683.3194
 10
12119473.5426
 20
3531676.565
 10
12119478.9282
 20
3531668.1428
 10
12119484.3108
 20
3531659.8171
 10
12119489.8349
 20
3531651.3653
 10
12119492.5831
 20
3531647.1951
 10
12119497.0097
 20
3531640.5281
 10
12119503.6894
 20
3531630.569
 10
12119509.3076
 20
3531622.2937
 10
12119512.132
 20
3531618.1669
 10
12119517.8184
 20
3531609.9249
 10
12119523.531
 20
3531601.7328
 10
12119526.406
 20
3531597.6427
 10
12119532.1908
 20
3531589.4783
 10
12119543.8179
 20
3531573.2158
 10
12119545.4099
 20
3531571.1502
 10
12119525.3869
 20
3531557.902
 10
12119525.533
 20
3531557.6976
 10
12119525.2616
 20
3531558.077
 10
12119511.5336
 20
3531577.2834
 10
12119505.5361
 20
3531585.7698
 10
12119499.2382
 20
3531594.7795
 10
12119494.1162
 20
3531602.1815
 10
12119488.4642
 20
3531610.4383
 10
12119481.0633
 20
3531621.3823
 10
12119477.2226
 20
3531627.1207
 10
12119472.5593
 20
3531634.146
 10
12119466.274
 20
3531643.718
 10
12119460.8295
 20
3531652.1059
 10
12119455.4266
 20
3531660.5207
 10
12119449.1767
 20
3531670.37
 10
12119444.7457
 20
3531677.4297
 10
12119439.4681
 20
3531685.9236
 10
12119434.7482
 20
3531693.5887
 10
12119429.3676
 20
3531702.4329
 10
12119424.1521
 20
3531711.1054
 10
12119419.3391
 20
3531719.1998
 10
12119408.7666
 20
3531737.2781
 10
12119404.1101
 20
3531745.3804
 10
12119401.2216
 20
3531750.4502
 10
12119396.2465
 20
3531759.2629
 10
12119390.7567
 20
3531769.1085
 10
12119386.4289
 20
3531776.9624
 10
12119384.0022
 20
3531781.4025
 10
12119379.1821
 20
3531790.3009
 10
12119373.4412
 20
3531801.0431
 10
12119369.6757
 20
3531808.1694
 10
12119364.9896
 20
3531817.1391
 10
12119361.8623
 20
3531823.2012
 10
12119357.117
 20
3531832.4767
 10
12119351.7776
 20
3531843.0511
 10
12119347.3194
 20
3531852.0023
 10
12119342.9055
 20
3531860.9754
 10
12119339.1263
 20
3531868.7426
 10
12119333.4509
 20
3531880.5673
 10
12119330.1635
 20
3531887.5134
 10
12119324.8494
 20
3531898.8887
 10
12119321.8721
 20
3531905.3564
 10
12119316.5043
 20
3531917.1356
 10
12119312.2918
 20
3531926.5297
 10
12119309.0009
 20
3531933.96
 10
12119306.1688
 20
3531940.42
 10
12119301.1508
 20
3531952.0232
 10
12119298.1672
 20
3531959.0112
 10
12119296.1959
 20
3531963.6714
 10
12119292.2882
 20
3531973.0066
 10
12119290.3519
 20
3531977.6814
 10
12119285.8181
 20
3531988.7769
 10
12119282.7272
 20
3531996.4304
 10
12119278.3891
 20
3532007.3459
 10
12119274.5425
 20
3532017.1741
 10
12119270.9029
 20
3532026.6168
 10
12119267.5906
 20
3532035.3347
 10
12119263.7637
 20
3532045.556
 10
12119260.6225
 20
3532054.0815
 10
12119257.2081
 20
3532063.4805
 10
12119254.1772
 20
3532071.9452
 10
12119250.5187
 20
3532082.3286
 10
12119247.2439
 20
3532091.7772
 10
12119244.0158
 20
3532101.2418
 10
12119241.8806
 20
3532107.5862
  0
LWPOLYLINE
  5
D9
330
17
100
AcDbEntity
  8
SURF_OUTER_Roadway Surface N10
100
AcDbPolyline
 90
310
 70
1
 10
12119852.9656
 20
3531286.56
 10
12119849.207
 20
3531290.75
 10
12119845.6632
 20
3531294.9122
 10
12119842.3329
 20
3531299.0326
 10
12119839.1095
 20
3531303.2389
 10
12119835.9866
 20
3531307.5211
 10
12119793.6271
 20
3531367.9566
 10
12119812.4686
 20
3531381.518
 10
12119812.9787
 20
3531381.8851
 10
12119812.9248
 20
3531381.9972
 10
12119812.5531
 20
3531382.7693
 10
12119812.5531
 20
3531382.7694
 10
12119813.1039
 20
3531381.9836
 10
12119854.9262
 20
3531322.3052
 10
12119855.8525
 20
3531321.0153
 10
12119856.1822
 20
3531320.535
 10
12119856.9926
 20
3531319.4402
 10
12119858.3256
 20
3531317.6107
 10
12119860.1363
 20
3531315.2293
 10
12119860.9916
 20
3531314.1329
 10
12119861.463
 20
3531313.541
 10
12119862.7489
 20
3531311.9265
 10
12119864.0082
 20
3531310.3913
 10
12119864.2286
 20
3531310.1227
 10
12119865.7833
 20
3531308.2729
 10
12119867.1855
 20
3531306.6462
 10
12119870.3185
 20
3531303.1429
 10
12119870.8832
 20
3531302.5337
 10
12119871.6992
 20
3531301.6534
 10
12119873.5426
 20
3531299.7209
 10
12119875.3325
 20
3531297.9036
 10
12119876.8421
 20
3531296.3765
 10
12119877.5965
 20
3531295.6381
 10
12119880.2344
 20
3531293.122
 10
12119882.4029
 20
3531291.128
 10
12119883.6958
 20
3531289.9447
 10
12119884.45
 20
3531289.2828
 10
12119885.6159
 20
3531288.2661
 10
12119887.2411
 20
3531286.8592
 10
12119888.0548
 20
3531286.186
 10
12119889.7688
 20
3531284.7681
 10
12119890.8623
 20
3531283.8634
 10
12119892.0408
 20
3531282.932
 10
12119894.5654
 20
3531280.9632
 10
12119898.3302
 20
3531278.1532
 10
12119901.3724
 20
3531275.9892
 10
12119902.1595
 20
3531275.4318
 10
12119903.8325
 20
3531274.3051
 10
12119905.1089
 20
3531273.4455
 10
12119906.0643
 20
3531272.8145
 10
12119907.5982
 20
3531271.836
 10
12119907.6016
 20
3531271.8338
 10
12119908.8937
 20
3531270.9985
 10
12119909.4422
 20
3531270.664
 10
12119909.4429
 20
3531270.6636
 10
12119910.0283
 20
3531270.2915
 10
12119912.5951
 20
3531268.7386
 10
12119980.9047
 20
3531228.2946
 10
12119983.3341
 20
3531226.8988
 10
12119998.5711
 20
3531220.9107
 10
12119998.8054
 20
3531220.8186
 10
12119999.3763
 20
3531220.7319
 10
12120006.8764
 20
3531219.4837
 10
12120007.0552
 20
3531219.4541
 10
12120007.5401
 20
3531219.443
 10
12120014.9711
 20
3531219.2732
 10
12120015.5073
 20
3531219.2609
 10
12120015.7233
 20
3531219.2869
 10
12120023.4225
 20
3531220.2123
 10
12120025.0709
 20
3531220.5071
 10
12120026.9443
 20
3531220.9561
 10
12120029.8324
 20
3531221.7678
 10
12120031.8396
 20
3531222.3831
 10
12120034.5593
 20
3531223.328
 10
12120038.7943
 20
3531225.1783
 10
12120042.8141
 20
3531227.3139
 10
12120046.5937
 20
3531229.7024
 10
12120050.114
 20
3531232.309
 10
12120122.3445
 20
3531289.9897
 10
12120123.0044
 20
3531290.567
 10
12120123.6575
 20
3531291.2503
 10
12120124.2472
 20
3531291.9992
 10
12120124.7749
 20
3531292.8218
 10
12120125.5953
 20
3531294.6541
 10
12120126.0382
 20
3531296.6555
 10
12120125.9986
 20
3531299.1639
 10
12120125.1223
 20
3531302.0331
 10
12120124.5976
 20
3531303.0097
 10
12120124.3075
 20
3531303.5498
 10
12120151.1743
 20
3531269.411
 10
12120149.8251
 20
3531270.8181
 10
12120148.1943
 20
3531271.9559
 10
12120146.3706
 20
3531272.7484
 10
12120144.4647
 20
3531273.1601
 10
12120142.515
 20
3531273.1941
 10
12120140.5427
 20
3531272.8322
 10
12120138.7113
 20
3531272.1029
 10
12120137.0762
 20
3531271.0404
 10
12120098.6659
 20
3531240.3673
 10
12120095.9594
 20
3531237.9991
 10
12120093.3972
 20
3531235.3061
 10
12120091.0318
 20
3531232.2969
 10
12120088.9166
 20
3531228.9912
 10
12120087.9687
 20
3531227.2363
 10
12120087.1022
 20
3531225.4198
 10
12120086.3223
 20
3531223.5472
 10
12120085.6342
 20
3531221.6248
 10
12120085.4929
 20
3531221.1554
 10
12120085.0423
 20
3531219.6593
 10
12120084.5502
 20
3531217.658
 10
12120084.1609
 20
3531215.6286
 10
12120083.8767
 20
3531213.5791
 10
12120083.6988
 20
3531211.5176
 10
12120083.6278
 20
3531209.4524
 10
12120083.6633
 20
3531207.3918
 10
12120083.8041
 20
3531205.3439
 10
12120084.0482
 20
3531203.3167
 10
12120084.3928
 20
3531201.3177
 10
12120084.8419
 20
3531199.3275
 10
12120085.369
 20
3531197.4327
 10
12120086.6975
 20
3531193.7398
 10
12120088.1012
 20
3531190.7758
 10
12120088.3357
 20
3531190.2806
 10
12120090.2361
 20
3531187.0859
 10
12120091.9988
 20
3531184.6584
 10
12120092.3492
 20
3531184.1759
 10
12120093.5198
 20
3531182.7075
 10
12120097.0317
 20
3531178.3025
 10
12120112.6702
 20
3531190.7699
 10
12120116.6173
 20
3531185.8331
 10
12120140.8735
 20
3531155.3943
 10
12120143.6439
 20
3531151.9178
 10
12120149.6667
 20
3531144.7086
 10
12120152.0407
 20
3531141.7307
 10
12120193.2851
 20
3531089.9957
 10
12120193.4543
 20
3531089.7382
 10
12120194.2889
 20
3531088.4688
 10
12120195.0307
 20
3531086.6798
 10
12120195.4217
 20
3531084.7008
 10
12120195.4654
 20
3531083.6731
 10
12120195.4028
 20
3531082.6408
 10
12120195.2338
 20
3531081.6206
 10
12120194.8308
 20
3531080.2893
 10
12120194.1401
 20
3531078.7863
 10
12120193.0183
 20
3531077.2076
 10
12120191.6995
 20
3531075.9427
 10
12120150.2031
 20
3531042.8608
 10
12120148.9496
 20
3531041.6705
 10
12120147.8726
 20
3531040.2044
 10
12120147.0607
 20
3531038.5156
 10
12120146.5668
 20
3531036.649
 10
12120146.4415
 20
3531034.7333
 10
12120146.6769
 20
3531032.863
 10
12120147.2331
 20
3531031.1309
 10
12120148.6092
 20
3531028.5482
 10
12120149.0725
 20
3531028.1017
 10
12120149.7036
 20
3531027.1495
 10
12120149.7609
 20
3531027.096
 10
12120151.2153
 20
3531025.1518
 10
12120151.3977
 20
3531024.9478
 10
12120157.3013
 20
3531018.3892
 10
12120157.4444
 20
3531018.2462
 10
12120159.1623
 20
3531016.7086
 10
12120159.9257
 20
3531016.0625
 10
12120161.6642
 20
3531014.6693
 10
12120162.956
 20
3531013.7001
 10
12120165.1286
 20
3531012.1875
 10
12120166.9796
 20
3531011.0067
 10
12120167.9561
 20
3531010.4225
 10
12120170.7848
 20
3531008.8649
 10
12120173.8802
 20
3531007.3731
 10
12120179.2427
 20
3531005.3881
 10
12120182.1071
 20
3531004.4962
 10
12120183.9176
 20
3531004.0219
 10
12120186.5969
 20
3531003.418
 10
12120189.8821
 20
3531002.8545
 10
12120193.1631
 20
3531002.4785
 10
12120194.5656
 20
3531002.3501
 10
12120197.6566
 20
3531002.232
 10
12120200.1265
 20
3531002.2655
 10
12120200.7707
 20
3531002.2743
 10
12120203.1503
 20
3531002.4306
 10
12120206.4636
 20
3531002.7839
 10
12120207.8804
 20
3531002.9128
 10
12120208.4929
 20
3531003.1033
 10
12120209.7524
 20
3531003.3201
 10
12120213.6116
 20
3531004.1976
 10
12120216.2098
 20
3531004.9325
 10
12120216.4826
 20
3531005.0235
 10
12120219.2282
 20
3531005.9585
 10
12120222.1475
 20
3531007.1269
 10
12120224.99
 20
3531008.441
 10
12120227.0577
 20
3531009.5308
 10
12120227.7451
 20
3531009.8931
 10
12120228.3628
 20
3531010.2608
 10
12120228.3597
 20
3531010.2666
 10
12120228.5218
 20
3531010.3554
 10
12120228.5206
 20
3531010.3575
 10
12120228.6133
 20
3531010.4101
 10
12120231.0719
 20
3531011.921
 10
12120232.4149
 20
3531012.8166
 10
12120235.3866
 20
3531014.9838
 10
12120232.3566
 20
3531012.6109
 10
12120231.2801
 20
3531011.7833
 10
12120231.2151
 20
3531011.7172
 10
12120190.559
 20
3530979.8856
 10
12120178.7117
 20
3530970.589
 10
12120178.2371
 20
3530970.2313
 10
12120178.175
 20
3530970.1678
 10
12120128.2546
 20
3530931.0742
 10
12120131.9001
 20
3530935.8097
 10
12120133.8987
 20
3530938.4578
 10
12120134.7141
 20
3530939.6263
 10
12120135.5419
 20
3530940.9678
 10
12120135.7332
 20
3530941.2322
 10
12120137.1935
 20
3530943.6173
 10
12120137.4698
 20
3530944.0833
 10
12120139.0161
 20
3530947.0359
 10
12120139.3755
 20
3530947.7841
 10
12120140.3963
 20
3530950.0696
 10
12120141.2139
 20
3530952.1112
 10
12120141.5947
 20
3530953.177
 10
12120142.6178
 20
3530956.3452
 10
12120143.0553
 20
3530957.8041
 10
12120143.5007
 20
3530959.5634
 10
12120143.85
 20
3530961.1294
 10
12120144.1795
 20
3530962.8264
 10
12120144.6316
 20
3530965.7654
 10
12120144.9898
 20
3530969.4402
 10
12120145.0484
 20
3530970.4483
 10
12120145.1014
 20
3530972.1933
 10
12120145.1189
 20
3530972.7706
 10
12120145.1097
 20
3530974.6718
 10
12120145.0631
 20
3530976.103
 10
12120144.8226
 20
3530979.4273
 10
12120144.7798
 20
3530979.8401
 10
12120144.3983
 20
3530982.7331
 10
12120144.096
 20
3530984.4915
 10
12120143.7913
 20
3530986.0102
 10
12120143.0036
 20
3530989.2487
 10
12120142.0376
 20
3530992.4386
 10
12120141.6502
 20
3530993.5633
 10
12120140.8963
 20
3530995.5699
 10
12120139.9033
 20
3530997.9281
 10
12120139.5831
 20
3530998.6332
 10
12120138.1021
 20
3531001.619
 10
12120137.8205
 20
3531002.1429
 10
12120136.4579
 20
3531004.5181
 10
12120135.4147
 20
3531006.1821
 10
12120134.6555
 20
3531007.3216
 10
12120132.8414
 20
3531009.8365
 10
12120126.1254
 20
3531018.5885
 10
12120123.395
 20
3531017.0835
 10
12120076.4621
 20
3530980.3252
 10
12120071.1998
 20
3530976.2788
 10
12120031.8368
 20
3531026.3626
 10
12120026.4143
 20
3531022.0709
 10
12119986.0762
 20
3531073.2778
 10
12119988.9556
 20
3531075.5658
 10
12119993.9598
 20
3531079.5295
 10
12120001.9015
 20
3531085.8165
 10
12120009.7769
 20
3531092.0949
 10
12120025.5899
 20
3531104.7014
 10
12120034.3503
 20
3531111.6018
 10
12120037.7548
 20
3531114.4082
 10
12120040.6395
 20
3531116.7867
 10
12120040.827
 20
3531116.9413
 10
12120041.1135
 20
3531117.2827
 10
12120041.4407
 20
3531117.6251
 10
12120041.5919
 20
3531117.8528
 10
12120041.8446
 20
3531118.1539
 10
12120042.5199
 20
3531119.2439
 10
12120042.9321
 20
3531120.1431
 10
12120042.9781
 20
3531120.2433
 10
12120043.0265
 20
3531120.349
 10
12120043.4144
 20
3531121.5847
 10
12120043.6438
 20
3531122.9016
 10
12120043.6205
 20
3531125.2051
 10
12120043.4179
 20
3531126.195
 10
12120007.8579
 20
3531172.5247
 10
12120004.9593
 20
3531176.1285
 10
12120003.4211
 20
3531177.9508
 10
12120001.9496
 20
3531179.64
 10
12119998.8316
 20
3531183.0557
 10
12119998.0014
 20
3531183.9299
 10
12119991.739
 20
3531190.3252
 10
12119990.2378
 20
3531191.7248
 10
12119984.8044
 20
3531196.3225
 10
12119979.9612
 20
3531200.0364
 10
12119978.0704
 20
3531201.4063
 10
12119973.3473
 20
3531204.6809
 10
12119971.0491
 20
3531206.1174
 10
12119970.377
 20
3531206.555
 10
12119967.9454
 20
3531208.0647
 10
12119900.8723
 20
3531247.7815
 10
12119896.749
 20
3531250.2964
 10
12119894.4248
 20
3531251.7764
 10
12119892.8946
 20
3531252.7658
 10
12119891.8614
 20
3531253.4337
 10
12119888.5327
 20
3531255.6827
 10
12119885.4507
 20
3531257.8606
 10
12119884.0913
 20
3531258.8449
 10
12119882.2657
 20
3531260.1676
 10
12119878.7264
 20
3531262.8759
 10
12119875.8004
 20
3531265.1892
 10
12119874.9526
 20
3531265.9312
 10
12119863.9058
 20
3531275.5452
 10
12119860.9983
 20
3531278.3019
 10
12119859.9909
 20
3531279.2961
 10
12119856.6142
 20
3531282.7032
  0
LWPOLYLINE
  5
DB
330
17
100
AcDbEntity
  8
SURF_OUTER_Roadway Surface N11
100
AcDbPolyline
 90
83
 70
1
 10
12119558.9238
 20
3531205.2254
 10
12119558.8404
 20
3531205.3942
 10
12119558.9758
 20
3531205.2802
 10
12119564.022
 20
3531199.7832
 10
12119568.9029
 20
3531195.0693
 10
12119569.2657
 20
3531194.719
 10
12119569.8273
 20
3531194.233
 10
12119570.4463
 20
3531193.7313
 10
12119572.9226
 20
3531191.725
 10
12119575.5673
 20
3531189.7111
 10
12119576.0548
 20
3531189.34
 10
12119577.17
 20
3531188.5807
 10
12119580.2308
 20
3531186.4967
 10
12119581.0282
 20
3531185.9539
 10
12119581.3521
 20
3531185.7755
 10
12119594.7601
 20
3531178.3932
 10
12119602.4051
 20
3531175.2908
 10
12119613.4048
 20
3531171.8323
 10
12119620.7205
 20
3531170.63
 10
12119630.9639
 20
3531169.1808
 10
12119641.9058
 20
3531168.8953
 10
12119642.9084
 20
3531168.8708
 10
12119643.2406
 20
3531168.8852
 10
12119645.3599
 20
3531168.9794
 10
12119651.094
 20
3531169.4332
 10
12119651.8871
 20
3531169.5391
 10
12119657.8115
 20
3531170.3983
 10
12119658.7666
 20
3531170.5368
 10
12119659.5558
 20
3531170.7157
 10
12119665.8576
 20
3531172.0884
 10
12119670.7673
 20
3531173.4444
 10
12119671.5378
 20
3531173.6571
 10
12119672.5345
 20
3531174.0303
 10
12119683.817
 20
3531178.2541
 10
12119687.062
 20
3531179.7353
 10
12119695.8132
 20
3531184.1897
 10
12119696.2812
 20
3531184.4003
 10
12119696.3323
 20
3531184.4233
 10
12119695.2919
 20
3531183.6641
 10
12119695.2882
 20
3531183.6672
 10
12119692.6604
 20
3531181.742
 10
12119651.4097
 20
3531151.607
 10
12119651.0893
 20
3531151.3723
 10
12119650.1782
 20
3531150.6228
 10
12119648.878
 20
3531149.3803
 10
12119647.664
 20
3531147.9871
 10
12119646.56
 20
3531146.4516
 10
12119645.5893
 20
3531144.7865
 10
12119644.7728
 20
3531143.0096
 10
12119644.1284
 20
3531141.1431
 10
12119643.6695
 20
3531139.2126
 10
12119643.4041
 20
3531137.2461
 10
12119643.3303
 20
3531135.2896
 10
12119643.4582
 20
3531133.3211
 10
12119643.7657
 20
3531131.4184
 10
12119644.2442
 20
3531129.5887
 10
12119644.8766
 20
3531127.8524
 10
12119645.6434
 20
3531126.2256
 10
12119646.5236
 20
3531124.7201
 10
12119698.8229
 20
3531043.6036
 10
12119699.9639
 20
3531042.1396
 10
12119701.4141
 20
3531040.8694
 10
12119702.2519
 20
3531040.3289
 10
12119703.1536
 20
3531039.8681
 10
12119704.1074
 20
3531039.4975
 10
12119705.0994
 20
3531039.2252
 10
12119706.1141
 20
3531039.0562
 10
12119707.1354
 20
3531038.9924
 10
12119707.4269
 20
3531039.0039
 10
12119708.1472
 20
3531039.0324
 10
12119709.1345
 20
3531039.1715
 10
12119710.9837
 20
3531039.7161
 10
12119712.6029
 20
3531040.5468
 10
12119757.3288
 20
3531068.9108
 10
12119759.0562
 20
3531069.5971
 10
12119760.0514
 20
3531069.6881
 10
12119761.0652
 20
3531069.5749
 10
12119762.9033
 20
3531068.7636
 10
12119763.6289
 20
3531068.1348
 10
12119764.1918
 20
3531067.4239
 10
12119872.7184
 20
3530901.3858
 10
12119806.4942
 20
3530858.1001
 10
12119789.7901
 20
3530847.0996
  0
LWPOLYLINE
  5
DD
330
17
100
AcDbEntity
  8
SURF_OUTER_Roadway Surface N12
100
AcDbPolyline
 90
265
 70
1
 10
12120003.052
 20
3530890.0557
 10
12119993.0832
 20
3530904.0245
 10
12119982.0867
 20
3530919.3826
 10
12120001.5243
 20
3530933.2891
 10
12120011.5805
 20
3530919.2293
 10
12120014.0252
 20
3530916.0579
 10
12120015.5108
 20
3530914.3104
 10
12120017.6247
 20
3530912.041
 10
12120018.7454
 20
3530910.9317
 10
12120020.4226
 20
3530909.375
 10
12120021.4003
 20
3530908.5203
 10
12120022.9687
 20
3530907.2243
 10
12120023.7989
 20
3530906.5735
 10
12120025.6302
 20
3530905.2181
 10
12120026.5039
 20
3530904.6084
 10
12120027.1328
 20
3530904.1949
 10
12120028.3988
 20
3530903.3626
 10
12120029.2366
 20
3530902.8437
 10
12120031.266
 20
3530901.6633
 10
12120032.2072
 20
3530901.1512
 10
12120032.9792
 20
3530900.7573
 10
12120033.4804
 20
3530900.4923
 10
12120035.2037
 20
3530899.6608
 10
12120036.9341
 20
3530898.8921
 10
12120038.2714
 20
3530898.342
 10
12120040.3697
 20
3530897.5533
 10
12120041.3985
 20
3530897.1989
 10
12120042.4646
 20
3530896.8534
 10
12120043.551
 20
3530896.5237
 10
12120044.6039
 20
3530896.2254
 10
12120045.84
 20
3530895.9012
 10
12120047.8442
 20
3530895.4348
 10
12120050.0284
 20
3530895.0079
 10
12120051.9205
 20
3530894.7054
 10
12120053.3255
 20
3530894.5205
 10
12120055.1032
 20
3530894.3347
 10
12120056.7397
 20
3530894.2107
 10
12120057.7642
 20
3530894.1559
 10
12120058.7584
 20
3530894.1281
 10
12120059.4301
 20
3530894.1093
 10
12120060.4532
 20
3530894.103
 10
12120061.2014
 20
3530894.1121
 10
12120061.5762
 20
3530894.1057
 10
12120061.7785
 20
3530894.1211
 10
12120062.8627
 20
3530894.1531
 10
12120063.1307
 20
3530894.1546
 10
12120064.3061
 20
3530894.2184
 10
12120066.4402
 20
3530894.3934
 10
12120068.7923
 20
3530894.6755
 10
12120069.7607
 20
3530894.8191
 10
12120071.2281
 20
3530895.0675
 10
12120073.2317
 20
3530895.4676
 10
12120074.1671
 20
3530895.7197
 10
12120075.9603
 20
3530896.128
 10
12120077.5991
 20
3530896.5904
 10
12120079.4664
 20
3530897.1792
 10
12120080.5917
 20
3530897.5667
 10
12120081.644
 20
3530897.9543
 10
12120082.5978
 20
3530898.3204
 10
12120085.0919
 20
3530899.374
 10
12120086.5653
 20
3530900.0732
 10
12120088.3715
 20
3530900.9764
 10
12120089.4117
 20
3530901.5275
 10
12120090.027
 20
3530901.8703
 10
12120091.5462
 20
3530902.7583
 10
12120093.8671
 20
3530904.2343
 10
12120094.3498
 20
3530904.5605
 10
12120095.9697
 20
3530905.7336
 10
12120097.0492
 20
3530906.5154
 10
12120097.5213
 20
3530906.8814
 10
12120117.1424
 20
3530922.2485
 10
12120120.4117
 20
3530924.8439
 10
12120128.2464
 20
3530931.0636
 10
12120128.2546
 20
3530931.0742
 10
12120178.175
 20
3530970.1678
 10
12120178.7117
 20
3530970.589
 10
12120190.559
 20
3530979.8856
 10
12120231.2151
 20
3531011.7172
 10
12120232.3566
 20
3531012.6109
 10
12120235.3866
 20
3531014.9838
 10
12120244.0347
 20
3531021.7566
 10
12120246.412
 20
3531023.7125
 10
12120247.0062
 20
3531024.2014
 10
12120247.5837
 20
3531024.7252
 10
12120247.9866
 20
3531025.0765
 10
12120248.2066
 20
3531025.2903
 10
12120249.0677
 20
3531026.0587
 10
12120249.5413
 20
3531026.5041
 10
12120249.8814
 20
3531026.8098
 10
12120250.5897
 20
3531027.5182
 10
12120250.6254
 20
3531027.5539
 10
12120251.6237
 20
3531028.521
 10
12120252.0846
 20
3531029.0134
 10
12120252.4799
 20
3531029.4089
 10
12120252.8964
 20
3531029.8514
 10
12120252.8965
 20
3531029.8515
 10
12120254.4067
 20
3531031.4942
 10
12120254.7753
 20
3531031.9149
 10
12120255.2881
 20
3531032.4905
 10
12120257.7955
 20
3531035.5474
 10
12120258.17
 20
3531036.0454
 10
12120259.2136
 20
3531037.4297
 10
12120259.9714
 20
3531038.4733
 10
12120260.2719
 20
3531038.9086
 10
12120261.1026
 20
3531040.1119
 10
12120262.1559
 20
3531041.7359
 10
12120262.3509
 20
3531042.0287
 10
12120263.4573
 20
3531043.8326
 10
12120263.8537
 20
3531044.5117
 10
12120265.09
 20
3531046.63
 10
12120265.2221
 20
3531046.9093
 10
12120266.6845
 20
3531049.8333
 10
12120267.5372
 20
3531051.5479
 10
12120267.881
 20
3531052.3947
 10
12120268.3139
 20
3531053.4481
 10
12120268.6396
 20
3531054.2001
 10
12120269.1123
 20
3531055.3724
 10
12120269.5931
 20
3531056.622
 10
12120270.0791
 20
3531057.926
 10
12120270.6699
 20
3531059.6723
 10
12120270.7189
 20
3531059.8258
 10
12120270.908
 20
3531060.4127
 10
12120270.9456
 20
3531060.5388
 10
12120271.3469
 20
3531061.7996
 10
12120271.6393
 20
3531062.8637
 10
12120271.8518
 20
3531063.5811
 10
12120271.9566
 20
3531063.9636
 10
12120271.9816
 20
3531064.0653
 10
12120272.3304
 20
3531065.4141
 10
12120272.7302
 20
3531067.0948
 10
12120273.246
 20
3531069.6026
 10
12120273.8126
 20
3531072.592
 10
12120274.1186
 20
3531075.1866
 10
12120274.1534
 20
3531075.3922
 10
12120274.207
 20
3531075.9458
 10
12120274.4254
 20
3531077.896
 10
12120274.4664
 20
3531078.4707
 10
12120274.5772
 20
3531080.2004
 10
12120274.6656
 20
3531082.4042
 10
12120274.6842
 20
3531083.3522
 10
12120274.7052
 20
3531085.0883
 10
12120274.6801
 20
3531086.4244
 10
12120274.6692
 20
3531087.0049
 10
12120274.6618
 20
3531087.3964
 10
12120274.5829
 20
3531088.8379
 10
12120274.5767
 20
3531088.8404
 10
12120274.5538
 20
3531089.5013
 10
12120274.5056
 20
3531090.2514
 10
12120274.4985
 20
3531090.3922
 10
12120274.4526
 20
3531091.0171
 10
12120274.4239
 20
3531091.3052
 10
12120274.3268
 20
3531092.3956
 10
12120274.2997
 20
3531092.5473
 10
12120274.1639
 20
3531093.9063
 10
12120274.0886
 20
3531094.6591
 10
12120273.993
 20
3531095.2954
 10
12120273.4989
 20
3531098.5834
 10
12120273.2865
 20
3531099.6881
 10
12120272.7509
 20
3531102.2596
 10
12120272.7085
 20
3531102.4973
 10
12120272.6701
 20
3531102.6138
 10
12120272.5817
 20
3531103.0014
 10
12120272.0914
 20
3531105.0236
 10
12120271.812
 20
3531106.0337
 10
12120271.5104
 20
3531107.0949
 10
12120270.7576
 20
3531109.5203
 10
12120270.5308
 20
3531110.2686
 10
12120270.4114
 20
3531110.5676
 10
12120270.2439
 20
3531111.0823
 10
12120269.8946
 20
3531111.9913
 10
12120269.5569
 20
3531112.922
 10
12120269.2054
 20
3531113.8906
 10
12120268.904
 20
3531114.6076
 10
12120268.5984
 20
3531115.3953
 10
12120268.1171
 20
3531116.6358
 10
12120266.1724
 20
3531120.666
 10
12120265.958
 20
3531121.1116
 10
12120265.6486
 20
3531121.6845
 10
12120264.8681
 20
3531123.1735
 10
12120264.4736
 20
3531123.8525
 10
12120264.0833
 20
3531124.5728
 10
12120262.5815
 20
3531127.0603
 10
12120261.8895
 20
3531128.1586
 10
12120261.449
 20
3531128.8444
 10
12120260.7855
 20
3531129.8025
 10
12120260.2909
 20
3531130.5145
 10
12120259.88
 20
3531131.1317
 10
12120259.2848
 20
3531131.9267
 10
12120258.7005
 20
3531132.7004
 10
12120257.9806
 20
3531133.6723
 10
12120257.9222
 20
3531133.731
 10
12120257.5736
 20
3531134.212
 10
12120256.9586
 20
3531134.9935
 10
12120256.9116
 20
3531135.0534
 10
12120271.0554
 20
3531146.1866
 10
12120272.2344
 20
3531144.6887
 10
12120276.2477
 20
3531139.5968
 10
12120313.3385
 20
3531092.4587
 10
12120315.5572
 20
3531089.527
 10
12120317.1877
 20
3531087.1148
 10
12120318.7097
 20
3531084.6079
 10
12120320.1156
 20
3531082.0136
 10
12120321.4466
 20
3531079.2251
 10
12120322.6818
 20
3531076.227
 10
12120323.5691
 20
3531073.7916
 10
12120324.4472
 20
3531070.9362
 10
12120325.1822
 20
3531068.0407
 10
12120325.7714
 20
3531065.1158
 10
12120326.2137
 20
3531062.1726
 10
12120326.509
 20
3531059.2143
 10
12120326.657
 20
3531056.275
 10
12120326.6607
 20
3531053.3422
 10
12120326.5227
 20
3531050.4339
 10
12120326.2466
 20
3531047.56
 10
12120325.8327
 20
3531044.7027
 10
12120325.2765
 20
3531041.8448
 10
12120324.5768
 20
3531038.9967
 10
12120323.7331
 20
3531036.1691
 10
12120322.7463
 20
3531033.3728
 10
12120321.6182
 20
3531030.6187
 10
12120320.3515
 20
3531027.9172
 10
12120318.9503
 20
3531025.2789
 10
12120317.4196
 20
3531022.7136
 10
12120315.7651
 20
3531020.2306
 10
12120313.9939
 20
3531017.8388
 10
12120312.1133
 20
3531015.5461
 10
12120310.1318
 20
3531013.3597
 10
12120308.0583
 20
3531011.2856
 10
12120305.9019
 20
3531009.3293
 10
12120303.6723
 20
3531007.4949
 10
12120258.7576
 20
3530972.3997
 10
12120257.7792
 20
3530971.5518
 10
12120223.8335
 20
3530944.9658
 10
12120223.0025
 20
3530944.315
 10
12120219.8534
 20
3530941.8486
 10
12120215.0346
 20
3530938.0744
 10
12120090.0494
 20
3530840.1872
 10
12120086.813
 20
3530837.9017
 10
12120085.0929
 20
3530836.87
 10
12120083.3116
 20
3530835.9201
 10
12120081.4752
 20
3530835.057
 10
12120079.5965
 20
3530834.2881
 10
12120077.6927
 20
3530833.6196
 10
12120075.7226
 20
3530833.0378
 10
12120073.7122
 20
3530832.5547
 10
12120071.7043
 20
3530832.1807
 10
12120069.6972
 20
3530831.9118
 10
12120067.6775
 20
3530831.7445
 10
12120065.6453
 20
3530831.6793
 10
12120063.6399
 20
3530831.7166
 10
12120059.9567
 20
3530832.0608
 10
12120059.3336
 20
3530832.1557
 10
12120056.3889
 20
3530832.729
 10
12120054.9174
 20
3530833.0855
 10
12120053.8712
 20
3530833.3716
 10
12120051.9532
 20
3530834.0013
 10
12120050.0692
 20
3530834.7273
 10
12120048.1987
 20
3530835.5591
 10
12120046.3775
 20
3530836.4835
 10
12120044.6035
 20
3530837.501
 10
12120042.7323
 20
3530838.7114
 10
12120037.354
 20
3530843.1528
 10
12120033.7246
 20
3530847.3068
 10
12120032.9307
 20
3530848.3079
 10
12120007.6145
 20
3530883.6936
  0
LWPOLYLINE
  5
DF
330
17
100
AcDbEntity
  8
SURF_OUTER_Roadway Surface N2
100
AcDbPolyline
 90
166
 70
1
 10
12119255.791
 20
3532142.2662
 10
12119227.0866
 20
3532232.2909
 10
12119232.997
 20
3532234.1756
 10
12119237.5908
 20
3532218.7141
 10
12119245.9122
 20
3532192.876
 10
12119261.5161
 20
3532144.0842
 10
12119266.4211
 20
3532128.9115
 10
12119271.4485
 20
3532113.775
 10
12119276.5978
 20
3532098.6764
 10
12119281.8687
 20
3532083.6171
 10
12119287.2607
 20
3532068.5986
 10
12119292.7733
 20
3532053.6222
 10
12119298.406
 20
3532038.6895
 10
12119304.1583
 20
3532023.8019
 10
12119310.0296
 20
3532008.9609
 10
12119316.0193
 20
3531994.1678
 10
12119322.1223
 20
3531979.435
 10
12119328.3518
 20
3531964.7312
 10
12119334.6933
 20
3531950.0905
 10
12119341.1507
 20
3531935.5033
 10
12119347.7234
 20
3531920.9711
 10
12119354.4107
 20
3531906.4952
 10
12119366.0306
 20
3531882.0232
 10
12119368.1245
 20
3531878.1392
 10
12119370.584
 20
3531874.4116
 10
12119371.9453
 20
3531872.6223
 10
12119373.3902
 20
3531870.8909
 10
12119374.915
 20
3531869.2231
 10
12119376.5151
 20
3531867.6242
 10
12119378.186
 20
3531866.0994
 10
12119379.3228
 20
3531865.1524
 10
12119379.9512
 20
3531864.6311
 10
12119381.1612
 20
3531863.7125
 10
12119381.7185
 20
3531863.2895
 10
12119383.5685
 20
3531862.012
 10
12119387.4054
 20
3531859.7268
 10
12119390.1089
 20
3531858.4263
 10
12119391.3818
 20
3531857.814
 10
12119392.2346
 20
3531857.4585
 10
12119406.8144
 20
3531851.538
 10
12119408.73
 20
3531850.835
 10
12119411.3049
 20
3531850.1137
 10
12119414.0052
 20
3531849.6146
 10
12119416.8029
 20
3531849.3617
 10
12119419.6647
 20
3531849.3743
 10
12119422.5525
 20
3531849.6656
 10
12119425.4257
 20
3531850.2414
 10
12119428.2424
 20
3531851.0995
 10
12119430.9711
 20
3531852.2348
 10
12119433.5443
 20
3531853.6135
 10
12119435.9575
 20
3531855.2262
 10
12119438.1733
 20
3531857.0372
 10
12119440.1708
 20
3531859.0124
 10
12119441.9365
 20
3531861.1155
 10
12119443.4641
 20
3531863.3102
 10
12119444.7537
 20
3531865.5615
 10
12119445.9541
 20
3531868.1872
 10
12119446.9083
 20
3531870.9563
 10
12119447.5932
 20
3531873.8335
 10
12119447.7893
 20
3531875.2805
 10
12119448.0278
 20
3531877.7604
 10
12119448.0988
 20
3531879.7487
 10
12119447.9122
 20
3531882.7004
 10
12119447.4418
 20
3531885.5913
 10
12119446.7044
 20
3531888.3826
 10
12119445.2999
 20
3531892.7844
 10
12119441.541
 20
3531904.7058
 10
12119439.3705
 20
3531911.7568
 10
12119438.5487
 20
3531914.4876
 10
12119443.4495
 20
3531899.3527
 10
12119446.0901
 20
3531891.3353
 10
12119448.732
 20
3531883.4267
 10
12119450.5973
 20
3531877.9084
 10
12119453.8336
 20
3531868.4585
 10
12119457.5439
 20
3531857.8115
 10
12119460.4572
 20
3531849.5848
 10
12119463.035
 20
3531842.4002
 10
12119466.7047
 20
3531832.319
 10
12119470.7498
 20
3531821.399
 10
12119474.2754
 20
3531812.0383
 10
12119477.8463
 20
3531802.7005
 10
12119481.4659
 20
3531793.3763
 10
12119486.0667
 20
3531781.7212
 10
12119488.8364
 20
3531774.8071
 10
12119492.6031
 20
3531765.5228
 10
12119496.408
 20
3531756.2784
 10
12119500.2657
 20
3531747.0385
 10
12119503.3062
 20
3531739.8468
 10
12119506.7988
 20
3531731.6817
 10
12119504.6503
 20
3531730.7472
 10
12119504.5394
 20
3531730.9905
 10
12119503.3864
 20
3531733.2073
 10
12119502.647
 20
3531734.4059
 10
12119502.0309
 20
3531735.3073
 10
12119500.4854
 20
3531737.2711
 10
12119498.7632
 20
3531739.0821
 10
12119496.8793
 20
3531740.7241
 10
12119494.8503
 20
3531742.1831
 10
12119492.6938
 20
3531743.446
 10
12119490.4288
 20
3531744.502
 10
12119488.075
 20
3531745.3417
 10
12119485.6531
 20
3531745.9579
 10
12119483.7773
 20
3531746.2736
 10
12119483.1842
 20
3531746.3451
 10
12119480.6899
 20
3531746.5
 10
12119478.192
 20
3531746.4212
 10
12119475.7125
 20
3531746.1093
 10
12119473.2729
 20
3531745.5672
 10
12119470.8927
 20
3531744.7988
 10
12119470.8147
 20
3531745.0134
 10
12119457.3798
 20
3531739.2709
 10
12119439.6414
 20
3531732.0178
 10
12119437.1115
 20
3531736.32
 10
12119434.5718
 20
3531740.639
 10
12119429.5514
 20
3531749.2837
 10
12119427.0543
 20
3531753.6172
 10
12119422.0916
 20
3531762.301
 10
12119417.1756
 20
3531771.0092
 10
12119411.7509
 20
3531780.738
 10
12119407.4743
 20
3531788.4987
 10
12119402.6894
 20
3531797.2797
 10
12119400.3163
 20
3531801.6804
 10
12119393.2517
 20
3531814.9128
 10
12119390.9198
 20
3531819.3358
 10
12119386.2893
 20
3531828.1991
 10
12119381.7031
 20
3531837.0855
 10
12119379.4268
 20
3531841.5373
 10
12119375.812
 20
3531848.6667
 10
12119370.4327
 20
3531859.4008
 10
12119366.0043
 20
3531868.3669
 10
12119363.8046
 20
3531872.857
 10
12119359.4421
 20
3531881.8553
 10
12119355.1245
 20
3531890.8752
 10
12119351.8762
 20
3531897.7389
 10
12119348.7329
 20
3531904.4453
 10
12119345.3693
 20
3531911.6981
 10
12119340.3695
 20
3531922.6127
 10
12119336.256
 20
3531931.7275
 10
12119332.9994
 20
3531939.0346
 10
12119330.1713
 20
3531945.4379
 10
12119328.1696
 20
3531950.0239
 10
12119325.57
 20
3531956.0051
 10
12119324.4006
 20
3531958.7158
 10
12119324.1927
 20
3531959.195
 10
12119321.0431
 20
3531966.5489
 10
12119317.1495
 20
3531975.7598
 10
12119312.0851
 20
3531987.9328
 10
12119308.635
 20
3531996.3605
 10
12119305.7476
 20
3532003.5029
 10
12119301.2996
 20
3532014.6536
 10
12119298.3763
 20
3532022.0967
 10
12119294.7597
 20
3532031.423
 10
12119291.1907
 20
3532040.7649
 10
12119286.9714
 20
3532051.9986
 10
12119284.1933
 20
3532059.5007
 10
12119280.7652
 20
3532068.8936
 10
12119276.7514
 20
3532080.0873
 10
12119276.7131
 20
3532080.1901
 10
12119276.7163
 20
3532080.1912
 10
12119275.0432
 20
3532084.903
 10
12119270.9732
 20
3532096.5718
 10
12119270.1121
 20
3532099.0693
 10
12119267.5224
 20
3532106.6386
 10
12119264.33
 20
3532116.1153
 10
12119260.5602
 20
3532127.5078
 10
12119258.088
 20
3532135.1138
  0
LWPOLYLINE
  5
E1
330
17
100
AcDbEntity
  8
SURF_OUTER_Roadway Surface N3
100
AcDbPolyline
 90
68
 70
1
 10
12119758.4828
 20
3531805.0838
 10
12119759.2875
 20
3531807.1904
 10
12119760.193
 20
3531809.2713
 10
12119761.1982
 20
3531811.3194
 10
12119762.3014
 20
3531813.3277
 10
12119763.5
 20
3531815.2891
 10
12119764.7909
 20
3531817.197
 10
12119766.1705
 20
3531819.0449
 10
12119767.6344
 20
3531820.8268
 10
12119769.1778
 20
3531822.537
 10
12119770.7952
 20
3531824.1704
 10
12119772.4809
 20
3531825.7222
 10
12119774.2288
 20
3531827.1886
 10
12119776.0324
 20
3531828.566
 10
12119777.8851
 20
3531829.8516
 10
12119779.7753
 20
3531831.0403
 10
12119782.2388
 20
3531827.6173
 10
12119785.1253
 20
3531823.5335
 10
12119786.2319
 20
3531821.871
 10
12119788.4775
 20
3531818.5072
 10
12119789.3245
 20
3531817.2384
 10
12119790.1431
 20
3531816.0121
 10
12119790.566
 20
3531815.3379
 10
12119793.3146
 20
3531810.9704
 10
12119795.0487
 20
3531808.1562
 10
12119795.9025
 20
3531806.6933
 10
12119795.9112
 20
3531806.6977
 10
12119799.4166
 20
3531800.676
 10
12119800.8853
 20
3531798.0215
 10
12119803.5775
 20
3531793.0564
 10
12119804.5358
 20
3531791.2218
 10
12119807.8113
 20
3531784.7194
 10
12119809.9658
 20
3531780.2075
 10
12119812.4902
 20
3531774.6589
 10
12119814.5717
 20
3531769.8443
 10
12119814.5812
 20
3531769.7159
 10
12119813.748
 20
3531770.9462
 10
12119813.4472
 20
3531771.3903
 10
12119811.973
 20
3531773.0951
 10
12119810.9141
 20
3531774.0328
 10
12119810.1093
 20
3531774.7198
 10
12119808.2665
 20
3531775.9285
 10
12119806.191
 20
3531776.9097
 10
12119804.1358
 20
3531777.5562
 10
12119804.0423
 20
3531777.5856
 10
12119801.884
 20
3531777.9584
 10
12119799.6953
 20
3531778.0442
 10
12119797.453
 20
3531777.8316
 10
12119795.2184
 20
3531777.3051
 10
12119793.0574
 20
3531776.4663
 10
12119791.0341
 20
3531775.335
 10
12119789.2046
 20
3531773.948
 10
12119787.6122
 20
3531772.355
 10
12119786.284
 20
3531770.6133
 10
12119786.1231
 20
3531770.3321
 10
12119785.1963
 20
3531768.7121
 10
12119784.3484
 20
3531766.6254
 10
12119783.7825
 20
3531764.4005
 10
12119783.6222
 20
3531762.9512
 10
12119783.5276
 20
3531762.0964
 10
12119783.5339
 20
3531761.9001
 10
12119783.5957
 20
3531759.7793
 10
12119783.8567
 20
3531758.2418
 10
12119783.6714
 20
3531756.8012
 10
12119758.5305
 20
3531801.6194
 10
12119758.4894
 20
3531801.6927
 10
12119758.2904
 20
3531802.0474
 10
12119757.7935
 20
3531802.9337
  0
LWPOLYLINE
  5
E3
330
17
100
AcDbEntity
  8
SURF_OUTER_Roadway Surface N4
100
AcDbPolyline
 90
222
 70
1
 10
12119680.7318
 20
3531944.6717
 10
12119678.8829
 20
3531947.1052
 10
12119676.7883
 20
3531949.9586
 10
12119674.822
 20
3531952.7372
 10
12119673.3741
 20
3531954.8494
 10
12119672.0201
 20
3531956.8783
 10
12119669.8628
 20
3531960.2263
 10
12119668.7322
 20
3531962.0414
 10
12119667.4915
 20
3531964.077
 10
12119666.7272
 20
3531965.3616
 10
12119664.6254
 20
3531969.0269
 10
12119656.9094
 20
3531982.7824
 10
12119667.3753
 20
3531988.6531
 10
12119675.0927
 20
3531974.9037
 10
12119677.0947
 20
3531971.4689
 10
12119678.2215
 20
3531969.6022
 10
12119679.5484
 20
3531967.4614
 10
12119681.3346
 20
3531964.6712
 10
12119683.3777
 20
3531961.5994
 10
12119684.734
 20
3531959.6259
 10
12119686.5824
 20
3531957.0155
 10
12119688.5485
 20
3531954.3327
 10
12119690.2817
 20
3531952.043
 10
12119691.26
 20
3531950.7801
 10
12119693.5828
 20
3531947.8627
 10
12119695.5763
 20
3531945.4453
 10
12119698.0031
 20
3531942.6033
 10
12119699.7512
 20
3531940.621
 10
12119765.9208
 20
3531866.5887
 10
12119767.0734
 20
3531865.3489
 10
12119769.3877
 20
3531862.9813
 10
12119771.0807
 20
3531861.3446
 10
12119772.1997
 20
3531860.3041
 10
12119773.5763
 20
3531859.0669
 10
12119775.523
 20
3531857.3934
 10
12119777.1571
 20
3531856.0538
 10
12119779.5394
 20
3531854.2297
 10
12119780.7516
 20
3531853.3015
 10
12119781.2148
 20
3531852.9657
 10
12119783.9035
 20
3531851.1005
 10
12119784.3245
 20
3531850.8095
 10
12119785.9896
 20
3531849.7249
 10
12119787.2103
 20
3531848.9593
 10
12119789.7949
 20
3531847.4308
 10
12119790.4686
 20
3531847.0324
 10
12119791.9677
 20
3531846.2007
 10
12119793.3897
 20
3531845.4425
 10
12119796.0813
 20
3531844.0861
 10
12119797.7108
 20
3531843.3134
 10
12119799.0005
 20
3531842.7272
 10
12119801.742
 20
3531841.5532
 10
12119805.3348
 20
3531840.1579
 10
12119807.9152
 20
3531839.2525
 10
12119810.6791
 20
3531838.3692
 10
12119814.7345
 20
3531837.2306
 10
12119816.6994
 20
3531836.7445
 10
12119821.5351
 20
3531835.3374
 10
12119821.7018
 20
3531835.2709
 10
12119823.4245
 20
3531834.5838
 10
12119826.2035
 20
3531833.4478
 10
12119828.133
 20
3531832.499
 10
12119830.6564
 20
3531831.095
 10
12119833.0653
 20
3531829.5661
 10
12119834.8346
 20
3531828.2952
 10
12119835.3728
 20
3531827.9086
 10
12119837.3502
 20
3531826.3192
 10
12119839.0788
 20
3531824.7652
 10
12119841.2376
 20
3531822.65
 10
12119842.6832
 20
3531821.064
 10
12119844.6574
 20
3531818.6519
 10
12119845.4409
 20
3531817.6024
 10
12119846.2796
 20
3531816.4113
 10
12119847.6364
 20
3531814.3111
 10
12119848.1899
 20
3531813.3826
 10
12119849.2749
 20
3531811.4156
 10
12119850.4988
 20
3531808.9021
 10
12119851.6609
 20
3531806.1119
 10
12119852.3396
 20
3531804.2187
 10
12119853.424
 20
3531800.5153
 10
12119853.6954
 20
3531799.3779
 10
12119854.5263
 20
3531794.6556
 10
12119854.6015
 20
3531794.0291
 10
12119854.8014
 20
3531791.8387
 10
12119854.9138
 20
3531789.146
 10
12119854.9182
 20
3531788.134
 10
12119854.8878
 20
3531786.661
 10
12119854.7517
 20
3531784.3488
 10
12119854.5227
 20
3531781.2772
 10
12119854.2806
 20
3531776.95
 10
12119854.1755
 20
3531774.197
 10
12119854.0993
 20
3531770.8821
 10
12119854.0904
 20
3531765.6858
 10
12119854.116
 20
3531764.029
 10
12119854.2153
 20
3531760.5233
 10
12119854.4716
 20
3531755.3954
 10
12119854.6169
 20
3531753.2942
 10
12119854.8571
 20
3531750.3031
 10
12119855.3695
 20
3531745.2475
 10
12119855.5463
 20
3531743.7498
 10
12119856.007
 20
3531740.2296
 10
12119856.4754
 20
3531737.0663
 10
12119857.0325
 20
3531733.6908
 10
12119857.5333
 20
3531730.9247
 10
12119858.0199
 20
3531728.4286
 10
12119858.652
 20
3531725.4124
 10
12119859.0279
 20
3531723.7204
 10
12119859.7725
 20
3531720.5559
 10
12119861.0099
 20
3531715.7426
 10
12119861.5276
 20
3531713.8644
 10
12119862.2724
 20
3531711.2792
 10
12119862.9253
 20
3531709.1144
 10
12119863.8304
 20
3531706.2501
 10
12119864.5249
 20
3531704.1481
 10
12119865.411
 20
3531701.5734
 10
12119867.1037
 20
3531696.9446
 10
12119868.0122
 20
3531694.5966
 10
12119868.9075
 20
3531692.365
 10
12119870.6439
 20
3531688.243
 10
12119871.5078
 20
3531686.2834
 10
12119872.8444
 20
3531683.3585
 10
12119875.3174
 20
3531678.2502
 10
12119876.4191
 20
3531676.0872
 10
12119878.6553
 20
3531671.7881
 10
12119881.7783
 20
3531665.8695
 10
12119884.3511
 20
3531661.0659
 10
12119887.3505
 20
3531655.5451
 10
12119891.0417
 20
3531648.8642
 10
12119893.5788
 20
3531644.3423
 10
12119896.0033
 20
3531640.0726
 10
12119898.7653
 20
3531635.2682
 10
12119902.0609
 20
3531629.6164
 10
12119907.1528
 20
3531621.0503
 10
12119910.6573
 20
3531615.2675
 10
12119913.512
 20
3531610.6223
 10
12119916.1612
 20
3531606.3625
 10
12119918.7753
 20
3531602.2062
 10
12119921.4101
 20
3531598.0631
 10
12119924.0656
 20
3531593.9332
 10
12119926.7418
 20
3531589.8166
 10
12119929.4384
 20
3531585.7134
 10
12119932.1556
 20
3531581.6238
 10
12119935.8461
 20
3531576.1392
 10
12119939.1278
 20
3531571.3283
 10
12119943.2277
 20
3531565.4026
 10
12119946.0462
 20
3531561.3822
 10
12119948.3664
 20
3531558.1065
 10
12119948.8777
 20
3531557.3707
 10
12119948.7115
 20
3531557.593
 10
12119933.6202
 20
3531547.7818
 10
12119933.6182
 20
3531547.7847
 10
12119928.4631
 20
3531555.1068
 10
12119924.288
 20
3531561.1411
 10
12119922.8254
 20
3531563.2892
 10
12119922.8227
 20
3531563.2874
 10
12119922.7877
 20
3531563.3406
 10
12119919.9758
 20
3531567.4746
 10
12119917.188
 20
3531571.6253
 10
12119914.4211
 20
3531575.7899
 10
12119910.2975
 20
3531582.0814
 10
12119906.2456
 20
3531588.3659
 10
12119903.5625
 20
3531592.585
 10
12119900.9005
 20
3531596.8175
 10
12119898.2597
 20
3531601.0632
 10
12119895.2957
 20
3531605.8857
 10
12119891.7287
 20
3531611.7757
 10
12119887.9033
 20
3531618.1953
 10
12119885.3884
 20
3531622.4724
 10
12119882.8637
 20
3531626.81
 10
12119880.3731
 20
3531631.1455
 10
12119878.0293
 20
3531635.2717
 10
12119875.457
 20
3531639.8536
 10
12119871.571
 20
3531646.8848
 10
12119868.1629
 20
3531653.163
 10
12119864.5449
 20
3531659.9473
 10
12119860.4315
 20
3531667.8211
 10
12119856.6709
 20
3531675.1647
 10
12119854.2203
 20
3531680.0347
 10
12119852.1963
 20
3531684.1076
 10
12119849.9925
 20
3531688.5958
 10
12119846.6173
 20
3531695.5821
 10
12119843.3794
 20
3531702.4174
 10
12119839.6274
 20
3531710.5095
 10
12119835.9797
 20
3531718.5636
 10
12119833.176
 20
3531724.8861
 10
12119830.1351
 20
3531731.8803
 10
12119827.246
 20
3531738.6641
 10
12119825.3154
 20
3531743.2763
 10
12119822.1242
 20
3531751.0454
 10
12119819.6621
 20
3531757.17
 10
12119816.251
 20
3531765.7825
 10
12119815.0406
 20
3531768.7063
 10
12119814.5717
 20
3531769.8443
 10
12119812.4902
 20
3531774.6589
 10
12119809.9658
 20
3531780.2075
 10
12119807.8113
 20
3531784.7194
 10
12119804.5358
 20
3531791.2218
 10
12119803.5775
 20
3531793.0564
 10
12119800.8853
 20
3531798.0215
 10
12119799.4166
 20
3531800.676
 10
12119795.9112
 20
3531806.6977
 10
12119795.9025
 20
3531806.6933
 10
12119793.3146
 20
3531810.9704
 10
12119790.566
 20
3531815.3379
 10
12119789.3245
 20
3531817.2384
 10
12119788.4775
 20
3531818.5072
 10
12119787.9137
 20
3531819.3851
 10
12119786.2319
 20
3531821.871
 10
12119785.1253
 20
3531823.5335
 10
12119782.2388
 20
3531827.6173
 10
12119779.7753
 20
3531831.0403
 10
12119777.8001
 20
3531833.702
 10
12119776.308
 20
3531835.666
 10
12119774.2315
 20
3531838.3419
 10
12119772.117
 20
3531841.0092
 10
12119769.5998
 20
3531844.1024
 10
12119766.891
 20
3531847.3396
 10
12119763.6237
 20
3531851.1244
 10
12119761.8656
 20
3531853.1092
 10
12119689.9312
 20
3531933.6066
 10
12119687.954
 20
3531935.8629
 10
12119686.391
 20
3531937.6714
 10
12119683.8361
 20
3531940.7522
  0
LWPOLYLINE
  5
E5
330
17
100
AcDbEntity
  8
SURF_OUTER_Roadway Surface N5
100
AcDbPolyline
 90
265
 70
1
 10
12119516.9751
 20
3531811.8842
 10
12119514.4393
 20
3531818.4298
 10
12119511.2197
 20
3531826.8641
 10
12119508.0272
 20
3531835.3433
 10
12119504.7998
 20
3531844.0419
 10
12119501.0884
 20
3531854.2048
 10
12119498.14
 20
3531862.4133
 10
12119495.8684
 20
3531868.8056
 10
12119493.1513
 20
3531876.5571
 10
12119491.0944
 20
3531882.4912
 10
12119487.5754
 20
3531892.7964
 10
12119483.8672
 20
3531903.8707
 10
12119483.5662
 20
3531904.8826
 10
12119484.0128
 20
3531903.6456
 10
12119485.8567
 20
3531898.2161
 10
12119486.3583
 20
3531896.8517
 10
12119487.2433
 20
3531894.9948
 10
12119488.4423
 20
3531892.8527
 10
12119489.0001
 20
3531891.9185
 10
12119490.6699
 20
3531889.6387
 10
12119492.5468
 20
3531887.5262
 10
12119494.6046
 20
3531885.6077
 10
12119496.5945
 20
3531884.0729
 10
12119496.8128
 20
3531883.9045
 10
12119498.9626
 20
3531882.545
 10
12119499.1382
 20
3531882.4317
 10
12119501.0678
 20
3531881.4276
 10
12119502.707
 20
3531880.6974
 10
12119504.6103
 20
3531879.9965
 10
12119506.1176
 20
3531879.5547
 10
12119506.5434
 20
3531879.4299
 10
12119508.5101
 20
3531878.9943
 10
12119510.4972
 20
3531878.6922
 10
12119512.491
 20
3531878.5242
 10
12119514.4782
 20
3531878.4894
 10
12119629.2409
 20
3531880.2783
 10
12119632.3857
 20
3531880.5094
 10
12119635.0839
 20
3531880.9613
 10
12119637.5649
 20
3531881.6041
 10
12119639.861
 20
3531882.4083
 10
12119641.9965
 20
3531883.3523
 10
12119643.9891
 20
3531884.4197
 10
12119645.8534
 20
3531885.5995
 10
12119647.5988
 20
3531886.8838
 10
12119649.2113
 20
3531888.2852
 10
12119650.7064
 20
3531889.7881
 10
12119651.2269
 20
3531890.3248
 10
12119651.9236
 20
3531891.1893
 10
12119652.0929
 20
3531891.3842
 10
12119653.3714
 20
3531893.0752
 10
12119654.5395
 20
3531894.8641
 10
12119654.9215
 20
3531895.534
 10
12119655.4728
 20
3531896.5007
 10
12119655.5943
 20
3531896.7612
 10
12119656.4997
 20
3531898.7017
 10
12119657.2242
 20
3531900.6478
 10
12119657.3299
 20
3531900.9316
 10
12119657.8004
 20
3531902.5804
 10
12119658.2548
 20
3531904.6355
 10
12119658.5868
 20
3531906.7584
 10
12119658.7795
 20
3531908.6774
 10
12119658.7814
 20
3531908.99
 10
12119658.7967
 20
3531911.5091
 10
12119658.5678
 20
3531914.0866
 10
12119658.0582
 20
3531916.9676
 10
12119657.0769
 20
3531920.3033
 10
12119655.3007
 20
3531924.2749
 10
12119655.0872
 20
3531924.7521
 10
12119654.7388
 20
3531925.3633
 10
12119652.1839
 20
3531929.8288
 10
12119646.8403
 20
3531939.3849
 10
12119646.9263
 20
3531939.4624
 10
12119712.1541
 20
3531823.1789
 10
12119709.9042
 20
3531822.9683
 10
12119709.2843
 20
3531822.8791
 10
12119706.3147
 20
3531822.4519
 10
12119702.7328
 20
3531821.7528
 10
12119699.1724
 20
3531820.8705
 10
12119695.6475
 20
3531819.8061
 10
12119692.172
 20
3531818.5617
 10
12119689.6374
 20
3531817.5067
 10
12119688.7595
 20
3531817.1413
 10
12119688.1321
 20
3531816.842
 10
12119685.4243
 20
3531815.5498
 10
12119682.1762
 20
3531813.7938
 10
12119679.0299
 20
3531811.8809
 10
12119675.9956
 20
3531809.82
 10
12119673.0833
 20
3531807.6207
 10
12119670.3018
 20
3531805.2937
 10
12119667.6589
 20
3531802.8503
 10
12119665.161
 20
3531800.3024
 10
12119662.7906
 20
3531797.6355
 10
12119660.5345
 20
3531794.831
 10
12119658.404
 20
3531791.8963
 10
12119656.4197
 20
3531788.8548
 10
12119654.5621
 20
3531785.6712
 10
12119652.876
 20
3531782.4129
 10
12119651.3409
 20
3531779.0409
 10
12119649.9807
 20
3531775.5991
 10
12119649.0193
 20
3531772.7524
 10
12119648.7995
 20
3531772.1014
 10
12119648.5623
 20
3531771.2611
 10
12119647.7967
 20
3531768.5486
 10
12119646.9768
 20
3531764.959
 10
12119646.3411
 20
3531761.3464
 10
12119645.8896
 20
3531757.725
 10
12119645.6209
 20
3531754.1084
 10
12119645.5322
 20
3531750.5102
 10
12119645.6196
 20
3531746.9432
 10
12119648.0595
 20
3531697.1149
 10
12119648.6641
 20
3531688.023
 10
12119648.7251
 20
3531687.0252
 10
12119649.7865
 20
3531676.518
 10
12119649.9265
 20
3531675.4183
 10
12119649.9268
 20
3531675.4162
 10
12119650.5455
 20
3531670.7519
 10
12119651.0433
 20
3531667.1652
 10
12119651.2537
 20
3531665.7533
 10
12119652.3138
 20
3531659.5082
 10
12119652.8693
 20
3531656.4138
 10
12119653.0626
 20
3531655.3222
 10
12119654.082
 20
3531650.4496
 10
12119654.6779
 20
3531647.5042
 10
12119654.9854
 20
3531646.1676
 10
12119655.2443
 20
3531644.9355
 10
12119656.7518
 20
3531638.8402
 10
12119656.9975
 20
3531637.7796
 10
12119657.4245
 20
3531636.1201
 10
12119657.7972
 20
3531634.6131
 10
12119659.4577
 20
3531628.7929
 10
12119659.6253
 20
3531628.1318
 10
12119660.5706
 20
3531624.8922
 10
12119661.0415
 20
3531623.32
 10
12119662.5779
 20
3531618.5686
 10
12119663.2655
 20
3531616.5013
 10
12119664.0029
 20
3531614.2402
 10
12119664.8678
 20
3531611.8632
 10
12119665.8294
 20
3531609.1161
 10
12119666.8136
 20
3531606.515
 10
12119667.6454
 20
3531604.2287
 10
12119668.4878
 20
3531602.1465
 10
12119669.4165
 20
3531599.7843
 10
12119670.5655
 20
3531597.0108
 10
12119671.6384
 20
3531594.359
 10
12119672.4366
 20
3531592.5711
 10
12119673.2897
 20
3531590.5685
 10
12119673.8634
 20
3531589.2888
 10
12119673.9279
 20
3531589.1755
 10
12119675.9734
 20
3531584.6494
 10
12119676.6139
 20
3531583.3413
 10
12119677.487
 20
3531581.4983
 10
12119678.8257
 20
3531578.8242
 10
12119680.6407
 20
3531575.1173
 10
12119681.2923
 20
3531573.8975
 10
12119681.9794
 20
3531572.572
 10
12119683.404
 20
3531569.9447
 10
12119685.6292
 20
3531565.7795
 10
12119686.7685
 20
3531563.7919
 10
12119690.9271
 20
3531556.6518
 10
12119691.8394
 20
3531555.165
 10
12119696.5211
 20
3531547.7492
 10
12119702.3973
 20
3531539.0853
 10
12119750.5993
 20
3531470.6205
 10
12119752.2939
 20
3531468.7561
 10
12119742.4668
 20
3531461.8694
 10
12119732.6396
 20
3531454.9826
 10
12119730.9853
 20
3531456.7898
 10
12119682.7732
 20
3531525.269
 10
12119677.0072
 20
3531533.7404
 10
12119671.4929
 20
3531542.421
 10
12119666.2413
 20
3531551.2996
 10
12119661.2626
 20
3531560.3642
 10
12119656.5665
 20
3531569.6021
 10
12119652.1616
 20
3531579.0002
 10
12119648.056
 20
3531588.5443
 10
12119644.2566
 20
3531598.2202
 10
12119640.7696
 20
3531608.013
 10
12119637.6
 20
3531617.9075
 10
12119634.7521
 20
3531627.8882
 10
12119632.229
 20
3531637.9395
 10
12119630.0328
 20
3531648.0455
 10
12119628.1646
 20
3531658.1904
 10
12119626.6245
 20
3531668.3584
 10
12119625.4117
 20
3531678.5338
 10
12119615.9989
 20
3531769.7585
 10
12119615.9183
 20
3531770.3363
 10
12119615.5046
 20
3531773.3018
 10
12119615.4227
 20
3531773.6872
 10
12119615.1116
 20
3531775.138
 10
12119614.7067
 20
3531776.9998
 10
12119614.5299
 20
3531777.6043
 10
12119614.0552
 20
3531779.2276
 10
12119613.8647
 20
3531779.8792
 10
12119613.3211
 20
3531781.4604
 10
12119612.6871
 20
3531783.1481
 10
12119612.3575
 20
3531784.0256
 10
12119611.8019
 20
3531785.22
 10
12119611.0039
 20
3531786.9354
 10
12119610.7319
 20
3531787.5187
 10
12119609.9611
 20
3531788.8913
 10
12119609.6713
 20
3531789.4075
 10
12119608.5356
 20
3531791.3091
 10
12119608.3602
 20
3531791.6029
 10
12119607.8058
 20
3531792.433
 10
12119606.7736
 20
3531793.9786
 10
12119606.6941
 20
3531794.0977
 10
12119606.0353
 20
3531794.9262
 10
12119604.2849
 20
3531797.1618
 10
12119601.6454
 20
3531800.03
 10
12119600.0691
 20
3531801.4968
 10
12119598.8004
 20
3531802.6773
 10
12119598.528
 20
3531802.8941
 10
12119596.9124
 20
3531804.1801
 10
12119595.778
 20
3531805.083
 10
12119595.3066
 20
3531805.4025
 10
12119593.9865
 20
3531806.2973
 10
12119591.9283
 20
3531807.6207
 10
12119590.1078
 20
3531808.6628
 10
12119589.3247
 20
3531809.1111
 10
12119588.3174
 20
3531809.5916
 10
12119586.9194
 20
3531810.2585
 10
12119585.8391
 20
3531810.7323
 10
12119585.2045
 20
3531811.0107
 10
12119584.5639
 20
3531811.2603
 10
12119582.8031
 20
3531811.9462
 10
12119582.5426
 20
3531812.0477
 10
12119580.3956
 20
3531812.7094
 10
12119579.1075
 20
3531813.1074
 10
12119577.3992
 20
3531813.5031
 10
12119574.9473
 20
3531814.0217
 10
12119573.4601
 20
3531814.2546
 10
12119571.9834
 20
3531814.4859
 10
12119571.3548
 20
3531814.5374
 10
12119569.3785
 20
3531814.6993
 10
12119568.2664
 20
3531814.7904
 10
12119567.4824
 20
3531814.7958
 10
12119564.4825
 20
3531814.8167
 10
12119560.6629
 20
3531814.5533
 10
12119557.1729
 20
3531814.0423
 10
12119556.8406
 20
3531813.9936
 10
12119555.1506
 20
3531813.6111
 10
12119553.0503
 20
3531813.1358
 10
12119549.3266
 20
3531811.9837
 10
12119546.6244
 20
3531810.9052
 10
12119545.7034
 20
3531810.5464
 10
12119545.5762
 20
3531810.4841
 10
12119543.9037
 20
3531809.6656
 10
12119542.2129
 20
3531808.8381
 10
12119541.8863
 20
3531808.6457
 10
12119540.262
 20
3531807.689
 10
12119538.8844
 20
3531806.8776
 10
12119538.3607
 20
3531806.5125
 10
12119536.8339
 20
3531805.448
 10
12119535.7437
 20
3531804.6879
 10
12119535.1363
 20
3531804.1921
 10
12119532.8124
 20
3531802.2949
 10
12119530.6374
 20
3531800.23
 10
12119530.1077
 20
3531799.7271
 10
12119528.8607
 20
3531798.3549
 10
12119527.9003
 20
3531797.2986
 10
12119527.6418
 20
3531797.0142
 10
12119526.51
 20
3531795.5565
 10
12119525.7559
 20
3531794.6115
 10
12119524.8742
 20
3531792.7878
 10
12119523.6939
 20
3531794.8465
  0
LWPOLYLINE
  5
E7
330
17
100
AcDbEntity
  8
SURF_OUTER_Roadway Surface N6
100
AcDbPolyline
 90
325
 70
1
 10
12119087.7604
 20
3532191.1058
 10
12119110.5511
 20
3532198.632
 10
12119116.7486
 20
3532179.8725
 10
12119116.8253
 20
3532179.6417
 10
12119116.8222
 20
3532179.6407
 10
12119116.8841
 20
3532179.4622
 10
12119117.4157
 20
3532177.8522
 10
12119117.4533
 20
3532177.7399
 10
12119117.4501
 20
3532177.7389
 10
12119117.5485
 20
3532177.45
 10
12119119.8853
 20
3532170.3723
 10
12119119.9608
 20
3532170.146
 10
12119119.9577
 20
3532170.145
 10
12119120.2264
 20
3532169.3394
 10
12119129.141
 20
3532142.34
 10
12119129.3643
 20
3532141.6579
 10
12119129.3674
 20
3532141.6589
 10
12119129.4039
 20
3532141.5435
 10
12119153.3922
 20
3532068.8907
 10
12119156.9719
 20
3532058.1184
 10
12119159.1529
 20
3532051.6231
 10
12119159.2783
 20
3532051.2531
 10
12119164.0217
 20
3532037.2936
 10
12119166.7546
 20
3532029.3481
 10
12119170.5472
 20
3532018.454
 10
12119170.5806
 20
3532018.3666
 10
12119173.3643
 20
3532010.4337
 10
12119177.1979
 20
3531999.6483
 10
12119177.2445
 20
3531999.5177
 10
12119180.0072
 20
3531991.8228
 10
12119180.5747
 20
3531990.257
 10
12119180.5778
 20
3531990.2581
 10
12119180.5952
 20
3531990.2071
 10
12119185.207
 20
3531977.5213
 10
12119189.9881
 20
3531964.5634
 10
12119193.7528
 20
3531954.4892
 10
12119195.8919
 20
3531948.8432
 10
12119196.1488
 20
3531948.1342
 10
12119196.603
 20
3531946.9639
 10
12119199.3022
 20
3531939.8366
 10
12119204.6472
 20
3531925.9384
 10
12119206.7588
 20
3531920.51
 10
12119207.0405
 20
3531919.7906
 10
12119210.032
 20
3531912.1433
 10
12119213.5886
 20
3531903.1398
 10
12119217.8966
 20
3531892.344
 10
12119219.5138
 20
3531888.3315
 10
12119219.7606
 20
3531887.7153
 10
12119219.7636
 20
3531887.7165
 10
12119219.808
 20
3531887.6014
 10
12119223.5792
 20
3531878.2991
 10
12119223.6628
 20
3531878.0897
 10
12119223.6659
 20
3531878.0909
 10
12119223.687
 20
3531878.0363
 10
12119226.8594
 20
3531870.2685
 10
12119230.6839
 20
3531860.9994
 10
12119234.5393
 20
3531851.7433
 10
12119234.9379
 20
3531850.7932
 10
12119234.941
 20
3531850.7945
 10
12119235.0288
 20
3531850.5792
 10
12119238.4255
 20
3531842.5006
 10
12119238.8098
 20
3531841.5949
 10
12119238.8129
 20
3531841.5962
 10
12119238.9056
 20
3531841.3734
 10
12119239.0029
 20
3531841.1484
 10
12119238.9998
 20
3531841.1471
 10
12119239.1584
 20
3531840.78
 10
12119240.8355
 20
3531836.8119
 10
12119244.5225
 20
3531828.1786
 10
12119244.913
 20
3531827.2717
 10
12119248.6208
 20
3531818.6548
 10
12119252.5492
 20
3531809.619
 10
12119252.6849
 20
3531809.3093
 10
12119255.9813
 20
3531801.786
 10
12119258.8613
 20
3531795.2617
 10
12119264.6448
 20
3531782.2882
 10
12119264.8638
 20
3531781.8024
 10
12119268.9793
 20
3531772.6668
 10
12119275.3019
 20
3531758.7968
 10
12119279.488
 20
3531749.7151
 10
12119283.2039
 20
3531741.72
 10
12119283.4063
 20
3531741.2879
 10
12119283.4093
 20
3531741.2893
 10
12119283.5087
 20
3531741.0718
 10
12119283.6221
 20
3531740.8306
 10
12119283.709
 20
3531740.6496
 10
12119283.706
 20
3531740.6482
 10
12119284.0561
 20
3531739.9079
 10
12119285.511
 20
3531736.7883
 10
12119285.6278
 20
3531736.5386
 10
12119289.5926
 20
3531728.1161
 10
12119291.8408
 20
3531723.3792
 10
12119291.9126
 20
3531723.2312
 10
12119291.9096
 20
3531723.2298
 10
12119292.054
 20
3531722.9299
 10
12119294.7901
 20
3531717.1772
 10
12119300.4815
 20
3531705.3372
 10
12119300.5349
 20
3531705.2296
 10
12119300.5319
 20
3531705.2282
 10
12119300.7437
 20
3531704.7917
 10
12119304.7472
 20
3531696.5343
 10
12119306.9615
 20
3531692.0028
 10
12119307.1986
 20
3531691.5365
 10
12119311.4758
 20
3531682.8091
 10
12119315.4053
 20
3531674.8966
 10
12119315.9108
 20
3531673.8585
 10
12119316.7484
 20
3531672.1981
 10
12119320.3683
 20
3531664.9368
 10
12119327.5256
 20
3531650.7652
 10
12119328.8948
 20
3531648.0967
 10
12119329.3787
 20
3531647.1263
 10
12119330.2582
 20
3531645.425
 10
12119334.4024
 20
3531637.3261
 10
12119338.102
 20
3531630.1598
 10
12119340.2704
 20
3531625.9947
 10
12119340.8096
 20
3531624.9489
 10
12119340.8126
 20
3531624.9504
 10
12119340.8388
 20
3531624.8955
 10
12119345.3473
 20
3531616.2662
 10
12119345.432
 20
3531616.104
 10
12119345.435
 20
3531616.1055
 10
12119345.5036
 20
3531615.9672
 10
12119345.7956
 20
3531615.4143
 10
12119345.8943
 20
3531615.2325
 10
12119352.4225
 20
3531602.8663
 10
12119359.6026
 20
3531589.4347
 10
12119366.6017
 20
3531576.4968
 10
12119373.7905
 20
3531563.3657
 10
12119376.3962
 20
3531558.6567
 10
12119378.621
 20
3531554.6327
 10
12119378.6239
 20
3531554.6343
 10
12119378.6616
 20
3531554.5653
 10
12119380.2866
 20
3531551.6303
 10
12119386.4195
 20
3531540.6645
 10
12119391.8138
 20
3531531.1166
 10
12119395.7185
 20
3531524.2414
 10
12119400.6634
 20
3531515.6051
 10
12119404.6976
 20
3531508.6115
 10
12119412.8437
 20
3531494.6103
 10
12119418.9446
 20
3531484.2401
 10
12119424.0499
 20
3531475.6414
 10
12119428.3717
 20
3531468.4004
 10
12119453.5933
 20
3531426.2809
 10
12119454.1837
 20
3531425.2937
 10
12119454.1866
 20
3531425.2954
 10
12119454.3218
 20
3531425.0644
 10
12119542.0928
 20
3531278.4889
 10
12119542.2014
 20
3531278.3086
 10
12119542.1985
 20
3531278.3069
 10
12119544.7006
 20
3531274.1339
 10
12119552.4173
 20
3531261.2472
 10
12119552.4761
 20
3531261.1497
 10
12119552.4732
 20
3531261.148
 10
12119556.6676
 20
3531254.1493
 10
12119557.5813
 20
3531252.6234
 10
12119557.6134
 20
3531252.5702
 10
12119557.6105
 20
3531252.5685
 10
12119562.0288
 20
3531245.1963
 10
12119562.0709
 20
3531245.1261
 10
12119562.068
 20
3531245.1244
 10
12119562.7531
 20
3531243.9836
 10
12119565.0077
 20
3531240.2182
 10
12119565.1839
 20
3531239.9186
 10
12119566.0112
 20
3531238.6309
 10
12119567.1437
 20
3531236.9229
 10
12119567.2056
 20
3531236.8329
 10
12119567.6213
 20
3531236.1909
 10
12119568.2652
 20
3531235.3356
 10
12119569.8582
 20
3531233.1626
 10
12119570.5844
 20
3531232.1797
 10
12119571.5383
 20
3531231.0441
 10
12119572.8613
 20
3531229.4695
 10
12119573.7043
 20
3531228.4663
 10
12119573.9481
 20
3531228.1967
 10
12119576.8263
 20
3531225.1771
 10
12119577.2513
 20
3531224.7313
 10
12119580.9214
 20
3531221.3347
 10
12119584.7937
 20
3531218.1758
 10
12119588.8513
 20
3531215.2689
 10
12119589.2749
 20
3531214.9867
 10
12119593.0901
 20
3531212.6166
 10
12119597.4837
 20
3531210.2357
 10
12119602.0239
 20
3531208.1315
 10
12119606.6874
 20
3531206.3155
 10
12119611.4409
 20
3531204.7997
 10
12119613.7888
 20
3531204.1691
 10
12119616.3928
 20
3531203.5613
 10
12119621.2032
 20
3531202.6683
 10
12119626.1639
 20
3531202.0651
 10
12119631.155
 20
3531201.7726
 10
12119636.1665
 20
3531201.7926
 10
12119641.1545
 20
3531202.1263
 10
12119646.1069
 20
3531202.7707
 10
12119651.0181
 20
3531203.7255
 10
12119655.8412
 20
3531204.9798
 10
12119660.6072
 20
3531206.543
 10
12119665.2503
 20
3531208.396
 10
12119668.0314
 20
3531209.6736
 10
12119669.764
 20
3531210.5337
 10
12119672.6897
 20
3531212.1104
 10
12119675.0651
 20
3531213.5211
 10
12119675.2395
 20
3531213.6012
 10
12119675.2752
 20
3531213.6459
 10
12119675.551
 20
3531213.8079
 10
12119689.9952
 20
3531224.014
 10
12119690.738
 20
3531224.5662
 10
12119691.2999
 20
3531223.7288
 10
12119711.3597
 20
3531195.3512
 10
12119710.2821
 20
3531194.3143
 10
12119703.0114
 20
3531189.1815
 10
12119697.2945
 20
3531185.1194
 10
12119696.2812
 20
3531184.4003
 10
12119695.8132
 20
3531184.1897
 10
12119687.062
 20
3531179.7353
 10
12119683.817
 20
3531178.2541
 10
12119672.5345
 20
3531174.0303
 10
12119670.7673
 20
3531173.4444
 10
12119665.8576
 20
3531172.0884
 10
12119659.5558
 20
3531170.7157
 10
12119657.8115
 20
3531170.3983
 10
12119651.8871
 20
3531169.5391
 10
12119651.094
 20
3531169.4332
 10
12119645.3599
 20
3531168.9794
 10
12119643.2406
 20
3531168.8852
 10
12119641.9058
 20
3531168.8953
 10
12119630.9639
 20
3531169.1808
 10
12119620.7205
 20
3531170.63
 10
12119613.4048
 20
3531171.8323
 10
12119602.4051
 20
3531175.2908
 10
12119594.7601
 20
3531178.3932
 10
12119581.3521
 20
3531185.7755
 10
12119580.2308
 20
3531186.4967
 10
12119577.17
 20
3531188.5807
 10
12119575.5673
 20
3531189.7111
 10
12119572.9226
 20
3531191.725
 10
12119570.4463
 20
3531193.7313
 10
12119568.9029
 20
3531195.0693
 10
12119564.022
 20
3531199.7832
 10
12119558.9758
 20
3531205.2802
 10
12119558.685
 20
3531205.5968
 10
12119553.7824
 20
3531211.9057
 10
12119551.8561
 20
3531214.6369
 10
12119549.7057
 20
3531218.0693
 10
12119545.7905
 20
3531225.1579
 10
12119544.6708
 20
3531227.4199
 10
12119544.3076
 20
3531228.0736
 10
12119544.0425
 20
3531228.5028
 10
12119407.1224
 20
3531457.1706
 10
12119400.1876
 20
3531468.8182
 10
12119395.07
 20
3531477.4789
 10
12119391.1052
 20
3531484.2499
 10
12119390.4951
 20
3531485.2977
 10
12119390.492
 20
3531485.2959
 10
12119390.4473
 20
3531485.3747
 10
12119388.0838
 20
3531489.4188
 10
12119383.0323
 20
3531498.1421
 10
12119382.4632
 20
3531499.1309
 10
12119382.4602
 20
3531499.1292
 10
12119382.4133
 20
3531499.2125
 10
12119378.0037
 20
3531506.8783
 10
12119374.9004
 20
3531512.2988
 10
12119367.769
 20
3531524.8714
 10
12119361.2611
 20
3531536.4687
 10
12119354.7529
 20
3531548.1878
 10
12119347.9288
 20
3531560.6089
 10
12119340.727
 20
3531573.8695
 10
12119333.6518
 20
3531587.0595
 10
12119333.5957
 20
3531587.168
 10
12119328.8717
 20
3531596.05
 10
12119321.8474
 20
3531609.4054
 10
12119315.4058
 20
3531621.7974
 10
12119310.1474
 20
3531632.0181
 10
12119303.4432
 20
3531645.1899
 10
12119297.0554
 20
3531657.8906
 10
12119291.3803
 20
3531669.301
 10
12119284.8836
 20
3531682.5135
 10
12119283.3142
 20
3531685.7382
 10
12119283.2041
 20
3531685.9689
 10
12119283.2016
 20
3531685.9677
 10
12119283.174
 20
3531686.0266
 10
12119279.265
 20
3531694.0734
 10
12119274.5625
 20
3531703.855
 10
12119274.4145
 20
3531704.1676
 10
12119274.412
 20
3531704.1664
 10
12119274.3132
 20
3531704.3744
 10
12119266.6076
 20
3531720.5854
 10
12119263.4429
 20
3531727.3196
 10
12119259.7973
 20
3531735.1309
 10
12119253.4892
 20
3531748.7864
 10
12119247.1159
 20
3531762.7676
 10
12119241.0138
 20
3531776.3336
 10
12119235.4588
 20
3531788.845
 10
12119228.5955
 20
3531804.5096
 10
12119225.6906
 20
3531811.2328
 10
12119225.4058
 20
3531811.8985
 10
12119225.4015
 20
3531811.8967
 10
12119225.3246
 20
3531812.0806
 10
12119222.6147
 20
3531818.3638
 10
12119216.7033
 20
3531832.2477
 10
12119210.8614
 20
3531846.161
 10
12119204.4445
 20
3531861.681
 10
12119199.3866
 20
3531874.0744
 10
12119193.9933
 20
3531887.4756
 10
12119191.8973
 20
3531892.7494
 10
12119190.1747
 20
3531897.1009
 10
12119190.1705
 20
3531897.0993
 10
12119190.1472
 20
3531897.162
 10
12119186.4774
 20
3531906.4785
 10
12119186.3599
 20
3531906.7858
 10
12119183.1095
 20
3531915.0989
 10
12119178.5246
 20
3531926.9843
 10
12119173.7017
 20
3531939.6416
 10
12119168.4768
 20
3531953.5551
 10
12119164.1278
 20
3531965.2977
 10
12119159.7137
 20
3531977.372
 10
12119154.6001
 20
3531991.5691
 10
12119150.7345
 20
3532002.4405
 10
12119146.23
 20
3532015.2854
 10
12119143.1579
 20
3532024.1718
 10
12119143.143
 20
3532024.2237
 10
12119143.1389
 20
3532024.2223
 10
12119143.089
 20
3532024.3713
 10
12119141.3042
 20
3532029.5488
 10
12119136.4496
 20
3532043.8367
 10
12119131.6657
 20
3532058.1517
  0
LWPOLYLINE
  5
E9
330
17
100
AcDbEntity
  8
SURF_OUTER_Roadway Surface N7
100
AcDbPolyline
 90
8
 70
1
 10
12119732.6396
 20
3531454.9826
 10
12119742.4668
 20
3531461.8694
 10
12119752.2939
 20
3531468.756
 10
12119812.5531
 20
3531382.7694
 10
12119812.5531
 20
3531382.7693
 10
12119812.9248
 20
3531381.9972
 10
12119812.4686
 20
3531381.518
 10
12119793.6271
 20
3531367.9566
  0
LWPOLYLINE
  5
EB
330
17
100
AcDbEntity
  8
SURF_OUTER_Roadway Surface N8
100
AcDbPolyline
 90
28
 70
1
 10
12119961.1471
 20
3531510.8802
 10
12119954.3439
 20
3531519.69
 10
12119951.9957
 20
3531522.7656
 10
12119948.7242
 20
3531527.1122
 10
12119946.6208
 20
3531529.9766
 10
12119945.9893
 20
3531530.7601
 10
12119944.9263
 20
3531532.2482
 10
12119942.0835
 20
3531536.0587
 10
12119940.0662
 20
3531538.8171
 10
12119937.0913
 20
3531542.9291
 10
12119933.6202
 20
3531547.7818
 10
12119948.7115
 20
3531557.593
 10
12119948.8777
 20
3531557.3707
 10
12119955.6299
 20
3531548.0246
 10
12119960.4385
 20
3531541.4942
 10
12119962.8603
 20
3531538.2482
 10
12119966.3339
 20
3531533.6407
 10
12119969.3109
 20
3531529.7362
 10
12119972.3075
 20
3531525.8467
 10
12119975.3234
 20
3531521.9721
 10
12120169.2387
 20
3531275.5627
 10
12120169.2407
 20
3531275.5601
 10
12120271.0554
 20
3531146.1866
 10
12120256.9116
 20
3531135.0534
 10
12120151.1743
 20
3531269.411
 10
12120124.3075
 20
3531303.5498
 10
12120123.9635
 20
3531303.9869
 10
12119967.2184
 20
3531503.1591
  0
LWPOLYLINE
  5
ED
330
17
100
AcDbEntity
  8
SURF_OUTER_Roadway Surface N9
100
AcDbPolyline
 90
106
 70
1
 10
12119651.6352
 20
3531375.7343
 10
12119638.7733
 20
3531398.014
 10
12119632.0628
 20
3531408.7566
 10
12119525.533
 20
3531557.6976
 10
12119525.3869
 20
3531557.902
 10
12119545.4099
 20
3531571.1502
 10
12119908.8376
 20
3531063.0363
 10
12119980.2176
 20
3530963.2388
 10
12119982.8526
 20
3530959.3943
 10
12120001.5243
 20
3530933.2891
 10
12119982.0867
 20
3530919.3826
 10
12119794.9362
 20
3531181.0399
 10
12119792.5656
 20
3531184.1388
 10
12119790.3876
 20
3531186.6525
 10
12119788.0695
 20
3531189.0472
 10
12119785.622
 20
3531191.3095
 10
12119783.0527
 20
3531193.4324
 10
12119780.9765
 20
3531194.982
 10
12119780.3694
 20
3531195.4094
 10
12119777.5805
 20
3531197.2343
 10
12119774.6946
 20
3531198.9016
 10
12119771.7206
 20
3531200.406
 10
12119768.6676
 20
3531201.743
 10
12119767.3649
 20
3531202.2532
 10
12119765.5451
 20
3531202.9084
 10
12119762.3626
 20
3531203.8986
 10
12119759.1302
 20
3531204.7105
 10
12119758.2323
 20
3531204.9025
 10
12119755.8576
 20
3531205.3417
 10
12119752.555
 20
3531205.7903
 10
12119749.2326
 20
3531206.0547
 10
12119745.9006
 20
3531206.1343
 10
12119742.5694
 20
3531206.0287
 10
12119739.2492
 20
3531205.7383
 10
12119735.9502
 20
3531205.264
 10
12119732.6826
 20
3531204.6073
 10
12119729.4566
 20
3531203.7701
 10
12119726.282
 20
3531202.7551
 10
12119723.1687
 20
3531201.5654
 10
12119720.1262
 20
3531200.2046
 10
12119717.164
 20
3531198.677
 10
12119714.2912
 20
3531196.9873
 10
12119711.9845
 20
3531195.4845
 10
12119711.4052
 20
3531195.1071
 10
12119710.2821
 20
3531194.3143
 10
12119711.3597
 20
3531195.3512
 10
12119691.2999
 20
3531223.7288
 10
12119690.738
 20
3531224.5662
 10
12119690.7388
 20
3531224.5671
 10
12119690.5938
 20
3531224.7884
 10
12119692.1803
 20
3531226.0047
 10
12119693.5218
 20
3531227.0902
 10
12119694.7823
 20
3531228.1467
 10
12119695.784
 20
3531229.0669
 10
12119697.5142
 20
3531230.7192
 10
12119699.1499
 20
3531232.4044
 10
12119700.4468
 20
3531233.8405
 10
12119702.5393
 20
3531236.3697
 10
12119703.7316
 20
3531237.9754
 10
12119705.0341
 20
3531239.8463
 10
12119706.2653
 20
3531241.7526
 10
12119707.2949
 20
3531243.4675
 10
12119708.8231
 20
3531246.3036
 10
12119709.9072
 20
3531248.603
 10
12119710.9298
 20
3531251.0265
 10
12119711.3355
 20
3531252.0398
 10
12119711.9727
 20
3531253.8459
 10
12119712.8563
 20
3531256.6581
 10
12119713.3954
 20
3531258.6581
 10
12119713.63
 20
3531259.6302
 10
12119714.0677
 20
3531261.6633
 10
12119714.4749
 20
3531263.8827
 10
12119714.7806
 20
3531266.1512
 10
12119714.9794
 20
3531268.1644
 10
12119715.1179
 20
3531269.8383
 10
12119715.1689
 20
3531271.4681
 10
12119715.2021
 20
3531273.5142
 10
12119715.1771
 20
3531274.775
 10
12119715.075
 20
3531277.0778
 10
12119714.9386
 20
3531279.0049
 10
12119714.7725
 20
3531280.3675
 10
12119714.4021
 20
3531282.9924
 10
12119714.1203
 20
3531284.6199
 10
12119713.6319
 20
3531286.8704
 10
12119713.1407
 20
3531288.8295
 10
12119712.6209
 20
3531290.7031
 10
12119711.7795
 20
3531293.2463
 10
12119710.9881
 20
3531295.3335
 10
12119710.1859
 20
3531297.2563
 10
12119709.5291
 20
3531298.7462
 10
12119707.9049
 20
3531302.0054
 10
12119706.707
 20
3531304.0149
 10
12119706.03
 20
3531305.1531
 10
12119707.6328
 20
3531303.0895
 10
12119704.5807
 20
3531307.3341
 10
12119704.174
 20
3531307.9323
 10
12119688.1192
 20
3531325.3826
 10
12119688.0753
 20
3531325.4303
 10
12119687.8361
 20
3531325.3417
 10
12119687.6219
 20
3531325.3107
 10
12119687.2092
 20
3531325.1251
 10
12119686.0742
 20
3531324.6211
 10
12119662.902
 20
3531311.2766
 10
12119632.4901
 20
3531364.1547
 10
12119646.7544
 20
3531372.3588
 10
12119650.4162
 20
3531374.5134
  0
ENDSEC
  0
SECTION
  2
OBJECTS
  0
DICTIONARY
  5
A
330
0
100
AcDbDictionary
281
1
  3
ACAD_COLOR
350
B
  3
ACAD_GROUP
350
C
  3
ACAD_LAYOUT
350
D
  3
ACAD_MATERIAL
350
E
  3
ACAD_MLEADERSTYLE
350
F
  3
ACAD_MLINESTYLE
350
10
  3
ACAD_PLOTSETTINGS
350
11
  3
ACAD_PLOTSTYLENAME
350
12
  3
ACAD_SCALELIST
350
14
  3
ACAD_TABLESTYLE
350
15
  3
ACAD_VISUALSTYLE
350
16
  3
EZDXF_META
350
2D
  0
DICTIONARY
  5
B
330
A
100
AcDbDictionary
281
1
  0
DICTIONARY
  5
C
330
A
100
AcDbDictionary
281
1
  0
DICTIONARY
  5
D
330
A
100
AcDbDictionary
281
1
  3
Model
350
1A
  3
Layout1
350
1E
  0
DICTIONARY
  5
E
330
A
100
AcDbDictionary
281
1
  3
ByBlock
350
1F
  3
ByLayer
350
20
  3
Global
350
21
  0
DICTIONARY
  5
F
330
A
100
AcDbDictionary
281
1
  3
Standard
350
2C
  0
DICTIONARY
  5
10
330
A
100
AcDbDictionary
281
1
  3
Standard
350
22
  0
DICTIONARY
  5
11
330
A
100
AcDbDictionary
281
1
  0
ACDBDICTIONARYWDFLT
  5
12
330
A
100
AcDbDictionary
281
1
  3
Normal
350
13
100
AcDbDictionaryWithDefault
340
13
  0
ACDBPLACEHOLDER
  5
13
330
12
  0
DICTIONARY
  5
14
330
A
100
AcDbDictionary
281
1
  0
DICTIONARY
  5
15
330
A
100
AcDbDictionary
281
1
  0
DICTIONARY
  5
16
330
A
100
AcDbDictionary
281
1
  3
2dWireframe
350
5A
  3
Basic
350
5B
  3
Brighten
350
5C
  3
ColorChange
350
5D
  3
Conceptual
350
5E
  3
Dim
350
5F
  3
EdgeColorOff
350
60
  3
Facepattern
350
61
  3
Flat
350
62
  3
FlatWithEdges
350
63
  3
Gouraud
350
64
  3
GouraudWithEdges
350
65
  3
Hidden
350
66
  3
JitterOff
350
67
  3
Linepattern
350
68
  3
Modeling
350
69
  3
OverhangOff
350
6A
  3
Realistic
350
6B
  3
Shaded
350
6C
  3
Shaded with edges
350
6D
  3
Shades of Gray
350
6E
  3
Sketchy
350
6F
  3
Thicken
350
70
  3
Wireframe
350
71
  3
X-Ray
350
72
  0
LAYOUT
  5
1A
330
D
100
AcDbPlotSettings
  1

  4
A3
  6

 40
7.5
 41
20.0
 42
7.5
 43
20.0
 44
420.0
 45
297.0
 46
0.0
 47
0.0
 48
0.0
 49
0.0
140
0.0
141
0.0
142
1.0
143
1.0
 70
1024
 72
1
 73
0
 74
5
  7

 75
16
 76
0
 77
2
 78
300
147
1.0
148
0.0
149
0.0
100
AcDbLayout
  1
Model
 70
1
 71
0
 10
0.0
 20
0.0
 11
420.0
 21
297.0
 12
0.0
 22
0.0
 32
0.0
 14
1e+20
 24
1e+20
 34
1e+20
 15
-1e+20
 25
-1e+20
 35
-1e+20
146
0.0
 13
0.0
 23
0.0
 33
0.0
 16
1.0
 26
0.0
 36
0.0
 17
0.0
 27
1.0
 37
0.0
 76
1
330
17
  0
LAYOUT
  5
1E
330
D
100
AcDbPlotSettings
  1

  4
A3
  6

 40
7.5
 41
20.0
 42
7.5
 43
20.0
 44
420.0
 45
297.0
 46
0.0
 47
0.0
 48
0.0
 49
0.0
140
0.0
141
0.0
142
1.0
143
1.0
 70
0
 72
1
 73
0
 74
5
  7

 75
16
 76
0
 77
2
 78
300
147
1.0
148
0.0
149
0.0
100
AcDbLayout
  1
Layout1
 70
1
 71
1
 10
0.0
 20
0.0
 11
420.0
 21
297.0
 12
0.0
 22
0.0
 32
0.0
 14
1e+20
 24
1e+20
 34
1e+20
 15
-1e+20
 25
-1e+20
 35
-1e+20
146
0.0
 13
0.0
 23
0.0
 33
0.0
 16
1.0
 26
0.0
 36
0.0
 17
0.0
 27
1.0
 37
0.0
 76
1
330
1B
  0
MATERIAL
  5
1F
102
{ACAD_REACTORS
330
E
102
}
330
E
100
AcDbMaterial
  1
ByBlock
  2

 70
0
 40
1.0
 71
1
 41
1.0
 91
-1023410177
 42
1.0
 72
1
  3

 73
1
 74
1
 75
1
 44
0.5
 73
0
 45
1.0
 46
1.0
 77
1
  4

 78
1
 79
1
170
1
 48
1.0
171
1
  6

172
1
173
1
174
1
140
1.0
141
1.0
175
1
  7

176
1
177
1
178
1
143
1.0
179
1
  8

270
1
271
1
272
1
145
1.0
146
1.0
273
1
  9

274
1
275
1
276
1
 42
1.0
 72
1
  3

 73
1
 74
1
 75
1
 94
63
  0
MATERIAL
  5
20
102
{ACAD_REACTORS
330
E
102
}
330
E
100
AcDbMaterial
  1
ByLayer
  2

 70
0
 40
1.0
 71
1
 41
1.0
 91
-1023410177
 42
1.0
 72
1
  3

 73
1
 74
1
 75
1
 44
0.5
 73
0
 45
1.0
 46
1.0
 77
1
  4

 78
1
 79
1
170
1
 48
1.0
171
1
  6

172
1
173
1
174
1
140
1.0
141
1.0
175
1
  7

176
1
177
1
178
1
143
1.0
179
1
  8

270
1
271
1
272
1
145
1.0
146
1.0
273
1
  9

274
1
275
1
276
1
 42
1.0
 72
1
  3

 73
1
 74
1
 75
1
 94
63
  0
MATERIAL
  5
21
102
{ACAD_REACTORS
330
E
102
}
330
E
100
AcDbMaterial
  1
Global
  2

 70
0
 40
1.0
 71
1
 41
1.0
 91
-1023410177
 42
1.0
 72
1
  3

 73
1
 74
1
 75
1
 44
0.5
 73
0
 45
1.0
 46
1.0
 77
1
  4

 78
1
 79
1
170
1
 48
1.0
171
1
  6

172
1
173
1
174
1
140
1.0
141
1.0
175
1
  7

176
1
177
1
178
1
143
1.0
179
1
  8

270
1
271
1
272
1
145
1.0
146
1.0
273
1
  9

274
1
275
1
276
1
 42
1.0
 72
1
  3

 73
1
 74
1
 75
1
 94
63
  0
MLINESTYLE
  5
22
102
{ACAD_REACTORS
330
10
102
}
330
10
100
AcDbMlineStyle
  2
Standard
 70
0
  3

 62
256
 51
90.0
 52
90.0
 71
2
 49
0.5
 62
256
  6
BYLAYER
 49
-0.5
 62
256
  6
BYLAYER
  0
MLEADERSTYLE
  5
2C
102
{ACAD_REACTORS
330
F
102
}
330
F
100
AcDbMLeaderStyle
179
2
170
2
171
1
172
0
 90
2
 40
0.0
 41
0.0
173
1
 91
-1056964608
 92
-2
290
1
 42
2.0
291
1
 43
8.0
  3
Standard
 44
4.0
300

342
29
174
1
175
1
176
0
178
1
 93
-1056964608
 45
4.0
292
0
297
0
 46
4.0
 94
-1056964608
 47
1.0
 49
1.0
140
1.0
294
1
141
0.0
177
0
142
1.0
295
0
296
0
143
3.75
271
0
272
9
273
9
  0
DICTIONARY
  5
2D
330
A
100
AcDbDictionary
280
1
281
1
  3
CREATED_BY_EZDXF
350
2E
  3
WRITTEN_BY_EZDXF
350
F0
  0
DICTIONARYVAR
  5
2E
330
2D
100
DictionaryVariables
280
0
  1
1.4.4 @ 2026-07-31T21:29:07.600952+00:00
  0
VISUALSTYLE
  5
5A
102
{ACAD_REACTORS
330
16
102
}
330
16
100
AcDbVisualStyle
  2
2dWireframe
 70
4
 90
0
 40
0.6
 62
7
290
0
291
0
  0
VISUALSTYLE
  5
5B
102
{ACAD_REACTORS
330
16
102
}
330
16
100
AcDbVisualStyle
  2
Basic
 70
7
 90
1
 40
0.6
 62
7
290
0
291
1
  0
VISUALSTYLE
  5
5C
102
{ACAD_REACTORS
330
16
102
}
330
16
100
AcDbVisualStyle
  2
Brighten
 70
12
 90
2
 40
0.6
 62
7
290
0
291
1
  0
VISUALSTYLE
  5
5D
102
{ACAD_REACTORS
330
16
102
}
330
16
100
AcDbVisualStyle
  2
ColorChange
 70
16
 90
2
 40
0.6
 62
8
290
0
291
1
  0
VISUALSTYLE
  5
5E
102
{ACAD_REACTORS
330
16
102
}
330
16
100
AcDbVisualStyle
  2
Conceptual
 70
9
 90
3
 40
0.6
 62
7
290
0
291
0
  0
VISUALSTYLE
  5
5F
102
{ACAD_REACTORS
330
16
102
}
330
16
100
AcDbVisualStyle
  2
Dim
 70
11
 90
2
 40
0.6
 62
7
290
0
291
1
  0
VISUALSTYLE
  5
60
102
{ACAD_REACTORS
330
16
102
}
330
16
100
AcDbVisualStyle
  2
EdgeColorOff
 70
22
 90
2
 40
0.6
 62
7
290
0
291
1
  0
VISUALSTYLE
  5
61
102
{ACAD_REACTORS
330
16
102
}
330
16
100
AcDbVisualStyle
  2
Facepattern
 70
15
 90
2
 40
0.6
 62
7
290
0
291
1
  0
VISUALSTYLE
  5
62
102
{ACAD_REACTORS
330
16
102
}
330
16
100
AcDbVisualStyle
  2
Flat
 70
0
 90
2
 40
0.6
 62
7
290
0
291
1
  0
VISUALSTYLE
  5
63
102
{ACAD_REACTORS
330
16
102
}
330
16
100
AcDbVisualStyle
  2
FlatWithEdges
 70
1
 90
2
 40
0.6
 62
7
290
0
291
1
  0
VISUALSTYLE
  5
64
102
{ACAD_REACTORS
330
16
102
}
330
16
100
AcDbVisualStyle
  2
Gouraud
 70
2
 90
2
 40
0.6
 62
7
290
0
291
1
  0
VISUALSTYLE
  5
65
102
{ACAD_REACTORS
330
16
102
}
330
16
100
AcDbVisualStyle
  2
GouraudWithEdges
 70
3
 90
2
 40
0.6
 62
7
290
0
291
1
  0
VISUALSTYLE
  5
66
102
{ACAD_REACTORS
330
16
102
}
330
16
100
AcDbVisualStyle
  2
Hidden
 70
6
 90
1
 40
0.6
 62
7
290
0
291
0
  0
VISUALSTYLE
  5
67
102
{ACAD_REACTORS
330
16
102
}
330
16
100
AcDbVisualStyle
  2
JitterOff
 70
20
 90
2
 40
0.6
 62
7
290
0
291
1
  0
VISUALSTYLE
  5
68
102
{ACAD_REACTORS
330
16
102
}
330
16
100
AcDbVisualStyle
  2
Linepattern
 70
14
 90
2
 40
0.6
 62
7
290
0
291
1
  0
VISUALSTYLE
  5
69
102
{ACAD_REACTORS
330
16
102
}
330
16
100
AcDbVisualStyle
  2
Modeling
 70
10
 90
2
 40
0.6
 62
7
290
0
291
0
  0
VISUALSTYLE
  5
6A
102
{ACAD_REACTORS
330
16
102
}
330
16
100
AcDbVisualStyle
  2
OverhangOff
 70
21
 90
2
 40
0.6
 62
7
290
0
291
1
  0
VISUALSTYLE
  5
6B
102
{ACAD_REACTORS
330
16
102
}
330
16
100
AcDbVisualStyle
  2
Realistic
 70
8
 90
2
 40
0.6
 62
7
290
0
291
0
  0
VISUALSTYLE
  5
6C
102
{ACAD_REACTORS
330
16
102
}
330
16
100
AcDbVisualStyle
  2
Shaded
 70
27
 90
2
 40
0.6
 62
7
290
0
291
0
  0
VISUALSTYLE
  5
6D
102
{ACAD_REACTORS
330
16
102
}
330
16
100
AcDbVisualStyle
  2
Shaded with edges
 70
26
 90
2
 40
0.6
 62
7
290
0
291
0
  0
VISUALSTYLE
  5
6E
102
{ACAD_REACTORS
330
16
102
}
330
16
100
AcDbVisualStyle
  2
Shades of Gray
 70
23
 90
2
 40
0.6
 62
7
290
0
291
0
  0
VISUALSTYLE
  5
6F
102
{ACAD_REACTORS
330
16
102
}
330
16
100
AcDbVisualStyle
  2
Sketchy
 70
24
 90
1
 40
0.6
 62
7
290
0
291
0
  0
VISUALSTYLE
  5
70
102
{ACAD_REACTORS
330
16
102
}
330
16
100
AcDbVisualStyle
  2
Thicken
 70
13
 90
2
 40
0.6
 62
7
290
0
291
1
  0
VISUALSTYLE
  5
71
102
{ACAD_REACTORS
330
16
102
}
330
16
100
AcDbVisualStyle
  2
Wireframe
 70
5
 90
0
 40
0.6
 62
7
290
0
291
0
  0
VISUALSTYLE
  5
72
102
{ACAD_REACTORS
330
16
102
}
330
16
100
AcDbVisualStyle
  2
X-Ray
 70
25
 90
2
 40
0.5
 62
7
290
0
291
0
  0
DICTIONARYVAR
  5
F0
330
2D
100
DictionaryVariables
280
0
  1
1.4.4 @ 2026-07-31T21:29:07.618475+00:00
  0
ENDSEC
  0
EOF
